customer_id,last_purchase_date,days_since_last,churned
GM00001,2024-03-26,97,0
GM00002,2023-11-20,224,1
GM00003,2024-01-03,180,0
GM00004,2024-01-30,153,0
GM00005,2024-03-30,93,0
GM00006,2023-02-20,497,1
GM00007,2024-05-30,32,0
GM00008,2023-09-06,299,1
GM00009,2024-04-11,81,0
GM00010,2024-05-31,31,0
GM00011,2024-01-25,158,0
GM00012,2024-05-08,54,0
GM00013,2024-06-08,23,0
GM00014,2024-03-11,112,0
GM00015,2024-04-15,77,0
GM00016,2024-04-16,76,0
GM00017,2024-06-06,25,0
GM00018,2024-05-26,36,0
GM00019,2024-06-18,13,0
GM00020,2023-03-30,459,1
GM00021,2023-12-21,193,1
GM00022,2024-04-01,91,0
GM00023,2024-01-16,167,0
GM00024,2024-06-16,15,0
GM00025,2024-06-16,15,0
GM00026,2024-05-22,40,0
GM00027,2024-06-03,28,0
GM00028,2023-06-28,369,1
GM00029,2024-05-28,34,0
GM00030,2024-04-29,63,0
GM00031,2024-04-08,84,0
GM00032,2023-01-14,534,1
GM00033,2024-04-29,63,0
GM00034,2024-01-03,180,0
GM00035,2024-01-09,174,0
GM00036,2024-05-27,35,0
GM00037,2024-02-08,144,0
GM00038,2024-06-08,23,0
GM00039,2023-02-18,499,1
GM00040,2024-04-18,74,0
GM00041,2024-06-12,19,0
GM00042,2024-05-24,38,0
GM00043,2022-10-22,618,1
GM00044,2024-04-28,64,0
GM00045,2024-05-30,32,0
GM00046,2023-11-28,216,1
GM00047,2024-05-03,59,0
GM00048,2024-01-13,170,0
GM00049,2024-02-08,144,0
GM00050,2024-06-09,22,0
GM00051,2022-07-30,702,1
GM00052,2024-02-16,136,0
GM00053,2024-06-17,14,0
GM00054,2024-05-26,36,0
GM00055,2024-06-14,17,0
GM00056,2024-02-12,140,0
GM00057,2024-06-11,20,0
GM00058,2024-06-15,16,0
GM00059,2023-12-13,201,1
GM00060,2023-09-17,288,1
GM00061,2024-05-11,51,0
GM00062,2024-04-27,65,0
GM00063,2023-08-14,322,1
GM00064,2023-11-15,229,1
GM00065,2023-01-10,538,1
GM00066,2024-05-27,35,0
GM00067,2024-06-01,30,0
GM00068,2023-05-28,400,1
GM00069,2024-03-29,94,0
GM00070,2022-04-11,812,1
GM00071,2023-11-07,237,1
GM00072,2024-04-29,63,0
GM00073,2024-05-26,36,0
GM00074,2024-06-10,21,0
GM00075,2024-05-28,34,0
GM00076,2023-12-25,189,1
GM00077,2024-06-01,30,0
GM00078,2024-04-21,71,0
GM00079,2024-06-02,29,0
GM00080,2024-06-11,20,0
GM00081,2023-12-20,194,1
GM00082,2024-06-05,26,0
GM00083,2024-03-11,112,0
GM00084,2023-12-06,208,1
GM00085,2023-09-20,285,1
GM00086,2024-03-08,115,0
GM00087,2024-03-02,121,0
GM00088,2022-04-05,818,1
GM00089,2024-03-23,100,0
GM00090,2024-01-23,160,0
GM00091,2024-06-13,18,0
GM00092,2023-07-04,363,1
GM00093,2024-06-18,13,0
GM00094,2024-05-20,42,0
GM00095,2024-04-25,67,0
GM00096,2024-01-25,158,0
GM00097,2023-12-08,206,1
GM00098,2023-12-11,203,1
GM00099,2024-06-05,26,0
GM00100,2024-02-26,126,0
GM00101,2024-03-18,105,0
GM00102,2023-10-15,260,1
GM00103,2024-06-14,17,0
GM00104,2024-05-29,33,0
GM00105,2024-06-15,16,0
GM00106,2024-06-07,24,0
GM00107,2022-08-05,696,1
GM00108,2024-02-16,136,0
GM00109,2022-03-02,852,1
GM00110,2024-03-29,94,0
GM00111,2024-04-11,81,0
GM00112,2024-03-12,111,0
GM00113,2024-03-30,93,0
GM00114,2024-05-31,31,0
GM00115,2024-03-11,112,0
GM00116,2024-05-06,56,0
GM00117,2023-09-25,280,1
GM00118,2024-01-27,156,0
GM00119,2024-03-11,112,0
GM00120,2023-10-04,271,1
GM00121,2024-05-08,54,0
GM00122,2023-10-21,254,1
GM00123,2024-02-14,138,0
GM00124,2023-12-27,187,1
GM00125,2023-04-07,451,1
GM00126,2024-04-09,83,0
GM00127,2023-06-21,376,1
GM00128,2023-08-30,306,1
GM00129,2024-06-12,19,0
GM00130,2024-06-06,25,0
GM00131,2024-06-04,27,0
GM00132,2024-06-01,30,0
GM00133,2024-03-21,102,0
GM00134,2024-05-17,45,0
GM00135,2024-04-03,89,0
GM00136,2023-06-25,372,1
GM00137,2024-05-23,39,0
GM00138,2024-03-20,103,0
GM00139,2024-05-18,44,0
GM00140,2024-02-05,147,0
GM00141,2024-02-06,146,0
GM00142,2024-05-30,32,0
GM00143,2022-12-09,570,1
GM00144,2024-03-03,120,0
GM00145,2024-05-23,39,0
GM00146,2024-05-26,36,0
GM00147,2024-02-28,124,0
GM00148,2024-05-30,32,0
GM00149,2023-12-26,188,1
GM00150,2024-06-16,15,0
GM00151,2024-06-14,17,0
GM00152,2022-09-14,656,1
GM00153,2024-06-01,30,0
GM00154,2023-08-01,335,1
GM00155,2024-06-11,20,0
GM00156,2024-04-04,88,0
GM00157,2024-04-30,62,0
GM00158,2024-03-15,108,0
GM00159,2023-11-09,235,1
GM00160,2024-06-11,20,0
GM00161,2024-04-29,63,0
GM00162,2024-06-05,26,0
GM00163,2024-06-15,16,0
GM00164,2024-06-09,22,0
GM00165,2024-04-28,64,0
GM00166,2024-06-16,15,0
GM00167,2024-03-06,117,0
GM00168,2023-11-01,243,1
GM00169,2023-11-21,223,1
GM00170,2024-06-08,23,0
GM00171,2024-05-22,40,0
GM00172,2024-03-05,118,0
GM00173,2024-06-05,26,0
GM00174,2024-06-11,20,0
GM00175,2024-06-10,21,0
GM00176,2024-05-02,60,0
GM00177,2024-05-09,53,0
GM00178,2024-01-15,168,0
GM00179,2024-05-21,41,0
GM00180,2024-05-12,50,0
GM00181,2024-06-07,24,0
GM00182,2024-04-14,78,0
GM00183,2024-03-12,111,0
GM00184,2023-06-26,371,1
GM00185,2024-02-16,136,0
GM00186,2024-06-15,16,0
GM00187,2023-06-03,394,1
GM00188,2024-01-25,158,0
GM00189,2022-06-19,743,1
GM00190,2024-04-08,84,0
GM00191,2024-05-22,40,0
GM00192,2024-05-20,42,0
GM00193,2024-06-04,27,0
GM00194,2024-04-16,76,0
GM00195,2023-07-12,355,1
GM00196,2024-02-19,133,0
GM00197,2024-05-18,44,0
GM00198,2023-05-07,421,1
GM00199,2024-02-29,123,0
GM00200,2024-05-03,59,0
GM00201,2024-05-11,51,0
GM00202,2024-05-06,56,0
GM00203,2024-04-07,85,0
GM00204,2023-12-27,187,1
GM00205,2024-05-25,37,0
GM00206,2024-05-23,39,0
GM00207,2024-05-03,59,0
GM00208,2024-05-25,37,0
GM00209,2024-05-23,39,0
GM00210,2023-10-18,257,1
GM00211,2023-11-21,223,1
GM00212,2024-06-04,27,0
GM00213,2023-11-08,236,1
GM00214,2024-06-08,23,0
GM00215,2024-01-07,176,0
GM00216,2024-04-13,79,0
GM00217,2024-02-26,126,0
GM00218,2024-03-30,93,0
GM00219,2024-05-20,42,0
GM00220,2024-03-08,115,0
GM00221,2024-05-29,33,0
GM00222,2023-07-22,345,1
GM00223,2024-03-20,103,0
GM00224,2024-05-19,43,0
GM00225,2022-12-17,562,1
GM00226,2024-06-18,13,0
GM00227,2024-06-04,27,0
GM00228,2024-05-16,46,0
GM00229,2024-05-24,38,0
GM00230,2024-06-08,23,0
GM00231,2024-06-09,22,0
GM00232,2024-05-31,31,0
GM00233,2023-12-12,202,1
GM00234,2023-10-16,259,1
GM00235,2023-12-11,203,1
GM00236,2023-10-24,251,1
GM00237,2023-07-23,344,1
GM00238,2023-11-17,227,1
GM00239,2023-05-03,425,1
GM00240,2024-02-14,138,0
GM00241,2024-05-27,35,0
GM00242,2024-05-30,32,0
GM00243,2024-05-02,60,0
GM00244,2024-06-14,17,0
GM00245,2023-07-04,363,1
GM00246,2024-06-18,13,0
GM00247,2024-03-29,94,0
GM00248,2024-06-14,17,0
GM00249,2024-05-07,55,0
GM00250,2024-05-09,53,0
GM00251,2024-06-15,16,0
GM00252,2023-04-29,429,1
GM00253,2024-05-11,51,0
GM00254,2024-01-01,182,1
GM00255,2023-11-20,224,1
GM00256,2024-06-16,15,0
GM00257,2024-05-10,52,0
GM00258,2024-03-04,119,0
GM00259,2024-01-25,158,0
GM00260,2024-06-09,22,0
GM00261,2024-05-25,37,0
GM00262,2023-12-30,184,1
GM00263,2024-06-10,21,0
GM00264,2024-04-22,70,0
GM00265,2024-06-01,30,0
GM00266,2024-06-16,15,0
GM00267,2024-05-22,40,0
GM00268,2024-05-27,35,0
GM00269,2024-06-18,13,0
GM00270,2024-01-25,158,0
GM00271,2024-03-25,98,0
GM00272,2024-04-02,90,0
GM00273,2023-12-28,186,1
GM00274,2024-02-15,137,0
GM00275,2024-02-26,126,0
GM00276,2023-11-13,231,1
GM00277,2024-06-16,15,0
GM00278,2024-06-07,24,0
GM00279,2024-05-09,53,0
GM00280,2023-09-06,299,1
GM00281,2023-08-21,315,1
GM00282,2024-06-12,19,0
GM00283,2024-05-31,31,0
GM00284,2023-03-31,458,1
GM00285,2023-08-15,321,1
GM00286,2023-04-21,437,1
GM00287,2024-05-24,38,0
GM00288,2024-02-11,141,0
GM00289,2023-10-09,266,1
GM00290,2024-06-18,13,0
GM00291,2024-06-14,17,0
GM00292,2024-06-16,15,0
GM00293,2024-06-05,26,0
GM00294,2024-01-30,153,0
GM00295,2024-04-04,88,0
GM00296,2024-05-08,54,0
GM00297,2024-05-20,42,0
GM00298,2023-12-15,199,1
GM00299,2024-02-10,142,0
GM00300,2024-01-18,165,0
GM00301,2024-04-03,89,0
GM00302,2024-05-07,55,0
GM00303,2024-03-08,115,0
GM00304,2023-11-02,242,1
GM00305,2024-06-18,13,0
GM00306,2023-06-04,393,1
GM00307,2024-05-16,46,0
GM00308,2024-04-16,76,0
GM00309,2024-02-08,144,0
GM00310,2024-05-12,50,0
GM00311,2023-10-18,257,1
GM00312,2024-04-30,62,0
GM00313,2023-04-25,433,1
GM00314,2023-12-31,183,1
GM00315,2024-02-22,130,0
GM00316,2024-06-13,18,0
GM00317,2023-11-29,215,1
GM00318,2024-04-03,89,0
GM00319,2024-05-30,32,0
GM00320,2024-05-20,42,0
GM00321,2024-06-05,26,0
GM00322,2024-04-10,82,0
GM00323,2024-03-03,120,0
GM00324,2024-05-19,43,0
GM00325,2024-01-30,153,0
GM00326,2024-03-30,93,0
GM00327,2024-05-09,53,0
GM00328,2022-03-03,851,1
GM00329,2024-06-01,30,0
GM00330,2024-06-14,17,0
GM00331,2024-02-11,141,0
GM00332,2024-05-29,33,0
GM00333,2024-05-19,43,0
GM00334,2024-05-15,47,0
GM00335,2024-06-02,29,0
GM00336,2024-02-16,136,0
GM00337,2024-04-19,73,0
GM00338,2024-03-09,114,0
GM00339,2024-05-02,60,0
GM00340,2024-03-11,112,0
GM00341,2024-03-08,115,0
GM00342,2024-03-14,109,0
GM00343,2024-04-04,88,0
GM00344,2024-06-08,23,0
GM00345,2023-09-04,301,1
GM00346,2024-03-24,99,0
GM00347,2024-01-20,163,0
GM00348,2024-06-10,21,0
GM00349,2024-06-04,27,0
GM00350,2024-05-09,53,0
GM00351,2024-06-11,20,0
GM00352,2024-02-18,134,0
GM00353,2024-05-24,38,0
GM00354,2023-12-17,197,1
GM00355,2024-04-08,84,0
GM00356,2024-02-24,128,0
GM00357,2024-05-03,59,0
GM00358,2024-02-15,137,0
GM00359,2024-04-22,70,0
GM00360,2024-05-25,37,0
GM00361,2024-06-11,20,0
GM00362,2024-06-02,29,0
GM00363,2024-05-10,52,0
GM00364,2024-06-10,21,0
GM00365,2024-05-29,33,0
GM00366,2024-05-30,32,0
GM00367,2022-05-25,768,1
GM00368,2023-11-04,240,1
GM00369,2024-06-14,17,0
GM00370,2023-05-12,416,1
GM00371,2024-03-28,95,0
GM00372,2024-03-26,97,0
GM00373,2024-04-09,83,0
GM00374,2024-05-26,36,0
GM00375,2024-05-24,38,0
GM00376,2024-01-19,164,0
GM00377,2024-05-01,61,0
GM00378,2023-09-26,279,1
GM00379,2024-06-12,19,0
GM00380,2024-01-25,158,0
GM00381,2024-06-03,28,0
GM00382,2023-04-03,455,1
GM00383,2024-05-26,36,0
GM00384,2024-04-26,66,0
GM00385,2023-08-19,317,1
GM00386,2024-01-08,175,0
GM00387,2024-02-16,136,0
GM00388,2023-03-09,480,1
GM00389,2024-03-04,119,0
GM00390,2024-05-22,40,0
GM00391,2024-05-12,50,0
GM00392,2024-04-19,73,0
GM00393,2024-05-15,47,0
GM00394,2024-05-11,51,0
GM00395,2024-05-25,37,0
GM00396,2024-06-15,16,0
GM00397,2024-05-13,49,0
GM00398,2024-02-04,148,0
GM00399,2024-05-22,40,0
GM00400,2024-03-10,113,0
GM00401,2024-03-20,103,0
GM00402,2023-12-09,205,1
GM00403,2024-04-12,80,0
GM00404,2024-03-01,122,0
GM00405,2024-05-13,49,0
GM00406,2023-12-02,212,1
GM00407,2024-04-07,85,0
GM00408,2023-10-03,272,1
GM00409,2023-07-19,348,1
GM00410,2024-03-20,103,0
GM00411,2024-04-27,65,0
GM00412,2023-12-20,194,1
GM00413,2023-07-29,338,1
GM00414,2023-01-16,532,1
GM00415,2024-04-05,87,0
GM00416,2023-01-17,531,1
GM00417,2024-04-19,73,0
GM00418,2024-01-22,161,0
GM00419,2023-05-24,404,1
GM00420,2024-06-05,26,0
GM00421,2024-05-20,42,0
GM00422,2024-05-30,32,0
GM00423,2024-05-08,54,0
GM00424,2024-06-04,27,0
GM00425,2024-04-28,64,0
GM00426,2023-04-02,456,1
GM00427,2024-04-05,87,0
GM00428,2024-01-03,180,0
GM00429,2024-03-30,93,0
GM00430,2024-06-08,23,0
GM00431,2024-05-10,52,0
GM00432,2024-06-01,30,0
GM00433,2024-03-27,96,0
GM00434,2023-11-21,223,1
GM00435,2024-04-11,81,0
GM00436,2024-03-23,100,0
GM00437,2024-06-08,23,0
GM00438,2024-05-11,51,0
GM00439,2024-05-03,59,0
GM00440,2024-05-07,55,0
GM00441,2024-04-18,74,0
GM00442,2023-01-18,530,1
GM00443,2024-03-09,114,0
GM00444,2024-05-13,49,0
GM00445,2024-04-05,87,0
GM00446,2023-12-01,213,1
GM00447,2024-03-26,97,0
GM00448,2024-03-30,93,0
GM00449,2023-02-25,492,1
GM00450,2024-02-25,127,0
GM00451,2024-03-15,108,0
GM00452,2024-01-08,175,0
GM00453,2023-12-14,200,1
GM00454,2024-03-20,103,0
GM00455,2024-03-05,118,0
GM00456,2024-05-31,31,0
GM00457,2024-06-07,24,0
GM00458,2024-03-18,105,0
GM00459,2024-06-03,28,0
GM00460,2024-06-08,23,0
GM00461,2024-04-10,82,0
GM00462,2024-04-26,66,0
GM00463,2023-09-10,295,1
GM00464,2024-03-17,106,0
GM00465,2024-02-26,126,0
GM00466,2023-04-08,450,1
GM00467,2024-03-21,102,0
GM00468,2024-05-15,47,0
GM00469,2023-10-20,255,1
GM00470,2024-05-23,39,0
GM00471,2023-09-28,277,1
GM00472,2024-03-27,96,0
GM00473,2023-01-19,529,1
GM00474,2024-03-11,112,0
GM00475,2024-03-22,101,0
GM00476,2024-01-14,169,0
GM00477,2024-01-20,163,0
GM00478,2024-03-29,94,0
GM00479,2024-06-15,16,0
GM00480,2023-06-15,382,1
GM00481,2024-05-07,55,0
GM00482,2024-06-11,20,0
GM00483,2024-02-21,131,0
GM00484,2023-03-20,469,1
GM00485,2024-04-22,70,0
GM00486,2024-05-10,52,0
GM00487,2024-05-22,40,0
GM00488,2023-02-26,491,1
GM00489,2024-05-30,32,0
GM00490,2023-12-01,213,1
GM00491,2022-10-29,611,1
GM00492,2023-11-03,241,1
GM00493,2024-05-13,49,0
GM00494,2023-11-19,225,1
GM00495,2023-03-25,464,1
GM00496,2024-06-12,19,0
GM00497,2024-06-13,18,0
GM00498,2024-05-07,55,0
GM00499,2023-10-13,262,1
GM00500,2024-05-09,53,0
GM00501,2024-06-05,26,0
GM00502,2024-06-07,24,0
GM00503,2023-09-01,304,1
GM00504,2024-02-22,130,0
GM00505,2024-05-13,49,0
GM00506,2024-01-13,170,0
GM00507,2024-05-27,35,0
GM00508,2024-05-07,55,0
GM00509,2024-06-10,21,0
GM00510,2024-04-13,79,0
GM00511,2023-05-10,418,1
GM00512,2023-01-07,541,1
GM00513,2024-05-11,51,0
GM00514,2023-12-01,213,1
GM00515,2024-06-03,28,0
GM00516,2024-03-11,112,0
GM00517,2024-06-15,16,0
GM00518,2024-05-15,47,0
GM00519,2024-06-17,14,0
GM00520,2024-04-17,75,0
GM00521,2024-04-02,90,0
GM00522,2023-07-22,345,1
GM00523,2024-05-10,52,0
GM00524,2024-04-05,87,0
GM00525,2024-04-24,68,0
GM00526,2024-04-29,63,0
GM00527,2023-08-13,323,1
GM00528,2024-05-09,53,0
GM00529,2024-01-10,173,0
GM00530,2024-04-24,68,0
GM00531,2024-06-18,13,0
GM00532,2024-05-20,42,0
GM00533,2024-04-15,77,0
GM00534,2023-10-26,249,1
GM00535,2024-05-09,53,0
GM00536,2023-12-10,204,1
GM00537,2024-04-18,74,0
GM00538,2024-01-26,157,0
GM00539,2024-03-15,108,0
GM00540,2024-04-27,65,0
GM00541,2024-05-15,47,0
GM00542,2024-06-05,26,0
GM00543,2024-02-18,134,0
GM00544,2023-08-10,326,1
GM00545,2024-03-21,102,0
GM00546,2024-05-19,43,0
GM00547,2024-05-28,34,0
GM00548,2024-02-07,145,0
GM00549,2024-05-13,49,0
GM00550,2022-09-22,648,1
GM00551,2024-05-12,50,0
GM00552,2024-06-08,23,0
GM00553,2024-05-09,53,0
GM00554,2023-07-09,358,1
GM00555,2024-03-30,93,0
GM00556,2023-12-11,203,1
GM00557,2024-06-05,26,0
GM00558,2024-04-06,86,0
GM00559,2024-05-12,50,0
GM00560,2024-05-27,35,0
GM00561,2024-05-31,31,0
GM00562,2024-05-13,49,0
GM00563,2023-12-06,208,1
GM00564,2024-06-01,30,0
GM00565,2024-05-25,37,0
GM00566,2024-03-16,107,0
GM00567,2024-05-29,33,0
GM00568,2024-04-21,71,0
GM00569,2023-10-05,270,1
GM00570,2024-05-18,44,0
GM00571,2024-05-18,44,0
GM00572,2024-04-26,66,0
GM00573,2024-05-16,46,0
GM00574,2022-07-27,705,1
GM00575,2023-12-22,192,1
GM00576,2023-01-08,540,1
GM00577,2024-05-07,55,0
GM00578,2024-04-25,67,0
GM00579,2023-04-14,444,1
GM00580,2023-12-02,212,1
GM00581,2023-06-18,379,1
GM00582,2024-05-30,32,0
GM00583,2024-02-24,128,0
GM00584,2024-02-29,123,0
GM00585,2024-02-23,129,0
GM00586,2024-01-05,178,0
GM00587,2024-05-09,53,0
GM00588,2024-06-14,17,0
GM00589,2024-05-22,40,0
GM00590,2024-03-11,112,0
GM00591,2024-02-10,142,0
GM00592,2023-10-01,274,1
GM00593,2024-06-07,24,0
GM00594,2024-04-26,66,0
GM00595,2023-12-02,212,1
GM00596,2024-02-08,144,0
GM00597,2024-02-24,128,0
GM00598,2024-06-11,20,0
GM00599,2023-12-16,198,1
GM00600,2024-01-27,156,0
GM00601,2023-03-20,469,1
GM00602,2024-03-29,94,0
GM00603,2024-06-17,14,0
GM00604,2023-08-28,308,1
GM00605,2024-06-13,18,0
GM00606,2024-04-25,67,0
GM00607,2024-05-22,40,0
GM00608,2024-01-11,172,0
GM00609,2024-04-24,68,0
GM00610,2024-06-14,17,0
GM00611,2024-02-29,123,0
GM00612,2024-01-27,156,0
GM00613,2024-01-20,163,0
GM00614,2024-04-02,90,0
GM00615,2024-04-30,62,0
GM00616,2024-04-06,86,0
GM00617,2023-02-18,499,1
GM00618,2024-02-23,129,0
GM00619,2024-04-05,87,0
GM00620,2024-06-06,25,0
GM00621,2024-01-03,180,0
GM00622,2024-04-28,64,0
GM00623,2024-05-17,45,0
GM00624,2023-03-19,470,1
GM00625,2024-06-06,25,0
GM00626,2024-05-20,42,0
GM00627,2024-04-24,68,0
GM00628,2023-12-06,208,1
GM00629,2024-06-17,14,0
GM00630,2024-04-12,80,0
GM00631,2024-06-12,19,0
GM00632,2024-03-24,99,0
GM00633,2024-05-21,41,0
GM00634,2024-05-04,58,0
GM00635,2024-06-12,19,0
GM00636,2024-05-27,35,0
GM00637,2024-05-30,32,0
GM00638,2024-06-13,18,0
GM00639,2023-08-10,326,1
GM00640,2024-02-24,128,0
GM00641,2023-04-15,443,1
GM00642,2023-01-24,524,1
GM00643,2024-06-04,27,0
GM00644,2024-04-24,68,0
GM00645,2024-03-30,93,0
GM00646,2023-12-03,211,1
GM00647,2024-05-11,51,0
GM00648,2022-05-19,774,1
GM00649,2024-04-30,62,0
GM00650,2024-06-16,15,0
GM00651,2024-05-22,40,0
GM00652,2024-03-23,100,0
GM00653,2024-04-15,77,0
GM00654,2024-06-07,24,0
GM00655,2024-04-08,84,0
GM00656,2023-12-26,188,1
GM00657,2024-04-06,86,0
GM00658,2024-04-20,72,0
GM00659,2024-04-09,83,0
GM00660,2024-05-05,57,0
GM00661,2024-05-26,36,0
GM00662,2023-12-17,197,1
GM00663,2024-06-13,18,0
GM00664,2024-06-13,18,0
GM00665,2023-12-20,194,1
GM00666,2024-02-13,139,0
GM00667,2024-05-11,51,0
GM00668,2024-05-05,57,0
GM00669,2024-06-14,17,0
GM00670,2024-04-24,68,0
GM00671,2024-05-11,51,0
GM00672,2023-11-30,214,1
GM00673,2024-04-07,85,0
GM00674,2024-03-17,106,0
GM00675,2024-05-05,57,0
GM00676,2024-02-15,137,0
GM00677,2023-11-18,226,1
GM00678,2024-03-04,119,0
GM00679,2024-06-13,18,0
GM00680,2024-02-10,142,0
GM00681,2024-03-18,105,0
GM00682,2024-06-08,23,0
GM00683,2024-05-18,44,0
GM00684,2023-08-31,305,1
GM00685,2024-02-24,128,0
GM00686,2024-05-22,40,0
GM00687,2023-09-09,296,1
GM00688,2024-03-17,106,0
GM00689,2024-05-26,36,0
GM00690,2024-05-20,42,0
GM00691,2023-01-26,522,1
GM00692,2024-05-09,53,0
GM00693,2024-05-31,31,0
GM00694,2024-05-01,61,0
GM00695,2024-04-14,78,0
GM00696,2024-05-06,56,0
GM00697,2024-05-14,48,0
GM00698,2024-05-14,48,0
GM00699,2024-03-09,114,0
GM00700,2024-05-21,41,0
GM00701,2024-06-16,15,0
GM00702,2024-05-22,40,0
GM00703,2023-07-12,355,1
GM00704,2024-03-25,98,0
GM00705,2024-05-13,49,0
GM00706,2024-02-29,123,0
GM00707,2024-05-14,48,0
GM00708,2024-04-16,76,0
GM00709,2022-11-12,597,1
GM00710,2024-01-06,177,0
GM00711,2024-05-05,57,0
GM00712,2024-03-23,100,0
GM00713,2024-06-15,16,0
GM00714,2023-12-28,186,1
GM00715,2024-06-05,26,0
GM00716,2024-04-24,68,0
GM00717,2024-06-11,20,0
GM00718,2024-05-27,35,0
GM00719,2024-05-07,55,0
GM00720,2024-05-16,46,0
GM00721,2024-05-31,31,0
GM00722,2024-03-27,96,0
GM00723,2024-06-04,27,0
GM00724,2024-05-07,55,0
GM00725,2024-02-01,151,0
GM00726,2024-04-21,71,0
GM00727,2024-04-27,65,0
GM00728,2024-06-11,20,0
GM00729,2024-03-13,110,0
GM00730,2024-05-20,42,0
GM00731,2023-12-21,193,1
GM00732,2024-04-25,67,0
GM00733,2024-01-27,156,0
GM00734,2024-06-08,23,0
GM00735,2024-06-08,23,0
GM00736,2023-12-28,186,1
GM00737,2024-02-04,148,0
GM00738,2023-09-13,292,1
GM00739,2023-10-26,249,1
GM00740,2024-05-23,39,0
GM00741,2024-01-22,161,0
GM00742,2024-05-30,32,0
GM00743,2024-03-01,122,0
GM00744,2024-05-20,42,0
GM00745,2022-09-18,652,1
GM00746,2024-02-17,135,0
GM00747,2023-07-01,366,1
GM00748,2024-04-07,85,0
GM00749,2023-04-13,445,1
GM00750,2024-03-22,101,0
GM00751,2024-06-08,23,0
GM00752,2024-06-09,22,0
GM00753,2024-05-28,34,0
GM00754,2024-05-04,58,0
GM00755,2023-09-30,275,1
GM00756,2024-04-05,87,0
GM00757,2024-03-17,106,0
GM00758,2024-01-16,167,0
GM00759,2024-06-06,25,0
GM00760,2024-06-18,13,0
GM00761,2023-07-24,343,1
GM00762,2024-06-18,13,0
GM00763,2024-05-03,59,0
GM00764,2024-02-14,138,0
GM00765,2023-12-28,186,1
GM00766,2023-10-14,261,1
GM00767,2024-05-31,31,0
GM00768,2024-06-01,30,0
GM00769,2024-05-01,61,0
GM00770,2024-05-08,54,0
GM00771,2022-10-18,622,1
GM00772,2023-05-09,419,1
GM00773,2023-12-02,212,1
GM00774,2024-02-28,124,0
GM00775,2023-11-16,228,1
GM00776,2024-05-23,39,0
GM00777,2024-06-18,13,0
GM00778,2024-05-16,46,0
GM00779,2024-04-21,71,0
GM00780,2024-03-19,104,0
GM00781,2024-03-16,107,0
GM00782,2023-12-10,204,1
GM00783,2024-05-22,40,0
GM00784,2024-06-18,13,0
GM00785,2023-12-01,213,1
GM00786,2023-06-17,380,1
GM00787,2024-04-30,62,0
GM00788,2024-05-14,48,0
GM00789,2024-06-15,16,0
GM00790,2023-11-23,221,1
GM00791,2024-03-07,116,0
GM00792,2024-03-12,111,0
GM00793,2023-12-12,202,1
GM00794,2024-03-07,116,0
GM00795,2022-06-18,744,1
GM00796,2023-10-18,257,1
GM00797,2024-03-14,109,0
GM00798,2024-04-11,81,0
GM00799,2024-06-15,16,0
GM00800,2023-08-16,320,1
GM00801,2023-09-24,281,1
GM00802,2024-04-29,63,0
GM00803,2024-05-31,31,0
GM00804,2023-12-10,204,1
GM00805,2024-05-11,51,0
GM00806,2023-09-25,280,1
GM00807,2024-06-16,15,0
GM00808,2024-05-29,33,0
GM00809,2024-05-07,55,0
GM00810,2024-04-20,72,0
GM00811,2024-05-14,48,0
GM00812,2024-06-11,20,0
GM00813,2022-12-08,571,1
GM00814,2024-04-18,74,0
GM00815,2024-03-07,116,0
GM00816,2024-05-04,58,0
GM00817,2024-04-21,71,0
GM00818,2024-06-01,30,0
GM00819,2024-04-21,71,0
GM00820,2023-11-29,215,1
GM00821,2024-01-04,179,0
GM00822,2022-04-25,798,1
GM00823,2022-11-16,593,1
GM00824,2023-12-29,185,1
GM00825,2024-05-02,60,0
GM00826,2024-05-14,48,0
GM00827,2023-12-01,213,1
GM00828,2024-06-17,14,0
GM00829,2024-06-18,13,0
GM00830,2024-06-02,29,0
GM00831,2024-06-17,14,0
GM00832,2024-06-12,19,0
GM00833,2024-05-12,50,0
GM00834,2024-05-02,60,0
GM00835,2023-12-27,187,1
GM00836,2024-05-26,36,0
GM00837,2024-04-28,64,0
GM00838,2024-04-22,70,0
GM00839,2024-03-26,97,0
GM00840,2024-01-22,161,0
GM00841,2024-02-22,130,0
GM00842,2023-11-04,240,1
GM00843,2024-05-29,33,0
GM00844,2022-12-22,557,1
GM00845,2023-11-28,216,1
GM00846,2024-04-30,62,0
GM00847,2023-10-29,246,1
GM00848,2024-06-07,24,0
GM00849,2022-01-05,908,1
GM00850,2024-06-01,30,0
GM00851,2023-12-23,191,1
GM00852,2024-05-01,61,0
GM00853,2022-03-29,825,1
GM00854,2024-04-16,76,0
GM00855,2024-05-23,39,0
GM00856,2024-05-04,58,0
GM00857,2024-03-01,122,0
GM00858,2024-06-18,13,0
GM00859,2024-02-06,146,0
GM00860,2024-06-17,14,0
GM00861,2024-04-01,91,0
GM00862,2024-05-13,49,0
GM00863,2024-06-07,24,0
GM00864,2024-02-11,141,0
GM00865,2024-03-26,97,0
GM00866,2024-04-12,80,0
GM00867,2023-12-17,197,1
GM00868,2024-05-10,52,0
GM00869,2023-12-28,186,1
GM00870,2024-06-07,24,0
GM00871,2024-05-10,52,0
GM00872,2024-03-09,114,0
GM00873,2024-05-05,57,0
GM00874,2024-06-18,13,0
GM00875,2024-03-12,111,0
GM00876,2024-06-02,29,0
GM00877,2024-06-09,22,0
GM00878,2023-11-08,236,1
GM00879,2024-06-10,21,0
GM00880,2024-05-29,33,0
GM00881,2024-02-15,137,0
GM00882,2024-04-18,74,0
GM00883,2024-01-01,182,1
GM00884,2024-05-26,36,0
GM00885,2023-09-02,303,1
GM00886,2023-03-18,471,1
GM00887,2024-06-12,19,0
GM00888,2024-04-21,71,0
GM00889,2024-06-08,23,0
GM00890,2023-12-26,188,1
GM00891,2024-01-23,160,0
GM00892,2024-04-19,73,0
GM00893,2024-05-20,42,0
GM00894,2023-12-03,211,1
GM00895,2024-04-29,63,0
GM00896,2024-01-23,160,0
GM00897,2024-04-12,80,0
GM00898,2024-06-03,28,0
GM00899,2024-05-20,42,0
GM00900,2024-04-14,78,0
GM00901,2024-05-10,52,0
GM00902,2024-04-26,66,0
GM00903,2024-03-29,94,0
GM00904,2023-08-22,314,1
GM00905,2024-05-21,41,0
GM00906,2023-10-18,257,1
GM00907,2023-12-25,189,1
GM00908,2024-02-10,142,0
GM00909,2024-06-01,30,0
GM00910,2024-03-25,98,0
GM00911,2024-06-18,13,0
GM00912,2022-05-17,776,1
GM00913,2024-02-24,128,0
GM00914,2024-05-30,32,0
GM00915,2024-04-26,66,0
GM00916,2024-04-14,78,0
GM00917,2024-04-04,88,0
GM00918,2024-05-05,57,0
GM00919,2024-05-06,56,0
GM00920,2023-12-31,183,1
GM00921,2024-06-16,15,0
GM00922,2023-10-19,256,1
GM00923,2024-06-10,21,0
GM00924,2024-03-31,92,0
GM00925,2023-07-29,338,1
GM00926,2023-03-04,485,1
GM00927,2024-05-08,54,0
GM00928,2024-06-14,17,0
GM00929,2023-07-26,341,1
GM00930,2023-12-03,211,1
GM00931,2023-12-12,202,1
GM00932,2024-03-04,119,0
GM00933,2024-04-22,70,0
GM00934,2024-04-24,68,0
GM00935,2023-11-26,218,1
GM00936,2024-05-24,38,0
GM00937,2024-05-28,34,0
GM00938,2023-09-22,283,1
GM00939,2024-04-05,87,0
GM00940,2022-02-19,863,1
GM00941,2024-06-12,19,0
GM00942,2023-11-13,231,1
GM00943,2024-03-23,100,0
GM00944,2024-05-21,41,0
GM00945,2024-04-12,80,0
GM00946,2024-04-23,69,0
GM00947,2023-09-14,291,1
GM00948,2024-03-20,103,0
GM00949,2024-05-17,45,0
GM00950,2023-10-30,245,1
GM00951,2024-03-21,102,0
GM00952,2024-04-24,68,0
GM00953,2024-02-28,124,0
GM00954,2024-06-15,16,0
GM00955,2023-11-28,216,1
GM00956,2024-05-23,39,0
GM00957,2022-08-28,673,1
GM00958,2024-04-01,91,0
GM00959,2023-01-28,520,1
GM00960,2024-05-20,42,0
GM00961,2024-04-09,83,0
GM00962,2023-12-22,192,1
GM00963,2024-02-09,143,0
GM00964,2023-05-26,402,1
GM00965,2023-11-26,218,1
GM00966,2024-05-15,47,0
GM00967,2024-05-21,41,0
GM00968,2024-05-15,47,0
GM00969,2024-05-28,34,0
GM00970,2024-06-08,23,0
GM00971,2024-06-13,18,0
GM00972,2024-05-12,50,0
GM00973,2024-03-07,116,0
GM00974,2024-05-16,46,0
GM00975,2024-06-18,13,0
GM00976,2024-06-08,23,0
GM00977,2024-03-14,109,0
GM00978,2024-06-13,18,0
GM00979,2024-04-15,77,0
GM00980,2023-09-03,302,1
GM00981,2024-06-08,23,0
GM00982,2023-09-12,293,1
GM00983,2024-04-12,80,0
GM00984,2024-06-17,14,0
GM00985,2024-02-13,139,0
GM00986,2024-06-07,24,0
GM00987,2023-09-11,294,1
GM00988,2024-04-13,79,0
GM00989,2024-05-26,36,0
GM00990,2024-04-10,82,0
GM00991,2024-03-24,99,0
GM00992,2024-05-29,33,0
GM00993,2024-05-18,44,0
GM00994,2024-03-25,98,0
GM00995,2024-04-06,86,0
GM00996,2024-03-24,99,0
GM00997,2024-04-07,85,0
GM00998,2023-10-10,265,1
GM00999,2024-05-31,31,0
GM01000,2024-01-17,166,0
GM01001,2023-08-07,329,1
GM01002,2022-05-07,786,1
GM01003,2023-11-13,231,1
GM01004,2024-06-10,21,0
GM01005,2024-05-18,44,0
GM01006,2024-06-07,24,0
GM01007,2024-04-09,83,0
GM01008,2024-05-06,56,0
GM01009,2024-01-03,180,0
GM01010,2024-05-07,55,0
GM01011,2023-09-05,300,1
GM01012,2024-04-13,79,0
GM01013,2024-03-21,102,0
GM01014,2023-04-24,434,1
GM01015,2022-05-23,770,1
GM01016,2022-05-09,784,1
GM01017,2023-05-27,401,1
GM01018,2024-03-15,108,0
GM01019,2023-06-25,372,1
GM01020,2024-05-07,55,0
GM01021,2024-01-13,170,0
GM01022,2022-12-31,548,1
GM01023,2024-06-08,23,0
GM01024,2024-05-19,43,0
GM01025,2023-12-08,206,1
GM01026,2024-05-03,59,0
GM01027,2024-06-16,15,0
GM01028,2024-06-16,15,0
GM01029,2024-06-03,28,0
GM01030,2024-05-26,36,0
GM01031,2024-02-23,129,0
GM01032,2024-05-17,45,0
GM01033,2023-06-06,391,1
GM01034,2023-11-09,235,1
GM01035,2024-06-01,30,0
GM01036,2022-07-04,728,1
GM01037,2024-06-15,16,0
GM01038,2024-06-15,16,0
GM01039,2024-05-23,39,0
GM01040,2024-04-07,85,0
GM01041,2024-06-07,24,0
GM01042,2024-05-09,53,0
GM01043,2022-06-05,757,1
GM01044,2024-05-29,33,0
GM01045,2022-10-16,624,1
GM01046,2024-02-12,140,0
GM01047,2024-01-06,177,0
GM01048,2023-09-16,289,1
GM01049,2024-02-28,124,0
GM01050,2024-03-08,115,0
GM01051,2024-06-04,27,0
GM01052,2024-05-27,35,0
GM01053,2024-05-16,46,0
GM01054,2024-02-22,130,0
GM01055,2024-05-18,44,0
GM01056,2024-05-05,57,0
GM01057,2024-04-29,63,0
GM01058,2024-06-01,30,0
GM01059,2023-12-16,198,1
GM01060,2024-03-01,122,0
GM01061,2024-05-11,51,0
GM01062,2024-04-20,72,0
GM01063,2023-09-18,287,1
GM01064,2023-07-26,341,1
GM01065,2024-04-13,79,0
GM01066,2024-06-08,23,0
GM01067,2024-05-29,33,0
GM01068,2024-05-20,42,0
GM01069,2023-12-19,195,1
GM01070,2024-04-07,85,0
GM01071,2024-04-21,71,0
GM01072,2023-05-07,421,1
GM01073,2024-06-09,22,0
GM01074,2024-06-04,27,0
GM01075,2023-12-20,194,1
GM01076,2024-05-09,53,0
GM01077,2024-04-12,80,0
GM01078,2024-05-11,51,0
GM01079,2024-03-17,106,0
GM01080,2023-12-07,207,1
GM01081,2024-05-06,56,0
GM01082,2024-06-08,23,0
GM01083,2023-12-16,198,1
GM01084,2023-09-29,276,1
GM01085,2024-03-29,94,0
GM01086,2023-12-22,192,1
GM01087,2024-05-30,32,0
GM01088,2024-06-10,21,0
GM01089,2024-06-02,29,0
GM01090,2024-05-08,54,0
GM01091,2023-12-21,193,1
GM01092,2024-06-15,16,0
GM01093,2024-05-30,32,0
GM01094,2024-06-05,26,0
GM01095,2024-05-31,31,0
GM01096,2024-05-19,43,0
GM01097,2023-07-26,341,1
GM01098,2024-06-12,19,0
GM01099,2024-02-17,135,0
GM01100,2024-06-12,19,0
GM01101,2024-05-14,48,0
GM01102,2024-01-28,155,0
GM01103,2024-06-10,21,0
GM01104,2024-02-11,141,0
GM01105,2023-10-14,261,1
GM01106,2023-08-17,319,1
GM01107,2023-12-29,185,1
GM01108,2024-05-14,48,0
GM01109,2024-02-05,147,0
GM01110,2024-03-08,115,0
GM01111,2024-02-10,142,0
GM01112,2024-04-21,71,0
GM01113,2024-04-15,77,0
GM01114,2023-04-17,441,1
GM01115,2024-02-10,142,0
GM01116,2023-07-05,362,1
GM01117,2024-03-18,105,0
GM01118,2023-11-24,220,1
GM01119,2024-02-06,146,0
GM01120,2024-06-18,13,0
GM01121,2024-01-06,177,0
GM01122,2023-08-20,316,1
GM01123,2024-05-14,48,0
GM01124,2023-02-04,513,1
GM01125,2024-05-17,45,0
GM01126,2024-06-08,23,0
GM01127,2024-05-07,55,0
GM01128,2024-06-10,21,0
GM01129,2024-06-07,24,0
GM01130,2024-06-03,28,0
GM01131,2023-07-16,351,1
GM01132,2024-06-02,29,0
GM01133,2024-03-10,113,0
GM01134,2024-06-11,20,0
GM01135,2024-05-30,32,0
GM01136,2024-05-15,47,0
GM01137,2024-05-23,39,0
GM01138,2023-12-11,203,1
GM01139,2023-11-29,215,1
GM01140,2024-03-23,100,0
GM01141,2024-01-12,171,0
GM01142,2024-01-19,164,0
GM01143,2024-04-29,63,0
GM01144,2024-06-05,26,0
GM01145,2024-05-22,40,0
GM01146,2024-06-15,16,0
GM01147,2024-01-08,175,0
GM01148,2024-02-26,126,0
GM01149,2024-04-28,64,0
GM01150,2024-04-16,76,0
GM01151,2024-05-02,60,0
GM01152,2023-12-25,189,1
GM01153,2023-07-31,336,1
GM01154,2024-06-12,19,0
GM01155,2024-02-02,150,0
GM01156,2024-03-18,105,0
GM01157,2024-01-14,169,0
GM01158,2024-03-04,119,0
GM01159,2024-04-15,77,0
GM01160,2024-04-25,67,0
GM01161,2024-06-06,25,0
GM01162,2024-05-18,44,0
GM01163,2023-12-11,203,1
GM01164,2024-01-11,172,0
GM01165,2023-08-31,305,1
GM01166,2024-03-30,93,0
GM01167,2024-04-18,74,0
GM01168,2024-06-16,15,0
GM01169,2024-02-09,143,0
GM01170,2024-04-01,91,0
GM01171,2024-01-28,155,0
GM01172,2024-03-07,116,0
GM01173,2024-05-25,37,0
GM01174,2024-06-08,23,0
GM01175,2024-02-18,134,0
GM01176,2024-02-29,123,0
GM01177,2024-04-25,67,0
GM01178,2024-05-29,33,0
GM01179,2024-06-16,15,0
GM01180,2024-05-18,44,0
GM01181,2024-06-05,26,0
GM01182,2024-06-13,18,0
GM01183,2024-01-05,178,0
GM01184,2023-12-21,193,1
GM01185,2024-06-05,26,0
GM01186,2024-05-27,35,0
GM01187,2024-04-21,71,0
GM01188,2024-03-20,103,0
GM01189,2024-05-18,44,0
GM01190,2024-02-18,134,0
GM01191,2024-01-08,175,0
GM01192,2023-05-08,420,1
GM01193,2024-06-12,19,0
GM01194,2022-12-20,559,1
GM01195,2024-03-12,111,0
GM01196,2024-04-18,74,0
GM01197,2024-06-05,26,0
GM01198,2024-03-08,115,0
GM01199,2024-06-10,21,0
GM01200,2024-03-02,121,0
GM01201,2024-04-13,79,0
GM01202,2024-05-28,34,0
GM01203,2023-08-27,309,1
GM01204,2022-07-14,718,1
GM01205,2023-01-08,540,1
GM01206,2024-05-22,40,0
GM01207,2024-03-22,101,0
GM01208,2024-01-01,182,1
GM01209,2024-05-23,39,0
GM01210,2024-04-05,87,0
GM01211,2024-03-28,95,0
GM01212,2024-05-05,57,0
GM01213,2023-10-10,265,1
GM01214,2024-06-13,18,0
GM01215,2024-04-15,77,0
GM01216,2024-02-19,133,0
GM01217,2024-04-19,73,0
GM01218,2024-06-16,15,0
GM01219,2023-06-08,389,1
GM01220,2024-04-10,82,0
GM01221,2024-03-05,118,0
GM01222,2022-07-07,725,1
GM01223,2023-12-30,184,1
GM01224,2024-05-07,55,0
GM01225,2024-04-22,70,0
GM01226,2024-03-06,117,0
GM01227,2024-02-12,140,0
GM01228,2024-05-25,37,0
GM01229,2024-06-03,28,0
GM01230,2024-06-03,28,0
GM01231,2024-01-09,174,0
GM01232,2024-03-04,119,0
GM01233,2024-05-23,39,0
GM01234,2023-09-22,283,1
GM01235,2023-12-22,192,1
GM01236,2023-05-04,424,1
GM01237,2024-04-01,91,0
GM01238,2023-11-20,224,1
GM01239,2024-05-16,46,0
GM01240,2024-05-22,40,0
GM01241,2023-12-20,194,1
GM01242,2023-06-27,370,1
GM01243,2024-02-23,129,0
GM01244,2024-05-17,45,0
GM01245,2024-05-26,36,0
GM01246,2024-02-11,141,0
GM01247,2023-12-22,192,1
GM01248,2024-06-17,14,0
GM01249,2024-03-31,92,0
GM01250,2024-03-12,111,0
GM01251,2024-03-22,101,0
GM01252,2023-12-10,204,1
GM01253,2023-08-31,305,1
GM01254,2024-06-17,14,0
GM01255,2024-04-22,70,0
GM01256,2023-12-01,213,1
GM01257,2023-06-22,375,1
GM01258,2024-05-19,43,0
GM01259,2024-06-17,14,0
GM01260,2023-09-18,287,1
GM01261,2024-05-26,36,0
GM01262,2024-02-21,131,0
GM01263,2024-06-08,23,0
GM01264,2024-04-11,81,0
GM01265,2024-06-11,20,0
GM01266,2024-05-17,45,0
GM01267,2023-12-14,200,1
GM01268,2024-02-13,139,0
GM01269,2024-04-07,85,0
GM01270,2024-04-29,63,0
GM01271,2023-07-12,355,1
GM01272,2023-11-02,242,1
GM01273,2024-06-15,16,0
GM01274,2024-03-24,99,0
GM01275,2024-03-28,95,0
GM01276,2024-05-11,51,0
GM01277,2024-06-04,27,0
GM01278,2023-12-17,197,1
GM01279,2024-05-20,42,0
GM01280,2024-03-10,113,0
GM01281,2023-12-27,187,1
GM01282,2023-11-16,228,1
GM01283,2024-05-24,38,0
GM01284,2024-05-01,61,0
GM01285,2024-01-17,166,0
GM01286,2024-01-26,157,0
GM01287,2024-05-07,55,0
GM01288,2024-04-11,81,0
GM01289,2023-06-21,376,1
GM01290,2024-04-29,63,0
GM01291,2024-02-26,126,0
GM01292,2024-03-09,114,0
GM01293,2022-01-03,910,1
GM01294,2024-06-02,29,0
GM01295,2024-03-22,101,0
GM01296,2022-04-27,796,1
GM01297,2024-06-09,22,0
GM01298,2024-04-12,80,0
GM01299,2024-05-27,35,0
GM01300,2023-10-28,247,1
GM01301,2024-05-07,55,0
GM01302,2023-09-15,290,1
GM01303,2022-09-12,658,1
GM01304,2023-05-08,420,1
GM01305,2024-04-01,91,0
GM01306,2024-05-17,45,0
GM01307,2024-02-22,130,0
GM01308,2024-02-19,133,0
GM01309,2024-02-05,147,0
GM01310,2024-03-25,98,0
GM01311,2024-05-27,35,0
GM01312,2024-02-19,133,0
GM01313,2024-03-28,95,0
GM01314,2024-03-26,97,0
GM01315,2023-03-30,459,1
GM01316,2024-06-01,30,0
GM01317,2024-03-17,106,0
GM01318,2024-06-02,29,0
GM01319,2024-05-22,40,0
GM01320,2024-03-05,118,0
GM01321,2023-10-30,245,1
GM01322,2024-05-15,47,0
GM01323,2024-06-07,24,0
GM01324,2024-06-17,14,0
GM01325,2024-06-18,13,0
GM01326,2023-12-17,197,1
GM01327,2024-04-17,75,0
GM01328,2024-03-20,103,0
GM01329,2024-05-25,37,0
GM01330,2024-05-23,39,0
GM01331,2024-03-14,109,0
GM01332,2024-04-18,74,0
GM01333,2023-09-02,303,1
GM01334,2024-05-11,51,0
GM01335,2024-05-18,44,0
GM01336,2024-05-02,60,0
GM01337,2024-06-18,13,0
GM01338,2024-06-11,20,0
GM01339,2024-03-02,121,0
GM01340,2024-01-14,169,0
GM01341,2024-04-23,69,0
GM01342,2024-06-06,25,0
GM01343,2022-12-26,553,1
GM01344,2023-10-27,248,1
GM01345,2024-01-10,173,0
GM01346,2024-05-24,38,0
GM01347,2024-02-18,134,0
GM01348,2024-05-29,33,0
GM01349,2024-05-24,38,0
GM01350,2023-09-13,292,1
GM01351,2024-05-03,59,0
GM01352,2024-06-07,24,0
GM01353,2024-06-08,23,0
GM01354,2024-03-28,95,0
GM01355,2024-06-15,16,0
GM01356,2024-05-15,47,0
GM01357,2023-12-19,195,1
GM01358,2024-03-20,103,0
GM01359,2024-05-02,60,0
GM01360,2024-06-17,14,0
GM01361,2023-10-26,249,1
GM01362,2024-06-06,25,0
GM01363,2024-05-06,56,0
GM01364,2024-05-03,59,0
GM01365,2024-05-23,39,0
GM01366,2024-05-22,40,0
GM01367,2024-03-30,93,0
GM01368,2023-12-24,190,1
GM01369,2024-05-28,34,0
GM01370,2024-06-11,20,0
GM01371,2023-11-06,238,1
GM01372,2024-06-18,13,0
GM01373,2024-01-10,173,0
GM01374,2022-09-15,655,1
GM01375,2024-02-18,134,0
GM01376,2024-06-17,14,0
GM01377,2024-05-29,33,0
GM01378,2024-06-07,24,0
GM01379,2024-05-18,44,0
GM01380,2024-06-09,22,0
GM01381,2024-05-21,41,0
GM01382,2024-04-26,66,0
GM01383,2024-04-29,63,0
GM01384,2024-02-11,141,0
GM01385,2024-01-26,157,0
GM01386,2024-05-03,59,0
GM01387,2024-05-19,43,0
GM01388,2024-03-23,100,0
GM01389,2024-06-13,18,0
GM01390,2024-05-24,38,0
GM01391,2024-05-09,53,0
GM01392,2024-03-08,115,0
GM01393,2024-04-09,83,0
GM01394,2024-05-27,35,0
GM01395,2024-04-18,74,0
GM01396,2023-12-25,189,1
GM01397,2024-05-24,38,0
GM01398,2023-10-08,267,1
GM01399,2024-05-08,54,0
GM01400,2024-06-14,17,0
GM01401,2024-05-16,46,0
GM01402,2024-02-14,138,0
GM01403,2024-04-26,66,0
GM01404,2024-06-16,15,0
GM01405,2024-05-07,55,0
GM01406,2024-04-08,84,0
GM01407,2023-06-29,368,1
GM01408,2023-12-08,206,1
GM01409,2024-04-15,77,0
GM01410,2023-09-18,287,1
GM01411,2024-04-08,84,0
GM01412,2023-04-07,451,1
GM01413,2024-04-09,83,0
GM01414,2024-05-28,34,0
GM01415,2023-03-31,458,1
GM01416,2022-06-22,740,1
GM01417,2023-03-30,459,1
GM01418,2024-05-09,53,0
GM01419,2024-04-14,78,0
GM01420,2024-06-15,16,0
GM01421,2024-05-24,38,0
GM01422,2024-03-30,93,0
GM01423,2023-04-10,448,1
GM01424,2024-05-30,32,0
GM01425,2023-11-28,216,1
GM01426,2023-09-30,275,1
GM01427,2024-03-19,104,0
GM01428,2024-05-21,41,0
GM01429,2024-01-14,169,0
GM01430,2024-06-04,27,0
GM01431,2024-06-09,22,0
GM01432,2024-06-18,13,0
GM01433,2024-01-01,182,1
GM01434,2022-11-01,608,1
GM01435,2023-12-05,209,1
GM01436,2024-06-17,14,0
GM01437,2024-03-08,115,0
GM01438,2023-12-25,189,1
GM01439,2024-05-18,44,0
GM01440,2023-12-28,186,1
GM01441,2024-05-27,35,0
GM01442,2024-04-17,75,0
GM01443,2024-06-02,29,0
GM01444,2023-07-29,338,1
GM01445,2024-03-08,115,0
GM01446,2024-05-21,41,0
GM01447,2024-04-21,71,0
GM01448,2024-05-22,40,0
GM01449,2024-05-22,40,0
GM01450,2024-05-04,58,0
GM01451,2024-06-15,16,0
GM01452,2022-05-31,762,1
GM01453,2024-04-23,69,0
GM01454,2024-05-06,56,0
GM01455,2024-05-19,43,0
GM01456,2024-04-06,86,0
GM01457,2024-03-10,113,0
GM01458,2023-11-30,214,1
GM01459,2024-05-15,47,0
GM01460,2024-03-22,101,0
GM01461,2024-06-04,27,0
GM01462,2024-05-18,44,0
GM01463,2024-06-15,16,0
GM01464,2024-04-15,77,0
GM01465,2024-06-04,27,0
GM01466,2024-05-03,59,0
GM01467,2023-10-31,244,1
GM01468,2024-04-11,81,0
GM01469,2024-05-16,46,0
GM01470,2024-04-03,89,0
GM01471,2024-01-14,169,0
GM01472,2024-05-24,38,0
GM01473,2024-05-31,31,0
GM01474,2022-04-10,813,1
GM01475,2023-11-20,224,1
GM01476,2024-06-15,16,0
GM01477,2024-06-15,16,0
GM01478,2024-05-20,42,0
GM01479,2024-05-28,34,0
GM01480,2024-01-12,171,0
GM01481,2024-05-31,31,0
GM01482,2024-03-21,102,0
GM01483,2023-01-19,529,1
GM01484,2023-09-19,286,1
GM01485,2024-06-06,25,0
GM01486,2024-02-11,141,0
GM01487,2024-06-07,24,0
GM01488,2024-04-14,78,0
GM01489,2024-05-26,36,0
GM01490,2023-12-14,200,1
GM01491,2024-06-02,29,0
GM01492,2024-06-04,27,0
GM01493,2024-06-07,24,0
GM01494,2023-12-20,194,1
GM01495,2024-05-07,55,0
GM01496,2024-06-03,28,0
GM01497,2023-12-19,195,1
GM01498,2024-03-20,103,0
GM01499,2024-03-05,118,0
GM01500,2024-04-23,69,0
GM01501,2024-04-03,89,0
GM01502,2023-10-26,249,1
GM01503,2023-11-13,231,1
GM01504,2024-02-07,145,0
GM01505,2024-04-29,63,0
GM01506,2024-05-28,34,0
GM01507,2024-06-03,28,0
GM01508,2024-01-02,181,1
GM01509,2023-10-31,244,1
GM01510,2022-05-02,791,1
GM01511,2024-06-17,14,0
GM01512,2024-04-05,87,0
GM01513,2022-10-07,633,1
GM01514,2024-06-08,23,0
GM01515,2024-04-22,70,0
GM01516,2024-05-05,57,0
GM01517,2024-06-15,16,0
GM01518,2024-05-23,39,0
GM01519,2024-03-26,97,0
GM01520,2022-05-21,772,1
GM01521,2024-05-13,49,0
GM01522,2024-04-11,81,0
GM01523,2024-05-11,51,0
GM01524,2024-05-05,57,0
GM01525,2024-06-06,25,0
GM01526,2023-09-10,295,1
GM01527,2024-05-14,48,0
GM01528,2023-12-08,206,1
GM01529,2024-06-17,14,0
GM01530,2024-06-07,24,0
GM01531,2024-06-11,20,0
GM01532,2024-05-04,58,0
GM01533,2024-06-11,20,0
GM01534,2024-06-01,30,0
GM01535,2024-06-04,27,0
GM01536,2024-06-14,17,0
GM01537,2024-04-27,65,0
GM01538,2024-02-08,144,0
GM01539,2022-07-22,710,1
GM01540,2024-05-26,36,0
GM01541,2024-06-14,17,0
GM01542,2024-05-13,49,0
GM01543,2024-06-05,26,0
GM01544,2023-12-19,195,1
GM01545,2024-05-13,49,0
GM01546,2023-11-19,225,1
GM01547,2024-01-13,170,0
GM01548,2023-09-09,296,1
GM01549,2024-02-12,140,0
GM01550,2023-10-23,252,1
GM01551,2024-05-17,45,0
GM01552,2024-03-07,116,0
GM01553,2024-06-14,17,0
GM01554,2023-11-29,215,1
GM01555,2024-03-23,100,0
GM01556,2024-05-20,42,0
GM01557,2023-04-09,449,1
GM01558,2024-06-12,19,0
GM01559,2023-10-14,261,1
GM01560,2024-03-12,111,0
GM01561,2024-06-04,27,0
GM01562,2024-04-26,66,0
GM01563,2024-05-21,41,0
GM01564,2024-05-20,42,0
GM01565,2024-03-12,111,0
GM01566,2024-04-19,73,0
GM01567,2024-01-01,182,1
GM01568,2024-05-21,41,0
GM01569,2023-07-19,348,1
GM01570,2024-05-29,33,0
GM01571,2024-04-26,66,0
GM01572,2024-06-18,13,0
GM01573,2023-07-09,358,1
GM01574,2024-02-07,145,0
GM01575,2024-03-17,106,0
GM01576,2024-01-17,166,0
GM01577,2023-11-01,243,1
GM01578,2023-06-24,373,1
GM01579,2024-03-16,107,0
GM01580,2022-12-02,577,1
GM01581,2024-05-09,53,0
GM01582,2024-05-01,61,0
GM01583,2023-01-26,522,1
GM01584,2024-06-09,22,0
GM01585,2024-02-28,124,0
GM01586,2024-04-07,85,0
GM01587,2024-04-04,88,0
GM01588,2024-05-05,57,0
GM01589,2023-10-10,265,1
GM01590,2024-06-07,24,0
GM01591,2024-05-10,52,0
GM01592,2024-05-13,49,0
GM01593,2023-11-19,225,1
GM01594,2024-05-18,44,0
GM01595,2024-06-08,23,0
GM01596,2024-04-27,65,0
GM01597,2024-01-05,178,0
GM01598,2024-06-07,24,0
GM01599,2024-01-15,168,0
GM01600,2024-05-16,46,0
GM01601,2022-08-12,689,1
GM01602,2022-06-15,747,1
GM01603,2024-02-21,131,0
GM01604,2024-02-15,137,0
GM01605,2024-02-26,126,0
GM01606,2024-03-10,113,0
GM01607,2024-06-03,28,0
GM01608,2024-04-28,64,0
GM01609,2024-03-28,95,0
GM01610,2024-04-14,78,0
GM01611,2024-05-28,34,0
GM01612,2024-02-24,128,0
GM01613,2024-04-30,62,0
GM01614,2024-05-10,52,0
GM01615,2024-05-16,46,0
GM01616,2023-08-23,313,1
GM01617,2024-04-28,64,0
GM01618,2024-05-11,51,0
GM01619,2024-05-03,59,0
GM01620,2023-09-01,304,1
GM01621,2024-01-28,155,0
GM01622,2023-01-28,520,1
GM01623,2024-02-15,137,0
GM01624,2023-05-27,401,1
GM01625,2024-05-08,54,0
GM01626,2024-01-22,161,0
GM01627,2024-01-14,169,0
GM01628,2024-05-26,36,0
GM01629,2023-08-05,331,1
GM01630,2024-05-09,53,0
GM01631,2024-06-14,17,0
GM01632,2024-03-30,93,0
GM01633,2024-05-12,50,0
GM01634,2024-02-29,123,0
GM01635,2023-01-03,545,1
GM01636,2024-03-02,121,0
GM01637,2024-05-03,59,0
GM01638,2024-05-23,39,0
GM01639,2024-05-31,31,0
GM01640,2023-08-28,308,1
GM01641,2024-05-10,52,0
GM01642,2024-03-23,100,0
GM01643,2024-06-08,23,0
GM01644,2024-06-13,18,0
GM01645,2024-01-18,165,0
GM01646,2023-10-31,244,1
GM01647,2024-05-04,58,0
GM01648,2022-02-26,856,1
GM01649,2024-06-09,22,0
GM01650,2024-03-28,95,0
GM01651,2024-05-25,37,0
GM01652,2024-06-08,23,0
GM01653,2024-01-14,169,0
GM01654,2022-11-13,596,1
GM01655,2024-06-14,17,0
GM01656,2024-04-18,74,0
GM01657,2024-04-24,68,0
GM01658,2022-12-10,569,1
GM01659,2024-02-04,148,0
GM01660,2023-10-20,255,1
GM01661,2024-01-03,180,0
GM01662,2023-08-23,313,1
GM01663,2024-02-08,144,0
GM01664,2023-08-28,308,1
GM01665,2024-04-02,90,0
GM01666,2024-02-25,127,0
GM01667,2024-03-08,115,0
GM01668,2024-05-19,43,0
GM01669,2023-01-19,529,1
GM01670,2024-05-03,59,0
GM01671,2023-12-26,188,1
GM01672,2024-05-27,35,0
GM01673,2024-06-12,19,0
GM01674,2024-06-04,27,0
GM01675,2024-06-17,14,0
GM01676,2024-01-17,166,0
GM01677,2024-02-27,125,0
GM01678,2024-02-16,136,0
GM01679,2023-06-27,370,1
GM01680,2024-01-22,161,0
GM01681,2024-06-09,22,0
GM01682,2024-03-14,109,0
GM01683,2024-01-23,160,0
GM01684,2024-04-09,83,0
GM01685,2024-03-18,105,0
GM01686,2024-01-10,173,0
GM01687,2024-04-30,62,0
GM01688,2024-01-24,159,0
GM01689,2024-03-16,107,0
GM01690,2023-08-03,333,1
GM01691,2022-11-20,589,1
GM01692,2024-06-08,23,0
GM01693,2022-11-01,608,1
GM01694,2024-03-26,97,0
GM01695,2023-12-18,196,1
GM01696,2024-06-15,16,0
GM01697,2024-05-30,32,0
GM01698,2024-04-06,86,0
GM01699,2024-05-01,61,0
GM01700,2024-04-24,68,0
GM01701,2024-06-10,21,0
GM01702,2024-02-25,127,0
GM01703,2023-08-30,306,1
GM01704,2024-03-20,103,0
GM01705,2024-04-23,69,0
GM01706,2024-04-17,75,0
GM01707,2023-12-06,208,1
GM01708,2024-05-16,46,0
GM01709,2024-03-08,115,0
GM01710,2023-10-27,248,1
GM01711,2024-06-16,15,0
GM01712,2024-06-02,29,0
GM01713,2024-04-10,82,0
GM01714,2023-11-22,222,1
GM01715,2024-06-02,29,0
GM01716,2024-01-20,163,0
GM01717,2024-03-11,112,0
GM01718,2024-05-15,47,0
GM01719,2024-04-16,76,0
GM01720,2023-12-05,209,1
GM01721,2024-05-17,45,0
GM01722,2023-12-12,202,1
GM01723,2024-05-18,44,0
GM01724,2024-04-22,70,0
GM01725,2024-05-29,33,0
GM01726,2023-09-05,300,1
GM01727,2024-06-09,22,0
GM01728,2024-03-05,118,0
GM01729,2023-09-16,289,1
GM01730,2024-06-03,28,0
GM01731,2024-05-21,41,0
GM01732,2024-04-18,74,0
GM01733,2024-06-04,27,0
GM01734,2024-05-23,39,0
GM01735,2023-06-20,377,1
GM01736,2022-04-22,801,1
GM01737,2024-05-07,55,0
GM01738,2024-06-09,22,0
GM01739,2023-11-22,222,1
GM01740,2024-05-22,40,0
GM01741,2024-03-31,92,0
GM01742,2024-03-21,102,0
GM01743,2024-06-11,20,0
GM01744,2024-02-28,124,0
GM01745,2024-06-13,18,0
GM01746,2023-09-25,280,1
GM01747,2024-04-30,62,0
GM01748,2024-05-07,55,0
GM01749,2023-02-25,492,1
GM01750,2024-05-24,38,0
GM01751,2024-05-14,48,0
GM01752,2024-04-25,67,0
GM01753,2024-06-09,22,0
GM01754,2024-05-25,37,0
GM01755,2024-03-15,108,0
GM01756,2024-02-19,133,0
GM01757,2023-11-22,222,1
GM01758,2024-05-27,35,0
GM01759,2022-11-11,598,1
GM01760,2024-04-10,82,0
GM01761,2024-04-14,78,0
GM01762,2024-05-03,59,0
GM01763,2024-03-15,108,0
GM01764,2024-05-29,33,0
GM01765,2023-10-31,244,1
GM01766,2023-12-17,197,1
GM01767,2024-04-29,63,0
GM01768,2024-02-16,136,0
GM01769,2024-05-23,39,0
GM01770,2024-04-22,70,0
GM01771,2024-04-22,70,0
GM01772,2023-10-03,272,1
GM01773,2023-12-01,213,1
GM01774,2024-01-25,158,0
GM01775,2024-04-06,86,0
GM01776,2024-04-30,62,0
GM01777,2024-02-19,133,0
GM01778,2023-12-08,206,1
GM01779,2024-03-28,95,0
GM01780,2024-06-09,22,0
GM01781,2024-03-14,109,0
GM01782,2024-06-08,23,0
GM01783,2024-05-21,41,0
GM01784,2024-05-26,36,0
GM01785,2024-05-25,37,0
GM01786,2023-11-03,241,1
GM01787,2024-05-27,35,0
GM01788,2024-06-03,28,0
GM01789,2024-01-27,156,0
GM01790,2024-02-23,129,0
GM01791,2024-01-08,175,0
GM01792,2023-09-17,288,1
GM01793,2024-05-26,36,0
GM01794,2024-01-05,178,0
GM01795,2023-10-25,250,1
GM01796,2024-06-05,26,0
GM01797,2024-05-05,57,0
GM01798,2022-12-22,557,1
GM01799,2024-06-14,17,0
GM01800,2024-04-07,85,0
GM01801,2024-06-11,20,0
GM01802,2024-04-13,79,0
GM01803,2023-12-25,189,1
GM01804,2024-01-08,175,0
GM01805,2024-04-28,64,0
GM01806,2024-05-06,56,0
GM01807,2024-05-31,31,0
GM01808,2024-05-13,49,0
GM01809,2024-06-03,28,0
GM01810,2024-05-31,31,0
GM01811,2024-03-13,110,0
GM01812,2024-02-26,126,0
GM01813,2022-09-23,647,1
GM01814,2024-03-19,104,0
GM01815,2023-12-13,201,1
GM01816,2023-12-02,212,1
GM01817,2024-04-27,65,0
GM01818,2024-04-14,78,0
GM01819,2023-05-18,410,1
GM01820,2023-04-16,442,1
GM01821,2024-04-10,82,0
GM01822,2024-06-15,16,0
GM01823,2024-01-09,174,0
GM01824,2024-06-15,16,0
GM01825,2023-11-20,224,1
GM01826,2024-03-17,106,0
GM01827,2024-05-31,31,0
GM01828,2024-01-27,156,0
GM01829,2024-04-17,75,0
GM01830,2024-01-21,162,0
GM01831,2023-09-30,275,1
GM01832,2024-06-09,22,0
GM01833,2023-05-15,413,1
GM01834,2024-04-07,85,0
GM01835,2023-11-26,218,1
GM01836,2024-06-18,13,0
GM01837,2024-05-14,48,0
GM01838,2024-05-08,54,0
GM01839,2024-06-16,15,0
GM01840,2024-05-31,31,0
GM01841,2024-05-09,53,0
GM01842,2024-04-07,85,0
GM01843,2024-05-03,59,0
GM01844,2024-03-23,100,0
GM01845,2024-06-16,15,0
GM01846,2024-02-29,123,0
GM01847,2024-06-07,24,0
GM01848,2024-06-18,13,0
GM01849,2023-06-08,389,1
GM01850,2023-06-10,387,1
GM01851,2023-10-02,273,1
GM01852,2024-04-25,67,0
GM01853,2024-03-22,101,0
GM01854,2024-06-12,19,0
GM01855,2024-04-20,72,0
GM01856,2023-04-24,434,1
GM01857,2023-04-27,431,1
GM01858,2023-09-12,293,1
GM01859,2024-05-18,44,0
GM01860,2024-02-29,123,0
GM01861,2024-02-01,151,0
GM01862,2024-04-11,81,0
GM01863,2024-06-09,22,0
GM01864,2023-07-21,346,1
GM01865,2023-10-29,246,1
GM01866,2024-05-09,53,0
GM01867,2024-06-01,30,0
GM01868,2024-05-15,47,0
GM01869,2024-03-01,122,0
GM01870,2024-04-17,75,0
GM01871,2024-04-05,87,0
GM01872,2024-04-08,84,0
GM01873,2024-05-31,31,0
GM01874,2024-04-20,72,0
GM01875,2023-08-30,306,1
GM01876,2024-06-13,18,0
GM01877,2024-05-11,51,0
GM01878,2023-07-28,339,1
GM01879,2022-11-05,604,1
GM01880,2024-04-27,65,0
GM01881,2023-03-15,474,1
GM01882,2024-06-02,29,0
GM01883,2024-04-19,73,0
GM01884,2024-04-22,70,0
GM01885,2024-04-17,75,0
GM01886,2024-05-28,34,0
GM01887,2024-05-26,36,0
GM01888,2024-05-07,55,0
GM01889,2024-02-25,127,0
GM01890,2024-06-16,15,0
GM01891,2024-04-24,68,0
GM01892,2023-12-24,190,1
GM01893,2024-05-16,46,0
GM01894,2022-04-07,816,1
GM01895,2024-05-30,32,0
GM01896,2023-09-21,284,1
GM01897,2024-06-02,29,0
GM01898,2024-05-08,54,0
GM01899,2024-02-10,142,0
GM01900,2024-05-18,44,0
GM01901,2024-05-07,55,0
GM01902,2024-05-04,58,0
GM01903,2024-03-10,113,0
GM01904,2024-06-04,27,0
GM01905,2024-05-24,38,0
GM01906,2024-06-08,23,0
GM01907,2024-04-13,79,0
GM01908,2023-11-16,228,1
GM01909,2023-11-27,217,1
GM01910,2024-05-17,45,0
GM01911,2024-05-09,53,0
GM01912,2024-06-03,28,0
GM01913,2024-05-02,60,0
GM01914,2024-05-28,34,0
GM01915,2023-11-30,214,1
GM01916,2024-04-08,84,0
GM01917,2024-06-14,17,0
GM01918,2024-04-18,74,0
GM01919,2024-06-04,27,0
GM01920,2023-12-10,204,1
GM01921,2024-04-10,82,0
GM01922,2023-11-13,231,1
GM01923,2022-03-03,851,1
GM01924,2024-02-19,133,0
GM01925,2024-05-18,44,0
GM01926,2024-01-14,169,0
GM01927,2024-04-21,71,0
GM01928,2024-06-09,22,0
GM01929,2023-11-30,214,1
GM01930,2024-06-11,20,0
GM01931,2024-04-12,80,0
GM01932,2024-01-25,158,0
GM01933,2024-02-19,133,0
GM01934,2024-05-28,34,0
GM01935,2024-04-02,90,0
GM01936,2024-06-10,21,0
GM01937,2024-05-09,53,0
GM01938,2024-05-28,34,0
GM01939,2024-02-19,133,0
GM01940,2024-06-10,21,0
GM01941,2024-06-09,22,0
GM01942,2024-03-24,99,0
GM01943,2024-03-28,95,0
GM01944,2024-06-16,15,0
GM01945,2024-03-01,122,0
GM01946,2024-05-20,42,0
GM01947,2024-04-14,78,0
GM01948,2024-05-31,31,0
GM01949,2024-06-12,19,0
GM01950,2024-04-08,84,0
GM01951,2024-04-12,80,0
GM01952,2024-05-31,31,0
GM01953,2024-03-22,101,0
GM01954,2024-01-27,156,0
GM01955,2024-05-13,49,0
GM01956,2023-12-07,207,1
GM01957,2024-06-12,19,0
GM01958,2024-06-05,26,0
GM01959,2023-11-20,224,1
GM01960,2024-04-22,70,0
GM01961,2024-05-30,32,0
GM01962,2024-04-13,79,0
GM01963,2024-03-31,92,0
GM01964,2024-06-03,28,0
GM01965,2023-11-17,227,1
GM01966,2024-06-15,16,0
GM01967,2024-06-05,26,0
GM01968,2024-06-13,18,0
GM01969,2024-02-04,148,0
GM01970,2023-01-09,539,1
GM01971,2024-02-17,135,0
GM01972,2024-06-10,21,0
GM01973,2023-11-06,238,1
GM01974,2024-06-17,14,0
GM01975,2023-12-13,201,1
GM01976,2024-01-23,160,0
GM01977,2024-06-17,14,0
GM01978,2024-05-28,34,0
GM01979,2024-05-19,43,0
GM01980,2024-06-08,23,0
GM01981,2024-04-07,85,0
GM01982,2024-02-07,145,0
GM01983,2024-03-23,100,0
GM01984,2023-12-27,187,1
GM01985,2023-06-01,396,1
GM01986,2023-04-15,443,1
GM01987,2024-06-12,19,0
GM01988,2024-04-28,64,0
GM01989,2024-06-18,13,0
GM01990,2024-01-29,154,0
GM01991,2024-03-20,103,0
GM01992,2024-06-06,25,0
GM01993,2024-06-02,29,0
GM01994,2023-05-19,409,1
GM01995,2024-06-07,24,0
GM01996,2024-04-17,75,0
GM01997,2024-05-26,36,0
GM01998,2024-05-13,49,0
GM01999,2024-02-13,139,0
GM02000,2024-04-27,65,0
GM02001,2024-03-22,101,0
GM02002,2024-06-16,15,0
GM02003,2024-06-08,23,0
GM02004,2024-06-09,22,0
GM02005,2023-07-27,340,1
GM02006,2024-01-09,174,0
GM02007,2024-02-11,141,0
GM02008,2024-04-09,83,0
GM02009,2024-06-16,15,0
GM02010,2024-05-02,60,0
GM02011,2023-08-08,328,1
GM02012,2024-04-25,67,0
GM02013,2023-05-28,400,1
GM02014,2024-06-07,24,0
GM02015,2023-03-07,482,1
GM02016,2024-06-11,20,0
GM02017,2024-06-13,18,0
GM02018,2024-04-12,80,0
GM02019,2024-05-27,35,0
GM02020,2024-06-16,15,0
GM02021,2024-06-08,23,0
GM02022,2024-05-30,32,0
GM02023,2023-09-25,280,1
GM02024,2024-06-04,27,0
GM02025,2024-05-30,32,0
GM02026,2024-03-08,115,0
GM02027,2024-03-26,97,0
GM02028,2024-04-17,75,0
GM02029,2024-06-05,26,0
GM02030,2024-05-29,33,0
GM02031,2023-10-22,253,1
GM02032,2023-04-20,438,1
GM02033,2024-03-04,119,0
GM02034,2024-03-14,109,0
GM02035,2023-07-21,346,1
GM02036,2024-04-24,68,0
GM02037,2024-06-16,15,0
GM02038,2023-08-13,323,1
GM02039,2023-11-25,219,1
GM02040,2024-02-10,142,0
GM02041,2023-05-14,414,1
GM02042,2024-03-07,116,0
GM02043,2023-10-21,254,1
GM02044,2024-01-12,171,0
GM02045,2024-06-09,22,0
GM02046,2024-06-16,15,0
GM02047,2024-03-07,116,0
GM02048,2024-01-29,154,0
GM02049,2024-05-09,53,0
GM02050,2024-06-04,27,0
GM02051,2024-06-14,17,0
GM02052,2024-03-18,105,0
GM02053,2024-05-07,55,0
GM02054,2023-10-06,269,1
GM02055,2024-06-09,22,0
GM02056,2024-06-01,30,0
GM02057,2023-12-19,195,1
GM02058,2024-04-25,67,0
GM02059,2024-06-04,27,0
GM02060,2024-05-30,32,0
GM02061,2024-02-29,123,0
GM02062,2024-05-26,36,0
GM02063,2022-10-27,613,1
GM02064,2024-05-28,34,0
GM02065,2024-05-01,61,0
GM02066,2024-01-01,182,1
GM02067,2024-05-15,47,0
GM02068,2023-06-28,369,1
GM02069,2024-01-29,154,0
GM02070,2023-10-13,262,1
GM02071,2024-02-10,142,0
GM02072,2024-02-27,125,0
GM02073,2024-04-23,69,0
GM02074,2023-06-27,370,1
GM02075,2024-03-12,111,0
GM02076,2024-01-25,158,0
GM02077,2024-04-16,76,0
GM02078,2024-06-10,21,0
GM02079,2024-03-22,101,0
GM02080,2024-06-07,24,0
GM02081,2024-06-06,25,0
GM02082,2023-12-05,209,1
GM02083,2023-02-13,504,1
GM02084,2023-11-02,242,1
GM02085,2024-05-24,38,0
GM02086,2024-05-10,52,0
GM02087,2024-03-07,116,0
GM02088,2024-05-05,57,0
GM02089,2024-05-27,35,0
GM02090,2024-04-14,78,0
GM02091,2024-05-02,60,0
GM02092,2024-05-22,40,0
GM02093,2024-04-11,81,0
GM02094,2024-06-13,18,0
GM02095,2023-12-18,196,1
GM02096,2024-03-02,121,0
GM02097,2024-01-27,156,0
GM02098,2024-05-09,53,0
GM02099,2023-09-14,291,1
GM02100,2023-06-26,371,1
GM02101,2024-05-08,54,0
GM02102,2024-03-04,119,0
GM02103,2024-05-23,39,0
GM02104,2024-05-17,45,0
GM02105,2024-05-10,52,0
GM02106,2024-06-18,13,0
GM02107,2024-05-13,49,0
GM02108,2024-03-21,102,0
GM02109,2024-06-03,28,0
GM02110,2024-04-28,64,0
GM02111,2024-02-13,139,0
GM02112,2024-02-06,146,0
GM02113,2024-05-27,35,0
GM02114,2024-06-03,28,0
GM02115,2024-05-12,50,0
GM02116,2024-06-04,27,0
GM02117,2024-06-18,13,0
GM02118,2024-05-25,37,0
GM02119,2023-12-02,212,1
GM02120,2024-04-28,64,0
GM02121,2024-04-01,91,0
GM02122,2024-05-29,33,0
GM02123,2023-05-08,420,1
GM02124,2024-02-17,135,0
GM02125,2024-04-04,88,0
GM02126,2023-09-27,278,1
GM02127,2024-05-29,33,0
GM02128,2024-05-18,44,0
GM02129,2024-01-03,180,0
GM02130,2024-06-10,21,0
GM02131,2024-05-30,32,0
GM02132,2024-05-28,34,0
GM02133,2024-03-11,112,0
GM02134,2024-01-16,167,0
GM02135,2024-03-05,118,0
GM02136,2024-06-04,27,0
GM02137,2024-05-10,52,0
GM02138,2024-02-28,124,0
GM02139,2023-11-09,235,1
GM02140,2024-04-14,78,0
GM02141,2024-05-28,34,0
GM02142,2024-03-06,117,0
GM02143,2024-05-31,31,0
GM02144,2024-03-25,98,0
GM02145,2024-02-22,130,0
GM02146,2024-06-13,18,0
GM02147,2024-01-09,174,0
GM02148,2024-04-08,84,0
GM02149,2024-05-28,34,0
GM02150,2024-05-28,34,0
GM02151,2024-05-16,46,0
GM02152,2024-06-09,22,0
GM02153,2023-10-12,263,1
GM02154,2023-09-26,279,1
GM02155,2024-06-01,30,0
GM02156,2024-06-08,23,0
GM02157,2024-01-30,153,0
GM02158,2024-05-29,33,0
GM02159,2024-05-26,36,0
GM02160,2024-05-11,51,0
GM02161,2024-05-13,49,0
GM02162,2023-11-11,233,1
GM02163,2024-05-31,31,0
GM02164,2023-07-08,359,1
GM02165,2024-05-16,46,0
GM02166,2023-01-14,534,1
GM02167,2024-06-01,30,0
GM02168,2024-01-21,162,0
GM02169,2024-02-06,146,0
GM02170,2024-05-25,37,0
GM02171,2023-07-31,336,1
GM02172,2024-05-26,36,0
GM02173,2024-06-09,22,0
GM02174,2024-03-09,114,0
GM02175,2024-02-26,126,0
GM02176,2024-04-08,84,0
GM02177,2023-05-02,426,1
GM02178,2024-04-29,63,0
GM02179,2024-03-17,106,0
GM02180,2024-03-12,111,0
GM02181,2023-04-10,448,1
GM02182,2024-06-11,20,0
GM02183,2022-12-31,548,1
GM02184,2023-07-22,345,1
GM02185,2024-06-18,13,0
GM02186,2024-05-19,43,0
GM02187,2024-05-23,39,0
GM02188,2023-05-10,418,1
GM02189,2023-12-21,193,1
GM02190,2023-12-06,208,1
GM02191,2024-04-26,66,0
GM02192,2024-06-09,22,0
GM02193,2024-01-01,182,1
GM02194,2023-09-13,292,1
GM02195,2024-03-07,116,0
GM02196,2024-05-21,41,0
GM02197,2023-12-17,197,1
GM02198,2024-06-08,23,0
GM02199,2024-04-11,81,0
GM02200,2022-02-09,873,1
GM02201,2024-02-17,135,0
GM02202,2024-05-12,50,0
GM02203,2024-06-17,14,0
GM02204,2024-05-28,34,0
GM02205,2024-03-03,120,0
GM02206,2024-04-15,77,0
GM02207,2023-11-11,233,1
GM02208,2024-04-19,73,0
GM02209,2024-05-02,60,0
GM02210,2024-01-23,160,0
GM02211,2024-05-05,57,0
GM02212,2024-05-07,55,0
GM02213,2024-05-23,39,0
GM02214,2024-05-09,53,0
GM02215,2024-06-01,30,0
GM02216,2024-05-24,38,0
GM02217,2023-02-15,502,1
GM02218,2024-03-05,118,0
GM02219,2024-06-12,19,0
GM02220,2024-05-29,33,0
GM02221,2023-11-28,216,1
GM02222,2023-10-08,267,1
GM02223,2024-04-22,70,0
GM02224,2023-12-19,195,1
GM02225,2024-06-13,18,0
GM02226,2024-04-06,86,0
GM02227,2024-05-23,39,0
GM02228,2024-06-08,23,0
GM02229,2024-06-07,24,0
GM02230,2024-06-13,18,0
GM02231,2023-09-17,288,1
GM02232,2024-04-30,62,0
GM02233,2024-06-18,13,0
GM02234,2024-02-04,148,0
GM02235,2023-07-28,339,1
GM02236,2024-06-06,25,0
GM02237,2024-05-03,59,0
GM02238,2024-05-17,45,0
GM02239,2024-03-15,108,0
GM02240,2024-05-29,33,0
GM02241,2023-11-18,226,1
GM02242,2024-02-15,137,0
GM02243,2024-06-15,16,0
GM02244,2024-04-09,83,0
GM02245,2023-06-28,369,1
GM02246,2023-05-15,413,1
GM02247,2024-04-26,66,0
GM02248,2024-03-11,112,0
GM02249,2024-06-06,25,0
GM02250,2024-05-02,60,0
GM02251,2024-03-27,96,0
GM02252,2024-05-07,55,0
GM02253,2024-04-22,70,0
GM02254,2023-05-20,408,1
GM02255,2024-04-14,78,0
GM02256,2023-12-19,195,1
GM02257,2023-07-07,360,1
GM02258,2024-05-02,60,0
GM02259,2024-04-11,81,0
GM02260,2024-01-12,171,0
GM02261,2024-06-10,21,0
GM02262,2024-05-28,34,0
GM02263,2024-04-30,62,0
GM02264,2024-04-01,91,0
GM02265,2024-01-05,178,0
GM02266,2024-06-08,23,0
GM02267,2024-04-19,73,0
GM02268,2024-06-02,29,0
GM02269,2023-12-01,213,1
GM02270,2024-06-01,30,0
GM02271,2024-03-12,111,0
GM02272,2022-07-20,712,1
GM02273,2024-04-29,63,0
GM02274,2024-06-04,27,0
GM02275,2023-09-07,298,1
GM02276,2024-01-09,174,0
GM02277,2023-09-25,280,1
GM02278,2024-03-08,115,0
GM02279,2024-05-25,37,0
GM02280,2024-06-12,19,0
GM02281,2023-11-21,223,1
GM02282,2024-05-28,34,0
GM02283,2024-05-18,44,0
GM02284,2023-09-19,286,1
GM02285,2023-10-13,262,1
GM02286,2023-11-13,231,1
GM02287,2024-04-30,62,0
GM02288,2024-06-11,20,0
GM02289,2024-01-06,177,0
GM02290,2024-06-11,20,0
GM02291,2023-02-05,512,1
GM02292,2023-06-16,381,1
GM02293,2024-06-17,14,0
GM02294,2024-06-18,13,0
GM02295,2023-12-31,183,1
GM02296,2024-05-29,33,0
GM02297,2023-12-08,206,1
GM02298,2024-05-05,57,0
GM02299,2024-05-13,49,0
GM02300,2024-05-03,59,0
GM02301,2024-03-27,96,0
GM02302,2024-06-17,14,0
GM02303,2024-02-19,133,0
GM02304,2022-11-01,608,1
GM02305,2024-01-25,158,0
GM02306,2024-06-15,16,0
GM02307,2024-05-16,46,0
GM02308,2024-04-14,78,0
GM02309,2024-01-26,157,0
GM02310,2023-08-24,312,1
GM02311,2024-03-22,101,0
GM02312,2024-03-19,104,0
GM02313,2024-06-16,15,0
GM02314,2024-04-26,66,0
GM02315,2024-04-15,77,0
GM02316,2024-06-03,28,0
GM02317,2024-02-25,127,0
GM02318,2024-05-28,34,0
GM02319,2024-05-27,35,0
GM02320,2024-05-13,49,0
GM02321,2023-03-03,486,1
GM02322,2023-12-08,206,1
GM02323,2023-07-17,350,1
GM02324,2024-03-20,103,0
GM02325,2024-04-27,65,0
GM02326,2024-04-09,83,0
GM02327,2024-06-17,14,0
GM02328,2023-09-02,303,1
GM02329,2024-05-18,44,0
GM02330,2024-05-18,44,0
GM02331,2023-07-16,351,1
GM02332,2024-03-29,94,0
GM02333,2024-02-25,127,0
GM02334,2024-02-26,126,0
GM02335,2023-12-31,183,1
GM02336,2023-12-22,192,1
GM02337,2024-04-30,62,0
GM02338,2024-06-16,15,0
GM02339,2024-03-11,112,0
GM02340,2024-05-26,36,0
GM02341,2024-06-06,25,0
GM02342,2024-02-10,142,0
GM02343,2024-05-05,57,0
GM02344,2024-01-12,171,0
GM02345,2022-08-04,697,1
GM02346,2024-06-16,15,0
GM02347,2024-02-28,124,0
GM02348,2024-06-13,18,0
GM02349,2024-05-22,40,0
GM02350,2024-05-31,31,0
GM02351,2024-02-13,139,0
GM02352,2024-03-31,92,0
GM02353,2024-01-26,157,0
GM02354,2024-04-10,82,0
GM02355,2024-04-25,67,0
GM02356,2024-04-26,66,0
GM02357,2023-03-10,479,1
GM02358,2024-06-16,15,0
GM02359,2024-03-20,103,0
GM02360,2024-05-04,58,0
GM02361,2024-05-24,38,0
GM02362,2024-05-09,53,0
GM02363,2024-05-27,35,0
GM02364,2024-03-09,114,0
GM02365,2024-04-17,75,0
GM02366,2024-02-07,145,0
GM02367,2024-06-06,25,0
GM02368,2024-04-01,91,0
GM02369,2023-11-26,218,1
GM02370,2024-03-14,109,0
GM02371,2024-04-23,69,0
GM02372,2023-10-31,244,1
GM02373,2024-05-09,53,0
GM02374,2024-03-10,113,0
GM02375,2024-06-17,14,0
GM02376,2024-05-30,32,0
GM02377,2024-03-05,118,0
GM02378,2024-06-03,28,0
GM02379,2024-06-12,19,0
GM02380,2024-01-14,169,0
GM02381,2024-05-19,43,0
GM02382,2024-03-25,98,0
GM02383,2023-07-01,366,1
GM02384,2022-11-08,601,1
GM02385,2024-06-05,26,0
GM02386,2024-06-11,20,0
GM02387,2024-06-04,27,0
GM02388,2024-06-15,16,0
GM02389,2024-03-09,114,0
GM02390,2024-06-14,17,0
GM02391,2024-04-05,87,0
GM02392,2024-02-28,124,0
GM02393,2024-05-29,33,0
GM02394,2023-10-17,258,1
GM02395,2023-08-14,322,1
GM02396,2024-06-04,27,0
GM02397,2024-05-22,40,0
GM02398,2024-05-06,56,0
GM02399,2024-05-14,48,0
GM02400,2024-05-11,51,0
GM02401,2024-05-31,31,0
GM02402,2024-06-11,20,0
GM02403,2024-04-21,71,0
GM02404,2022-08-25,676,1
GM02405,2023-05-27,401,1
GM02406,2022-01-11,902,1
GM02407,2023-10-20,255,1
GM02408,2024-04-22,70,0
GM02409,2024-04-25,67,0
GM02410,2024-06-18,13,0
GM02411,2024-05-01,61,0
GM02412,2024-05-28,34,0
GM02413,2024-02-01,151,0
GM02414,2024-04-25,67,0
GM02415,2024-04-23,69,0
GM02416,2024-05-19,43,0
GM02417,2024-04-01,91,0
GM02418,2023-09-25,280,1
GM02419,2024-04-02,90,0
GM02420,2023-10-20,255,1
GM02421,2024-03-29,94,0
GM02422,2024-01-25,158,0
GM02423,2024-03-25,98,0
GM02424,2024-01-20,163,0
GM02425,2022-06-30,732,1
GM02426,2023-11-04,240,1
GM02427,2023-12-18,196,1
GM02428,2024-04-25,67,0
GM02429,2024-06-17,14,0
GM02430,2024-05-11,51,0
GM02431,2024-05-21,41,0
GM02432,2024-04-20,72,0
GM02433,2024-03-18,105,0
GM02434,2024-06-05,26,0
GM02435,2024-02-24,128,0
GM02436,2023-03-31,458,1
GM02437,2024-06-13,18,0
GM02438,2024-05-17,45,0
GM02439,2024-06-16,15,0
GM02440,2024-04-12,80,0
GM02441,2024-03-13,110,0
GM02442,2023-12-01,213,1
GM02443,2024-06-14,17,0
GM02444,2024-04-20,72,0
GM02445,2024-05-12,50,0
GM02446,2023-02-01,516,1
GM02447,2024-05-29,33,0
GM02448,2024-06-01,30,0
GM02449,2024-05-10,52,0
GM02450,2024-05-11,51,0
GM02451,2022-11-26,583,1
GM02452,2024-06-05,26,0
GM02453,2024-04-11,81,0
GM02454,2024-06-17,14,0
GM02455,2024-01-12,171,0
GM02456,2024-05-22,40,0
GM02457,2024-05-07,55,0
GM02458,2023-08-30,306,1
GM02459,2024-01-29,154,0
GM02460,2024-04-26,66,0
GM02461,2024-02-08,144,0
GM02462,2023-10-29,246,1
GM02463,2024-05-18,44,0
GM02464,2022-06-08,754,1
GM02465,2024-01-26,157,0
GM02466,2024-01-29,154,0
GM02467,2024-05-26,36,0
GM02468,2024-05-24,38,0
GM02469,2024-04-01,91,0
GM02470,2024-05-23,39,0
GM02471,2023-12-22,192,1
GM02472,2024-06-09,22,0
GM02473,2023-07-16,351,1
GM02474,2024-06-06,25,0
GM02475,2024-04-14,78,0
GM02476,2024-05-30,32,0
GM02477,2023-08-09,327,1
GM02478,2024-06-04,27,0
GM02479,2023-10-27,248,1
GM02480,2022-01-02,911,1
GM02481,2024-04-10,82,0
GM02482,2024-03-13,110,0
GM02483,2023-11-29,215,1
GM02484,2024-05-07,55,0
GM02485,2022-10-16,624,1
GM02486,2023-11-30,214,1
GM02487,2024-04-08,84,0
GM02488,2024-06-12,19,0
GM02489,2023-06-29,368,1
GM02490,2024-05-21,41,0
GM02491,2024-05-30,32,0
GM02492,2024-03-22,101,0
GM02493,2023-08-22,314,1
GM02494,2024-06-05,26,0
GM02495,2024-03-31,92,0
GM02496,2024-05-15,47,0
GM02497,2024-05-19,43,0
GM02498,2024-01-09,174,0
GM02499,2024-05-23,39,0
GM02500,2023-05-04,424,1
GM02501,2023-06-15,382,1
GM02502,2024-01-29,154,0
GM02503,2024-06-05,26,0
GM02504,2024-02-10,142,0
GM02505,2024-01-30,153,0
GM02506,2024-04-27,65,0
GM02507,2024-01-24,159,0
GM02508,2024-01-29,154,0
GM02509,2024-05-04,58,0
GM02510,2023-03-21,468,1
GM02511,2024-04-14,78,0
GM02512,2024-06-13,18,0
GM02513,2023-12-31,183,1
GM02514,2024-06-16,15,0
GM02515,2024-02-27,125,0
GM02516,2024-06-15,16,0
GM02517,2024-05-02,60,0
GM02518,2024-04-29,63,0
GM02519,2024-06-13,18,0
GM02520,2024-04-18,74,0
GM02521,2023-12-06,208,1
GM02522,2024-03-26,97,0
GM02523,2024-05-18,44,0
GM02524,2024-04-19,73,0
GM02525,2024-03-19,104,0
GM02526,2024-04-04,88,0
GM02527,2023-12-20,194,1
GM02528,2024-05-28,34,0
GM02529,2024-05-04,58,0
GM02530,2023-12-19,195,1
GM02531,2024-06-12,19,0
GM02532,2024-03-30,93,0
GM02533,2024-06-04,27,0
GM02534,2022-03-20,834,1
GM02535,2023-10-04,271,1
GM02536,2024-05-08,54,0
GM02537,2024-06-15,16,0
GM02538,2024-05-12,50,0
GM02539,2024-06-12,19,0
GM02540,2024-05-16,46,0
GM02541,2023-09-08,297,1
GM02542,2024-05-16,46,0
GM02543,2024-06-11,20,0
GM02544,2023-10-25,250,1
GM02545,2024-03-15,108,0
GM02546,2024-02-11,141,0
GM02547,2024-05-31,31,0
GM02548,2023-08-21,315,1
GM02549,2024-01-13,170,0
GM02550,2023-09-02,303,1
GM02551,2024-05-27,35,0
GM02552,2024-02-12,140,0
GM02553,2024-05-31,31,0
GM02554,2023-02-05,512,1
GM02555,2024-05-30,32,0
GM02556,2024-01-11,172,0
GM02557,2023-04-14,444,1
GM02558,2024-05-22,40,0
GM02559,2024-03-15,108,0
GM02560,2023-12-05,209,1
GM02561,2024-05-08,54,0
GM02562,2024-06-16,15,0
GM02563,2024-05-24,38,0
GM02564,2024-03-13,110,0
GM02565,2024-05-25,37,0
GM02566,2024-04-26,66,0
GM02567,2024-05-24,38,0
GM02568,2024-03-20,103,0
GM02569,2024-04-20,72,0
GM02570,2024-05-11,51,0
GM02571,2024-06-15,16,0
GM02572,2024-06-15,16,0
GM02573,2024-05-11,51,0
GM02574,2024-06-04,27,0
GM02575,2023-02-12,505,1
GM02576,2024-05-02,60,0
GM02577,2024-04-15,77,0
GM02578,2024-05-08,54,0
GM02579,2024-05-01,61,0
GM02580,2024-04-02,90,0
GM02581,2024-02-15,137,0
GM02582,2024-05-20,42,0
GM02583,2024-05-03,59,0
GM02584,2023-06-30,367,1
GM02585,2024-02-06,146,0
GM02586,2024-05-14,48,0
GM02587,2024-06-09,22,0
GM02588,2024-05-30,32,0
GM02589,2024-04-24,68,0
GM02590,2024-06-12,19,0
GM02591,2024-05-26,36,0
GM02592,2023-12-14,200,1
GM02593,2024-02-13,139,0
GM02594,2024-03-04,119,0
GM02595,2024-05-23,39,0
GM02596,2024-04-07,85,0
GM02597,2024-05-20,42,0
GM02598,2024-05-02,60,0
GM02599,2023-10-29,246,1
GM02600,2024-03-09,114,0
GM02601,2024-05-26,36,0
GM02602,2024-06-10,21,0
GM02603,2024-05-19,43,0
GM02604,2024-02-21,131,0
GM02605,2024-05-06,56,0
GM02606,2023-05-29,399,1
GM02607,2023-09-16,289,1
GM02608,2024-01-22,161,0
GM02609,2023-10-06,269,1
GM02610,2024-04-28,64,0
GM02611,2022-11-04,605,1
GM02612,2024-06-11,20,0
GM02613,2024-06-18,13,0
GM02614,2024-03-03,120,0
GM02615,2024-06-13,18,0
GM02616,2024-06-16,15,0
GM02617,2024-04-05,87,0
GM02618,2024-03-30,93,0
GM02619,2023-09-09,296,1
GM02620,2024-03-25,98,0
GM02621,2023-12-18,196,1
GM02622,2024-02-24,128,0
GM02623,2024-05-09,53,0
GM02624,2024-05-19,43,0
GM02625,2023-11-12,232,1
GM02626,2024-01-28,155,0
GM02627,2023-03-30,459,1
GM02628,2023-02-23,494,1
GM02629,2023-12-19,195,1
GM02630,2024-06-05,26,0
GM02631,2024-04-23,69,0
GM02632,2023-12-22,192,1
GM02633,2024-02-13,139,0
GM02634,2024-02-16,136,0
GM02635,2024-04-07,85,0
GM02636,2023-11-24,220,1
GM02637,2024-05-21,41,0
GM02638,2024-06-15,16,0
GM02639,2024-05-18,44,0
GM02640,2024-04-10,82,0
GM02641,2024-02-21,131,0
GM02642,2024-04-15,77,0
GM02643,2024-05-02,60,0
GM02644,2023-12-05,209,1
GM02645,2024-06-15,16,0
GM02646,2023-10-02,273,1
GM02647,2024-03-04,119,0
GM02648,2024-04-04,88,0
GM02649,2023-09-22,283,1
GM02650,2022-09-30,640,1
GM02651,2023-11-18,226,1
GM02652,2024-02-14,138,0
GM02653,2024-06-12,19,0
GM02654,2024-03-18,105,0
GM02655,2023-03-29,460,1
GM02656,2024-04-01,91,0
GM02657,2024-03-29,94,0
GM02658,2023-12-20,194,1
GM02659,2024-05-19,43,0
GM02660,2024-06-10,21,0
GM02661,2024-02-27,125,0
GM02662,2024-06-18,13,0
GM02663,2024-04-10,82,0
GM02664,2024-05-02,60,0
GM02665,2024-05-03,59,0
GM02666,2024-03-19,104,0
GM02667,2024-01-03,180,0
GM02668,2024-04-23,69,0
GM02669,2024-06-04,27,0
GM02670,2024-04-27,65,0
GM02671,2023-08-07,329,1
GM02672,2024-05-23,39,0
GM02673,2024-04-26,66,0
GM02674,2024-05-13,49,0
GM02675,2024-02-20,132,0
GM02676,2022-03-20,834,1
GM02677,2024-04-22,70,0
GM02678,2024-06-06,25,0
GM02679,2024-06-02,29,0
GM02680,2024-05-13,49,0
GM02681,2024-04-14,78,0
GM02682,2023-10-27,248,1
GM02683,2024-06-12,19,0
GM02684,2024-03-26,97,0
GM02685,2024-01-13,170,0
GM02686,2024-05-20,42,0
GM02687,2024-01-29,154,0
GM02688,2023-12-07,207,1
GM02689,2024-05-25,37,0
GM02690,2024-02-13,139,0
GM02691,2023-07-06,361,1
GM02692,2024-06-09,22,0
GM02693,2024-03-29,94,0
GM02694,2024-06-07,24,0
GM02695,2024-01-29,154,0
GM02696,2024-06-15,16,0
GM02697,2024-06-18,13,0
GM02698,2024-05-30,32,0
GM02699,2024-04-11,81,0
GM02700,2024-05-16,46,0
GM02701,2024-05-20,42,0
GM02702,2024-03-19,104,0
GM02703,2024-03-22,101,0
GM02704,2024-04-16,76,0
GM02705,2023-11-03,241,1
GM02706,2023-10-23,252,1
GM02707,2024-02-27,125,0
GM02708,2024-05-06,56,0
GM02709,2024-01-02,181,1
GM02710,2024-05-11,51,0
GM02711,2023-10-11,264,1
GM02712,2024-05-20,42,0
GM02713,2023-12-26,188,1
GM02714,2023-10-01,274,1
GM02715,2024-02-04,148,0
GM02716,2024-02-24,128,0
GM02717,2023-11-18,226,1
GM02718,2024-06-16,15,0
GM02719,2024-06-04,27,0
GM02720,2024-04-01,91,0
GM02721,2024-04-07,85,0
GM02722,2024-01-16,167,0
GM02723,2022-04-19,804,1
GM02724,2023-09-24,281,1
GM02725,2024-03-20,103,0
GM02726,2024-02-25,127,0
GM02727,2023-03-25,464,1
GM02728,2024-04-03,89,0
GM02729,2024-01-16,167,0
GM02730,2024-06-10,21,0
GM02731,2024-06-04,27,0
GM02732,2024-02-21,131,0
GM02733,2024-05-29,33,0
GM02734,2024-06-10,21,0
GM02735,2022-07-01,731,1
GM02736,2024-04-10,82,0
GM02737,2023-12-30,184,1
GM02738,2023-05-22,406,1
GM02739,2024-06-09,22,0
GM02740,2024-06-06,25,0
GM02741,2024-04-11,81,0
GM02742,2024-05-13,49,0
GM02743,2024-03-06,117,0
GM02744,2024-03-29,94,0
GM02745,2023-09-20,285,1
GM02746,2024-05-04,58,0
GM02747,2024-05-30,32,0
GM02748,2024-03-16,107,0
GM02749,2024-02-21,131,0
GM02750,2024-06-11,20,0
GM02751,2024-03-20,103,0
GM02752,2024-06-03,28,0
GM02753,2024-06-17,14,0
GM02754,2023-11-17,227,1
GM02755,2024-04-13,79,0
GM02756,2024-05-05,57,0
GM02757,2024-03-31,92,0
GM02758,2024-03-11,112,0
GM02759,2024-06-17,14,0
GM02760,2023-07-03,364,1
GM02761,2024-05-07,55,0
GM02762,2024-02-18,134,0
GM02763,2024-06-16,15,0
GM02764,2023-12-12,202,1
GM02765,2024-06-16,15,0
GM02766,2023-07-24,343,1
GM02767,2024-04-24,68,0
GM02768,2024-05-09,53,0
GM02769,2024-04-07,85,0
GM02770,2024-06-12,19,0
GM02771,2023-09-01,304,1
GM02772,2024-06-01,30,0
GM02773,2023-12-19,195,1
GM02774,2024-05-11,51,0
GM02775,2024-06-18,13,0
GM02776,2023-07-25,342,1
GM02777,2024-06-14,17,0
GM02778,2024-06-08,23,0
GM02779,2023-07-10,357,1
GM02780,2023-05-16,412,1
GM02781,2024-03-11,112,0
GM02782,2023-04-12,446,1
GM02783,2024-06-02,29,0
GM02784,2024-06-14,17,0
GM02785,2024-03-13,110,0
GM02786,2022-10-27,613,1
GM02787,2023-05-23,405,1
GM02788,2024-05-07,55,0
GM02789,2024-05-03,59,0
GM02790,2024-04-24,68,0
GM02791,2024-06-07,24,0
GM02792,2024-06-14,17,0
GM02793,2024-06-13,18,0
GM02794,2024-05-31,31,0
GM02795,2024-06-18,13,0
GM02796,2024-04-03,89,0
GM02797,2024-06-13,18,0
GM02798,2024-05-08,54,0
GM02799,2024-04-23,69,0
GM02800,2023-02-11,506,1
GM02801,2024-02-12,140,0
GM02802,2024-04-27,65,0
GM02803,2023-06-17,380,1
GM02804,2023-08-11,325,1
GM02805,2024-04-20,72,0
GM02806,2024-06-13,18,0
GM02807,2024-02-24,128,0
GM02808,2024-06-13,18,0
GM02809,2024-06-17,14,0
GM02810,2024-05-23,39,0
GM02811,2024-03-09,114,0
GM02812,2024-05-27,35,0
GM02813,2024-04-28,64,0
GM02814,2024-02-19,133,0
GM02815,2024-05-08,54,0
GM02816,2023-11-10,234,1
GM02817,2024-02-12,140,0
GM02818,2024-05-21,41,0
GM02819,2023-08-09,327,1
GM02820,2024-05-13,49,0
GM02821,2024-04-03,89,0
GM02822,2022-05-21,772,1
GM02823,2023-01-17,531,1
GM02824,2023-10-29,246,1
GM02825,2023-09-19,286,1
GM02826,2024-05-02,60,0
GM02827,2024-06-09,22,0
GM02828,2023-11-29,215,1
GM02829,2024-05-21,41,0
GM02830,2024-03-07,116,0
GM02831,2024-05-18,44,0
GM02832,2024-03-25,98,0
GM02833,2024-02-23,129,0
GM02834,2024-05-07,55,0
GM02835,2023-10-03,272,1
GM02836,2023-10-09,266,1
GM02837,2024-02-22,130,0
GM02838,2024-06-14,17,0
GM02839,2024-03-08,115,0
GM02840,2023-12-15,199,1
GM02841,2024-05-13,49,0
GM02842,2023-08-02,334,1
GM02843,2024-05-11,51,0
GM02844,2024-06-05,26,0
GM02845,2024-05-27,35,0
GM02846,2022-06-16,746,1
GM02847,2024-05-11,51,0
GM02848,2024-05-05,57,0
GM02849,2024-04-12,80,0
GM02850,2024-01-30,153,0
GM02851,2024-04-08,84,0
GM02852,2024-03-15,108,0
GM02853,2024-01-05,178,0
GM02854,2024-05-27,35,0
GM02855,2024-06-04,27,0
GM02856,2023-10-19,256,1
GM02857,2024-03-30,93,0
GM02858,2023-10-24,251,1
GM02859,2024-06-02,29,0
GM02860,2024-06-09,22,0
GM02861,2024-04-03,89,0
GM02862,2024-06-03,28,0
GM02863,2024-06-17,14,0
GM02864,2024-05-26,36,0
GM02865,2024-05-20,42,0
GM02866,2024-02-08,144,0
GM02867,2024-04-16,76,0
GM02868,2024-05-24,38,0
GM02869,2024-03-28,95,0
GM02870,2024-06-18,13,0
GM02871,2024-06-14,17,0
GM02872,2024-04-28,64,0
GM02873,2024-01-14,169,0
GM02874,2023-10-21,254,1
GM02875,2024-05-26,36,0
GM02876,2024-02-09,143,0
GM02877,2024-05-18,44,0
GM02878,2024-06-17,14,0
GM02879,2024-05-16,46,0
GM02880,2024-03-04,119,0
GM02881,2024-02-10,142,0
GM02882,2024-06-13,18,0
GM02883,2024-05-12,50,0
GM02884,2024-04-13,79,0
GM02885,2022-07-25,707,1
GM02886,2024-05-28,34,0
GM02887,2024-02-20,132,0
GM02888,2023-05-28,400,1
GM02889,2024-05-13,49,0
GM02890,2024-05-18,44,0
GM02891,2024-05-13,49,0
GM02892,2023-11-04,240,1
GM02893,2024-01-31,152,0
GM02894,2024-06-07,24,0
GM02895,2024-06-07,24,0
GM02896,2024-04-17,75,0
GM02897,2024-06-06,25,0
GM02898,2024-04-17,75,0
GM02899,2024-06-15,16,0
GM02900,2024-04-16,76,0
GM02901,2024-05-17,45,0
GM02902,2024-03-15,108,0
GM02903,2024-01-28,155,0
GM02904,2024-06-09,22,0
GM02905,2024-05-13,49,0
GM02906,2024-04-14,78,0
GM02907,2024-06-14,17,0
GM02908,2023-05-18,410,1
GM02909,2024-05-17,45,0
GM02910,2023-12-22,192,1
GM02911,2024-05-25,37,0
GM02912,2024-05-20,42,0
GM02913,2024-03-20,103,0
GM02914,2024-06-01,30,0
GM02915,2023-05-10,418,1
GM02916,2024-04-17,75,0
GM02917,2023-07-03,364,1
GM02918,2023-12-17,197,1
GM02919,2024-05-10,52,0
GM02920,2024-04-25,67,0
GM02921,2024-04-23,69,0
GM02922,2023-09-13,292,1
GM02923,2024-04-26,66,0
GM02924,2024-06-03,28,0
GM02925,2023-12-01,213,1
GM02926,2024-06-16,15,0
GM02927,2024-05-17,45,0
GM02928,2024-06-04,27,0
GM02929,2023-03-08,481,1
GM02930,2024-04-07,85,0
GM02931,2024-04-19,73,0
GM02932,2024-05-01,61,0
GM02933,2023-09-29,276,1
GM02934,2024-02-29,123,0
GM02935,2024-03-30,93,0
GM02936,2024-06-18,13,0
GM02937,2024-01-06,177,0
GM02938,2024-03-30,93,0
GM02939,2024-05-28,34,0
GM02940,2023-08-14,322,1
GM02941,2024-04-13,79,0
GM02942,2024-05-30,32,0
GM02943,2024-03-28,95,0
GM02944,2024-02-06,146,0
GM02945,2023-12-24,190,1
GM02946,2024-05-09,53,0
GM02947,2024-06-17,14,0
GM02948,2024-05-19,43,0
GM02949,2024-06-08,23,0
GM02950,2024-06-13,18,0
GM02951,2024-05-20,42,0
GM02952,2024-02-28,124,0
GM02953,2024-05-31,31,0
GM02954,2024-06-15,16,0
GM02955,2023-10-27,248,1
GM02956,2024-06-10,21,0
GM02957,2024-06-02,29,0
GM02958,2023-11-18,226,1
GM02959,2024-04-19,73,0
GM02960,2024-01-26,157,0
GM02961,2024-02-27,125,0
GM02962,2024-06-17,14,0
GM02963,2022-09-28,642,1
GM02964,2022-10-29,611,1
GM02965,2024-05-29,33,0
GM02966,2024-04-30,62,0
GM02967,2023-12-28,186,1
GM02968,2024-05-28,34,0
GM02969,2024-06-08,23,0
GM02970,2023-11-06,238,1
GM02971,2024-05-19,43,0
GM02972,2024-06-17,14,0
GM02973,2024-05-02,60,0
GM02974,2024-02-01,151,0
GM02975,2024-06-17,14,0
GM02976,2024-06-11,20,0
GM02977,2024-03-01,122,0
GM02978,2024-05-23,39,0
GM02979,2024-06-11,20,0
GM02980,2024-06-16,15,0
GM02981,2024-04-13,79,0
GM02982,2024-03-15,108,0
GM02983,2023-12-11,203,1
GM02984,2024-05-29,33,0
GM02985,2024-05-11,51,0
GM02986,2024-06-05,26,0
GM02987,2024-03-24,99,0
GM02988,2023-12-19,195,1
GM02989,2024-03-22,101,0
GM02990,2024-06-13,18,0
GM02991,2024-04-03,89,0
GM02992,2024-05-31,31,0
GM02993,2024-04-03,89,0
GM02994,2024-04-09,83,0
GM02995,2024-03-22,101,0
GM02996,2024-05-06,56,0
GM02997,2024-05-06,56,0
GM02998,2023-07-31,336,1
GM02999,2023-07-08,359,1
GM03000,2024-05-21,41,0
GM03001,2024-02-24,128,0
GM03002,2023-11-29,215,1
GM03003,2024-05-27,35,0
GM03004,2023-04-05,453,1
GM03005,2023-11-16,228,1
GM03006,2023-12-14,200,1
GM03007,2024-04-23,69,0
GM03008,2024-06-18,13,0
GM03009,2024-05-27,35,0
GM03010,2024-06-15,16,0
GM03011,2023-11-21,223,1
GM03012,2024-06-04,27,0
GM03013,2024-02-22,130,0
GM03014,2024-01-10,173,0
GM03015,2024-03-30,93,0
GM03016,2024-05-24,38,0
GM03017,2023-11-20,224,1
GM03018,2024-06-05,26,0
GM03019,2022-06-11,751,1
GM03020,2024-05-18,44,0
GM03021,2024-05-11,51,0
GM03022,2023-11-21,223,1
GM03023,2024-06-16,15,0
GM03024,2023-08-10,326,1
GM03025,2023-12-23,191,1
GM03026,2024-01-31,152,0
GM03027,2024-04-28,64,0
GM03028,2024-05-11,51,0
GM03029,2024-04-25,67,0
GM03030,2022-11-12,597,1
GM03031,2022-10-04,636,1
GM03032,2024-04-07,85,0
GM03033,2024-04-21,71,0
GM03034,2024-04-04,88,0
GM03035,2023-11-18,226,1
GM03036,2023-08-02,334,1
GM03037,2023-07-15,352,1
GM03038,2024-05-19,43,0
GM03039,2024-02-03,149,0
GM03040,2024-04-16,76,0
GM03041,2023-05-31,397,1
GM03042,2024-05-31,31,0
GM03043,2023-05-12,416,1
GM03044,2024-02-21,131,0
GM03045,2024-02-24,128,0
GM03046,2024-01-29,154,0
GM03047,2024-04-16,76,0
GM03048,2024-02-26,126,0
GM03049,2024-06-03,28,0
GM03050,2024-06-13,18,0
GM03051,2024-05-27,35,0
GM03052,2024-01-20,163,0
GM03053,2024-02-04,148,0
GM03054,2024-06-03,28,0
GM03055,2023-10-15,260,1
GM03056,2024-06-14,17,0
GM03057,2024-06-10,21,0
GM03058,2024-01-31,152,0
GM03059,2024-05-30,32,0
GM03060,2024-01-06,177,0
GM03061,2024-04-26,66,0
GM03062,2023-08-14,322,1
GM03063,2024-04-11,81,0
GM03064,2024-01-11,172,0
GM03065,2024-04-23,69,0
GM03066,2023-01-28,520,1
GM03067,2024-04-16,76,0
GM03068,2023-02-20,497,1
GM03069,2024-05-01,61,0
GM03070,2024-06-15,16,0
GM03071,2024-04-24,68,0
GM03072,2023-06-24,373,1
GM03073,2023-11-11,233,1
GM03074,2024-03-27,96,0
GM03075,2024-05-14,48,0
GM03076,2023-09-17,288,1
GM03077,2024-04-19,73,0
GM03078,2023-04-10,448,1
GM03079,2024-02-15,137,0
GM03080,2024-04-18,74,0
GM03081,2023-09-24,281,1
GM03082,2024-04-22,70,0
GM03083,2024-03-16,107,0
GM03084,2024-05-30,32,0
GM03085,2024-01-20,163,0
GM03086,2024-01-11,172,0
GM03087,2024-05-20,42,0
GM03088,2024-03-15,108,0
GM03089,2024-06-18,13,0
GM03090,2023-09-19,286,1
GM03091,2024-06-16,15,0
GM03092,2023-09-04,301,1
GM03093,2024-06-05,26,0
GM03094,2024-06-18,13,0
GM03095,2024-06-18,13,0
GM03096,2024-04-21,71,0
GM03097,2024-02-01,151,0
GM03098,2022-05-10,783,1
GM03099,2024-02-09,143,0
GM03100,2024-05-05,57,0
GM03101,2024-06-03,28,0
GM03102,2023-06-04,393,1
GM03103,2023-10-12,263,1
GM03104,2024-04-08,84,0
GM03105,2024-04-23,69,0
GM03106,2023-12-26,188,1
GM03107,2023-07-11,356,1
GM03108,2024-06-17,14,0
GM03109,2024-06-16,15,0
GM03110,2024-06-16,15,0
GM03111,2024-06-05,26,0
GM03112,2024-06-17,14,0
GM03113,2024-06-14,17,0
GM03114,2024-02-02,150,0
GM03115,2024-05-20,42,0
GM03116,2024-02-29,123,0
GM03117,2023-07-03,364,1
GM03118,2024-06-14,17,0
GM03119,2024-01-17,166,0
GM03120,2024-06-14,17,0
GM03121,2023-12-22,192,1
GM03122,2023-02-05,512,1
GM03123,2024-03-11,112,0
GM03124,2024-04-26,66,0
GM03125,2024-04-23,69,0
GM03126,2024-06-07,24,0
GM03127,2024-06-03,28,0
GM03128,2024-05-25,37,0
GM03129,2024-04-29,63,0
GM03130,2024-03-10,113,0
GM03131,2023-12-31,183,1
GM03132,2024-05-06,56,0
GM03133,2024-05-24,38,0
GM03134,2024-05-08,54,0
GM03135,2023-10-18,257,1
GM03136,2023-11-06,238,1
GM03137,2024-04-15,77,0
GM03138,2023-08-09,327,1
GM03139,2024-03-18,105,0
GM03140,2024-05-22,40,0
GM03141,2024-05-16,46,0
GM03142,2024-02-11,141,0
GM03143,2024-03-15,108,0
GM03144,2022-11-20,589,1
GM03145,2024-05-13,49,0
GM03146,2024-06-06,25,0
GM03147,2024-04-05,87,0
GM03148,2024-02-14,138,0
GM03149,2024-01-30,153,0
GM03150,2024-05-11,51,0
GM03151,2024-02-20,132,0
GM03152,2024-05-14,48,0
GM03153,2023-06-21,376,1
GM03154,2024-06-12,19,0
GM03155,2024-04-27,65,0
GM03156,2024-06-04,27,0
GM03157,2024-06-05,26,0
GM03158,2024-05-01,61,0
GM03159,2023-09-06,299,1
GM03160,2024-06-09,22,0
GM03161,2024-05-28,34,0
GM03162,2022-04-19,804,1
GM03163,2023-01-18,530,1
GM03164,2023-09-05,300,1
GM03165,2024-05-21,41,0
GM03166,2024-05-16,46,0
GM03167,2024-04-17,75,0
GM03168,2024-06-09,22,0
GM03169,2023-12-26,188,1
GM03170,2023-03-27,462,1
GM03171,2024-03-04,119,0
GM03172,2024-03-31,92,0
GM03173,2024-01-02,181,1
GM03174,2024-05-24,38,0
GM03175,2022-01-14,899,1
GM03176,2024-03-15,108,0
GM03177,2023-07-20,347,1
GM03178,2023-09-24,281,1
GM03179,2024-03-20,103,0
GM03180,2023-09-16,289,1
GM03181,2023-06-10,387,1
GM03182,2024-06-17,14,0
GM03183,2024-06-12,19,0
GM03184,2024-04-21,71,0
GM03185,2024-04-06,86,0
GM03186,2024-05-07,55,0
GM03187,2024-05-02,60,0
GM03188,2024-05-25,37,0
GM03189,2024-03-23,100,0
GM03190,2024-06-15,16,0
GM03191,2023-08-12,324,1
GM03192,2022-03-13,841,1
GM03193,2023-11-27,217,1
GM03194,2024-01-20,163,0
GM03195,2023-11-03,241,1
GM03196,2024-02-03,149,0
GM03197,2024-05-20,42,0
GM03198,2024-03-28,95,0
GM03199,2023-10-12,263,1
GM03200,2024-03-24,99,0
GM03201,2023-11-21,223,1
GM03202,2024-04-24,68,0
GM03203,2024-03-30,93,0
GM03204,2024-02-14,138,0
GM03205,2024-05-04,58,0
GM03206,2024-05-28,34,0
GM03207,2024-03-19,104,0
GM03208,2024-05-20,42,0
GM03209,2023-11-19,225,1
GM03210,2023-08-08,328,1
GM03211,2024-04-14,78,0
GM03212,2024-06-04,27,0
GM03213,2024-02-29,123,0
GM03214,2024-03-13,110,0
GM03215,2024-03-06,117,0
GM03216,2023-07-14,353,1
GM03217,2024-04-20,72,0
GM03218,2024-05-31,31,0
GM03219,2024-05-31,31,0
GM03220,2024-02-06,146,0
GM03221,2024-05-03,59,0
GM03222,2024-03-30,93,0
GM03223,2023-09-03,302,1
GM03224,2023-01-26,522,1
GM03225,2024-05-21,41,0
GM03226,2024-06-13,18,0
GM03227,2024-06-03,28,0
GM03228,2024-03-18,105,0
GM03229,2024-06-05,26,0
GM03230,2023-11-11,233,1
GM03231,2024-06-05,26,0
GM03232,2024-05-23,39,0
GM03233,2024-05-01,61,0
GM03234,2024-06-01,30,0
GM03235,2024-06-06,25,0
GM03236,2024-03-16,107,0
GM03237,2024-06-12,19,0
GM03238,2024-05-22,40,0
GM03239,2024-06-09,22,0
GM03240,2024-05-23,39,0
GM03241,2023-11-21,223,1
GM03242,2024-03-24,99,0
GM03243,2024-02-13,139,0
GM03244,2024-04-06,86,0
GM03245,2024-06-13,18,0
GM03246,2024-04-15,77,0
GM03247,2024-04-24,68,0
GM03248,2023-10-27,248,1
GM03249,2024-04-24,68,0
GM03250,2024-01-22,161,0
GM03251,2024-02-28,124,0
GM03252,2024-04-02,90,0
GM03253,2024-06-14,17,0
GM03254,2024-05-13,49,0
GM03255,2022-10-21,619,1
GM03256,2024-02-27,125,0
GM03257,2024-04-23,69,0
GM03258,2024-06-09,22,0
GM03259,2024-05-22,40,0
GM03260,2024-04-07,85,0
GM03261,2024-05-16,46,0
GM03262,2023-11-27,217,1
GM03263,2023-09-08,297,1
GM03264,2023-12-25,189,1
GM03265,2024-06-09,22,0
GM03266,2024-05-11,51,0
GM03267,2024-06-14,17,0
GM03268,2024-06-10,21,0
GM03269,2024-03-05,118,0
GM03270,2024-02-13,139,0
GM03271,2024-05-31,31,0
GM03272,2024-02-25,127,0
GM03273,2024-06-17,14,0
GM03274,2023-12-07,207,1
GM03275,2024-06-01,30,0
GM03276,2024-01-08,175,0
GM03277,2024-06-18,13,0
GM03278,2024-01-26,157,0
GM03279,2024-04-07,85,0
GM03280,2024-04-23,69,0
GM03281,2024-06-12,19,0
GM03282,2023-11-19,225,1
GM03283,2024-05-16,46,0
GM03284,2023-12-31,183,1
GM03285,2024-05-24,38,0
GM03286,2023-09-02,303,1
GM03287,2024-06-05,26,0
GM03288,2024-04-09,83,0
GM03289,2023-05-05,423,1
GM03290,2024-02-23,129,0
GM03291,2024-05-26,36,0
GM03292,2024-05-29,33,0
GM03293,2024-03-08,115,0
GM03294,2023-12-12,202,1
GM03295,2024-05-24,38,0
GM03296,2024-05-27,35,0
GM03297,2023-05-24,404,1
GM03298,2024-06-07,24,0
GM03299,2023-08-08,328,1
GM03300,2024-05-19,43,0
GM03301,2024-03-06,117,0
GM03302,2024-04-20,72,0
GM03303,2024-01-09,174,0
GM03304,2023-10-22,253,1
GM03305,2023-09-22,283,1
GM03306,2024-04-23,69,0
GM03307,2024-03-14,109,0
GM03308,2024-06-11,20,0
GM03309,2024-05-22,40,0
GM03310,2024-02-19,133,0
GM03311,2024-05-14,48,0
GM03312,2024-05-04,58,0
GM03313,2024-06-06,25,0
GM03314,2024-05-21,41,0
GM03315,2023-12-04,210,1
GM03316,2024-03-12,111,0
GM03317,2024-05-07,55,0
GM03318,2024-01-01,182,1
GM03319,2024-06-01,30,0
GM03320,2024-06-10,21,0
GM03321,2023-09-02,303,1
GM03322,2024-06-02,29,0
GM03323,2023-12-06,208,1
GM03324,2024-02-06,146,0
GM03325,2024-05-23,39,0
GM03326,2023-03-15,474,1
GM03327,2024-05-31,31,0
GM03328,2024-05-05,57,0
GM03329,2024-06-07,24,0
GM03330,2022-05-07,786,1
GM03331,2024-02-18,134,0
GM03332,2024-02-11,141,0
GM03333,2024-06-02,29,0
GM03334,2024-01-31,152,0
GM03335,2023-07-01,366,1
GM03336,2024-05-25,37,0
GM03337,2024-02-07,145,0
GM03338,2024-03-25,98,0
GM03339,2024-05-26,36,0
GM03340,2024-06-16,15,0
GM03341,2022-11-15,594,1
GM03342,2024-01-26,157,0
GM03343,2024-06-18,13,0
GM03344,2024-03-18,105,0
GM03345,2024-03-25,98,0
GM03346,2023-02-02,515,1
GM03347,2023-07-23,344,1
GM03348,2024-05-28,34,0
GM03349,2024-06-07,24,0
GM03350,2024-03-11,112,0
GM03351,2024-06-17,14,0
GM03352,2024-06-18,13,0
GM03353,2024-02-11,141,0
GM03354,2024-02-29,123,0
GM03355,2024-05-20,42,0
GM03356,2024-05-25,37,0
GM03357,2024-03-08,115,0
GM03358,2024-06-06,25,0
GM03359,2024-06-12,19,0
GM03360,2024-02-05,147,0
GM03361,2024-04-02,90,0
GM03362,2024-04-07,85,0
GM03363,2024-05-04,58,0
GM03364,2024-05-05,57,0
GM03365,2024-05-06,56,0
GM03366,2024-05-24,38,0
GM03367,2024-05-30,32,0
GM03368,2024-05-16,46,0
GM03369,2024-04-06,86,0
GM03370,2023-08-08,328,1
GM03371,2024-01-02,181,1
GM03372,2023-07-30,337,1
GM03373,2023-09-19,286,1
GM03374,2024-06-17,14,0
GM03375,2024-05-31,31,0
GM03376,2024-04-30,62,0
GM03377,2024-05-06,56,0
GM03378,2024-05-27,35,0
GM03379,2024-04-11,81,0
GM03380,2024-06-18,13,0
GM03381,2024-03-05,118,0
GM03382,2023-03-31,458,1
GM03383,2024-03-24,99,0
GM03384,2023-06-03,394,1
GM03385,2024-05-14,48,0
GM03386,2024-06-09,22,0
GM03387,2024-05-13,49,0
GM03388,2024-03-09,114,0
GM03389,2024-06-01,30,0
GM03390,2024-02-26,126,0
GM03391,2023-07-20,347,1
GM03392,2024-02-18,134,0
GM03393,2024-05-31,31,0
GM03394,2024-06-03,28,0
GM03395,2024-04-27,65,0
GM03396,2024-06-02,29,0
GM03397,2024-06-18,13,0
GM03398,2024-03-12,111,0
GM03399,2024-05-27,35,0
GM03400,2024-05-19,43,0
GM03401,2024-06-15,16,0
GM03402,2024-05-01,61,0
GM03403,2023-12-19,195,1
GM03404,2024-02-26,126,0
GM03405,2024-02-28,124,0
GM03406,2024-03-26,97,0
GM03407,2024-05-06,56,0
GM03408,2023-12-22,192,1
GM03409,2023-09-19,286,1
GM03410,2024-06-10,21,0
GM03411,2022-09-07,663,1
GM03412,2024-01-24,159,0
GM03413,2024-05-28,34,0
GM03414,2023-11-08,236,1
GM03415,2024-02-01,151,0
GM03416,2024-02-04,148,0
GM03417,2023-11-25,219,1
GM03418,2024-06-14,17,0
GM03419,2024-06-08,23,0
GM03420,2024-05-22,40,0
GM03421,2024-04-02,90,0
GM03422,2024-05-31,31,0
GM03423,2024-06-05,26,0
GM03424,2024-05-22,40,0
GM03425,2024-02-29,123,0
GM03426,2024-05-09,53,0
GM03427,2024-05-18,44,0
GM03428,2024-05-30,32,0
GM03429,2024-02-05,147,0
GM03430,2024-03-29,94,0
GM03431,2023-07-28,339,1
GM03432,2024-04-13,79,0
GM03433,2023-06-11,386,1
GM03434,2023-10-08,267,1
GM03435,2024-05-15,47,0
GM03436,2024-06-06,25,0
GM03437,2024-06-03,28,0
GM03438,2024-05-28,34,0
GM03439,2024-05-23,39,0
GM03440,2024-04-15,77,0
GM03441,2024-04-02,90,0
GM03442,2024-04-23,69,0
GM03443,2024-02-09,143,0
GM03444,2024-06-13,18,0
GM03445,2024-05-28,34,0
GM03446,2023-07-22,345,1
GM03447,2024-06-07,24,0
GM03448,2024-04-26,66,0
GM03449,2024-06-09,22,0
GM03450,2023-10-01,274,1
GM03451,2024-04-17,75,0
GM03452,2023-03-21,468,1
GM03453,2024-04-12,80,0
GM03454,2022-10-02,638,1
GM03455,2024-06-15,16,0
GM03456,2024-05-31,31,0
GM03457,2024-04-01,91,0
GM03458,2024-04-30,62,0
GM03459,2024-06-03,28,0
GM03460,2024-04-18,74,0
GM03461,2024-04-15,77,0
GM03462,2022-10-14,626,1
GM03463,2024-02-10,142,0
GM03464,2023-10-28,247,1
GM03465,2024-02-29,123,0
GM03466,2024-05-22,40,0
GM03467,2024-05-29,33,0
GM03468,2024-04-24,68,0
GM03469,2024-03-10,113,0
GM03470,2024-05-11,51,0
GM03471,2024-04-18,74,0
GM03472,2024-05-12,50,0
GM03473,2024-06-12,19,0
GM03474,2024-05-28,34,0
GM03475,2024-01-10,173,0
GM03476,2024-01-03,180,0
GM03477,2024-05-31,31,0
GM03478,2024-06-02,29,0
GM03479,2024-02-05,147,0
GM03480,2024-05-12,50,0
GM03481,2024-03-17,106,0
GM03482,2024-03-09,114,0
GM03483,2023-10-08,267,1
GM03484,2024-05-23,39,0
GM03485,2024-05-14,48,0
GM03486,2023-12-28,186,1
GM03487,2023-10-28,247,1
GM03488,2024-06-04,27,0
GM03489,2023-11-07,237,1
GM03490,2024-06-02,29,0
GM03491,2024-06-04,27,0
GM03492,2024-02-23,129,0
GM03493,2024-06-07,24,0
GM03494,2023-01-24,524,1
GM03495,2023-10-22,253,1
GM03496,2022-09-06,664,1
GM03497,2022-10-31,609,1
GM03498,2023-10-30,245,1
GM03499,2024-05-08,54,0
GM03500,2024-04-12,80,0
GM03501,2024-06-09,22,0
GM03502,2024-03-15,108,0
GM03503,2024-06-08,23,0
GM03504,2022-05-25,768,1
GM03505,2024-03-06,117,0
GM03506,2024-02-07,145,0
GM03507,2024-04-27,65,0
GM03508,2024-04-13,79,0
GM03509,2024-05-27,35,0
GM03510,2023-08-30,306,1
GM03511,2024-06-02,29,0
GM03512,2024-06-07,24,0
GM03513,2024-04-27,65,0
GM03514,2024-06-11,20,0
GM03515,2024-05-05,57,0
GM03516,2024-06-14,17,0
GM03517,2024-06-07,24,0
GM03518,2024-04-03,89,0
GM03519,2024-05-25,37,0
GM03520,2024-03-03,120,0
GM03521,2024-05-27,35,0
GM03522,2023-08-22,314,1
GM03523,2024-03-03,120,0
GM03524,2024-04-08,84,0
GM03525,2024-05-18,44,0
GM03526,2024-01-07,176,0
GM03527,2024-05-01,61,0
GM03528,2024-06-09,22,0
GM03529,2023-06-05,392,1
GM03530,2024-06-13,18,0
GM03531,2024-05-26,36,0
GM03532,2024-05-16,46,0
GM03533,2024-01-07,176,0
GM03534,2024-05-21,41,0
GM03535,2023-08-18,318,1
GM03536,2024-05-31,31,0
GM03537,2024-03-12,111,0
GM03538,2024-01-23,160,0
GM03539,2024-05-11,51,0
GM03540,2024-05-16,46,0
GM03541,2024-04-29,63,0
GM03542,2024-04-29,63,0
GM03543,2024-04-20,72,0
GM03544,2024-06-13,18,0
GM03545,2024-05-14,48,0
GM03546,2024-03-13,110,0
GM03547,2024-06-07,24,0
GM03548,2023-01-12,536,1
GM03549,2024-02-08,144,0
GM03550,2024-06-09,22,0
GM03551,2024-05-29,33,0
GM03552,2024-06-03,28,0
GM03553,2024-04-18,74,0
GM03554,2024-06-18,13,0
GM03555,2023-12-08,206,1
GM03556,2024-06-12,19,0
GM03557,2024-06-12,19,0
GM03558,2024-06-14,17,0
GM03559,2023-12-26,188,1
GM03560,2024-03-07,116,0
GM03561,2023-11-01,243,1
GM03562,2024-04-14,78,0
GM03563,2024-02-15,137,0
GM03564,2024-05-28,34,0
GM03565,2022-06-05,757,1
GM03566,2024-06-10,21,0
GM03567,2024-02-05,147,0
GM03568,2024-04-12,80,0
GM03569,2024-03-28,95,0
GM03570,2023-11-14,230,1
GM03571,2023-07-10,357,1
GM03572,2024-05-16,46,0
GM03573,2024-06-18,13,0
GM03574,2024-06-11,20,0
GM03575,2024-06-03,28,0
GM03576,2024-06-13,18,0
GM03577,2023-12-24,190,1
GM03578,2024-06-12,19,0
GM03579,2024-03-13,110,0
GM03580,2024-04-06,86,0
GM03581,2024-06-10,21,0
GM03582,2024-01-31,152,0
GM03583,2024-06-03,28,0
GM03584,2024-05-12,50,0
GM03585,2023-10-06,269,1
GM03586,2024-05-19,43,0
GM03587,2024-05-19,43,0
GM03588,2024-03-11,112,0
GM03589,2024-03-16,107,0
GM03590,2024-04-28,64,0
GM03591,2024-02-12,140,0
GM03592,2024-04-09,83,0
GM03593,2024-06-14,17,0
GM03594,2024-01-06,177,0
GM03595,2024-04-07,85,0
GM03596,2024-06-07,24,0
GM03597,2024-04-24,68,0
GM03598,2024-04-18,74,0
GM03599,2023-11-24,220,1
GM03600,2024-05-20,42,0
GM03601,2024-03-03,120,0
GM03602,2023-09-22,283,1
GM03603,2023-06-02,395,1
GM03604,2024-06-08,23,0
GM03605,2024-01-21,162,0
GM03606,2024-05-04,58,0
GM03607,2023-07-25,342,1
GM03608,2024-06-08,23,0
GM03609,2024-06-01,30,0
GM03610,2023-04-21,437,1
GM03611,2023-12-25,189,1
GM03612,2023-09-14,291,1
GM03613,2024-06-16,15,0
GM03614,2024-04-09,83,0
GM03615,2024-04-04,88,0
GM03616,2024-06-03,28,0
GM03617,2024-05-30,32,0
GM03618,2023-11-17,227,1
GM03619,2024-05-26,36,0
GM03620,2024-06-17,14,0
GM03621,2023-10-23,252,1
GM03622,2024-05-28,34,0
GM03623,2024-06-18,13,0
GM03624,2023-07-29,338,1
GM03625,2024-05-02,60,0
GM03626,2024-02-16,136,0
GM03627,2024-05-13,49,0
GM03628,2024-06-04,27,0
GM03629,2024-06-08,23,0
GM03630,2023-12-26,188,1
GM03631,2024-02-17,135,0
GM03632,2023-10-30,245,1
GM03633,2024-05-18,44,0
GM03634,2024-05-24,38,0
GM03635,2024-04-13,79,0
GM03636,2024-04-18,74,0
GM03637,2024-05-10,52,0
GM03638,2024-05-12,50,0
GM03639,2023-02-18,499,1
GM03640,2024-03-03,120,0
GM03641,2024-06-01,30,0
GM03642,2024-01-09,174,0
GM03643,2024-02-13,139,0
GM03644,2024-06-18,13,0
GM03645,2024-05-15,47,0
GM03646,2023-12-28,186,1
GM03647,2023-09-07,298,1
GM03648,2023-10-29,246,1
GM03649,2024-04-14,78,0
GM03650,2024-05-24,38,0
GM03651,2024-05-18,44,0
GM03652,2024-05-01,61,0
GM03653,2024-05-21,41,0
GM03654,2024-03-25,98,0
GM03655,2024-04-27,65,0
GM03656,2022-11-13,596,1
GM03657,2024-06-14,17,0
GM03658,2024-06-13,18,0
GM03659,2024-02-01,151,0
GM03660,2023-11-12,232,1
GM03661,2024-02-06,146,0
GM03662,2024-05-26,36,0
GM03663,2024-02-11,141,0
GM03664,2024-05-08,54,0
GM03665,2024-05-11,51,0
GM03666,2023-11-15,229,1
GM03667,2024-06-06,25,0
GM03668,2023-11-26,218,1
GM03669,2024-05-13,49,0
GM03670,2024-04-26,66,0
GM03671,2024-06-14,17,0
GM03672,2023-04-15,443,1
GM03673,2024-02-17,135,0
GM03674,2024-03-08,115,0
GM03675,2024-06-11,20,0
GM03676,2024-02-28,124,0
GM03677,2024-05-28,34,0
GM03678,2024-05-19,43,0
GM03679,2024-06-15,16,0
GM03680,2024-06-04,27,0
GM03681,2024-03-20,103,0
GM03682,2024-03-17,106,0
GM03683,2024-04-12,80,0
GM03684,2024-06-17,14,0
GM03685,2024-02-26,126,0
GM03686,2024-06-04,27,0
GM03687,2024-02-11,141,0
GM03688,2023-04-26,432,1
GM03689,2024-03-01,122,0
GM03690,2024-06-04,27,0
GM03691,2022-08-29,672,1
GM03692,2023-12-04,210,1
GM03693,2024-05-29,33,0
GM03694,2023-05-01,427,1
GM03695,2023-05-22,406,1
GM03696,2024-01-26,157,0
GM03697,2024-03-20,103,0
GM03698,2024-05-18,44,0
GM03699,2024-05-31,31,0
GM03700,2024-06-10,21,0
GM03701,2024-05-17,45,0
GM03702,2023-12-02,212,1
GM03703,2022-03-24,830,1
GM03704,2024-05-05,57,0
GM03705,2024-06-09,22,0
GM03706,2024-06-01,30,0
GM03707,2024-06-06,25,0
GM03708,2024-04-05,87,0
GM03709,2024-06-14,17,0
GM03710,2024-05-21,41,0
GM03711,2024-05-05,57,0
GM03712,2023-05-13,415,1
GM03713,2024-06-14,17,0
GM03714,2024-06-01,30,0
GM03715,2024-06-02,29,0
GM03716,2023-03-24,465,1
GM03717,2024-03-23,100,0
GM03718,2024-06-04,27,0
GM03719,2023-11-22,222,1
GM03720,2024-06-18,13,0
GM03721,2022-11-11,598,1
GM03722,2024-06-03,28,0
GM03723,2024-01-12,171,0
GM03724,2024-06-09,22,0
GM03725,2024-05-10,52,0
GM03726,2024-02-03,149,0
GM03727,2024-05-17,45,0
GM03728,2024-06-15,16,0
GM03729,2024-05-08,54,0
GM03730,2024-06-01,30,0
GM03731,2024-05-19,43,0
GM03732,2024-04-18,74,0
GM03733,2023-12-15,199,1
GM03734,2024-05-01,61,0
GM03735,2024-05-15,47,0
GM03736,2024-06-14,17,0
GM03737,2023-10-25,250,1
GM03738,2024-03-12,111,0
GM03739,2024-01-22,161,0
GM03740,2024-05-11,51,0
GM03741,2023-02-24,493,1
GM03742,2024-04-29,63,0
GM03743,2023-10-30,245,1
GM03744,2024-06-02,29,0
GM03745,2023-12-14,200,1
GM03746,2024-06-17,14,0
GM03747,2024-02-27,125,0
GM03748,2024-05-28,34,0
GM03749,2022-10-15,625,1
GM03750,2024-06-12,19,0
GM03751,2024-06-04,27,0
GM03752,2022-12-15,564,1
GM03753,2024-04-02,90,0
GM03754,2024-04-13,79,0
GM03755,2023-09-02,303,1
GM03756,2024-06-04,27,0
GM03757,2024-06-18,13,0
GM03758,2024-06-17,14,0
GM03759,2023-12-03,211,1
GM03760,2024-01-25,158,0
GM03761,2024-01-30,153,0
GM03762,2024-01-02,181,1
GM03763,2022-09-21,649,1
GM03764,2024-02-24,128,0
GM03765,2024-05-17,45,0
GM03766,2023-02-06,511,1
GM03767,2024-05-18,44,0
GM03768,2024-04-04,88,0
GM03769,2024-05-23,39,0
GM03770,2024-04-23,69,0
GM03771,2024-05-26,36,0
GM03772,2023-08-26,310,1
GM03773,2024-06-07,24,0
GM03774,2023-08-20,316,1
GM03775,2024-06-09,22,0
GM03776,2024-05-17,45,0
GM03777,2024-04-06,86,0
GM03778,2024-01-20,163,0
GM03779,2024-05-08,54,0
GM03780,2024-06-07,24,0
GM03781,2024-05-03,59,0
GM03782,2024-01-03,180,0
GM03783,2024-03-01,122,0
GM03784,2024-05-02,60,0
GM03785,2023-05-17,411,1
GM03786,2024-06-06,25,0
GM03787,2024-04-08,84,0
GM03788,2024-06-16,15,0
GM03789,2024-05-10,52,0
GM03790,2023-09-30,275,1
GM03791,2022-10-20,620,1
GM03792,2023-09-28,277,1
GM03793,2024-05-13,49,0
GM03794,2022-11-15,594,1
GM03795,2023-08-25,311,1
GM03796,2024-05-20,42,0
GM03797,2024-05-22,40,0
GM03798,2024-06-12,19,0
GM03799,2023-12-17,197,1
GM03800,2023-10-26,249,1
GM03801,2024-01-02,181,1
GM03802,2023-12-25,189,1
GM03803,2024-04-15,77,0
GM03804,2024-04-06,86,0
GM03805,2024-05-14,48,0
GM03806,2023-12-08,206,1
GM03807,2024-01-13,170,0
GM03808,2024-05-31,31,0
GM03809,2024-01-11,172,0
GM03810,2022-12-03,576,1
GM03811,2024-05-03,59,0
GM03812,2023-06-22,375,1
GM03813,2023-06-05,392,1
GM03814,2023-07-16,351,1
GM03815,2024-04-25,67,0
GM03816,2024-06-11,20,0
GM03817,2024-01-18,165,0
GM03818,2024-03-28,95,0
GM03819,2023-06-07,390,1
GM03820,2024-04-16,76,0
GM03821,2024-01-14,169,0
GM03822,2024-05-28,34,0
GM03823,2024-04-08,84,0
GM03824,2024-05-12,50,0
GM03825,2024-03-10,113,0
GM03826,2024-03-01,122,0
GM03827,2024-06-11,20,0
GM03828,2023-11-17,227,1
GM03829,2024-04-24,68,0
GM03830,2024-05-22,40,0
GM03831,2024-05-18,44,0
GM03832,2024-06-06,25,0
GM03833,2024-04-27,65,0
GM03834,2023-10-28,247,1
GM03835,2024-06-03,28,0
GM03836,2023-12-20,194,1
GM03837,2022-11-30,579,1
GM03838,2024-03-29,94,0
GM03839,2024-04-01,91,0
GM03840,2024-06-15,16,0
GM03841,2024-05-26,36,0
GM03842,2023-08-23,313,1
GM03843,2024-05-11,51,0
GM03844,2024-06-17,14,0
GM03845,2024-05-24,38,0
GM03846,2024-06-03,28,0
GM03847,2024-05-27,35,0
GM03848,2022-11-19,590,1
GM03849,2024-05-14,48,0
GM03850,2023-12-26,188,1
GM03851,2022-03-20,834,1
GM03852,2024-02-25,127,0
GM03853,2024-06-14,17,0
GM03854,2022-07-15,717,1
GM03855,2023-08-17,319,1
GM03856,2024-04-10,82,0
GM03857,2024-02-05,147,0
GM03858,2024-06-17,14,0
GM03859,2024-06-04,27,0
GM03860,2024-03-25,98,0
GM03861,2023-12-25,189,1
GM03862,2024-05-10,52,0
GM03863,2024-05-09,53,0
GM03864,2024-05-13,49,0
GM03865,2023-10-10,265,1
GM03866,2024-06-01,30,0
GM03867,2024-06-17,14,0
GM03868,2024-04-16,76,0
GM03869,2024-06-06,25,0
GM03870,2024-05-23,39,0
GM03871,2024-06-16,15,0
GM03872,2024-06-07,24,0
GM03873,2023-12-10,204,1
GM03874,2024-03-17,106,0
GM03875,2024-03-26,97,0
GM03876,2024-06-12,19,0
GM03877,2024-06-03,28,0
GM03878,2024-04-28,64,0
GM03879,2024-04-08,84,0
GM03880,2024-05-21,41,0
GM03881,2024-03-26,97,0
GM03882,2023-11-24,220,1
GM03883,2024-06-12,19,0
GM03884,2024-04-24,68,0
GM03885,2024-03-29,94,0
GM03886,2023-03-05,484,1
GM03887,2024-05-18,44,0
GM03888,2023-04-19,439,1
GM03889,2023-11-25,219,1
GM03890,2022-10-30,610,1
GM03891,2023-12-19,195,1
GM03892,2024-06-10,21,0
GM03893,2023-12-04,210,1
GM03894,2024-02-02,150,0
GM03895,2023-11-18,226,1
GM03896,2023-07-19,348,1
GM03897,2024-05-03,59,0
GM03898,2024-04-05,87,0
GM03899,2023-04-05,453,1
GM03900,2024-04-22,70,0
GM03901,2023-10-07,268,1
GM03902,2023-12-15,199,1
GM03903,2024-05-14,48,0
GM03904,2023-04-20,438,1
GM03905,2024-05-26,36,0
GM03906,2024-06-18,13,0
GM03907,2024-01-21,162,0
GM03908,2023-09-21,284,1
GM03909,2024-05-26,36,0
GM03910,2024-05-11,51,0
GM03911,2024-05-10,52,0
GM03912,2023-09-01,304,1
GM03913,2022-10-07,633,1
GM03914,2024-02-21,131,0
GM03915,2023-02-07,510,1
GM03916,2024-06-06,25,0
GM03917,2023-06-24,373,1
GM03918,2024-02-02,150,0
GM03919,2024-05-30,32,0
GM03920,2023-06-06,391,1
GM03921,2024-06-13,18,0
GM03922,2024-04-17,75,0
GM03923,2024-06-13,18,0
GM03924,2024-05-07,55,0
GM03925,2024-05-09,53,0
GM03926,2024-06-15,16,0
GM03927,2023-08-06,330,1
GM03928,2024-04-17,75,0
GM03929,2024-06-11,20,0
GM03930,2022-06-06,756,1
GM03931,2024-06-15,16,0
GM03932,2024-02-11,141,0
GM03933,2023-09-25,280,1
GM03934,2023-07-12,355,1
GM03935,2024-04-21,71,0
GM03936,2024-04-30,62,0
GM03937,2024-02-18,134,0
GM03938,2024-01-10,173,0
GM03939,2024-05-04,58,0
GM03940,2024-06-01,30,0
GM03941,2024-06-11,20,0
GM03942,2022-11-29,580,1
GM03943,2024-06-18,13,0
GM03944,2024-06-04,27,0
GM03945,2024-06-09,22,0
GM03946,2024-03-22,101,0
GM03947,2024-04-05,87,0
GM03948,2022-09-27,643,1
GM03949,2024-06-09,22,0
GM03950,2023-08-25,311,1
GM03951,2024-03-15,108,0
GM03952,2024-05-24,38,0
GM03953,2024-05-08,54,0
GM03954,2023-03-23,466,1
GM03955,2024-05-26,36,0
GM03956,2024-05-28,34,0
GM03957,2022-01-29,884,1
GM03958,2024-03-24,99,0
GM03959,2023-10-09,266,1
GM03960,2024-05-14,48,0
GM03961,2024-01-26,157,0
GM03962,2024-06-08,23,0
GM03963,2024-05-30,32,0
GM03964,2024-04-14,78,0
GM03965,2023-12-26,188,1
GM03966,2024-05-20,42,0
GM03967,2024-02-16,136,0
GM03968,2024-05-08,54,0
GM03969,2024-04-21,71,0
GM03970,2024-05-16,46,0
GM03971,2024-05-14,48,0
GM03972,2024-05-26,36,0
GM03973,2024-04-18,74,0
GM03974,2024-02-28,124,0
GM03975,2024-04-09,83,0
GM03976,2024-02-13,139,0
GM03977,2024-04-12,80,0
GM03978,2023-05-22,406,1
GM03979,2023-12-16,198,1
GM03980,2023-08-02,334,1
GM03981,2024-03-15,108,0
GM03982,2024-04-07,85,0
GM03983,2024-06-01,30,0
GM03984,2024-06-11,20,0
GM03985,2024-05-17,45,0
GM03986,2024-05-02,60,0
GM03987,2024-05-04,58,0
GM03988,2024-05-01,61,0
GM03989,2024-01-21,162,0
GM03990,2024-06-11,20,0
GM03991,2024-05-18,44,0
GM03992,2024-06-06,25,0
GM03993,2024-04-21,71,0
GM03994,2024-03-03,120,0
GM03995,2022-02-03,879,1
GM03996,2024-05-22,40,0
GM03997,2024-06-09,22,0
GM03998,2024-04-03,89,0
GM03999,2024-04-05,87,0
GM04000,2024-06-04,27,0
GM04001,2023-08-27,309,1
GM04002,2023-11-10,234,1
GM04003,2024-03-11,112,0
GM04004,2023-12-01,213,1
GM04005,2024-02-29,123,0
GM04006,2024-06-12,19,0
GM04007,2023-08-27,309,1
GM04008,2023-11-07,237,1
GM04009,2024-05-11,51,0
GM04010,2024-03-09,114,0
GM04011,2024-02-24,128,0
GM04012,2024-03-16,107,0
GM04013,2024-06-16,15,0
GM04014,2024-06-04,27,0
GM04015,2024-05-21,41,0
GM04016,2024-04-02,90,0
GM04017,2024-06-09,22,0
GM04018,2024-05-07,55,0
GM04019,2024-06-09,22,0
GM04020,2023-07-27,340,1
GM04021,2024-06-08,23,0
GM04022,2024-06-05,26,0
GM04023,2024-06-11,20,0
GM04024,2023-11-18,226,1
GM04025,2024-04-23,69,0
GM04026,2023-11-03,241,1
GM04027,2024-04-14,78,0
GM04028,2024-05-21,41,0
GM04029,2023-03-22,467,1
GM04030,2024-05-15,47,0
GM04031,2023-04-28,430,1
GM04032,2024-05-15,47,0
GM04033,2024-02-20,132,0
GM04034,2024-03-31,92,0
GM04035,2024-01-06,177,0
GM04036,2024-04-17,75,0
GM04037,2024-03-26,97,0
GM04038,2023-07-22,345,1
GM04039,2024-06-16,15,0
GM04040,2024-02-18,134,0
GM04041,2024-06-06,25,0
GM04042,2024-04-08,84,0
GM04043,2024-05-08,54,0
GM04044,2024-05-28,34,0
GM04045,2024-03-31,92,0
GM04046,2024-05-29,33,0
GM04047,2024-06-14,17,0
GM04048,2024-06-06,25,0
GM04049,2022-07-01,731,1
GM04050,2024-06-18,13,0
GM04051,2024-03-28,95,0
GM04052,2024-03-26,97,0
GM04053,2024-06-17,14,0
GM04054,2024-03-02,121,0
GM04055,2024-06-11,20,0
GM04056,2024-03-23,100,0
GM04057,2023-11-10,234,1
GM04058,2024-02-27,125,0
GM04059,2023-06-26,371,1
GM04060,2023-11-16,228,1
GM04061,2024-05-06,56,0
GM04062,2024-06-10,21,0
GM04063,2024-06-11,20,0
GM04064,2023-11-24,220,1
GM04065,2024-03-29,94,0
GM04066,2024-06-10,21,0
GM04067,2024-05-30,32,0
GM04068,2024-06-08,23,0
GM04069,2024-04-22,70,0
GM04070,2024-06-17,14,0
GM04071,2024-03-19,104,0
GM04072,2024-06-06,25,0
GM04073,2024-04-19,73,0
GM04074,2024-04-29,63,0
GM04075,2023-11-06,238,1
GM04076,2022-11-11,598,1
GM04077,2024-05-03,59,0
GM04078,2024-06-08,23,0
GM04079,2024-06-02,29,0
GM04080,2024-05-29,33,0
GM04081,2024-05-07,55,0
GM04082,2024-04-20,72,0
GM04083,2024-04-25,67,0
GM04084,2022-06-08,754,1
GM04085,2024-04-29,63,0
GM04086,2024-04-30,62,0
GM04087,2024-01-31,152,0
GM04088,2024-05-14,48,0
GM04089,2024-04-22,70,0
GM04090,2023-11-25,219,1
GM04091,2023-11-22,222,1
GM04092,2024-04-09,83,0
GM04093,2024-06-02,29,0
GM04094,2024-03-13,110,0
GM04095,2024-04-30,62,0
GM04096,2024-03-16,107,0
GM04097,2024-05-23,39,0
GM04098,2024-06-15,16,0
GM04099,2024-05-16,46,0
GM04100,2024-03-29,94,0
GM04101,2024-03-05,118,0
GM04102,2024-05-28,34,0
GM04103,2024-06-01,30,0
GM04104,2024-05-30,32,0
GM04105,2024-04-28,64,0
GM04106,2024-01-11,172,0
GM04107,2024-01-28,155,0
GM04108,2024-02-18,134,0
GM04109,2024-05-14,48,0
GM04110,2024-05-31,31,0
GM04111,2024-04-29,63,0
GM04112,2024-04-26,66,0
GM04113,2024-05-16,46,0
GM04114,2024-04-26,66,0
GM04115,2024-05-01,61,0
GM04116,2024-04-21,71,0
GM04117,2024-05-18,44,0
GM04118,2023-12-15,199,1
GM04119,2024-04-14,78,0
GM04120,2024-01-23,160,0
GM04121,2024-04-03,89,0
GM04122,2024-01-18,165,0
GM04123,2024-06-15,16,0
GM04124,2024-05-17,45,0
GM04125,2024-05-08,54,0
GM04126,2024-03-09,114,0
GM04127,2024-06-09,22,0
GM04128,2024-04-04,88,0
GM04129,2024-01-04,179,0
GM04130,2024-04-14,78,0
GM04131,2024-05-12,50,0
GM04132,2023-09-09,296,1
GM04133,2024-03-31,92,0
GM04134,2024-04-28,64,0
GM04135,2023-10-27,248,1
GM04136,2024-05-14,48,0
GM04137,2024-02-27,125,0
GM04138,2024-06-03,28,0
GM04139,2024-05-04,58,0
GM04140,2024-04-28,64,0
GM04141,2023-08-30,306,1
GM04142,2024-05-12,50,0
GM04143,2023-12-09,205,1
GM04144,2024-05-23,39,0
GM04145,2024-06-06,25,0
GM04146,2024-03-13,110,0
GM04147,2024-05-16,46,0
GM04148,2024-01-31,152,0
GM04149,2023-07-21,346,1
GM04150,2024-05-07,55,0
GM04151,2024-04-30,62,0
GM04152,2024-05-28,34,0
GM04153,2024-04-30,62,0
GM04154,2023-04-07,451,1
GM04155,2024-03-30,93,0
GM04156,2022-04-30,793,1
GM04157,2024-01-20,163,0
GM04158,2022-10-29,611,1
GM04159,2024-05-12,50,0
GM04160,2024-06-01,30,0
GM04161,2024-06-13,18,0
GM04162,2023-06-06,391,1
GM04163,2024-06-12,19,0
GM04164,2024-04-04,88,0
GM04165,2024-06-18,13,0
GM04166,2024-05-21,41,0
GM04167,2024-05-22,40,0
GM04168,2024-03-19,104,0
GM04169,2024-06-15,16,0
GM04170,2023-11-30,214,1
GM04171,2024-02-01,151,0
GM04172,2022-12-07,572,1
GM04173,2023-07-16,351,1
GM04174,2024-06-06,25,0
GM04175,2024-05-27,35,0
GM04176,2024-02-14,138,0
GM04177,2024-06-14,17,0
GM04178,2024-04-01,91,0
GM04179,2024-05-01,61,0
GM04180,2023-06-11,386,1
GM04181,2023-09-20,285,1
GM04182,2024-06-12,19,0
GM04183,2024-06-03,28,0
GM04184,2023-10-04,271,1
GM04185,2024-04-04,88,0
GM04186,2024-06-02,29,0
GM04187,2022-12-24,555,1
GM04188,2024-06-12,19,0
GM04189,2024-05-05,57,0
GM04190,2024-02-21,131,0
GM04191,2024-03-05,118,0
GM04192,2024-02-15,137,0
GM04193,2024-05-19,43,0
GM04194,2024-01-02,181,1
GM04195,2024-04-24,68,0
GM04196,2024-06-17,14,0
GM04197,2024-03-06,117,0
GM04198,2024-05-31,31,0
GM04199,2024-04-19,73,0
GM04200,2024-05-12,50,0
GM04201,2023-12-22,192,1
GM04202,2024-04-04,88,0
GM04203,2024-06-07,24,0
GM04204,2024-05-30,32,0
GM04205,2022-07-31,701,1
GM04206,2024-06-09,22,0
GM04207,2024-02-12,140,0
GM04208,2024-04-27,65,0
GM04209,2024-06-07,24,0
GM04210,2024-05-23,39,0
GM04211,2024-04-24,68,0
GM04212,2024-05-29,33,0
GM04213,2023-09-27,278,1
GM04214,2023-12-21,193,1
GM04215,2024-04-24,68,0
GM04216,2024-05-12,50,0
GM04217,2022-10-15,625,1
GM04218,2024-04-18,74,0
GM04219,2024-05-15,47,0
GM04220,2024-06-15,16,0
GM04221,2024-05-05,57,0
GM04222,2024-03-22,101,0
GM04223,2024-06-15,16,0
GM04224,2024-06-11,20,0
GM04225,2024-04-22,70,0
GM04226,2024-04-12,80,0
GM04227,2023-08-14,322,1
GM04228,2024-02-15,137,0
GM04229,2023-07-13,354,1
GM04230,2024-06-07,24,0
GM04231,2024-05-23,39,0
GM04232,2023-10-04,271,1
GM04233,2024-05-29,33,0
GM04234,2024-05-30,32,0
GM04235,2024-04-02,90,0
GM04236,2024-03-28,95,0
GM04237,2024-05-23,39,0
GM04238,2024-01-14,169,0
GM04239,2024-05-15,47,0
GM04240,2024-03-23,100,0
GM04241,2023-12-20,194,1
GM04242,2024-05-04,58,0
GM04243,2024-06-10,21,0
GM04244,2024-05-30,32,0
GM04245,2024-04-22,70,0
GM04246,2024-06-07,24,0
GM04247,2024-05-17,45,0
GM04248,2024-01-17,166,0
GM04249,2023-09-27,278,1
GM04250,2024-04-11,81,0
GM04251,2024-05-31,31,0
GM04252,2024-02-22,130,0
GM04253,2024-06-12,19,0
GM04254,2023-07-28,339,1
GM04255,2024-04-21,71,0
GM04256,2024-04-16,76,0
GM04257,2024-06-08,23,0
GM04258,2024-01-11,172,0
GM04259,2022-12-22,557,1
GM04260,2024-06-15,16,0
GM04261,2024-03-22,101,0
GM04262,2024-06-05,26,0
GM04263,2024-02-10,142,0
GM04264,2024-05-20,42,0
GM04265,2024-06-11,20,0
GM04266,2024-06-14,17,0
GM04267,2024-05-02,60,0
GM04268,2024-05-17,45,0
GM04269,2024-06-08,23,0
GM04270,2024-06-11,20,0
GM04271,2023-06-24,373,1
GM04272,2024-01-04,179,0
GM04273,2024-05-03,59,0
GM04274,2024-05-04,58,0
GM04275,2023-11-08,236,1
GM04276,2024-05-17,45,0
GM04277,2024-03-29,94,0
GM04278,2024-06-18,13,0
GM04279,2023-10-10,265,1
GM04280,2023-09-30,275,1
GM04281,2024-04-23,69,0
GM04282,2024-02-08,144,0
GM04283,2023-02-02,515,1
GM04284,2024-06-07,24,0
GM04285,2024-06-09,22,0
GM04286,2024-04-19,73,0
GM04287,2023-08-15,321,1
GM04288,2024-01-06,177,0
GM04289,2024-06-15,16,0
GM04290,2024-04-29,63,0
GM04291,2024-04-01,91,0
GM04292,2023-12-30,184,1
GM04293,2023-12-26,188,1
GM04294,2023-06-11,386,1
GM04295,2024-04-17,75,0
GM04296,2022-03-25,829,1
GM04297,2022-03-17,837,1
GM04298,2023-05-17,411,1
GM04299,2024-05-06,56,0
GM04300,2024-06-09,22,0
GM04301,2024-04-19,73,0
GM04302,2024-03-13,110,0
GM04303,2024-02-03,149,0
GM04304,2024-05-04,58,0
GM04305,2024-06-15,16,0
GM04306,2024-01-08,175,0
GM04307,2024-06-13,18,0
GM04308,2023-08-12,324,1
GM04309,2024-01-07,176,0
GM04310,2024-05-19,43,0
GM04311,2024-01-18,165,0
GM04312,2024-03-24,99,0
GM04313,2022-06-02,760,1
GM04314,2024-06-09,22,0
GM04315,2024-05-06,56,0
GM04316,2023-11-07,237,1
GM04317,2022-12-12,567,1
GM04318,2024-03-10,113,0
GM04319,2024-02-28,124,0
GM04320,2023-10-20,255,1
GM04321,2024-02-19,133,0
GM04322,2024-05-08,54,0
GM04323,2024-01-14,169,0
GM04324,2024-05-27,35,0
GM04325,2024-04-25,67,0
GM04326,2024-05-07,55,0
GM04327,2024-05-26,36,0
GM04328,2024-06-10,21,0
GM04329,2023-12-11,203,1
GM04330,2023-01-03,545,1
GM04331,2024-04-26,66,0
GM04332,2024-03-14,109,0
GM04333,2024-02-04,148,0
GM04334,2024-05-11,51,0
GM04335,2024-04-15,77,0
GM04336,2024-06-07,24,0
GM04337,2024-05-11,51,0
GM04338,2024-03-19,104,0
GM04339,2024-02-14,138,0
GM04340,2024-02-13,139,0
GM04341,2024-06-15,16,0
GM04342,2024-01-28,155,0
GM04343,2024-05-17,45,0
GM04344,2023-11-22,222,1
GM04345,2024-01-24,159,0
GM04346,2022-04-15,808,1
GM04347,2024-04-19,73,0
GM04348,2023-05-28,400,1
GM04349,2024-03-17,106,0
GM04350,2024-05-13,49,0
GM04351,2024-05-13,49,0
GM04352,2024-04-10,82,0
GM04353,2024-02-28,124,0
GM04354,2024-06-16,15,0
GM04355,2024-06-15,16,0
GM04356,2024-03-14,109,0
GM04357,2024-04-07,85,0
GM04358,2024-06-09,22,0
GM04359,2024-06-09,22,0
GM04360,2023-12-28,186,1
GM04361,2023-12-04,210,1
GM04362,2024-05-05,57,0
GM04363,2024-06-16,15,0
GM04364,2024-01-15,168,0
GM04365,2024-06-02,29,0
GM04366,2024-02-08,144,0
GM04367,2022-05-06,787,1
GM04368,2024-03-29,94,0
GM04369,2024-06-06,25,0
GM04370,2024-05-25,37,0
GM04371,2024-05-03,59,0
GM04372,2024-05-18,44,0
GM04373,2024-05-20,42,0
GM04374,2023-11-17,227,1
GM04375,2024-05-27,35,0
GM04376,2024-04-19,73,0
GM04377,2024-01-18,165,0
GM04378,2024-06-07,24,0
GM04379,2024-02-24,128,0
GM04380,2024-04-04,88,0
GM04381,2024-04-18,74,0
GM04382,2024-04-22,70,0
GM04383,2023-05-30,398,1
GM04384,2023-08-21,315,1
GM04385,2024-03-31,92,0
GM04386,2024-03-14,109,0
GM04387,2024-03-02,121,0
GM04388,2024-05-28,34,0
GM04389,2024-05-16,46,0
GM04390,2024-03-31,92,0
GM04391,2023-11-29,215,1
GM04392,2023-07-18,349,1
GM04393,2023-02-19,498,1
GM04394,2024-02-16,136,0
GM04395,2024-01-27,156,0
GM04396,2024-06-07,24,0
GM04397,2024-02-22,130,0
GM04398,2024-05-03,59,0
GM04399,2024-01-10,173,0
GM04400,2024-01-03,180,0
GM04401,2024-04-04,88,0
GM04402,2024-04-24,68,0
GM04403,2024-06-09,22,0
GM04404,2024-06-13,18,0
GM04405,2024-06-17,14,0
GM04406,2024-01-03,180,0
GM04407,2024-06-10,21,0
GM04408,2024-05-13,49,0
GM04409,2024-05-22,40,0
GM04410,2024-06-15,16,0
GM04411,2024-05-17,45,0
GM04412,2024-06-06,25,0
GM04413,2023-09-27,278,1
GM04414,2023-01-07,541,1
GM04415,2024-06-13,18,0
GM04416,2024-04-23,69,0
GM04417,2024-04-29,63,0
GM04418,2024-04-26,66,0
GM04419,2024-02-09,143,0
GM04420,2023-12-01,213,1
GM04421,2024-05-17,45,0
GM04422,2023-12-02,212,1
GM04423,2024-04-14,78,0
GM04424,2024-03-17,106,0
GM04425,2024-04-06,86,0
GM04426,2024-02-12,140,0
GM04427,2024-02-09,143,0
GM04428,2024-05-23,39,0
GM04429,2023-10-16,259,1
GM04430,2024-03-09,114,0
GM04431,2024-03-21,102,0
GM04432,2024-06-13,18,0
GM04433,2024-02-27,125,0
GM04434,2024-06-12,19,0
GM04435,2024-05-05,57,0
GM04436,2024-05-25,37,0
GM04437,2023-06-22,375,1
GM04438,2024-05-09,53,0
GM04439,2023-05-25,403,1
GM04440,2023-02-16,501,1
GM04441,2024-03-18,105,0
GM04442,2024-02-11,141,0
GM04443,2024-03-25,98,0
GM04444,2024-05-09,53,0
GM04445,2024-04-21,71,0
GM04446,2024-06-06,25,0
GM04447,2024-06-05,26,0
GM04448,2024-04-22,70,0
GM04449,2024-01-07,176,0
GM04450,2024-05-27,35,0
GM04451,2023-08-18,318,1
GM04452,2024-01-09,174,0
GM04453,2024-03-17,106,0
GM04454,2024-06-11,20,0
GM04455,2024-01-09,174,0
GM04456,2023-10-28,247,1
GM04457,2024-05-02,60,0
GM04458,2024-04-01,91,0
GM04459,2024-05-08,54,0
GM04460,2024-03-11,112,0
GM04461,2024-03-19,104,0
GM04462,2024-05-07,55,0
GM04463,2024-05-03,59,0
GM04464,2024-03-12,111,0
GM04465,2023-12-23,191,1
GM04466,2024-05-28,34,0
GM04467,2024-05-16,46,0
GM04468,2024-05-09,53,0
GM04469,2024-06-16,15,0
GM04470,2024-05-15,47,0
GM04471,2024-04-12,80,0
GM04472,2022-08-30,671,1
GM04473,2023-05-09,419,1
GM04474,2024-06-18,13,0
GM04475,2024-02-29,123,0
GM04476,2024-04-24,68,0
GM04477,2024-06-04,27,0
GM04478,2024-05-16,46,0
GM04479,2024-02-28,124,0
GM04480,2024-03-21,102,0
GM04481,2024-05-15,47,0
GM04482,2024-04-14,78,0
GM04483,2024-05-28,34,0
GM04484,2024-06-12,19,0
GM04485,2024-02-20,132,0
GM04486,2023-11-07,237,1
GM04487,2024-06-14,17,0
GM04488,2024-06-08,23,0
GM04489,2024-04-04,88,0
GM04490,2024-05-28,34,0
GM04491,2023-08-04,332,1
GM04492,2024-05-25,37,0
GM04493,2024-03-28,95,0
GM04494,2024-05-29,33,0
GM04495,2024-05-23,39,0
GM04496,2024-04-30,62,0
GM04497,2024-04-18,74,0
GM04498,2024-05-07,55,0
GM04499,2024-05-08,54,0
GM04500,2024-06-09,22,0
GM04501,2024-06-05,26,0
GM04502,2024-05-17,45,0
GM04503,2024-06-15,16,0
GM04504,2024-06-03,28,0
GM04505,2023-12-02,212,1
GM04506,2024-06-13,18,0
GM04507,2023-12-13,201,1
GM04508,2024-03-15,108,0
GM04509,2024-03-22,101,0
GM04510,2024-02-20,132,0
GM04511,2024-05-26,36,0
GM04512,2024-05-17,45,0
GM04513,2024-05-31,31,0
GM04514,2023-06-01,396,1
GM04515,2024-06-07,24,0
GM04516,2024-06-06,25,0
GM04517,2022-04-14,809,1
GM04518,2024-01-23,160,0
GM04519,2023-09-29,276,1
GM04520,2024-06-07,24,0
GM04521,2023-04-16,442,1
GM04522,2024-04-15,77,0
GM04523,2024-06-10,21,0
GM04524,2024-06-09,22,0
GM04525,2024-06-04,27,0
GM04526,2023-06-27,370,1
GM04527,2024-05-28,34,0
GM04528,2024-06-09,22,0
GM04529,2023-08-10,326,1
GM04530,2024-01-12,171,0
GM04531,2023-07-27,340,1
GM04532,2024-02-02,150,0
GM04533,2024-04-08,84,0
GM04534,2024-05-25,37,0
GM04535,2024-03-16,107,0
GM04536,2024-06-12,19,0
GM04537,2024-06-16,15,0
GM04538,2024-04-03,89,0
GM04539,2024-04-11,81,0
GM04540,2024-05-30,32,0
GM04541,2024-03-18,105,0
GM04542,2024-06-02,29,0
GM04543,2024-05-13,49,0
GM04544,2024-02-08,144,0
GM04545,2023-11-19,225,1
GM04546,2024-03-20,103,0
GM04547,2024-06-11,20,0
GM04548,2023-09-14,291,1
GM04549,2024-05-27,35,0
GM04550,2024-06-09,22,0
GM04551,2024-04-19,73,0
GM04552,2024-04-28,64,0
GM04553,2024-06-11,20,0
GM04554,2024-04-25,67,0
GM04555,2024-03-01,122,0
GM04556,2024-02-23,129,0
GM04557,2024-06-15,16,0
GM04558,2024-05-15,47,0
GM04559,2024-06-10,21,0
GM04560,2024-02-18,134,0
GM04561,2024-04-08,84,0
GM04562,2024-02-17,135,0
GM04563,2024-05-24,38,0
GM04564,2023-12-13,201,1
GM04565,2024-05-08,54,0
GM04566,2024-05-16,46,0
GM04567,2024-01-29,154,0
GM04568,2024-02-27,125,0
GM04569,2024-04-06,86,0
GM04570,2024-05-15,47,0
GM04571,2024-04-22,70,0
GM04572,2023-08-18,318,1
GM04573,2024-06-13,18,0
GM04574,2024-04-15,77,0
GM04575,2024-06-15,16,0
GM04576,2023-08-04,332,1
GM04577,2024-06-18,13,0
GM04578,2023-11-17,227,1
GM04579,2024-06-07,24,0
GM04580,2024-02-10,142,0
GM04581,2024-05-16,46,0
GM04582,2024-03-31,92,0
GM04583,2024-04-25,67,0
GM04584,2024-05-11,51,0
GM04585,2024-06-17,14,0
GM04586,2023-10-30,245,1
GM04587,2023-04-29,429,1
GM04588,2024-05-06,56,0
GM04589,2024-04-20,72,0
GM04590,2024-04-13,79,0
GM04591,2024-02-10,142,0
GM04592,2022-08-25,676,1
GM04593,2024-04-26,66,0
GM04594,2024-05-17,45,0
GM04595,2024-03-19,104,0
GM04596,2024-02-18,134,0
GM04597,2022-11-30,579,1
GM04598,2024-06-08,23,0
GM04599,2024-04-14,78,0
GM04600,2024-05-01,61,0
GM04601,2023-08-11,325,1
GM04602,2023-10-24,251,1
GM04603,2024-05-09,53,0
GM04604,2024-01-26,157,0
GM04605,2024-03-03,120,0
GM04606,2024-06-18,13,0
GM04607,2024-01-07,176,0
GM04608,2023-08-26,310,1
GM04609,2024-04-18,74,0
GM04610,2024-02-23,129,0
GM04611,2024-06-14,17,0
GM04612,2024-05-21,41,0
GM04613,2024-03-16,107,0
GM04614,2024-05-01,61,0
GM04615,2023-12-17,197,1
GM04616,2024-05-30,32,0
GM04617,2023-10-21,254,1
GM04618,2024-04-20,72,0
GM04619,2023-03-22,467,1
GM04620,2023-12-31,183,1
GM04621,2024-06-14,17,0
GM04622,2024-05-05,57,0
GM04623,2024-05-25,37,0
GM04624,2023-07-17,350,1
GM04625,2024-05-31,31,0
GM04626,2024-04-28,64,0
GM04627,2024-06-13,18,0
GM04628,2024-06-02,29,0
GM04629,2024-02-22,130,0
GM04630,2024-05-17,45,0
GM04631,2024-05-24,38,0
GM04632,2024-05-24,38,0
GM04633,2023-12-05,209,1
GM04634,2024-05-08,54,0
GM04635,2024-05-02,60,0
GM04636,2024-05-24,38,0
GM04637,2022-09-27,643,1
GM04638,2024-04-27,65,0
GM04639,2024-05-25,37,0
GM04640,2022-10-14,626,1
GM04641,2024-05-03,59,0
GM04642,2024-06-08,23,0
GM04643,2024-05-05,57,0
GM04644,2024-05-31,31,0
GM04645,2024-04-12,80,0
GM04646,2024-05-25,37,0
GM04647,2024-04-18,74,0
GM04648,2024-03-31,92,0
GM04649,2023-11-19,225,1
GM04650,2024-03-07,116,0
GM04651,2024-06-10,21,0
GM04652,2024-03-03,120,0
GM04653,2024-03-01,122,0
GM04654,2024-06-02,29,0
GM04655,2024-06-06,25,0
GM04656,2024-05-14,48,0
GM04657,2024-05-20,42,0
GM04658,2024-06-03,28,0
GM04659,2024-04-21,71,0
GM04660,2024-04-28,64,0
GM04661,2024-01-17,166,0
GM04662,2023-12-15,199,1
GM04663,2024-05-27,35,0
GM04664,2024-06-04,27,0
GM04665,2024-05-30,32,0
GM04666,2024-06-02,29,0
GM04667,2024-06-15,16,0
GM04668,2024-06-14,17,0
GM04669,2024-05-31,31,0
GM04670,2024-04-27,65,0
GM04671,2024-06-16,15,0
GM04672,2024-03-31,92,0
GM04673,2024-03-19,104,0
GM04674,2024-04-24,68,0
GM04675,2024-04-14,78,0
GM04676,2024-05-31,31,0
GM04677,2024-01-15,168,0
GM04678,2024-03-07,116,0
GM04679,2024-05-17,45,0
GM04680,2024-01-10,173,0
GM04681,2024-04-19,73,0
GM04682,2024-05-28,34,0
GM04683,2023-12-30,184,1
GM04684,2024-05-05,57,0
GM04685,2024-05-14,48,0
GM04686,2024-05-15,47,0
GM04687,2024-02-09,143,0
GM04688,2024-06-09,22,0
GM04689,2024-02-02,150,0
GM04690,2024-05-06,56,0
GM04691,2024-05-28,34,0
GM04692,2024-06-17,14,0
GM04693,2024-03-15,108,0
GM04694,2022-09-02,668,1
GM04695,2023-12-27,187,1
GM04696,2024-06-11,20,0
GM04697,2024-05-13,49,0
GM04698,2023-07-22,345,1
GM04699,2024-03-05,118,0
GM04700,2024-05-27,35,0
GM04701,2024-06-05,26,0
GM04702,2022-04-12,811,1
GM04703,2024-05-05,57,0
GM04704,2024-04-21,71,0
GM04705,2024-06-07,24,0
GM04706,2024-05-15,47,0
GM04707,2024-03-23,100,0
GM04708,2023-06-02,395,1
GM04709,2024-03-02,121,0
GM04710,2024-03-24,99,0
GM04711,2023-07-31,336,1
GM04712,2023-06-23,374,1
GM04713,2023-12-27,187,1
GM04714,2024-05-12,50,0
GM04715,2024-05-29,33,0
GM04716,2024-06-11,20,0
GM04717,2024-01-14,169,0
GM04718,2023-08-05,331,1
GM04719,2024-06-18,13,0
GM04720,2024-05-24,38,0
GM04721,2023-11-28,216,1
GM04722,2024-03-08,115,0
GM04723,2024-01-25,158,0
GM04724,2024-02-05,147,0
GM04725,2024-01-30,153,0
GM04726,2024-05-30,32,0
GM04727,2024-03-28,95,0
GM04728,2024-04-07,85,0
GM04729,2024-05-19,43,0
GM04730,2023-12-06,208,1
GM04731,2024-06-05,26,0
GM04732,2024-05-04,58,0
GM04733,2024-05-30,32,0
GM04734,2022-10-16,624,1
GM04735,2024-06-12,19,0
GM04736,2024-05-24,38,0
GM04737,2024-06-05,26,0
GM04738,2024-04-23,69,0
GM04739,2024-03-20,103,0
GM04740,2024-04-30,62,0
GM04741,2024-05-23,39,0
GM04742,2023-10-07,268,1
GM04743,2024-06-07,24,0
GM04744,2024-03-24,99,0
GM04745,2024-06-09,22,0
GM04746,2023-11-07,237,1
GM04747,2023-08-10,326,1
GM04748,2023-09-27,278,1
GM04749,2024-02-13,139,0
GM04750,2024-06-01,30,0
GM04751,2024-04-02,90,0
GM04752,2023-09-26,279,1
GM04753,2024-05-11,51,0
GM04754,2023-12-16,198,1
GM04755,2024-04-26,66,0
GM04756,2024-06-02,29,0
GM04757,2023-10-16,259,1
GM04758,2024-04-19,73,0
GM04759,2024-05-08,54,0
GM04760,2024-05-24,38,0
GM04761,2023-09-11,294,1
GM04762,2024-05-19,43,0
GM04763,2024-01-31,152,0
GM04764,2024-06-08,23,0
GM04765,2024-03-17,106,0
GM04766,2024-04-21,71,0
GM04767,2024-04-29,63,0
GM04768,2024-02-15,137,0
GM04769,2023-10-03,272,1
GM04770,2024-06-14,17,0
GM04771,2024-04-30,62,0
GM04772,2024-01-31,152,0
GM04773,2024-04-23,69,0
GM04774,2024-02-21,131,0
GM04775,2024-06-17,14,0
GM04776,2024-01-09,174,0
GM04777,2024-05-22,40,0
GM04778,2023-12-17,197,1
GM04779,2024-03-16,107,0
GM04780,2024-03-18,105,0
GM04781,2024-06-09,22,0
GM04782,2024-05-12,50,0
GM04783,2024-04-04,88,0
GM04784,2024-06-02,29,0
GM04785,2024-06-01,30,0
GM04786,2024-06-01,30,0
GM04787,2023-02-02,515,1
GM04788,2024-05-27,35,0
GM04789,2024-05-03,59,0
GM04790,2024-06-05,26,0
GM04791,2024-03-07,116,0
GM04792,2022-01-31,882,1
GM04793,2024-06-15,16,0
GM04794,2024-02-09,143,0
GM04795,2023-11-28,216,1
GM04796,2024-04-21,71,0
GM04797,2024-04-23,69,0
GM04798,2024-06-07,24,0
GM04799,2024-04-03,89,0
GM04800,2024-05-14,48,0
GM04801,2024-02-16,136,0
GM04802,2023-12-16,198,1
GM04803,2024-05-17,45,0
GM04804,2024-06-16,15,0
GM04805,2023-12-28,186,1
GM04806,2024-03-24,99,0
GM04807,2024-04-04,88,0
GM04808,2024-05-26,36,0
GM04809,2024-05-29,33,0
GM04810,2023-12-18,196,1
GM04811,2024-03-27,96,0
GM04812,2023-05-20,408,1
GM04813,2024-03-26,97,0
GM04814,2024-06-06,25,0
GM04815,2024-04-12,80,0
GM04816,2023-05-08,420,1
GM04817,2024-03-06,117,0
GM04818,2024-01-26,157,0
GM04819,2024-06-14,17,0
GM04820,2023-08-11,325,1
GM04821,2024-06-05,26,0
GM04822,2024-04-30,62,0
GM04823,2023-11-30,214,1
GM04824,2024-04-18,74,0
GM04825,2024-01-27,156,0
GM04826,2024-06-07,24,0
GM04827,2024-05-16,46,0
GM04828,2024-04-27,65,0
GM04829,2024-04-12,80,0
GM04830,2024-06-18,13,0
GM04831,2024-03-14,109,0
GM04832,2024-03-08,115,0
GM04833,2024-05-01,61,0
GM04834,2024-02-12,140,0
GM04835,2024-06-17,14,0
GM04836,2023-07-31,336,1
GM04837,2024-02-16,136,0
GM04838,2023-05-15,413,1
GM04839,2023-05-27,401,1
GM04840,2024-01-06,177,0
GM04841,2024-05-10,52,0
GM04842,2023-04-06,452,1
GM04843,2024-03-07,116,0
GM04844,2023-12-13,201,1
GM04845,2024-06-09,22,0
GM04846,2024-06-08,23,0
GM04847,2024-06-07,24,0
GM04848,2024-04-30,62,0
GM04849,2024-02-27,125,0
GM04850,2024-06-04,27,0
GM04851,2023-06-23,374,1
GM04852,2024-06-06,25,0
GM04853,2023-08-22,314,1
GM04854,2024-05-08,54,0
GM04855,2024-03-10,113,0
GM04856,2023-06-19,378,1
GM04857,2024-03-16,107,0
GM04858,2024-05-22,40,0
GM04859,2024-03-29,94,0
GM04860,2024-05-30,32,0
GM04861,2024-05-23,39,0
GM04862,2023-06-21,376,1
GM04863,2024-01-17,166,0
GM04864,2024-05-26,36,0
GM04865,2024-06-17,14,0
GM04866,2024-06-03,28,0
GM04867,2024-03-06,117,0
GM04868,2024-01-31,152,0
GM04869,2023-05-30,398,1
GM04870,2024-04-17,75,0
GM04871,2024-01-16,167,0
GM04872,2024-03-13,110,0
GM04873,2024-05-19,43,0
GM04874,2024-02-19,133,0
GM04875,2024-05-20,42,0
GM04876,2024-05-12,50,0
GM04877,2024-05-15,47,0
GM04878,2024-03-01,122,0
GM04879,2024-06-03,28,0
GM04880,2024-06-14,17,0
GM04881,2024-06-06,25,0
GM04882,2024-03-10,113,0
GM04883,2024-04-23,69,0
GM04884,2024-02-28,124,0
GM04885,2024-03-21,102,0
GM04886,2024-01-06,177,0
GM04887,2023-01-20,528,1
GM04888,2024-02-23,129,0
GM04889,2024-03-27,96,0
GM04890,2024-03-12,111,0
GM04891,2023-03-13,476,1
GM04892,2024-02-13,139,0
GM04893,2024-03-10,113,0
GM04894,2023-12-18,196,1
GM04895,2024-05-23,39,0
GM04896,2024-06-08,23,0
GM04897,2024-05-10,52,0
GM04898,2024-03-26,97,0
GM04899,2024-04-04,88,0
GM04900,2023-05-06,422,1
GM04901,2024-03-25,98,0
GM04902,2024-05-02,60,0
GM04903,2024-04-11,81,0
GM04904,2023-07-24,343,1
GM04905,2024-03-13,110,0
GM04906,2024-05-29,33,0
GM04907,2024-03-26,97,0
GM04908,2024-06-08,23,0
GM04909,2023-09-10,295,1
GM04910,2024-04-12,80,0
GM04911,2024-06-02,29,0
GM04912,2024-06-18,13,0
GM04913,2024-03-26,97,0
GM04914,2024-05-13,49,0
GM04915,2024-04-21,71,0
GM04916,2024-05-11,51,0
GM04917,2024-04-02,90,0
GM04918,2024-03-21,102,0
GM04919,2024-04-06,86,0
GM04920,2024-01-02,181,1
GM04921,2024-03-17,106,0
GM04922,2024-04-19,73,0
GM04923,2022-12-20,559,1
GM04924,2024-05-28,34,0
GM04925,2023-11-13,231,1
GM04926,2024-03-29,94,0
GM04927,2024-05-17,45,0
GM04928,2024-04-18,74,0
GM04929,2024-06-11,20,0
GM04930,2024-05-28,34,0
GM04931,2024-01-30,153,0
GM04932,2024-05-01,61,0
GM04933,2024-03-17,106,0
GM04934,2024-06-06,25,0
GM04935,2024-06-13,18,0
GM04936,2024-02-20,132,0
GM04937,2024-05-07,55,0
GM04938,2024-04-16,76,0
GM04939,2024-05-21,41,0
GM04940,2024-04-25,67,0
GM04941,2023-11-21,223,1
GM04942,2024-05-25,37,0
GM04943,2024-04-12,80,0
GM04944,2024-06-06,25,0
GM04945,2024-06-17,14,0
GM04946,2022-05-06,787,1
GM04947,2024-04-15,77,0
GM04948,2024-05-23,39,0
GM04949,2024-06-08,23,0
GM04950,2024-04-18,74,0
GM04951,2022-12-12,567,1
GM04952,2024-06-14,17,0
GM04953,2024-05-21,41,0
GM04954,2024-05-08,54,0
GM04955,2023-08-06,330,1
GM04956,2024-05-20,42,0
GM04957,2024-02-06,146,0
GM04958,2024-06-03,28,0
GM04959,2024-03-15,108,0
GM04960,2024-05-27,35,0
GM04961,2024-06-04,27,0
GM04962,2024-06-08,23,0
GM04963,2024-05-22,40,0
GM04964,2024-05-17,45,0
GM04965,2024-05-14,48,0
GM04966,2024-05-13,49,0
GM04967,2024-04-14,78,0
GM04968,2024-03-19,104,0
GM04969,2024-01-17,166,0
GM04970,2024-02-14,138,0
GM04971,2024-03-30,93,0
GM04972,2024-01-02,181,1
GM04973,2024-06-14,17,0
GM04974,2024-02-26,126,0
GM04975,2024-06-17,14,0
GM04976,2024-05-26,36,0
GM04977,2024-05-21,41,0
GM04978,2023-08-11,325,1
GM04979,2023-09-28,277,1
GM04980,2024-05-14,48,0
GM04981,2024-05-05,57,0
GM04982,2024-04-26,66,0
GM04983,2024-06-05,26,0
GM04984,2024-05-13,49,0
GM04985,2024-04-28,64,0
GM04986,2024-05-14,48,0
GM04987,2024-06-16,15,0
GM04988,2024-05-24,38,0
GM04989,2024-06-12,19,0
GM04990,2024-02-27,125,0
GM04991,2024-06-08,23,0
GM04992,2023-12-18,196,1
GM04993,2024-05-28,34,0
GM04994,2024-06-16,15,0
GM04995,2024-05-28,34,0
GM04996,2024-05-09,53,0
GM04997,2023-11-15,229,1
GM04998,2024-02-21,131,0
GM04999,2024-04-28,64,0
GM05000,2024-05-19,43,0
