customer_id,region,city,age,gender,segment,signup_date,preferred_channel,preferred_category
GM00001,MENA,Dubai,68,F,Standard,2020-07-12,Mobile App,Beauty
GM00002,Southeast Asia,Singapore,57,M,Standard,2023-05-04,Online,Beauty
GM00003,North America,Los Angeles,24,F,Standard,2023-11-24,Mobile App,Home & Garden
GM00004,North America,Toronto,49,F,Standard,2020-02-26,Online,Sports
GM00005,Europe,Berlin,65,F,Budget,2020-07-31,In-Store,Home & Garden
GM00006,Europe,Berlin,36,F,Budget,2023-07-26,In-Store,Beauty
GM00007,Central Asia,Astana,23,M,Standard,2023-11-04,Online,Home & Garden
GM00008,Southeast Asia,Singapore,37,M,Budget,2020-04-26,Mobile App,Electronics
GM00009,North America,Chicago,44,F,Premium,2024-01-14,Online,Sports
GM00010,North America,New York,70,M,Premium,2021-08-21,In-Store,Home & Garden
GM00011,Central Asia,Astana,60,M,Budget,2021-02-13,Online,Beauty
GM00012,Southeast Asia,Singapore,54,M,Premium,2023-10-22,Mobile App,Home & Garden
GM00013,North America,Toronto,65,F,Premium,2022-03-22,Online,Home & Garden
GM00014,Europe,Berlin,24,M,Standard,2022-07-17,Mobile App,Fashion
GM00015,Europe,Warsaw,22,M,Standard,2023-02-10,Mobile App,Home & Garden
GM00016,Europe,Warsaw,28,M,Standard,2023-04-02,Mobile App,Electronics
GM00017,Europe,London,32,M,Standard,2020-01-04,Online,Beauty
GM00018,MENA,Riyadh,20,F,Standard,2020-01-23,In-Store,Food & Grocery
GM00019,MENA,Istanbul,22,Other,Standard,2022-07-09,Online,Fashion
GM00020,Europe,Berlin,40,F,Budget,2022-01-14,Mobile App,Food & Grocery
GM00021,North America,Chicago,70,M,Budget,2021-08-24,Mobile App,Home & Garden
GM00022,Europe,Warsaw,54,F,Standard,2022-09-14,In-Store,Sports
GM00023,Europe,Paris,26,F,Budget,2023-01-20,Mobile App,Electronics
GM00024,Europe,London,32,M,Standard,2021-04-13,Online,Electronics
GM00025,MENA,Riyadh,20,F,Premium,2022-08-27,In-Store,Electronics
GM00026,North America,Chicago,46,F,Premium,2023-03-24,Online,Fashion
GM00027,Europe,Paris,23,F,Premium,2021-09-18,Call Center,Home & Garden
GM00028,MENA,Cairo,34,F,Standard,2020-07-25,Mobile App,Electronics
GM00029,North America,Toronto,43,M,Premium,2022-10-10,Mobile App,Home & Garden
GM00030,Central Asia,Almaty,38,M,Standard,2020-03-21,Mobile App,Sports
GM00031,North America,Los Angeles,25,F,Premium,2021-09-06,Online,Home & Garden
GM00032,Europe,London,38,M,Budget,2021-04-27,Mobile App,Food & Grocery
GM00033,Central Asia,Astana,28,M,Standard,2021-08-14,Online,Home & Garden
GM00034,Southeast Asia,Manila,55,F,Budget,2023-12-01,Mobile App,Home & Garden
GM00035,Southeast Asia,Singapore,25,F,Budget,2023-01-31,Mobile App,Beauty
GM00036,North America,Los Angeles,59,M,Premium,2023-06-17,Online,Food & Grocery
GM00037,Europe,Paris,41,F,Standard,2023-07-12,Online,Fashion
GM00038,Central Asia,Tashkent,52,F,Premium,2020-02-02,Online,Home & Garden
GM00039,North America,New York,31,F,Budget,2020-02-04,Call Center,Electronics
GM00040,MENA,Istanbul,31,M,Standard,2023-06-26,Online,Beauty
GM00041,Europe,Warsaw,27,M,Premium,2022-09-26,In-Store,Home & Garden
GM00042,MENA,Dubai,29,M,Premium,2022-12-09,Mobile App,Beauty
GM00043,Central Asia,Bishkek,55,M,Standard,2020-10-06,Online,Fashion
GM00044,Southeast Asia,Singapore,61,M,Budget,2020-05-31,In-Store,Beauty
GM00045,Europe,Warsaw,63,M,Standard,2021-12-01,In-Store,Electronics
GM00046,North America,Los Angeles,51,M,Budget,2022-01-04,Online,Home & Garden
GM00047,Europe,Warsaw,58,F,Standard,2022-10-15,Mobile App,Electronics
GM00048,MENA,Cairo,27,M,Premium,2023-06-07,Online,Sports
GM00049,MENA,Riyadh,34,F,Budget,2021-10-26,Online,Beauty
GM00050,Europe,London,34,F,Premium,2022-07-11,In-Store,Beauty
GM00051,Southeast Asia,Singapore,20,M,Budget,2023-08-04,In-Store,Beauty
GM00052,North America,Toronto,48,F,Standard,2023-11-19,Mobile App,Food & Grocery
GM00053,Southeast Asia,Jakarta,68,F,Premium,2021-03-28,Mobile App,Fashion
GM00054,Southeast Asia,Singapore,18,M,Standard,2021-09-11,In-Store,Food & Grocery
GM00055,North America,Toronto,29,F,Budget,2022-11-22,Online,Electronics
GM00056,Southeast Asia,Singapore,56,M,Budget,2023-10-18,Online,Sports
GM00057,Central Asia,Bishkek,21,F,Premium,2023-02-08,Online,Fashion
GM00058,Europe,Paris,59,M,Premium,2023-02-18,In-Store,Fashion
GM00059,Central Asia,Bishkek,30,F,Standard,2020-01-16,Mobile App,Home & Garden
GM00060,Europe,Paris,51,M,Standard,2022-01-08,Online,Sports
GM00061,MENA,Riyadh,59,F,Standard,2021-12-15,Online,Beauty
GM00062,Europe,Paris,38,M,Premium,2021-12-14,In-Store,Food & Grocery
GM00063,North America,Los Angeles,39,F,Budget,2020-04-07,Online,Beauty
GM00064,Europe,Berlin,21,F,Standard,2020-04-25,Mobile App,Home & Garden
GM00065,Europe,Paris,35,M,Budget,2022-08-22,In-Store,Food & Grocery
GM00066,MENA,Dubai,22,F,Standard,2024-02-03,In-Store,Beauty
GM00067,Europe,Warsaw,36,M,Standard,2024-01-02,Online,Electronics
GM00068,North America,Toronto,19,F,Budget,2023-07-28,Mobile App,Beauty
GM00069,Central Asia,Almaty,29,F,Standard,2020-12-14,Online,Food & Grocery
GM00070,Southeast Asia,Bangkok,34,F,Budget,2020-08-19,Mobile App,Electronics
GM00071,North America,Chicago,27,F,Budget,2023-02-08,Online,Home & Garden
GM00072,Europe,Amsterdam,51,M,Standard,2023-10-07,Mobile App,Home & Garden
GM00073,Central Asia,Tashkent,23,M,Standard,2022-11-01,Mobile App,Electronics
GM00074,North America,Toronto,25,M,Premium,2022-09-10,Online,Food & Grocery
GM00075,North America,Los Angeles,68,F,Premium,2021-09-30,Mobile App,Food & Grocery
GM00076,North America,New York,28,M,Standard,2020-10-11,In-Store,Beauty
GM00077,North America,Toronto,29,F,Premium,2021-09-27,Online,Home & Garden
GM00078,Central Asia,Astana,26,F,Standard,2021-06-28,Online,Home & Garden
GM00079,Europe,Paris,19,M,Standard,2021-01-26,In-Store,Electronics
GM00080,Central Asia,Bishkek,25,F,Standard,2023-04-08,In-Store,Home & Garden
GM00081,Southeast Asia,Jakarta,28,M,Standard,2020-03-17,Mobile App,Beauty
GM00082,North America,New York,70,M,Premium,2020-10-23,Mobile App,Home & Garden
GM00083,Europe,Berlin,53,F,Premium,2020-11-25,In-Store,Electronics
GM00084,Central Asia,Tashkent,27,M,Standard,2022-12-22,Mobile App,Beauty
GM00085,Europe,Berlin,38,M,Standard,2020-09-26,In-Store,Sports
GM00086,Europe,Amsterdam,37,F,Standard,2020-08-03,Online,Electronics
GM00087,North America,Chicago,65,M,Standard,2023-04-28,Mobile App,Sports
GM00088,North America,Chicago,25,Other,Budget,2023-01-03,Online,Home & Garden
GM00089,Southeast Asia,Bangkok,53,Other,Standard,2021-05-24,Online,Beauty
GM00090,MENA,Cairo,46,M,Standard,2021-08-01,Mobile App,Home & Garden
GM00091,Central Asia,Almaty,59,M,Budget,2023-01-21,In-Store,Beauty
GM00092,North America,Toronto,29,F,Budget,2022-12-12,Online,Fashion
GM00093,North America,Los Angeles,31,M,Standard,2021-05-10,Online,Home & Garden
GM00094,North America,Chicago,65,M,Standard,2022-08-05,In-Store,Home & Garden
GM00095,North America,Chicago,71,F,Premium,2020-04-03,Call Center,Home & Garden
GM00096,MENA,Cairo,67,M,Standard,2021-09-16,In-Store,Food & Grocery
GM00097,MENA,Riyadh,38,F,Budget,2020-08-16,In-Store,Electronics
GM00098,MENA,Riyadh,39,M,Standard,2020-09-06,Online,Food & Grocery
GM00099,Central Asia,Bishkek,38,M,Budget,2023-11-15,Online,Beauty
GM00100,Central Asia,Astana,61,M,Standard,2021-12-21,Online,Beauty
GM00101,Central Asia,Astana,67,F,Budget,2022-09-06,Online,Beauty
GM00102,North America,New York,47,F,Standard,2020-06-30,In-Store,Electronics
GM00103,Europe,Berlin,56,F,Premium,2020-09-23,Online,Beauty
GM00104,MENA,Riyadh,37,M,Standard,2022-09-30,Online,Food & Grocery
GM00105,Southeast Asia,Manila,41,M,Standard,2020-10-07,Mobile App,Food & Grocery
GM00106,Europe,Warsaw,40,M,Premium,2022-08-19,Mobile App,Home & Garden
GM00107,MENA,Dubai,24,F,Budget,2021-10-28,Mobile App,Sports
GM00108,North America,Chicago,26,F,Standard,2023-01-11,In-Store,Fashion
GM00109,Europe,Amsterdam,18,F,Budget,2023-04-24,Online,Beauty
GM00110,Central Asia,Bishkek,43,M,Standard,2021-06-14,Mobile App,Electronics
GM00111,Europe,Warsaw,55,F,Premium,2023-10-03,Online,Electronics
GM00112,Europe,Paris,55,M,Budget,2021-02-26,In-Store,Beauty
GM00113,Southeast Asia,Singapore,71,F,Standard,2022-09-07,Mobile App,Sports
GM00114,North America,New York,61,M,Standard,2021-03-29,Mobile App,Food & Grocery
GM00115,North America,Los Angeles,39,F,Standard,2020-09-23,Call Center,Beauty
GM00116,Southeast Asia,Jakarta,61,M,Standard,2021-05-21,Mobile App,Electronics
GM00117,North America,New York,27,M,Budget,2023-03-11,In-Store,Fashion
GM00118,Europe,Paris,23,F,Standard,2020-11-11,Online,Sports
GM00119,Southeast Asia,Manila,34,M,Standard,2022-02-02,Mobile App,Beauty
GM00120,MENA,Riyadh,68,M,Budget,2023-06-09,Online,Fashion
GM00121,North America,Chicago,67,F,Premium,2023-08-13,Mobile App,Beauty
GM00122,Southeast Asia,Singapore,55,F,Standard,2022-06-16,Online,Sports
GM00123,Europe,Paris,41,F,Budget,2022-08-10,Online,Electronics
GM00124,Central Asia,Almaty,68,M,Standard,2022-05-24,Mobile App,Food & Grocery
GM00125,Europe,Warsaw,27,F,Budget,2022-07-04,Online,Food & Grocery
GM00126,MENA,Dubai,25,F,Standard,2020-01-22,Mobile App,Sports
GM00127,North America,Los Angeles,38,M,Budget,2021-01-18,Online,Home & Garden
GM00128,Southeast Asia,Bangkok,23,F,Budget,2023-02-23,Mobile App,Food & Grocery
GM00129,Central Asia,Almaty,38,M,Standard,2020-04-12,In-Store,Beauty
GM00130,MENA,Cairo,56,M,Premium,2022-06-18,In-Store,Fashion
GM00131,MENA,Riyadh,41,M,Standard,2022-01-02,Online,Fashion
GM00132,Europe,Warsaw,50,M,Standard,2020-04-19,Online,Food & Grocery
GM00133,Central Asia,Astana,35,F,Standard,2024-02-04,Mobile App,Sports
GM00134,Europe,Warsaw,45,F,Premium,2022-12-24,Online,Sports
GM00135,Southeast Asia,Jakarta,69,F,Standard,2024-02-04,Online,Sports
GM00136,Europe,Amsterdam,49,F,Budget,2021-10-31,In-Store,Fashion
GM00137,MENA,Dubai,29,M,Standard,2023-01-04,In-Store,Electronics
GM00138,North America,New York,65,F,Standard,2022-11-08,Online,Fashion
GM00139,Europe,Paris,59,F,Premium,2021-01-18,Online,Electronics
GM00140,Southeast Asia,Jakarta,44,M,Standard,2020-07-08,Online,Sports
GM00141,Southeast Asia,Bangkok,27,F,Premium,2022-01-31,Mobile App,Home & Garden
GM00142,Europe,London,63,Other,Premium,2020-12-25,Online,Fashion
GM00143,MENA,Riyadh,69,F,Budget,2022-05-24,Call Center,Sports
GM00144,Europe,Warsaw,59,F,Budget,2022-06-04,Online,Fashion
GM00145,Europe,London,49,M,Premium,2024-01-15,Online,Sports
GM00146,Central Asia,Astana,59,M,Premium,2020-03-19,In-Store,Fashion
GM00147,North America,Chicago,43,M,Standard,2021-08-18,Online,Beauty
GM00148,MENA,Dubai,42,F,Standard,2023-04-10,In-Store,Fashion
GM00149,Central Asia,Almaty,28,F,Standard,2023-05-20,Mobile App,Beauty
GM00150,Europe,Berlin,40,Other,Standard,2022-06-04,Online,Electronics
GM00151,Southeast Asia,Manila,51,M,Standard,2022-10-11,Mobile App,Fashion
GM00152,Europe,Warsaw,69,M,Budget,2024-01-08,Online,Electronics
GM00153,Europe,Berlin,57,F,Standard,2020-05-28,Online,Home & Garden
GM00154,MENA,Cairo,40,F,Standard,2020-01-10,Online,Food & Grocery
GM00155,Southeast Asia,Manila,46,M,Standard,2022-03-02,Mobile App,Food & Grocery
GM00156,Europe,Berlin,48,F,Budget,2022-12-14,Online,Beauty
GM00157,North America,Toronto,24,F,Budget,2022-05-21,Mobile App,Fashion
GM00158,North America,Los Angeles,57,F,Premium,2020-06-28,In-Store,Food & Grocery
GM00159,Europe,Amsterdam,50,F,Standard,2022-01-13,Online,Electronics
GM00160,North America,Los Angeles,38,M,Standard,2021-01-15,In-Store,Food & Grocery
GM00161,Europe,Amsterdam,19,Other,Premium,2023-12-16,Mobile App,Food & Grocery
GM00162,North America,Chicago,35,F,Standard,2021-03-26,Mobile App,Sports
GM00163,North America,New York,64,M,Standard,2023-01-21,In-Store,Food & Grocery
GM00164,MENA,Riyadh,50,M,Standard,2023-12-07,Mobile App,Electronics
GM00165,Central Asia,Almaty,54,F,Standard,2021-01-28,Online,Food & Grocery
GM00166,North America,New York,51,M,Standard,2022-08-22,Mobile App,Fashion
GM00167,Europe,Paris,37,M,Budget,2023-09-16,Mobile App,Food & Grocery
GM00168,Europe,London,52,F,Standard,2021-03-08,Mobile App,Home & Garden
GM00169,Central Asia,Almaty,68,M,Standard,2022-08-11,Mobile App,Food & Grocery
GM00170,North America,Toronto,67,F,Premium,2023-04-01,In-Store,Beauty
GM00171,North America,New York,71,M,Premium,2022-08-03,In-Store,Sports
GM00172,Central Asia,Astana,35,F,Standard,2022-11-29,In-Store,Electronics
GM00173,MENA,Dubai,63,M,Premium,2022-02-04,Online,Food & Grocery
GM00174,Europe,Berlin,41,M,Premium,2022-06-26,In-Store,Food & Grocery
GM00175,North America,New York,25,M,Premium,2020-03-25,Online,Fashion
GM00176,Europe,London,47,F,Standard,2022-02-22,In-Store,Fashion
GM00177,North America,Los Angeles,61,F,Standard,2022-03-26,Online,Beauty
GM00178,MENA,Dubai,70,M,Standard,2023-01-19,Online,Sports
GM00179,Southeast Asia,Bangkok,27,F,Standard,2023-11-09,Online,Electronics
GM00180,Europe,Paris,40,F,Premium,2023-05-01,Mobile App,Electronics
GM00181,Europe,Amsterdam,69,Other,Standard,2023-06-30,Online,Electronics
GM00182,Central Asia,Almaty,66,M,Standard,2023-06-21,Mobile App,Beauty
GM00183,Southeast Asia,Bangkok,28,F,Standard,2021-12-07,Online,Beauty
GM00184,Southeast Asia,Manila,19,M,Budget,2020-09-26,In-Store,Food & Grocery
GM00185,Europe,Berlin,43,M,Budget,2022-04-20,Online,Sports
GM00186,North America,Chicago,53,F,Premium,2022-11-08,Online,Electronics
GM00187,North America,Chicago,50,F,Budget,2022-11-29,In-Store,Electronics
GM00188,North America,Toronto,64,M,Premium,2021-05-30,In-Store,Food & Grocery
GM00189,MENA,Dubai,30,M,Budget,2022-11-22,Online,Sports
GM00190,Europe,London,57,F,Standard,2021-03-25,In-Store,Sports
GM00191,Central Asia,Bishkek,42,F,Standard,2021-11-15,Mobile App,Sports
GM00192,Southeast Asia,Jakarta,21,M,Premium,2021-09-16,Online,Fashion
GM00193,Southeast Asia,Manila,59,F,Premium,2022-06-03,Online,Sports
GM00194,North America,Chicago,36,M,Standard,2020-11-14,In-Store,Home & Garden
GM00195,Europe,Amsterdam,35,M,Budget,2023-02-21,Online,Beauty
GM00196,Europe,London,54,F,Standard,2023-10-27,Call Center,Sports
GM00197,North America,New York,47,M,Standard,2023-10-06,In-Store,Fashion
GM00198,Southeast Asia,Singapore,36,M,Budget,2023-09-08,In-Store,Home & Garden
GM00199,Southeast Asia,Manila,40,F,Standard,2021-05-02,In-Store,Fashion
GM00200,North America,Los Angeles,71,F,Premium,2021-03-26,In-Store,Fashion
GM00201,North America,New York,33,M,Premium,2020-12-18,Online,Food & Grocery
GM00202,Central Asia,Almaty,18,F,Standard,2023-02-13,Mobile App,Fashion
GM00203,Europe,Berlin,29,F,Standard,2022-08-12,In-Store,Fashion
GM00204,Southeast Asia,Bangkok,41,M,Premium,2022-11-02,Online,Electronics
GM00205,North America,Chicago,51,F,Premium,2020-11-15,In-Store,Beauty
GM00206,Central Asia,Almaty,70,M,Premium,2023-04-03,Online,Food & Grocery
GM00207,Central Asia,Bishkek,25,M,Budget,2020-03-25,Online,Food & Grocery
GM00208,North America,Toronto,35,F,Premium,2020-09-04,In-Store,Electronics
GM00209,Central Asia,Tashkent,65,F,Standard,2023-12-26,In-Store,Home & Garden
GM00210,Europe,Amsterdam,22,M,Standard,2021-07-21,In-Store,Electronics
GM00211,MENA,Riyadh,43,M,Standard,2021-11-14,Online,Food & Grocery
GM00212,North America,New York,47,F,Premium,2021-10-05,In-Store,Home & Garden
GM00213,North America,Chicago,71,M,Standard,2021-04-23,Online,Food & Grocery
GM00214,Europe,Warsaw,30,M,Premium,2021-12-13,In-Store,Sports
GM00215,North America,New York,36,M,Standard,2021-01-02,In-Store,Home & Garden
GM00216,Europe,London,46,F,Premium,2020-12-22,In-Store,Food & Grocery
GM00217,Europe,Warsaw,20,M,Standard,2021-02-11,Mobile App,Electronics
GM00218,North America,New York,43,M,Standard,2023-09-30,Mobile App,Food & Grocery
GM00219,North America,New York,57,F,Standard,2020-06-27,Call Center,Electronics
GM00220,North America,Toronto,29,F,Standard,2023-12-19,Call Center,Home & Garden
GM00221,North America,Toronto,19,F,Standard,2024-01-06,Mobile App,Electronics
GM00222,North America,Chicago,28,M,Budget,2023-08-22,Call Center,Home & Garden
GM00223,Central Asia,Bishkek,61,F,Standard,2021-01-01,Mobile App,Fashion
GM00224,Europe,Amsterdam,45,M,Standard,2022-11-25,Mobile App,Beauty
GM00225,Europe,Berlin,35,M,Budget,2021-04-07,Online,Home & Garden
GM00226,Europe,Amsterdam,30,F,Standard,2022-04-07,Online,Fashion
GM00227,Southeast Asia,Singapore,54,M,Standard,2023-03-15,Mobile App,Fashion
GM00228,MENA,Riyadh,39,M,Standard,2020-05-25,In-Store,Fashion
GM00229,Southeast Asia,Manila,29,M,Premium,2021-01-14,Mobile App,Fashion
GM00230,North America,New York,19,M,Premium,2020-06-16,Online,Home & Garden
GM00231,North America,Chicago,54,M,Premium,2023-07-22,Online,Electronics
GM00232,MENA,Cairo,24,Other,Premium,2020-03-27,Mobile App,Fashion
GM00233,North America,Chicago,43,M,Standard,2020-06-02,Mobile App,Sports
GM00234,MENA,Cairo,43,M,Budget,2021-05-11,Online,Fashion
GM00235,Europe,Amsterdam,41,M,Standard,2020-11-10,Mobile App,Electronics
GM00236,North America,Chicago,29,F,Budget,2021-12-23,Mobile App,Electronics
GM00237,Europe,Berlin,33,F,Budget,2023-07-21,Online,Beauty
GM00238,Central Asia,Almaty,40,M,Budget,2022-02-02,Online,Beauty
GM00239,North America,Los Angeles,57,F,Budget,2020-09-18,Online,Fashion
GM00240,Europe,Berlin,26,M,Standard,2021-05-01,Online,Fashion
GM00241,Southeast Asia,Singapore,49,M,Premium,2021-03-29,In-Store,Food & Grocery
GM00242,Southeast Asia,Singapore,32,M,Standard,2021-03-18,Online,Food & Grocery
GM00243,Southeast Asia,Jakarta,54,M,Standard,2023-07-09,Online,Beauty
GM00244,MENA,Dubai,30,M,Budget,2021-06-26,Mobile App,Fashion
GM00245,Central Asia,Astana,22,F,Budget,2023-02-02,In-Store,Food & Grocery
GM00246,Southeast Asia,Manila,28,M,Standard,2020-12-15,In-Store,Sports
GM00247,MENA,Riyadh,27,F,Standard,2022-04-03,Online,Home & Garden
GM00248,Southeast Asia,Singapore,69,M,Premium,2021-03-13,Mobile App,Beauty
GM00249,Southeast Asia,Singapore,30,M,Premium,2020-06-17,Mobile App,Beauty
GM00250,Southeast Asia,Bangkok,58,M,Standard,2023-09-28,In-Store,Electronics
GM00251,Europe,London,70,F,Standard,2023-06-07,Mobile App,Fashion
GM00252,MENA,Dubai,63,M,Budget,2020-01-23,Mobile App,Beauty
GM00253,Southeast Asia,Bangkok,67,F,Standard,2022-09-14,Mobile App,Beauty
GM00254,Europe,Amsterdam,32,M,Budget,2021-11-06,Mobile App,Food & Grocery
GM00255,Europe,London,59,M,Standard,2020-10-07,Online,Sports
GM00256,North America,Toronto,24,M,Budget,2021-12-22,Online,Fashion
GM00257,Southeast Asia,Singapore,57,M,Premium,2020-09-09,Online,Home & Garden
GM00258,North America,New York,45,M,Budget,2021-02-07,Online,Sports
GM00259,North America,Chicago,49,M,Standard,2020-05-12,Online,Home & Garden
GM00260,Central Asia,Tashkent,52,F,Premium,2023-07-21,Mobile App,Electronics
GM00261,North America,Los Angeles,32,M,Premium,2021-09-09,Online,Beauty
GM00262,Southeast Asia,Bangkok,65,F,Budget,2020-08-19,Call Center,Food & Grocery
GM00263,Europe,Paris,53,M,Premium,2021-06-28,In-Store,Sports
GM00264,MENA,Riyadh,38,F,Standard,2020-03-19,Online,Home & Garden
GM00265,Southeast Asia,Jakarta,23,F,Standard,2022-11-24,In-Store,Fashion
GM00266,North America,Chicago,18,M,Standard,2021-05-09,Online,Electronics
GM00267,North America,Toronto,21,M,Budget,2023-02-07,Call Center,Electronics
GM00268,North America,Los Angeles,28,F,Standard,2023-09-06,Mobile App,Beauty
GM00269,Europe,Amsterdam,61,F,Standard,2020-11-23,Online,Beauty
GM00270,Europe,Paris,43,M,Budget,2022-08-24,Mobile App,Home & Garden
GM00271,North America,New York,54,M,Budget,2021-11-20,Mobile App,Home & Garden
GM00272,North America,New York,40,F,Budget,2021-01-18,Online,Electronics
GM00273,Southeast Asia,Manila,46,M,Standard,2023-10-19,In-Store,Home & Garden
GM00274,Southeast Asia,Singapore,38,F,Standard,2023-06-09,In-Store,Beauty
GM00275,MENA,Dubai,65,M,Standard,2023-12-08,Online,Electronics
GM00276,MENA,Riyadh,62,M,Standard,2023-08-10,Mobile App,Electronics
GM00277,North America,Los Angeles,62,F,Premium,2021-06-30,Online,Fashion
GM00278,North America,Toronto,66,F,Standard,2023-04-12,In-Store,Fashion
GM00279,North America,Los Angeles,44,M,Premium,2021-01-26,Online,Home & Garden
GM00280,North America,New York,56,M,Standard,2023-01-30,Call Center,Home & Garden
GM00281,Southeast Asia,Bangkok,57,F,Budget,2023-08-09,Mobile App,Beauty
GM00282,Europe,Paris,30,F,Premium,2023-01-13,Online,Beauty
GM00283,MENA,Cairo,40,M,Standard,2022-06-27,Online,Fashion
GM00284,Central Asia,Almaty,33,F,Budget,2023-05-09,Online,Electronics
GM00285,North America,Chicago,47,F,Standard,2021-11-15,Mobile App,Sports
GM00286,Central Asia,Tashkent,21,F,Standard,2021-06-24,Online,Food & Grocery
GM00287,MENA,Dubai,57,F,Budget,2020-10-23,Mobile App,Food & Grocery
GM00288,MENA,Cairo,33,M,Budget,2020-02-25,Mobile App,Sports
GM00289,Europe,London,48,F,Standard,2024-02-04,In-Store,Home & Garden
GM00290,North America,Toronto,70,F,Premium,2022-11-05,Online,Food & Grocery
GM00291,Central Asia,Tashkent,59,M,Premium,2020-03-06,Online,Food & Grocery
GM00292,Central Asia,Astana,42,M,Standard,2022-08-15,In-Store,Sports
GM00293,North America,New York,61,M,Standard,2024-02-04,In-Store,Sports
GM00294,Europe,Warsaw,29,F,Standard,2022-11-12,In-Store,Fashion
GM00295,Europe,Berlin,43,M,Standard,2021-12-02,In-Store,Electronics
GM00296,MENA,Cairo,54,F,Premium,2022-01-29,Online,Beauty
GM00297,North America,Los Angeles,65,F,Standard,2021-04-30,Mobile App,Fashion
GM00298,Europe,Warsaw,50,F,Standard,2023-12-09,Online,Food & Grocery
GM00299,North America,Toronto,45,F,Standard,2022-03-31,In-Store,Beauty
GM00300,Central Asia,Tashkent,26,Other,Standard,2022-06-06,Mobile App,Fashion
GM00301,Central Asia,Almaty,29,M,Standard,2023-08-21,Online,Fashion
GM00302,MENA,Cairo,22,F,Standard,2020-06-25,Mobile App,Sports
GM00303,MENA,Istanbul,71,M,Standard,2020-07-13,Mobile App,Beauty
GM00304,North America,Los Angeles,69,F,Standard,2022-11-02,In-Store,Fashion
GM00305,North America,New York,71,M,Premium,2022-05-25,Online,Sports
GM00306,Southeast Asia,Singapore,45,Other,Standard,2020-06-14,Online,Home & Garden
GM00307,MENA,Istanbul,52,F,Premium,2023-03-19,Online,Beauty
GM00308,Europe,Paris,22,F,Premium,2023-09-26,Online,Fashion
GM00309,North America,New York,51,M,Standard,2021-07-10,Call Center,Food & Grocery
GM00310,Europe,London,63,M,Standard,2023-04-12,In-Store,Home & Garden
GM00311,MENA,Cairo,51,F,Standard,2020-06-15,Online,Sports
GM00312,Central Asia,Almaty,30,M,Standard,2021-12-09,Mobile App,Fashion
GM00313,Central Asia,Tashkent,56,F,Standard,2021-12-18,Mobile App,Food & Grocery
GM00314,Southeast Asia,Bangkok,59,M,Budget,2020-04-06,Online,Sports
GM00315,North America,Chicago,62,F,Premium,2021-11-09,Online,Sports
GM00316,North America,Chicago,65,M,Standard,2021-02-07,Online,Food & Grocery
GM00317,MENA,Dubai,31,F,Budget,2023-01-05,Call Center,Sports
GM00318,Europe,London,28,F,Budget,2023-06-14,In-Store,Beauty
GM00319,Europe,London,59,M,Premium,2020-10-17,Mobile App,Home & Garden
GM00320,Europe,Berlin,55,M,Standard,2020-05-15,Online,Home & Garden
GM00321,MENA,Dubai,21,M,Premium,2022-06-07,Mobile App,Electronics
GM00322,North America,Los Angeles,70,F,Standard,2022-05-30,Online,Fashion
GM00323,North America,Toronto,50,F,Standard,2021-01-01,Call Center,Sports
GM00324,Europe,Amsterdam,24,F,Standard,2021-07-01,Mobile App,Fashion
GM00325,Southeast Asia,Bangkok,58,F,Standard,2022-06-20,Online,Home & Garden
GM00326,North America,New York,25,M,Standard,2020-09-04,Mobile App,Home & Garden
GM00327,North America,Los Angeles,54,M,Standard,2022-02-04,Mobile App,Sports
GM00328,North America,Los Angeles,68,M,Budget,2023-05-22,Mobile App,Beauty
GM00329,MENA,Dubai,27,M,Budget,2020-03-10,Online,Food & Grocery
GM00330,Europe,Paris,60,Other,Premium,2022-01-15,In-Store,Sports
GM00331,Europe,Berlin,32,F,Standard,2022-09-22,Mobile App,Sports
GM00332,North America,Toronto,55,M,Standard,2020-11-24,Mobile App,Electronics
GM00333,Central Asia,Astana,32,F,Standard,2022-11-05,Online,Food & Grocery
GM00334,Central Asia,Tashkent,22,F,Budget,2023-04-12,Mobile App,Beauty
GM00335,Central Asia,Bishkek,46,M,Budget,2021-11-29,Online,Fashion
GM00336,Central Asia,Almaty,36,M,Standard,2022-03-16,Mobile App,Food & Grocery
GM00337,Southeast Asia,Bangkok,71,M,Standard,2020-09-30,Online,Beauty
GM00338,North America,Toronto,68,F,Standard,2021-06-07,Online,Sports
GM00339,MENA,Riyadh,27,F,Standard,2020-08-06,In-Store,Sports
GM00340,Central Asia,Bishkek,29,F,Premium,2022-10-20,In-Store,Sports
GM00341,MENA,Dubai,71,M,Standard,2021-05-27,In-Store,Sports
GM00342,MENA,Riyadh,21,M,Premium,2023-11-23,In-Store,Sports
GM00343,Europe,Paris,48,F,Standard,2023-02-08,Online,Food & Grocery
GM00344,MENA,Istanbul,35,F,Standard,2021-04-08,Online,Food & Grocery
GM00345,MENA,Riyadh,33,F,Budget,2023-01-21,Mobile App,Food & Grocery
GM00346,North America,Los Angeles,57,F,Standard,2021-03-26,Online,Beauty
GM00347,North America,Toronto,53,M,Standard,2023-11-20,In-Store,Sports
GM00348,Central Asia,Astana,42,F,Premium,2022-07-12,In-Store,Home & Garden
GM00349,MENA,Istanbul,40,F,Standard,2022-07-21,Mobile App,Food & Grocery
GM00350,North America,New York,29,M,Standard,2021-04-23,Mobile App,Home & Garden
GM00351,MENA,Istanbul,51,F,Standard,2020-11-11,Online,Electronics
GM00352,Southeast Asia,Bangkok,53,M,Budget,2021-11-01,Mobile App,Fashion
GM00353,North America,Toronto,54,M,Standard,2021-11-28,Call Center,Food & Grocery
GM00354,Europe,Amsterdam,20,M,Standard,2022-09-19,In-Store,Home & Garden
GM00355,Central Asia,Tashkent,26,M,Standard,2023-10-08,Call Center,Electronics
GM00356,North America,Los Angeles,70,M,Budget,2022-02-06,In-Store,Beauty
GM00357,Central Asia,Almaty,35,M,Budget,2023-06-16,In-Store,Fashion
GM00358,North America,Toronto,60,F,Standard,2023-02-01,Online,Sports
GM00359,Southeast Asia,Singapore,52,M,Standard,2022-06-25,In-Store,Food & Grocery
GM00360,North America,Toronto,51,M,Standard,2022-05-27,Online,Food & Grocery
GM00361,MENA,Istanbul,58,M,Premium,2022-11-18,Online,Sports
GM00362,North America,Los Angeles,31,F,Standard,2020-03-29,Online,Beauty
GM00363,MENA,Cairo,21,M,Standard,2021-01-09,Online,Fashion
GM00364,MENA,Dubai,46,M,Premium,2023-11-21,Online,Food & Grocery
GM00365,Southeast Asia,Jakarta,58,F,Premium,2020-12-29,In-Store,Home & Garden
GM00366,MENA,Cairo,62,F,Standard,2020-05-26,Online,Fashion
GM00367,Southeast Asia,Manila,67,F,Budget,2020-11-09,Call Center,Electronics
GM00368,Southeast Asia,Jakarta,32,F,Standard,2021-07-01,Online,Food & Grocery
GM00369,Europe,London,45,M,Standard,2022-03-06,In-Store,Beauty
GM00370,Central Asia,Astana,59,F,Standard,2024-01-15,Online,Home & Garden
GM00371,Central Asia,Tashkent,33,M,Standard,2022-06-17,Online,Fashion
GM00372,Central Asia,Almaty,29,M,Standard,2020-04-10,Online,Fashion
GM00373,Central Asia,Tashkent,69,M,Standard,2020-04-16,In-Store,Home & Garden
GM00374,North America,New York,22,F,Premium,2022-05-06,Mobile App,Electronics
GM00375,Central Asia,Astana,51,M,Standard,2022-07-25,Online,Electronics
GM00376,Europe,Warsaw,59,F,Standard,2020-10-17,Online,Fashion
GM00377,North America,Chicago,18,F,Standard,2023-10-04,Online,Sports
GM00378,Central Asia,Tashkent,56,M,Budget,2021-09-08,Mobile App,Home & Garden
GM00379,North America,Los Angeles,49,F,Premium,2021-08-10,Mobile App,Food & Grocery
GM00380,Europe,Amsterdam,43,F,Standard,2023-06-04,Online,Electronics
GM00381,Central Asia,Astana,34,F,Standard,2021-08-18,Online,Food & Grocery
GM00382,North America,Chicago,65,M,Budget,2022-09-03,Call Center,Electronics
GM00383,North America,Toronto,44,F,Standard,2022-12-09,Online,Electronics
GM00384,Southeast Asia,Jakarta,41,M,Standard,2022-05-17,In-Store,Beauty
GM00385,North America,New York,52,F,Budget,2022-08-27,Online,Food & Grocery
GM00386,North America,Chicago,63,F,Standard,2021-12-22,In-Store,Sports
GM00387,Europe,London,59,M,Standard,2020-06-06,Call Center,Electronics
GM00388,Europe,Warsaw,71,F,Standard,2020-11-23,Call Center,Sports
GM00389,North America,Toronto,56,F,Budget,2023-01-05,Mobile App,Fashion
GM00390,North America,Los Angeles,43,F,Premium,2022-01-04,In-Store,Fashion
GM00391,Southeast Asia,Manila,66,M,Standard,2021-09-24,In-Store,Beauty
GM00392,MENA,Dubai,55,M,Standard,2024-01-17,Online,Sports
GM00393,MENA,Cairo,40,F,Standard,2023-08-26,Call Center,Home & Garden
GM00394,North America,Los Angeles,39,F,Standard,2020-11-22,Mobile App,Beauty
GM00395,Europe,London,21,F,Standard,2021-05-22,In-Store,Electronics
GM00396,Southeast Asia,Jakarta,66,M,Premium,2022-05-19,Online,Fashion
GM00397,Southeast Asia,Jakarta,26,M,Standard,2023-02-04,In-Store,Fashion
GM00398,MENA,Istanbul,21,F,Standard,2020-08-28,Call Center,Home & Garden
GM00399,North America,Los Angeles,24,F,Budget,2021-03-10,In-Store,Beauty
GM00400,North America,Chicago,40,M,Standard,2022-11-17,Online,Sports
GM00401,Central Asia,Tashkent,19,F,Budget,2021-12-04,Online,Fashion
GM00402,Southeast Asia,Bangkok,66,F,Standard,2023-06-26,Online,Electronics
GM00403,MENA,Riyadh,41,M,Premium,2023-10-19,Mobile App,Home & Garden
GM00404,North America,Chicago,57,M,Standard,2024-02-04,Call Center,Home & Garden
GM00405,Europe,Amsterdam,48,M,Premium,2021-08-11,Mobile App,Food & Grocery
GM00406,Southeast Asia,Bangkok,64,F,Budget,2021-02-16,Mobile App,Home & Garden
GM00407,MENA,Cairo,48,M,Budget,2021-07-22,In-Store,Electronics
GM00408,Central Asia,Bishkek,64,M,Standard,2023-04-03,In-Store,Home & Garden
GM00409,Southeast Asia,Singapore,57,F,Standard,2022-09-15,In-Store,Sports
GM00410,Central Asia,Tashkent,65,M,Standard,2022-12-07,Mobile App,Food & Grocery
GM00411,Europe,Paris,68,M,Standard,2021-04-28,In-Store,Sports
GM00412,Southeast Asia,Bangkok,60,M,Standard,2023-03-27,In-Store,Beauty
GM00413,Southeast Asia,Manila,51,F,Standard,2021-10-29,Online,Beauty
GM00414,North America,Los Angeles,41,F,Standard,2020-05-30,Online,Sports
GM00415,North America,Chicago,66,M,Premium,2020-08-12,Mobile App,Electronics
GM00416,MENA,Istanbul,43,F,Budget,2023-07-07,Mobile App,Food & Grocery
GM00417,Europe,Amsterdam,33,F,Budget,2023-11-11,In-Store,Beauty
GM00418,Europe,Berlin,64,M,Standard,2020-09-12,Online,Home & Garden
GM00419,North America,Chicago,30,M,Budget,2020-03-01,Mobile App,Sports
GM00420,North America,Toronto,32,M,Standard,2021-01-30,Mobile App,Fashion
GM00421,North America,New York,44,M,Premium,2023-11-21,In-Store,Electronics
GM00422,North America,Los Angeles,21,F,Standard,2023-03-31,In-Store,Electronics
GM00423,Central Asia,Tashkent,33,F,Standard,2021-01-14,In-Store,Sports
GM00424,MENA,Dubai,47,M,Standard,2024-01-06,In-Store,Fashion
GM00425,Central Asia,Almaty,61,M,Budget,2020-12-14,Mobile App,Electronics
GM00426,MENA,Cairo,47,M,Budget,2020-01-31,Online,Food & Grocery
GM00427,MENA,Riyadh,53,F,Standard,2020-03-11,Online,Beauty
GM00428,Southeast Asia,Bangkok,20,M,Budget,2021-01-31,Online,Food & Grocery
GM00429,Europe,Berlin,39,F,Premium,2024-01-01,Online,Fashion
GM00430,Central Asia,Astana,66,M,Premium,2020-01-02,Online,Food & Grocery
GM00431,Europe,London,39,F,Standard,2022-07-17,Online,Home & Garden
GM00432,North America,Toronto,67,F,Standard,2021-07-15,Online,Beauty
GM00433,North America,Chicago,67,M,Standard,2023-03-04,Online,Fashion
GM00434,Central Asia,Astana,66,F,Standard,2020-05-25,Online,Sports
GM00435,Central Asia,Bishkek,29,Other,Standard,2020-06-27,Online,Electronics
GM00436,North America,Chicago,38,M,Premium,2020-09-20,In-Store,Beauty
GM00437,Central Asia,Almaty,21,F,Standard,2023-08-27,In-Store,Sports
GM00438,North America,Chicago,48,M,Premium,2020-07-22,Online,Fashion
GM00439,North America,Chicago,61,F,Premium,2021-11-29,In-Store,Home & Garden
GM00440,Central Asia,Bishkek,48,M,Standard,2022-11-19,Call Center,Electronics
GM00441,Central Asia,Almaty,40,F,Standard,2020-02-28,Mobile App,Electronics
GM00442,Southeast Asia,Bangkok,71,F,Budget,2022-10-29,Online,Beauty
GM00443,MENA,Dubai,70,F,Premium,2022-09-14,Mobile App,Sports
GM00444,MENA,Dubai,37,F,Premium,2023-09-09,Online,Fashion
GM00445,North America,Chicago,32,F,Standard,2020-06-15,Online,Fashion
GM00446,Southeast Asia,Bangkok,40,M,Standard,2023-09-22,Online,Sports
GM00447,Southeast Asia,Bangkok,45,F,Premium,2022-06-25,Online,Electronics
GM00448,North America,Chicago,33,F,Premium,2023-11-03,In-Store,Sports
GM00449,MENA,Dubai,54,F,Budget,2022-06-16,In-Store,Food & Grocery
GM00450,Central Asia,Almaty,38,F,Standard,2022-03-01,Mobile App,Fashion
GM00451,North America,New York,32,F,Standard,2020-08-29,Online,Sports
GM00452,North America,Chicago,34,F,Standard,2022-06-26,Online,Electronics
GM00453,MENA,Riyadh,67,M,Standard,2023-03-29,Online,Beauty
GM00454,Southeast Asia,Manila,54,M,Standard,2022-02-15,Online,Food & Grocery
GM00455,Central Asia,Tashkent,30,M,Standard,2023-06-12,Call Center,Electronics
GM00456,MENA,Istanbul,36,M,Budget,2024-01-16,Mobile App,Home & Garden
GM00457,Central Asia,Bishkek,47,F,Premium,2020-07-17,Call Center,Home & Garden
GM00458,MENA,Istanbul,62,M,Budget,2022-11-22,In-Store,Sports
GM00459,Central Asia,Almaty,35,M,Premium,2021-02-11,In-Store,Electronics
GM00460,Central Asia,Bishkek,31,Other,Standard,2023-01-17,Online,Electronics
GM00461,Central Asia,Bishkek,53,M,Premium,2020-08-08,In-Store,Fashion
GM00462,North America,Los Angeles,53,M,Premium,2022-12-28,In-Store,Beauty
GM00463,North America,Toronto,37,M,Budget,2023-08-10,Mobile App,Food & Grocery
GM00464,North America,Los Angeles,69,M,Standard,2023-06-14,In-Store,Electronics
GM00465,Southeast Asia,Manila,36,F,Premium,2023-03-29,Online,Food & Grocery
GM00466,MENA,Riyadh,62,F,Budget,2022-04-19,Mobile App,Sports
GM00467,Europe,Paris,61,F,Budget,2022-02-26,Mobile App,Fashion
GM00468,Southeast Asia,Manila,24,M,Budget,2023-08-06,In-Store,Food & Grocery
GM00469,Europe,London,61,F,Budget,2021-07-07,In-Store,Food & Grocery
GM00470,Southeast Asia,Jakarta,70,M,Standard,2021-07-31,Online,Food & Grocery
GM00471,Central Asia,Almaty,21,M,Budget,2021-06-16,In-Store,Food & Grocery
GM00472,Southeast Asia,Jakarta,51,M,Standard,2020-11-30,Online,Food & Grocery
GM00473,Central Asia,Tashkent,19,M,Budget,2022-10-17,Online,Fashion
GM00474,Southeast Asia,Jakarta,22,M,Budget,2020-09-02,In-Store,Sports
GM00475,MENA,Dubai,27,M,Standard,2023-09-08,Online,Food & Grocery
GM00476,Southeast Asia,Bangkok,49,Other,Budget,2021-09-02,Mobile App,Food & Grocery
GM00477,Central Asia,Almaty,59,M,Standard,2020-11-24,Mobile App,Sports
GM00478,North America,Toronto,58,M,Standard,2021-06-30,Online,Electronics
GM00479,Southeast Asia,Manila,30,M,Premium,2020-12-04,Mobile App,Electronics
GM00480,MENA,Riyadh,56,F,Budget,2023-04-09,In-Store,Fashion
GM00481,North America,Toronto,22,M,Standard,2023-02-07,Online,Fashion
GM00482,North America,New York,27,F,Standard,2022-09-20,In-Store,Beauty
GM00483,MENA,Istanbul,27,F,Standard,2022-03-17,In-Store,Fashion
GM00484,North America,Chicago,55,M,Budget,2022-10-30,In-Store,Sports
GM00485,North America,Los Angeles,44,M,Standard,2023-05-10,Mobile App,Food & Grocery
GM00486,Southeast Asia,Manila,68,M,Budget,2023-07-04,In-Store,Sports
GM00487,Central Asia,Bishkek,38,F,Budget,2023-07-09,Call Center,Beauty
GM00488,Europe,London,25,M,Standard,2021-11-23,In-Store,Home & Garden
GM00489,Southeast Asia,Bangkok,18,M,Standard,2021-03-05,Online,Home & Garden
GM00490,Southeast Asia,Manila,45,M,Standard,2022-12-25,In-Store,Sports
GM00491,MENA,Istanbul,66,F,Budget,2022-03-16,Online,Home & Garden
GM00492,North America,New York,56,M,Budget,2021-09-03,In-Store,Home & Garden
GM00493,Europe,Warsaw,31,M,Standard,2020-02-04,In-Store,Beauty
GM00494,Europe,Amsterdam,38,F,Budget,2021-07-10,In-Store,Food & Grocery
GM00495,MENA,Istanbul,47,F,Standard,2021-05-05,Online,Fashion
GM00496,Europe,London,38,F,Standard,2020-09-10,In-Store,Fashion
GM00497,North America,Los Angeles,66,M,Budget,2020-01-17,Online,Home & Garden
GM00498,Central Asia,Tashkent,26,F,Premium,2020-09-17,In-Store,Electronics
GM00499,Southeast Asia,Manila,34,F,Budget,2023-07-03,Mobile App,Beauty
GM00500,Southeast Asia,Manila,22,M,Standard,2021-12-28,Call Center,Food & Grocery
GM00501,North America,Toronto,48,F,Budget,2023-12-18,Online,Food & Grocery
GM00502,MENA,Istanbul,69,M,Premium,2021-05-15,In-Store,Home & Garden
GM00503,Europe,Berlin,57,F,Standard,2022-10-12,In-Store,Electronics
GM00504,North America,Los Angeles,55,M,Budget,2020-10-12,Mobile App,Electronics
GM00505,North America,Chicago,60,F,Premium,2020-01-07,In-Store,Food & Grocery
GM00506,Europe,Amsterdam,36,M,Premium,2023-05-07,Online,Beauty
GM00507,Southeast Asia,Singapore,53,F,Budget,2021-10-20,In-Store,Fashion
GM00508,North America,Chicago,67,M,Standard,2022-07-25,In-Store,Food & Grocery
GM00509,Southeast Asia,Jakarta,50,F,Budget,2023-12-12,Mobile App,Food & Grocery
GM00510,North America,Chicago,30,F,Premium,2020-02-21,Mobile App,Sports
GM00511,North America,Toronto,31,M,Standard,2020-08-30,Online,Electronics
GM00512,MENA,Istanbul,50,F,Budget,2023-05-27,Call Center,Sports
GM00513,Southeast Asia,Bangkok,46,Other,Standard,2021-06-01,Online,Sports
GM00514,Southeast Asia,Singapore,60,M,Standard,2022-08-27,Call Center,Beauty
GM00515,Central Asia,Bishkek,66,M,Standard,2020-04-18,Mobile App,Food & Grocery
GM00516,Central Asia,Astana,53,F,Budget,2023-10-06,In-Store,Fashion
GM00517,MENA,Dubai,61,M,Standard,2022-07-09,Mobile App,Beauty
GM00518,North America,Chicago,27,M,Standard,2020-03-06,Online,Electronics
GM00519,Southeast Asia,Bangkok,48,M,Premium,2022-10-30,Online,Fashion
GM00520,Europe,Amsterdam,23,M,Standard,2020-07-20,Online,Food & Grocery
GM00521,North America,Toronto,18,M,Standard,2022-06-19,Online,Home & Garden
GM00522,MENA,Dubai,24,M,Standard,2020-08-01,In-Store,Fashion
GM00523,Southeast Asia,Jakarta,44,F,Standard,2020-03-08,Online,Beauty
GM00524,North America,Chicago,38,F,Premium,2022-01-28,Mobile App,Beauty
GM00525,North America,Los Angeles,45,M,Premium,2022-05-15,In-Store,Sports
GM00526,MENA,Riyadh,33,F,Standard,2020-11-22,In-Store,Food & Grocery
GM00527,MENA,Istanbul,63,F,Standard,2022-12-09,In-Store,Home & Garden
GM00528,Europe,Paris,40,F,Budget,2022-11-06,Online,Food & Grocery
GM00529,Central Asia,Tashkent,69,M,Standard,2021-06-06,Online,Fashion
GM00530,Southeast Asia,Manila,37,M,Premium,2023-08-22,Online,Home & Garden
GM00531,North America,Los Angeles,55,F,Standard,2023-11-16,Mobile App,Food & Grocery
GM00532,Southeast Asia,Manila,71,F,Premium,2022-09-14,In-Store,Sports
GM00533,Southeast Asia,Jakarta,42,F,Budget,2023-02-21,Online,Home & Garden
GM00534,North America,New York,45,F,Budget,2022-09-30,Mobile App,Home & Garden
GM00535,North America,Chicago,22,M,Standard,2021-05-18,Online,Fashion
GM00536,Southeast Asia,Singapore,38,F,Standard,2023-06-02,In-Store,Home & Garden
GM00537,North America,New York,35,M,Standard,2022-01-25,In-Store,Sports
GM00538,Europe,Paris,64,M,Standard,2023-09-03,Mobile App,Electronics
GM00539,MENA,Riyadh,23,F,Budget,2021-04-17,Mobile App,Electronics
GM00540,Europe,London,46,M,Premium,2022-05-07,Mobile App,Beauty
GM00541,Southeast Asia,Singapore,36,M,Standard,2021-06-24,In-Store,Electronics
GM00542,North America,New York,50,F,Standard,2023-10-13,Online,Fashion
GM00543,Europe,Berlin,18,M,Standard,2022-05-18,Mobile App,Beauty
GM00544,North America,Toronto,62,Other,Standard,2022-05-27,In-Store,Electronics
GM00545,North America,New York,20,Other,Budget,2022-07-28,Online,Electronics
GM00546,Europe,Warsaw,59,F,Premium,2022-05-26,Mobile App,Beauty
GM00547,Central Asia,Almaty,38,M,Standard,2023-12-23,Online,Fashion
GM00548,North America,Toronto,52,M,Standard,2022-03-07,Online,Beauty
GM00549,MENA,Riyadh,58,M,Standard,2021-04-16,Mobile App,Fashion
GM00550,North America,Chicago,57,M,Standard,2022-04-17,In-Store,Fashion
GM00551,MENA,Dubai,20,M,Premium,2023-08-16,Online,Food & Grocery
GM00552,Southeast Asia,Bangkok,42,Other,Premium,2020-03-24,Mobile App,Sports
GM00553,North America,Chicago,62,M,Premium,2021-01-11,Mobile App,Electronics
GM00554,North America,Los Angeles,55,F,Budget,2023-08-29,Online,Food & Grocery
GM00555,Southeast Asia,Jakarta,62,M,Standard,2023-09-05,In-Store,Electronics
GM00556,MENA,Riyadh,37,F,Budget,2020-07-22,Mobile App,Food & Grocery
GM00557,Europe,Warsaw,69,F,Standard,2023-10-10,Online,Home & Garden
GM00558,Central Asia,Astana,61,M,Standard,2022-10-05,In-Store,Beauty
GM00559,North America,Toronto,62,M,Standard,2023-08-10,Online,Food & Grocery
GM00560,North America,Los Angeles,51,F,Budget,2021-05-18,Mobile App,Sports
GM00561,North America,New York,38,F,Standard,2023-03-14,Mobile App,Electronics
GM00562,Europe,Warsaw,65,F,Standard,2021-06-22,Online,Home & Garden
GM00563,Europe,London,40,M,Premium,2020-01-17,Mobile App,Sports
GM00564,Central Asia,Tashkent,23,M,Standard,2021-07-28,Mobile App,Fashion
GM00565,Europe,Warsaw,68,F,Standard,2021-07-29,Online,Electronics
GM00566,North America,Chicago,70,F,Budget,2022-10-11,In-Store,Food & Grocery
GM00567,MENA,Istanbul,30,M,Standard,2022-11-28,Online,Beauty
GM00568,MENA,Riyadh,66,F,Standard,2020-05-09,Mobile App,Sports
GM00569,Southeast Asia,Singapore,40,M,Standard,2020-04-24,In-Store,Home & Garden
GM00570,Europe,Warsaw,26,M,Standard,2024-01-13,In-Store,Beauty
GM00571,MENA,Riyadh,34,M,Premium,2022-08-07,In-Store,Fashion
GM00572,North America,New York,19,M,Budget,2022-12-04,In-Store,Beauty
GM00573,MENA,Cairo,36,F,Standard,2020-08-03,Mobile App,Home & Garden
GM00574,North America,New York,36,M,Budget,2022-04-27,In-Store,Fashion
GM00575,Southeast Asia,Singapore,24,M,Budget,2023-12-09,Mobile App,Home & Garden
GM00576,Southeast Asia,Jakarta,71,F,Standard,2021-11-19,In-Store,Electronics
GM00577,Europe,Warsaw,59,F,Standard,2022-09-29,Online,Home & Garden
GM00578,Southeast Asia,Manila,59,F,Premium,2020-09-21,Mobile App,Beauty
GM00579,MENA,Cairo,37,F,Budget,2024-01-03,In-Store,Electronics
GM00580,Europe,London,26,M,Standard,2021-09-08,In-Store,Electronics
GM00581,MENA,Cairo,34,F,Standard,2023-11-05,Call Center,Sports
GM00582,Southeast Asia,Singapore,44,F,Standard,2020-10-27,Online,Beauty
GM00583,MENA,Istanbul,64,F,Standard,2022-09-11,In-Store,Beauty
GM00584,Europe,Amsterdam,19,M,Standard,2023-04-09,Online,Fashion
GM00585,North America,New York,53,M,Standard,2021-02-09,In-Store,Home & Garden
GM00586,Europe,Amsterdam,36,F,Budget,2023-10-10,Mobile App,Food & Grocery
GM00587,Central Asia,Tashkent,34,M,Budget,2020-06-09,Call Center,Home & Garden
GM00588,Europe,Amsterdam,22,F,Standard,2020-01-26,In-Store,Beauty
GM00589,Europe,Berlin,56,F,Standard,2020-03-23,Mobile App,Home & Garden
GM00590,Europe,Amsterdam,35,F,Budget,2020-06-21,Mobile App,Beauty
GM00591,Europe,Berlin,70,F,Premium,2022-09-25,In-Store,Electronics
GM00592,North America,Los Angeles,71,F,Budget,2022-03-04,Online,Home & Garden
GM00593,Europe,Warsaw,24,M,Standard,2022-12-29,In-Store,Home & Garden
GM00594,Europe,Warsaw,34,F,Standard,2022-04-14,Call Center,Beauty
GM00595,Southeast Asia,Manila,56,F,Standard,2020-01-06,Call Center,Beauty
GM00596,MENA,Istanbul,53,M,Standard,2022-03-06,In-Store,Fashion
GM00597,North America,Chicago,57,M,Budget,2023-05-03,Mobile App,Home & Garden
GM00598,Europe,Warsaw,62,M,Premium,2021-06-08,Online,Sports
GM00599,Europe,Paris,21,F,Standard,2020-03-03,Online,Beauty
GM00600,Central Asia,Tashkent,55,M,Standard,2022-11-02,Call Center,Sports
GM00601,Europe,Berlin,42,F,Budget,2022-01-30,Online,Electronics
GM00602,Europe,London,22,M,Standard,2020-07-23,Online,Electronics
GM00603,Europe,Paris,47,M,Budget,2022-06-15,In-Store,Sports
GM00604,Central Asia,Bishkek,29,F,Standard,2020-02-09,In-Store,Food & Grocery
GM00605,Europe,Berlin,21,M,Premium,2023-04-03,In-Store,Electronics
GM00606,MENA,Istanbul,41,F,Budget,2022-11-20,Online,Sports
GM00607,Europe,Warsaw,46,F,Premium,2022-05-26,Mobile App,Fashion
GM00608,Europe,Warsaw,26,F,Standard,2022-04-04,Mobile App,Fashion
GM00609,MENA,Istanbul,21,M,Premium,2022-06-27,Online,Electronics
GM00610,North America,Los Angeles,68,F,Standard,2021-02-01,In-Store,Sports
GM00611,Central Asia,Astana,41,F,Standard,2024-01-22,Mobile App,Sports
GM00612,North America,Chicago,31,F,Standard,2023-05-31,In-Store,Sports
GM00613,North America,Los Angeles,22,F,Standard,2021-09-25,Online,Food & Grocery
GM00614,Central Asia,Almaty,35,F,Standard,2023-01-06,In-Store,Electronics
GM00615,Southeast Asia,Manila,59,F,Standard,2022-04-18,Online,Food & Grocery
GM00616,Southeast Asia,Bangkok,36,F,Standard,2021-08-22,Online,Sports
GM00617,Central Asia,Tashkent,29,M,Budget,2021-09-16,In-Store,Beauty
GM00618,Europe,Paris,35,M,Budget,2022-07-26,In-Store,Sports
GM00619,North America,Los Angeles,34,M,Premium,2022-06-02,Mobile App,Beauty
GM00620,North America,Los Angeles,47,M,Premium,2023-12-22,Mobile App,Fashion
GM00621,Europe,Warsaw,41,M,Budget,2021-02-28,Online,Beauty
GM00622,Europe,Paris,28,M,Standard,2021-01-21,Mobile App,Fashion
GM00623,MENA,Dubai,52,F,Standard,2023-06-16,Online,Electronics
GM00624,MENA,Riyadh,40,M,Budget,2022-09-30,In-Store,Food & Grocery
GM00625,North America,New York,34,F,Standard,2022-05-07,Mobile App,Food & Grocery
GM00626,Europe,Berlin,18,M,Standard,2021-09-14,In-Store,Fashion
GM00627,MENA,Istanbul,32,M,Budget,2020-03-30,In-Store,Fashion
GM00628,North America,Chicago,49,M,Standard,2021-01-19,In-Store,Sports
GM00629,Central Asia,Almaty,26,M,Premium,2023-03-08,Mobile App,Home & Garden
GM00630,Europe,Amsterdam,32,F,Premium,2022-09-23,In-Store,Fashion
GM00631,North America,Chicago,45,F,Standard,2021-10-08,Mobile App,Beauty
GM00632,Southeast Asia,Manila,41,M,Budget,2023-06-21,Call Center,Electronics
GM00633,MENA,Dubai,52,M,Standard,2021-02-25,Mobile App,Food & Grocery
GM00634,MENA,Dubai,39,M,Premium,2023-04-20,In-Store,Beauty
GM00635,Central Asia,Tashkent,44,F,Budget,2023-05-03,Online,Food & Grocery
GM00636,MENA,Riyadh,36,F,Premium,2022-05-23,Online,Electronics
GM00637,MENA,Istanbul,62,F,Premium,2020-02-22,In-Store,Beauty
GM00638,Europe,Berlin,29,F,Standard,2022-09-12,Mobile App,Food & Grocery
GM00639,Europe,Paris,37,F,Standard,2022-10-10,In-Store,Fashion
GM00640,MENA,Cairo,18,M,Standard,2021-11-15,Call Center,Home & Garden
GM00641,Central Asia,Bishkek,38,M,Budget,2020-06-27,Online,Fashion
GM00642,Europe,Warsaw,66,F,Budget,2020-10-19,Mobile App,Food & Grocery
GM00643,Europe,Warsaw,62,F,Standard,2021-01-09,In-Store,Sports
GM00644,Europe,Paris,18,F,Standard,2022-12-18,In-Store,Beauty
GM00645,Central Asia,Bishkek,27,F,Standard,2022-12-13,Mobile App,Home & Garden
GM00646,Southeast Asia,Jakarta,64,M,Standard,2023-06-22,Online,Beauty
GM00647,North America,Los Angeles,49,F,Premium,2023-03-18,Online,Sports
GM00648,North America,Chicago,56,F,Budget,2022-03-06,In-Store,Sports
GM00649,North America,Los Angeles,39,M,Premium,2023-10-23,In-Store,Sports
GM00650,MENA,Cairo,35,F,Premium,2020-01-16,Mobile App,Food & Grocery
GM00651,Central Asia,Tashkent,65,F,Standard,2020-06-24,Call Center,Fashion
GM00652,MENA,Riyadh,63,M,Standard,2023-11-30,Online,Food & Grocery
GM00653,North America,New York,49,M,Premium,2024-01-30,In-Store,Fashion
GM00654,North America,Toronto,44,M,Premium,2020-05-08,In-Store,Home & Garden
GM00655,MENA,Cairo,45,F,Standard,2023-05-31,Call Center,Sports
GM00656,Europe,London,35,M,Standard,2022-06-02,Mobile App,Fashion
GM00657,Europe,Warsaw,56,F,Standard,2023-06-21,Mobile App,Electronics
GM00658,Europe,Berlin,66,F,Standard,2021-03-01,In-Store,Electronics
GM00659,North America,Toronto,46,M,Standard,2020-12-19,Online,Fashion
GM00660,North America,Toronto,35,F,Budget,2022-01-19,Online,Home & Garden
GM00661,Europe,Amsterdam,61,Other,Standard,2022-01-13,In-Store,Beauty
GM00662,Southeast Asia,Jakarta,25,M,Premium,2023-09-11,Mobile App,Food & Grocery
GM00663,North America,Los Angeles,71,M,Standard,2022-10-23,In-Store,Sports
GM00664,Europe,London,48,F,Standard,2021-04-23,Mobile App,Fashion
GM00665,Central Asia,Almaty,51,F,Premium,2022-09-02,In-Store,Home & Garden
GM00666,Europe,Paris,24,M,Standard,2023-01-09,Mobile App,Food & Grocery
GM00667,Europe,Berlin,53,M,Premium,2020-02-13,Online,Beauty
GM00668,Europe,Paris,35,M,Premium,2020-06-03,Online,Home & Garden
GM00669,Europe,Berlin,55,Other,Standard,2022-08-04,Online,Beauty
GM00670,Europe,Paris,26,M,Standard,2022-07-16,Mobile App,Electronics
GM00671,Europe,London,26,F,Budget,2020-04-08,Online,Food & Grocery
GM00672,Southeast Asia,Bangkok,63,F,Standard,2023-11-21,Mobile App,Food & Grocery
GM00673,Central Asia,Tashkent,25,M,Standard,2020-06-19,Online,Beauty
GM00674,MENA,Dubai,68,F,Standard,2020-05-27,In-Store,Electronics
GM00675,MENA,Dubai,52,M,Standard,2020-05-02,Mobile App,Sports
GM00676,Southeast Asia,Jakarta,35,F,Premium,2020-04-21,In-Store,Fashion
GM00677,Central Asia,Almaty,22,M,Budget,2022-10-19,Online,Electronics
GM00678,MENA,Istanbul,31,F,Budget,2022-10-08,Online,Home & Garden
GM00679,Southeast Asia,Singapore,45,F,Premium,2023-02-27,Mobile App,Beauty
GM00680,Southeast Asia,Singapore,47,M,Premium,2020-03-08,In-Store,Food & Grocery
GM00681,North America,Los Angeles,21,M,Premium,2022-04-07,In-Store,Home & Garden
GM00682,Europe,Amsterdam,56,M,Standard,2022-06-10,In-Store,Food & Grocery
GM00683,Europe,Amsterdam,37,M,Standard,2023-08-02,Online,Electronics
GM00684,North America,Chicago,42,F,Budget,2022-10-25,Online,Food & Grocery
GM00685,Southeast Asia,Jakarta,45,F,Budget,2023-02-15,In-Store,Food & Grocery
GM00686,North America,Toronto,29,M,Standard,2020-08-17,Mobile App,Food & Grocery
GM00687,North America,New York,19,F,Standard,2020-06-08,Online,Food & Grocery
GM00688,Europe,Paris,60,F,Standard,2023-08-10,Mobile App,Home & Garden
GM00689,North America,Chicago,31,F,Standard,2020-07-04,Mobile App,Beauty
GM00690,Europe,London,39,M,Standard,2022-10-10,Mobile App,Fashion
GM00691,Europe,London,48,M,Standard,2022-05-26,Online,Home & Garden
GM00692,MENA,Istanbul,40,M,Standard,2021-07-05,Online,Sports
GM00693,MENA,Istanbul,65,F,Standard,2023-06-01,Mobile App,Beauty
GM00694,Europe,London,37,M,Standard,2023-03-21,Online,Beauty
GM00695,Central Asia,Astana,55,M,Standard,2023-03-09,Online,Sports
GM00696,North America,Toronto,21,M,Standard,2023-10-22,Mobile App,Electronics
GM00697,Europe,Berlin,32,F,Standard,2023-02-25,Online,Sports
GM00698,North America,Los Angeles,41,M,Standard,2023-10-06,In-Store,Electronics
GM00699,Europe,London,42,M,Standard,2020-05-26,In-Store,Fashion
GM00700,MENA,Riyadh,18,M,Standard,2023-08-01,Mobile App,Electronics
GM00701,MENA,Dubai,24,M,Premium,2024-02-01,Online,Fashion
GM00702,Central Asia,Bishkek,48,F,Standard,2023-05-26,Mobile App,Fashion
GM00703,Europe,Warsaw,29,M,Standard,2021-03-11,In-Store,Food & Grocery
GM00704,Europe,Warsaw,59,M,Budget,2022-01-01,In-Store,Food & Grocery
GM00705,Central Asia,Almaty,22,F,Standard,2023-03-14,Online,Sports
GM00706,Southeast Asia,Manila,61,M,Standard,2023-07-24,Online,Fashion
GM00707,Europe,Amsterdam,67,M,Standard,2020-02-29,In-Store,Electronics
GM00708,North America,Chicago,59,F,Premium,2022-04-22,In-Store,Home & Garden
GM00709,Europe,Paris,55,M,Budget,2023-10-30,Mobile App,Food & Grocery
GM00710,North America,Chicago,29,M,Standard,2021-02-07,In-Store,Beauty
GM00711,North America,Los Angeles,56,M,Standard,2022-05-30,In-Store,Beauty
GM00712,North America,New York,35,F,Standard,2023-02-11,In-Store,Electronics
GM00713,MENA,Dubai,19,F,Standard,2021-09-06,Mobile App,Food & Grocery
GM00714,MENA,Riyadh,27,F,Budget,2020-12-01,In-Store,Home & Garden
GM00715,Europe,Berlin,32,F,Standard,2022-04-10,Online,Fashion
GM00716,Southeast Asia,Jakarta,47,M,Standard,2020-10-11,Mobile App,Food & Grocery
GM00717,North America,New York,61,M,Budget,2020-05-08,In-Store,Electronics
GM00718,Southeast Asia,Bangkok,34,F,Budget,2020-11-10,In-Store,Fashion
GM00719,Europe,Berlin,21,F,Premium,2022-08-17,In-Store,Food & Grocery
GM00720,North America,Toronto,24,M,Premium,2020-03-11,Mobile App,Sports
GM00721,Southeast Asia,Singapore,58,F,Premium,2020-12-10,Online,Home & Garden
GM00722,Europe,Berlin,48,M,Standard,2023-01-26,Online,Beauty
GM00723,Central Asia,Astana,68,M,Budget,2023-08-16,Mobile App,Electronics
GM00724,North America,Chicago,56,M,Standard,2020-06-24,Online,Beauty
GM00725,North America,Chicago,51,M,Standard,2022-06-02,Mobile App,Fashion
GM00726,North America,Chicago,23,F,Budget,2023-01-03,Online,Fashion
GM00727,Europe,Paris,67,F,Standard,2020-05-22,Online,Sports
GM00728,North America,New York,55,M,Standard,2022-07-19,Online,Fashion
GM00729,Europe,Berlin,62,M,Budget,2022-11-12,In-Store,Fashion
GM00730,Europe,Paris,68,F,Budget,2020-06-29,In-Store,Beauty
GM00731,Europe,Paris,51,M,Budget,2022-12-04,Online,Beauty
GM00732,North America,Chicago,61,F,Standard,2024-02-01,Online,Electronics
GM00733,North America,New York,32,M,Budget,2020-04-01,Mobile App,Electronics
GM00734,MENA,Riyadh,31,F,Premium,2023-07-16,In-Store,Fashion
GM00735,Europe,Paris,23,M,Standard,2020-02-03,Mobile App,Food & Grocery
GM00736,Southeast Asia,Bangkok,67,M,Budget,2021-11-08,Mobile App,Home & Garden
GM00737,MENA,Istanbul,54,M,Standard,2023-10-19,Call Center,Electronics
GM00738,North America,New York,67,M,Budget,2023-03-02,Mobile App,Fashion
GM00739,MENA,Riyadh,49,M,Standard,2022-01-28,Online,Food & Grocery
GM00740,MENA,Riyadh,20,F,Premium,2021-01-16,Call Center,Food & Grocery
GM00741,MENA,Cairo,20,M,Budget,2022-08-23,Mobile App,Beauty
GM00742,Europe,Berlin,39,M,Premium,2023-07-24,Mobile App,Food & Grocery
GM00743,North America,New York,39,F,Standard,2023-03-25,Online,Sports
GM00744,MENA,Dubai,27,F,Premium,2021-01-21,Call Center,Beauty
GM00745,Europe,Berlin,68,F,Budget,2021-06-18,Mobile App,Beauty
GM00746,Southeast Asia,Jakarta,20,F,Standard,2020-07-18,Mobile App,Sports
GM00747,MENA,Cairo,29,M,Standard,2020-10-01,Online,Beauty
GM00748,MENA,Istanbul,46,F,Premium,2021-05-15,Online,Electronics
GM00749,Southeast Asia,Singapore,65,F,Budget,2021-04-03,Call Center,Beauty
GM00750,North America,Chicago,34,F,Standard,2020-02-19,In-Store,Sports
GM00751,Central Asia,Tashkent,24,M,Standard,2022-08-27,Online,Fashion
GM00752,Southeast Asia,Manila,30,M,Standard,2022-09-14,Mobile App,Fashion
GM00753,North America,Los Angeles,19,M,Standard,2021-06-15,Online,Fashion
GM00754,Europe,Warsaw,21,F,Premium,2022-09-30,In-Store,Sports
GM00755,Europe,Warsaw,27,F,Standard,2021-09-19,Online,Sports
GM00756,North America,Chicago,56,F,Standard,2023-01-20,Online,Electronics
GM00757,North America,Chicago,41,M,Budget,2024-01-19,Online,Sports
GM00758,MENA,Dubai,34,F,Budget,2020-12-04,Online,Food & Grocery
GM00759,Southeast Asia,Singapore,69,F,Standard,2022-12-12,Online,Fashion
GM00760,North America,Chicago,23,M,Premium,2020-01-04,In-Store,Sports
GM00761,Europe,Paris,36,F,Budget,2020-10-07,Mobile App,Home & Garden
GM00762,Europe,Warsaw,22,M,Premium,2023-08-06,In-Store,Beauty
GM00763,Europe,Paris,49,F,Premium,2020-03-13,Online,Electronics
GM00764,North America,New York,27,F,Standard,2023-03-06,Online,Fashion
GM00765,Central Asia,Astana,26,F,Standard,2022-02-06,Mobile App,Food & Grocery
GM00766,North America,Toronto,44,F,Budget,2022-08-28,Call Center,Food & Grocery
GM00767,North America,New York,30,F,Standard,2022-09-24,Online,Fashion
GM00768,Southeast Asia,Jakarta,36,F,Premium,2023-11-17,Online,Food & Grocery
GM00769,Europe,Warsaw,38,M,Standard,2020-07-26,In-Store,Home & Garden
GM00770,North America,New York,41,F,Standard,2020-09-16,Mobile App,Electronics
GM00771,Central Asia,Almaty,55,M,Standard,2022-07-18,In-Store,Beauty
GM00772,North America,Chicago,21,M,Standard,2020-09-19,In-Store,Electronics
GM00773,Europe,Warsaw,41,F,Budget,2022-02-21,Mobile App,Electronics
GM00774,MENA,Istanbul,52,F,Budget,2021-05-19,Call Center,Fashion
GM00775,North America,Los Angeles,20,M,Budget,2020-07-21,Online,Sports
GM00776,Europe,Berlin,21,M,Budget,2023-10-02,Call Center,Beauty
GM00777,Europe,Warsaw,54,M,Premium,2020-02-21,Online,Electronics
GM00778,North America,Chicago,57,M,Standard,2023-10-11,Mobile App,Home & Garden
GM00779,North America,Chicago,65,M,Standard,2020-12-28,In-Store,Fashion
GM00780,North America,New York,71,F,Standard,2020-02-14,In-Store,Sports
GM00781,North America,Chicago,52,M,Budget,2022-04-06,In-Store,Sports
GM00782,MENA,Cairo,48,M,Budget,2023-11-02,Online,Fashion
GM00783,Europe,Amsterdam,61,M,Standard,2022-02-27,Online,Electronics
GM00784,Europe,Paris,42,Other,Premium,2023-12-06,In-Store,Food & Grocery
GM00785,Europe,Paris,57,M,Budget,2022-02-09,In-Store,Fashion
GM00786,Southeast Asia,Singapore,30,M,Budget,2020-05-21,Online,Food & Grocery
GM00787,North America,Toronto,21,M,Premium,2023-07-05,Mobile App,Sports
GM00788,MENA,Cairo,63,F,Budget,2022-03-07,Online,Sports
GM00789,MENA,Istanbul,31,F,Standard,2020-02-06,In-Store,Home & Garden
GM00790,Southeast Asia,Manila,30,M,Premium,2020-02-14,Online,Home & Garden
GM00791,Europe,Paris,44,M,Standard,2022-07-08,In-Store,Sports
GM00792,North America,Chicago,23,M,Standard,2022-12-05,Online,Home & Garden
GM00793,MENA,Dubai,34,F,Premium,2021-07-18,In-Store,Home & Garden
GM00794,North America,Chicago,53,F,Standard,2020-10-27,Online,Home & Garden
GM00795,Central Asia,Astana,57,M,Budget,2020-10-14,Online,Sports
GM00796,Southeast Asia,Jakarta,66,M,Standard,2022-02-24,Mobile App,Electronics
GM00797,Southeast Asia,Jakarta,52,M,Standard,2020-09-25,In-Store,Electronics
GM00798,North America,Los Angeles,34,M,Standard,2022-03-01,Online,Beauty
GM00799,North America,New York,58,F,Premium,2022-12-21,Online,Home & Garden
GM00800,Southeast Asia,Manila,19,M,Standard,2021-08-03,Mobile App,Electronics
GM00801,North America,New York,30,M,Standard,2023-06-19,Online,Beauty
GM00802,Europe,Warsaw,69,M,Standard,2022-07-24,Mobile App,Fashion
GM00803,North America,Chicago,19,F,Premium,2020-12-19,In-Store,Home & Garden
GM00804,North America,Chicago,69,F,Standard,2022-08-25,Online,Electronics
GM00805,MENA,Dubai,45,M,Standard,2020-03-11,Mobile App,Electronics
GM00806,North America,Toronto,60,M,Budget,2022-04-14,Mobile App,Food & Grocery
GM00807,Southeast Asia,Jakarta,43,M,Premium,2021-02-16,Online,Electronics
GM00808,Southeast Asia,Manila,39,F,Standard,2021-09-03,In-Store,Food & Grocery
GM00809,MENA,Istanbul,64,M,Premium,2022-12-20,In-Store,Beauty
GM00810,Central Asia,Astana,60,F,Standard,2021-09-06,Mobile App,Food & Grocery
GM00811,Southeast Asia,Bangkok,20,F,Premium,2024-01-15,In-Store,Fashion
GM00812,North America,Los Angeles,52,F,Budget,2023-11-17,Online,Home & Garden
GM00813,Europe,Warsaw,29,M,Budget,2021-06-12,Online,Electronics
GM00814,Southeast Asia,Bangkok,41,F,Standard,2023-08-21,Online,Sports
GM00815,Southeast Asia,Jakarta,22,F,Premium,2020-07-09,Online,Home & Garden
GM00816,MENA,Istanbul,37,M,Standard,2020-03-18,Online,Sports
GM00817,North America,Chicago,56,M,Budget,2022-06-07,In-Store,Beauty
GM00818,MENA,Dubai,56,M,Premium,2023-08-17,Online,Electronics
GM00819,Central Asia,Astana,30,M,Standard,2022-08-06,Online,Home & Garden
GM00820,Europe,Warsaw,58,M,Budget,2020-01-17,In-Store,Home & Garden
GM00821,North America,Toronto,70,F,Budget,2022-03-25,Online,Electronics
GM00822,Central Asia,Almaty,62,M,Budget,2021-03-09,Online,Fashion
GM00823,Europe,Paris,29,F,Budget,2022-12-02,Online,Beauty
GM00824,MENA,Dubai,30,M,Budget,2022-12-27,Online,Electronics
GM00825,MENA,Istanbul,27,Other,Standard,2023-11-04,Mobile App,Food & Grocery
GM00826,Southeast Asia,Singapore,50,M,Standard,2020-07-30,In-Store,Home & Garden
GM00827,Europe,Berlin,57,F,Budget,2020-07-21,Online,Fashion
GM00828,Europe,London,71,M,Standard,2021-12-26,Online,Home & Garden
GM00829,North America,Chicago,33,M,Budget,2020-04-18,Online,Sports
GM00830,MENA,Dubai,62,F,Premium,2022-08-25,In-Store,Home & Garden
GM00831,Europe,Berlin,52,M,Standard,2020-10-10,In-Store,Beauty
GM00832,MENA,Istanbul,20,F,Standard,2022-07-29,In-Store,Electronics
GM00833,Europe,Paris,22,F,Standard,2023-06-02,Online,Home & Garden
GM00834,Europe,Warsaw,43,M,Standard,2022-01-06,Online,Food & Grocery
GM00835,MENA,Cairo,28,F,Standard,2023-02-15,Mobile App,Sports
GM00836,MENA,Istanbul,24,F,Premium,2022-07-20,Mobile App,Sports
GM00837,Southeast Asia,Manila,70,M,Standard,2021-08-25,Mobile App,Electronics
GM00838,Europe,Amsterdam,27,F,Standard,2023-09-25,Online,Sports
GM00839,North America,Toronto,59,F,Standard,2023-07-28,Mobile App,Electronics
GM00840,North America,Chicago,69,M,Standard,2021-05-05,Mobile App,Beauty
GM00841,Central Asia,Almaty,51,M,Standard,2020-01-19,Mobile App,Electronics
GM00842,North America,Chicago,20,F,Budget,2023-04-13,Online,Fashion
GM00843,Europe,Berlin,25,M,Budget,2024-02-01,Mobile App,Sports
GM00844,Southeast Asia,Bangkok,48,M,Budget,2022-03-11,Online,Sports
GM00845,Europe,London,28,M,Budget,2022-01-29,In-Store,Food & Grocery
GM00846,MENA,Cairo,62,F,Standard,2023-03-11,Online,Home & Garden
GM00847,Central Asia,Bishkek,24,M,Budget,2024-01-26,Mobile App,Fashion
GM00848,Southeast Asia,Jakarta,62,M,Budget,2022-07-17,Mobile App,Home & Garden
GM00849,MENA,Cairo,19,F,Budget,2020-10-24,Online,Electronics
GM00850,North America,New York,23,M,Premium,2024-02-02,In-Store,Beauty
GM00851,Central Asia,Tashkent,58,F,Budget,2021-12-05,Online,Food & Grocery
GM00852,North America,Los Angeles,49,Other,Standard,2022-03-25,In-Store,Sports
GM00853,Europe,Warsaw,37,F,Budget,2022-03-13,Online,Beauty
GM00854,Southeast Asia,Manila,51,F,Premium,2021-01-07,Online,Electronics
GM00855,Europe,Berlin,67,M,Standard,2024-01-31,Mobile App,Electronics
GM00856,Europe,Amsterdam,33,F,Standard,2022-07-16,Online,Fashion
GM00857,Central Asia,Bishkek,42,M,Standard,2022-08-08,In-Store,Home & Garden
GM00858,MENA,Cairo,29,M,Premium,2024-01-01,Mobile App,Sports
GM00859,North America,Los Angeles,24,M,Budget,2022-04-23,Mobile App,Sports
GM00860,Central Asia,Bishkek,56,M,Premium,2022-08-04,Mobile App,Beauty
GM00861,North America,Chicago,34,F,Standard,2021-03-18,Online,Fashion
GM00862,MENA,Cairo,62,M,Premium,2024-01-19,Mobile App,Food & Grocery
GM00863,MENA,Riyadh,28,F,Standard,2023-06-25,Online,Electronics
GM00864,MENA,Riyadh,23,F,Standard,2020-05-21,Mobile App,Fashion
GM00865,MENA,Istanbul,40,F,Standard,2021-02-05,Mobile App,Sports
GM00866,North America,Toronto,44,M,Standard,2022-04-02,Mobile App,Food & Grocery
GM00867,Europe,Amsterdam,63,F,Standard,2020-08-09,Online,Home & Garden
GM00868,Europe,London,23,M,Premium,2022-01-06,In-Store,Beauty
GM00869,Southeast Asia,Jakarta,55,M,Premium,2023-04-22,Mobile App,Electronics
GM00870,Southeast Asia,Manila,19,Other,Standard,2023-10-19,Mobile App,Electronics
GM00871,MENA,Istanbul,39,M,Budget,2022-09-20,Online,Electronics
GM00872,Europe,Amsterdam,37,M,Standard,2023-04-26,Mobile App,Home & Garden
GM00873,North America,Toronto,42,F,Standard,2020-04-22,Online,Sports
GM00874,MENA,Istanbul,32,M,Standard,2023-04-19,In-Store,Sports
GM00875,Central Asia,Astana,66,F,Standard,2023-05-07,In-Store,Fashion
GM00876,Europe,Berlin,46,M,Premium,2022-12-29,Online,Food & Grocery
GM00877,North America,Los Angeles,25,M,Premium,2021-08-20,Online,Fashion
GM00878,North America,New York,54,M,Standard,2022-06-22,Mobile App,Sports
GM00879,Central Asia,Bishkek,66,M,Standard,2021-04-29,Online,Electronics
GM00880,Europe,London,69,M,Premium,2023-11-23,Online,Home & Garden
GM00881,Europe,Warsaw,50,F,Standard,2021-07-04,Mobile App,Sports
GM00882,North America,Chicago,39,F,Budget,2022-10-30,Mobile App,Home & Garden
GM00883,Central Asia,Astana,67,F,Standard,2020-01-03,In-Store,Beauty
GM00884,Central Asia,Almaty,64,M,Standard,2021-10-23,Online,Electronics
GM00885,North America,Chicago,22,F,Budget,2020-03-07,Online,Beauty
GM00886,Europe,Berlin,56,F,Budget,2021-12-05,Mobile App,Sports
GM00887,North America,New York,35,F,Standard,2023-01-25,In-Store,Fashion
GM00888,Europe,Amsterdam,55,M,Standard,2023-09-03,In-Store,Sports
GM00889,Central Asia,Tashkent,71,F,Premium,2020-04-07,Mobile App,Beauty
GM00890,Europe,Paris,70,F,Standard,2022-12-16,In-Store,Home & Garden
GM00891,North America,Chicago,54,M,Standard,2023-02-04,Online,Food & Grocery
GM00892,Southeast Asia,Singapore,47,F,Premium,2020-03-28,Mobile App,Food & Grocery
GM00893,North America,Los Angeles,68,M,Standard,2022-08-29,In-Store,Sports
GM00894,MENA,Istanbul,48,F,Premium,2021-10-14,In-Store,Fashion
GM00895,North America,Los Angeles,27,F,Standard,2021-10-17,Mobile App,Beauty
GM00896,Europe,Amsterdam,32,F,Standard,2022-06-30,Mobile App,Sports
GM00897,Europe,Warsaw,59,M,Standard,2021-01-05,In-Store,Beauty
GM00898,Southeast Asia,Singapore,65,M,Premium,2021-01-09,Online,Beauty
GM00899,Central Asia,Astana,61,F,Premium,2020-02-21,Call Center,Electronics
GM00900,Central Asia,Almaty,35,M,Standard,2020-02-10,In-Store,Food & Grocery
GM00901,Europe,Paris,40,M,Budget,2022-03-26,In-Store,Food & Grocery
GM00902,Central Asia,Almaty,50,F,Premium,2020-03-31,In-Store,Home & Garden
GM00903,Europe,London,33,F,Standard,2020-02-08,In-Store,Electronics
GM00904,North America,Chicago,71,M,Budget,2022-11-02,Mobile App,Food & Grocery
GM00905,MENA,Dubai,55,M,Premium,2022-06-18,In-Store,Beauty
GM00906,Southeast Asia,Singapore,52,M,Budget,2021-09-12,Mobile App,Fashion
GM00907,North America,Chicago,51,F,Standard,2020-04-13,Mobile App,Fashion
GM00908,Europe,Berlin,45,F,Standard,2022-01-12,Mobile App,Electronics
GM00909,Europe,Paris,19,F,Standard,2020-02-12,Mobile App,Fashion
GM00910,MENA,Dubai,47,F,Standard,2020-07-27,Mobile App,Beauty
GM00911,North America,New York,30,F,Standard,2021-08-22,Online,Sports
GM00912,Europe,Paris,58,F,Budget,2021-08-27,Online,Beauty
GM00913,North America,New York,33,M,Standard,2021-04-20,Mobile App,Food & Grocery
GM00914,MENA,Cairo,22,F,Standard,2020-04-18,In-Store,Sports
GM00915,North America,Los Angeles,45,M,Budget,2020-08-01,Online,Fashion
GM00916,MENA,Cairo,70,F,Standard,2021-02-12,Online,Home & Garden
GM00917,Europe,Amsterdam,56,F,Standard,2022-02-09,Online,Home & Garden
GM00918,Southeast Asia,Bangkok,62,M,Standard,2021-09-24,Mobile App,Beauty
GM00919,North America,Toronto,37,F,Budget,2020-03-17,Mobile App,Beauty
GM00920,Europe,Warsaw,41,M,Standard,2020-04-04,Online,Fashion
GM00921,Southeast Asia,Manila,44,F,Standard,2020-09-25,Mobile App,Home & Garden
GM00922,MENA,Riyadh,47,M,Budget,2020-12-26,Online,Home & Garden
GM00923,Southeast Asia,Bangkok,62,F,Standard,2021-06-13,Mobile App,Beauty
GM00924,North America,Toronto,44,M,Premium,2021-11-13,In-Store,Food & Grocery
GM00925,MENA,Dubai,43,M,Standard,2020-06-10,Mobile App,Home & Garden
GM00926,Central Asia,Bishkek,24,M,Standard,2021-04-09,Online,Beauty
GM00927,Europe,Warsaw,59,M,Standard,2022-04-02,Online,Electronics
GM00928,MENA,Riyadh,64,M,Budget,2021-07-01,Mobile App,Home & Garden
GM00929,North America,Chicago,70,F,Standard,2023-04-25,Online,Sports
GM00930,Europe,Warsaw,55,M,Standard,2020-02-21,Call Center,Fashion
GM00931,Europe,Berlin,22,M,Standard,2021-05-02,In-Store,Beauty
GM00932,North America,Toronto,40,M,Premium,2023-11-20,In-Store,Home & Garden
GM00933,Southeast Asia,Manila,45,F,Standard,2020-04-01,In-Store,Home & Garden
GM00934,MENA,Cairo,51,F,Budget,2021-10-12,Online,Food & Grocery
GM00935,Europe,Amsterdam,70,F,Standard,2020-12-22,In-Store,Beauty
GM00936,Europe,Paris,32,F,Premium,2021-12-19,Call Center,Sports
GM00937,Central Asia,Astana,49,M,Standard,2023-03-13,Online,Home & Garden
GM00938,Southeast Asia,Manila,43,M,Standard,2020-07-17,Mobile App,Electronics
GM00939,Central Asia,Tashkent,65,M,Budget,2022-03-25,In-Store,Fashion
GM00940,North America,Toronto,48,F,Budget,2023-09-08,In-Store,Beauty
GM00941,Europe,London,36,Other,Standard,2023-09-17,Online,Home & Garden
GM00942,North America,Chicago,26,F,Budget,2023-07-11,In-Store,Food & Grocery
GM00943,North America,Los Angeles,46,M,Standard,2020-08-04,Call Center,Food & Grocery
GM00944,North America,Los Angeles,71,M,Standard,2021-07-09,Online,Fashion
GM00945,Europe,Amsterdam,68,M,Standard,2023-12-28,In-Store,Beauty
GM00946,Central Asia,Tashkent,56,F,Premium,2022-03-13,In-Store,Beauty
GM00947,Europe,Amsterdam,21,M,Budget,2024-01-23,In-Store,Beauty
GM00948,Southeast Asia,Jakarta,20,F,Premium,2021-12-01,In-Store,Sports
GM00949,Southeast Asia,Bangkok,46,M,Standard,2021-05-17,In-Store,Electronics
GM00950,North America,Chicago,69,F,Budget,2021-04-13,Online,Food & Grocery
GM00951,North America,Chicago,28,F,Standard,2020-12-31,Mobile App,Beauty
GM00952,North America,New York,50,F,Budget,2023-06-16,Mobile App,Sports
GM00953,Europe,Berlin,55,F,Standard,2021-09-15,Online,Beauty
GM00954,Southeast Asia,Manila,28,F,Standard,2022-07-08,In-Store,Beauty
GM00955,MENA,Cairo,44,F,Budget,2021-07-14,Mobile App,Sports
GM00956,MENA,Cairo,50,F,Premium,2022-04-02,Call Center,Electronics
GM00957,MENA,Cairo,38,F,Budget,2022-08-24,Call Center,Fashion
GM00958,Central Asia,Astana,56,Other,Standard,2021-10-24,Mobile App,Food & Grocery
GM00959,Europe,Amsterdam,48,F,Budget,2022-01-20,Online,Home & Garden
GM00960,North America,Los Angeles,55,F,Premium,2023-11-20,Mobile App,Beauty
GM00961,Central Asia,Astana,63,F,Standard,2023-11-19,Mobile App,Electronics
GM00962,North America,New York,19,M,Budget,2023-01-03,Online,Food & Grocery
GM00963,Europe,Warsaw,44,M,Standard,2023-01-26,Online,Home & Garden
GM00964,MENA,Istanbul,53,F,Standard,2021-01-17,In-Store,Beauty
GM00965,Europe,Paris,28,F,Budget,2023-10-25,In-Store,Home & Garden
GM00966,Europe,Berlin,64,F,Standard,2023-08-01,Online,Sports
GM00967,North America,Los Angeles,35,M,Budget,2023-07-03,Online,Food & Grocery
GM00968,Europe,Berlin,18,F,Standard,2020-11-04,Online,Electronics
GM00969,North America,Toronto,52,F,Premium,2020-06-24,In-Store,Electronics
GM00970,MENA,Cairo,52,M,Premium,2020-08-15,Online,Food & Grocery
GM00971,North America,Toronto,48,F,Standard,2020-12-12,Mobile App,Fashion
GM00972,Southeast Asia,Singapore,45,F,Premium,2023-09-27,Online,Fashion
GM00973,North America,New York,56,M,Standard,2023-06-16,Mobile App,Home & Garden
GM00974,Europe,Paris,18,F,Premium,2022-10-17,Mobile App,Sports
GM00975,Central Asia,Bishkek,42,F,Premium,2020-12-15,Mobile App,Home & Garden
GM00976,Europe,London,60,M,Premium,2021-03-30,Mobile App,Beauty
GM00977,North America,Los Angeles,55,M,Budget,2021-03-16,Online,Electronics
GM00978,Central Asia,Almaty,37,Other,Standard,2022-01-30,In-Store,Home & Garden
GM00979,MENA,Dubai,20,M,Standard,2021-05-29,Online,Home & Garden
GM00980,North America,Los Angeles,68,M,Budget,2023-01-09,Call Center,Food & Grocery
GM00981,Europe,Paris,19,M,Premium,2023-10-16,Online,Electronics
GM00982,North America,Chicago,35,F,Budget,2020-10-14,In-Store,Electronics
GM00983,Central Asia,Almaty,61,F,Standard,2020-01-08,Mobile App,Fashion
GM00984,Central Asia,Almaty,27,F,Premium,2020-03-27,Mobile App,Fashion
GM00985,North America,Toronto,22,M,Standard,2022-09-24,Mobile App,Electronics
GM00986,MENA,Cairo,26,F,Budget,2020-10-12,In-Store,Home & Garden
GM00987,North America,Los Angeles,19,M,Standard,2023-11-23,In-Store,Beauty
GM00988,MENA,Riyadh,51,M,Budget,2020-03-14,In-Store,Home & Garden
GM00989,Europe,Paris,55,M,Premium,2024-01-02,Online,Beauty
GM00990,North America,Chicago,48,M,Standard,2023-02-20,Mobile App,Electronics
GM00991,North America,Los Angeles,27,F,Premium,2023-11-01,In-Store,Food & Grocery
GM00992,North America,Los Angeles,67,F,Standard,2022-03-16,Online,Beauty
GM00993,Europe,London,29,M,Standard,2023-03-12,Mobile App,Fashion
GM00994,North America,Chicago,53,F,Budget,2020-06-06,In-Store,Food & Grocery
GM00995,Europe,London,71,F,Premium,2021-03-05,Mobile App,Electronics
GM00996,Central Asia,Almaty,38,F,Standard,2024-01-11,Mobile App,Sports
GM00997,Southeast Asia,Bangkok,66,M,Standard,2023-12-04,Mobile App,Beauty
GM00998,Europe,Amsterdam,64,F,Budget,2023-10-26,Online,Beauty
GM00999,Southeast Asia,Jakarta,23,M,Budget,2023-02-06,Online,Food & Grocery
GM01000,MENA,Dubai,65,F,Budget,2022-04-25,Mobile App,Sports
GM01001,Europe,Amsterdam,66,M,Budget,2020-02-05,Mobile App,Sports
GM01002,MENA,Dubai,20,F,Budget,2023-01-18,In-Store,Electronics
GM01003,Southeast Asia,Jakarta,27,M,Budget,2022-10-17,In-Store,Food & Grocery
GM01004,North America,New York,22,M,Standard,2022-08-31,Online,Home & Garden
GM01005,North America,Chicago,63,F,Premium,2023-12-09,Call Center,Sports
GM01006,North America,Los Angeles,43,F,Standard,2022-10-14,Online,Beauty
GM01007,North America,Los Angeles,38,F,Standard,2023-08-12,Online,Sports
GM01008,North America,Chicago,62,F,Standard,2021-12-13,In-Store,Electronics
GM01009,Europe,Paris,43,M,Standard,2022-12-05,Online,Electronics
GM01010,MENA,Dubai,55,F,Standard,2021-05-02,Mobile App,Beauty
GM01011,Europe,Berlin,61,M,Budget,2021-09-10,Online,Beauty
GM01012,Southeast Asia,Manila,43,M,Premium,2020-06-18,Online,Beauty
GM01013,Southeast Asia,Singapore,25,F,Budget,2020-05-25,In-Store,Home & Garden
GM01014,Central Asia,Tashkent,22,F,Standard,2022-05-17,In-Store,Beauty
GM01015,North America,Toronto,32,F,Budget,2021-02-23,Online,Food & Grocery
GM01016,Southeast Asia,Singapore,33,F,Budget,2021-07-26,In-Store,Electronics
GM01017,Europe,Amsterdam,18,F,Budget,2022-10-23,In-Store,Electronics
GM01018,North America,Los Angeles,33,M,Standard,2023-07-10,Mobile App,Sports
GM01019,Southeast Asia,Manila,54,M,Standard,2022-03-09,Online,Beauty
GM01020,Central Asia,Astana,20,F,Standard,2020-11-16,Call Center,Home & Garden
GM01021,North America,Toronto,69,M,Budget,2020-09-02,In-Store,Food & Grocery
GM01022,Europe,London,64,M,Budget,2021-04-21,Online,Fashion
GM01023,Southeast Asia,Singapore,48,M,Budget,2023-07-06,Online,Sports
GM01024,Southeast Asia,Jakarta,30,F,Premium,2023-01-21,In-Store,Food & Grocery
GM01025,Southeast Asia,Manila,33,M,Standard,2022-02-21,Online,Home & Garden
GM01026,MENA,Dubai,60,F,Standard,2021-06-16,Online,Beauty
GM01027,Southeast Asia,Singapore,38,F,Premium,2023-09-24,Online,Home & Garden
GM01028,North America,Toronto,19,M,Standard,2023-07-07,In-Store,Fashion
GM01029,Europe,Warsaw,71,F,Premium,2020-08-24,In-Store,Food & Grocery
GM01030,North America,Toronto,44,F,Budget,2023-03-10,Online,Home & Garden
GM01031,Central Asia,Bishkek,55,F,Standard,2022-09-01,In-Store,Fashion
GM01032,North America,Chicago,43,F,Standard,2021-11-09,Mobile App,Fashion
GM01033,Europe,Paris,55,M,Budget,2021-08-01,Online,Food & Grocery
GM01034,Europe,Warsaw,63,F,Standard,2023-10-05,Mobile App,Fashion
GM01035,Central Asia,Bishkek,42,M,Premium,2020-05-09,In-Store,Food & Grocery
GM01036,North America,Toronto,28,F,Standard,2020-01-11,Call Center,Home & Garden
GM01037,Europe,Amsterdam,25,F,Premium,2020-09-13,Online,Beauty
GM01038,North America,New York,25,F,Premium,2022-03-26,Call Center,Electronics
GM01039,Central Asia,Bishkek,50,M,Premium,2021-01-03,In-Store,Electronics
GM01040,Europe,Warsaw,70,M,Standard,2022-08-01,In-Store,Home & Garden
GM01041,MENA,Istanbul,24,M,Premium,2023-11-18,In-Store,Beauty
GM01042,North America,Los Angeles,55,M,Standard,2023-12-13,Online,Electronics
GM01043,Europe,London,38,M,Budget,2022-05-31,Mobile App,Fashion
GM01044,North America,Los Angeles,25,F,Standard,2020-01-19,In-Store,Home & Garden
GM01045,Southeast Asia,Bangkok,68,M,Budget,2020-04-19,Online,Home & Garden
GM01046,North America,Chicago,71,Other,Standard,2023-12-31,Online,Sports
GM01047,Europe,Amsterdam,38,M,Standard,2021-05-19,Online,Sports
GM01048,Central Asia,Almaty,37,F,Budget,2022-11-23,In-Store,Sports
GM01049,Southeast Asia,Jakarta,25,F,Premium,2023-08-04,In-Store,Food & Grocery
GM01050,Central Asia,Astana,63,F,Premium,2022-09-29,In-Store,Beauty
GM01051,Southeast Asia,Jakarta,48,F,Standard,2020-09-11,Online,Home & Garden
GM01052,MENA,Cairo,67,M,Standard,2021-09-29,In-Store,Sports
GM01053,Southeast Asia,Singapore,46,F,Budget,2020-05-13,In-Store,Home & Garden
GM01054,North America,Chicago,65,M,Budget,2021-05-13,Online,Fashion
GM01055,Southeast Asia,Jakarta,26,M,Standard,2021-01-31,Online,Sports
GM01056,Europe,Berlin,32,F,Standard,2021-10-08,Online,Home & Garden
GM01057,North America,New York,47,F,Standard,2021-11-15,Mobile App,Beauty
GM01058,MENA,Istanbul,43,F,Budget,2023-05-21,Mobile App,Food & Grocery
GM01059,MENA,Dubai,27,M,Budget,2023-10-05,Call Center,Beauty
GM01060,North America,Toronto,46,M,Budget,2020-01-19,Online,Beauty
GM01061,Southeast Asia,Singapore,71,M,Standard,2022-10-07,Mobile App,Sports
GM01062,Southeast Asia,Singapore,33,M,Budget,2020-04-28,In-Store,Beauty
GM01063,North America,Los Angeles,53,M,Standard,2020-10-28,In-Store,Food & Grocery
GM01064,MENA,Riyadh,37,M,Standard,2023-08-01,Online,Electronics
GM01065,MENA,Riyadh,62,M,Budget,2020-08-14,Mobile App,Food & Grocery
GM01066,North America,Toronto,71,F,Premium,2023-05-20,Mobile App,Fashion
GM01067,Europe,London,54,M,Budget,2020-12-21,Online,Food & Grocery
GM01068,Central Asia,Almaty,39,F,Premium,2021-12-01,Online,Home & Garden
GM01069,Europe,Warsaw,24,M,Budget,2021-05-01,In-Store,Electronics
GM01070,Europe,Berlin,40,F,Standard,2023-09-06,Call Center,Sports
GM01071,Europe,Berlin,58,F,Standard,2020-08-10,Mobile App,Home & Garden
GM01072,Europe,Paris,57,M,Standard,2023-04-29,Online,Food & Grocery
GM01073,Central Asia,Almaty,46,F,Standard,2022-09-21,In-Store,Home & Garden
GM01074,Central Asia,Astana,33,M,Standard,2021-05-14,Online,Beauty
GM01075,Southeast Asia,Jakarta,55,F,Standard,2023-06-14,Mobile App,Home & Garden
GM01076,MENA,Riyadh,45,M,Premium,2022-11-11,Mobile App,Home & Garden
GM01077,MENA,Riyadh,65,Other,Premium,2023-09-12,In-Store,Food & Grocery
GM01078,North America,Los Angeles,55,M,Premium,2023-02-24,Online,Fashion
GM01079,Europe,Berlin,48,M,Standard,2020-12-30,Mobile App,Food & Grocery
GM01080,Southeast Asia,Singapore,31,F,Budget,2022-12-03,In-Store,Sports
GM01081,North America,New York,70,M,Budget,2021-06-02,Call Center,Electronics
GM01082,Central Asia,Almaty,50,F,Standard,2023-02-25,In-Store,Beauty
GM01083,MENA,Dubai,26,M,Standard,2023-02-27,Mobile App,Fashion
GM01084,Southeast Asia,Jakarta,44,F,Budget,2021-06-12,Mobile App,Electronics
GM01085,Southeast Asia,Bangkok,41,M,Standard,2023-09-06,Online,Electronics
GM01086,MENA,Cairo,30,F,Standard,2020-07-04,Call Center,Fashion
GM01087,North America,New York,43,F,Standard,2022-03-08,Online,Beauty
GM01088,Europe,Berlin,46,M,Premium,2022-09-08,Mobile App,Sports
GM01089,Southeast Asia,Jakarta,68,M,Premium,2020-12-13,Call Center,Fashion
GM01090,Europe,London,66,M,Premium,2022-07-10,Online,Fashion
GM01091,Southeast Asia,Bangkok,60,Other,Standard,2022-07-09,In-Store,Fashion
GM01092,North America,Chicago,45,M,Premium,2022-08-14,In-Store,Beauty
GM01093,North America,New York,45,M,Premium,2020-12-26,Mobile App,Fashion
GM01094,MENA,Dubai,25,M,Standard,2023-08-03,Mobile App,Fashion
GM01095,Europe,Amsterdam,40,M,Premium,2020-06-30,In-Store,Home & Garden
GM01096,Europe,Amsterdam,46,F,Premium,2024-01-14,Mobile App,Home & Garden
GM01097,Europe,Paris,22,F,Budget,2020-04-06,Online,Home & Garden
GM01098,Europe,Warsaw,59,F,Premium,2021-07-16,Online,Home & Garden
GM01099,North America,New York,24,F,Standard,2020-11-09,In-Store,Fashion
GM01100,Europe,Amsterdam,59,F,Standard,2022-08-12,In-Store,Home & Garden
GM01101,Central Asia,Almaty,53,M,Standard,2020-01-21,Online,Electronics
GM01102,Southeast Asia,Singapore,58,M,Standard,2022-03-15,In-Store,Sports
GM01103,Southeast Asia,Jakarta,44,F,Standard,2021-07-29,Online,Home & Garden
GM01104,Southeast Asia,Manila,63,F,Budget,2021-02-06,Mobile App,Beauty
GM01105,Southeast Asia,Singapore,19,F,Standard,2023-02-21,Online,Sports
GM01106,Europe,London,42,M,Budget,2021-09-04,In-Store,Food & Grocery
GM01107,MENA,Istanbul,26,M,Standard,2023-02-16,In-Store,Food & Grocery
GM01108,North America,Chicago,70,M,Budget,2022-08-27,Mobile App,Electronics
GM01109,North America,Chicago,44,F,Budget,2021-11-23,Mobile App,Sports
GM01110,Europe,London,18,F,Budget,2022-08-16,Mobile App,Sports
GM01111,North America,Chicago,40,F,Standard,2022-05-21,Mobile App,Electronics
GM01112,Europe,Amsterdam,27,M,Standard,2022-04-19,In-Store,Food & Grocery
GM01113,Europe,London,59,F,Budget,2020-04-12,Online,Home & Garden
GM01114,MENA,Dubai,69,M,Budget,2020-11-28,Mobile App,Electronics
GM01115,North America,Los Angeles,42,M,Budget,2024-01-22,Mobile App,Beauty
GM01116,North America,Toronto,71,F,Standard,2023-02-27,In-Store,Electronics
GM01117,Central Asia,Astana,20,M,Budget,2022-01-22,Mobile App,Fashion
GM01118,Southeast Asia,Bangkok,23,M,Standard,2020-05-13,Mobile App,Food & Grocery
GM01119,Europe,Paris,23,F,Standard,2023-03-26,Call Center,Fashion
GM01120,Europe,Warsaw,70,F,Premium,2021-02-28,Call Center,Food & Grocery
GM01121,Southeast Asia,Jakarta,19,M,Standard,2023-12-29,Online,Food & Grocery
GM01122,Southeast Asia,Manila,35,F,Budget,2023-11-13,In-Store,Sports
GM01123,Southeast Asia,Jakarta,40,M,Premium,2022-07-25,Online,Home & Garden
GM01124,North America,Chicago,19,F,Standard,2023-09-03,Online,Home & Garden
GM01125,North America,Chicago,29,F,Standard,2021-05-19,Mobile App,Food & Grocery
GM01126,North America,New York,39,F,Premium,2022-05-20,Online,Food & Grocery
GM01127,Central Asia,Astana,54,F,Standard,2020-07-08,In-Store,Fashion
GM01128,MENA,Riyadh,37,M,Standard,2021-09-03,In-Store,Beauty
GM01129,MENA,Istanbul,56,M,Premium,2023-12-05,Mobile App,Electronics
GM01130,Europe,Amsterdam,41,M,Budget,2020-02-21,Online,Food & Grocery
GM01131,North America,Toronto,65,M,Budget,2024-01-09,Online,Food & Grocery
GM01132,MENA,Istanbul,37,F,Standard,2021-09-03,In-Store,Electronics
GM01133,Central Asia,Tashkent,18,M,Premium,2024-01-07,Online,Electronics
GM01134,Europe,Amsterdam,18,M,Standard,2023-11-06,Call Center,Beauty
GM01135,North America,Chicago,34,M,Standard,2021-01-08,Mobile App,Beauty
GM01136,Central Asia,Bishkek,18,Other,Standard,2021-01-09,In-Store,Electronics
GM01137,Southeast Asia,Singapore,70,M,Premium,2021-01-23,Mobile App,Food & Grocery
GM01138,MENA,Cairo,69,F,Standard,2021-11-04,Online,Food & Grocery
GM01139,MENA,Istanbul,62,M,Budget,2022-03-14,Mobile App,Electronics
GM01140,North America,Los Angeles,47,M,Standard,2021-02-07,Online,Food & Grocery
GM01141,North America,Los Angeles,58,F,Standard,2021-08-15,Mobile App,Beauty
GM01142,Europe,Paris,64,F,Budget,2024-01-31,In-Store,Electronics
GM01143,North America,Toronto,20,F,Standard,2022-01-01,Online,Beauty
GM01144,North America,Chicago,63,F,Standard,2021-05-19,Online,Food & Grocery
GM01145,Europe,London,28,M,Standard,2020-03-23,In-Store,Food & Grocery
GM01146,Southeast Asia,Singapore,41,M,Budget,2020-11-14,Mobile App,Sports
GM01147,North America,New York,39,F,Standard,2022-12-26,Online,Fashion
GM01148,North America,New York,61,M,Budget,2021-02-17,In-Store,Fashion
GM01149,Southeast Asia,Manila,62,F,Standard,2021-03-28,Mobile App,Beauty
GM01150,Southeast Asia,Singapore,43,F,Standard,2022-01-15,In-Store,Electronics
GM01151,North America,Los Angeles,30,M,Standard,2020-07-16,Mobile App,Fashion
GM01152,North America,Toronto,18,F,Standard,2020-09-15,Online,Food & Grocery
GM01153,North America,New York,41,M,Budget,2020-10-24,In-Store,Home & Garden
GM01154,North America,Los Angeles,27,M,Standard,2023-07-27,Mobile App,Electronics
GM01155,North America,New York,52,M,Standard,2020-10-26,In-Store,Beauty
GM01156,North America,Chicago,41,F,Standard,2020-05-08,In-Store,Food & Grocery
GM01157,Europe,Paris,45,M,Budget,2021-05-12,Mobile App,Food & Grocery
GM01158,Southeast Asia,Manila,53,F,Premium,2021-03-13,Online,Home & Garden
GM01159,Southeast Asia,Singapore,33,F,Budget,2023-08-08,Mobile App,Beauty
GM01160,Central Asia,Tashkent,57,F,Standard,2020-07-25,Mobile App,Electronics
GM01161,North America,Los Angeles,33,F,Premium,2020-10-20,Online,Food & Grocery
GM01162,Europe,Paris,34,M,Standard,2020-01-29,Mobile App,Sports
GM01163,Europe,London,68,M,Standard,2020-06-27,Online,Food & Grocery
GM01164,North America,Toronto,71,M,Standard,2020-02-10,In-Store,Sports
GM01165,Europe,Berlin,32,F,Standard,2024-02-02,Mobile App,Sports
GM01166,North America,Chicago,33,Other,Premium,2023-04-30,Mobile App,Electronics
GM01167,North America,Toronto,32,F,Budget,2020-12-09,Mobile App,Electronics
GM01168,MENA,Dubai,51,F,Premium,2022-03-26,Mobile App,Home & Garden
GM01169,Central Asia,Tashkent,28,F,Standard,2022-01-06,In-Store,Food & Grocery
GM01170,Europe,Warsaw,18,M,Standard,2021-09-17,In-Store,Electronics
GM01171,North America,Los Angeles,32,F,Standard,2020-10-04,Online,Electronics
GM01172,Southeast Asia,Singapore,43,F,Standard,2023-10-10,Online,Home & Garden
GM01173,North America,Los Angeles,68,M,Standard,2021-06-12,In-Store,Home & Garden
GM01174,Europe,Warsaw,21,F,Standard,2020-03-26,Mobile App,Food & Grocery
GM01175,North America,Toronto,60,M,Standard,2020-11-12,In-Store,Beauty
GM01176,MENA,Istanbul,22,F,Premium,2021-11-23,Mobile App,Fashion
GM01177,North America,New York,52,F,Standard,2023-09-22,Mobile App,Food & Grocery
GM01178,Central Asia,Tashkent,30,F,Standard,2022-05-12,Online,Fashion
GM01179,North America,New York,27,M,Premium,2023-03-14,In-Store,Beauty
GM01180,MENA,Riyadh,28,F,Standard,2020-11-10,In-Store,Sports
GM01181,Southeast Asia,Jakarta,35,F,Standard,2020-08-12,In-Store,Food & Grocery
GM01182,Europe,Paris,51,M,Standard,2023-12-17,Mobile App,Electronics
GM01183,North America,Los Angeles,56,F,Standard,2022-12-13,In-Store,Home & Garden
GM01184,Southeast Asia,Jakarta,58,F,Standard,2020-03-08,Mobile App,Food & Grocery
GM01185,Central Asia,Astana,59,F,Standard,2023-09-19,Mobile App,Home & Garden
GM01186,Southeast Asia,Bangkok,67,M,Premium,2022-10-17,In-Store,Sports
GM01187,North America,Toronto,40,F,Standard,2023-01-05,Mobile App,Home & Garden
GM01188,Central Asia,Bishkek,24,F,Standard,2022-05-05,Online,Sports
GM01189,Europe,London,56,M,Standard,2023-03-24,Online,Beauty
GM01190,North America,Toronto,20,M,Standard,2022-12-31,Online,Sports
GM01191,Central Asia,Astana,29,F,Standard,2024-01-10,In-Store,Fashion
GM01192,North America,New York,24,F,Standard,2023-10-14,Online,Food & Grocery
GM01193,Europe,Warsaw,66,F,Standard,2023-07-24,Call Center,Sports
GM01194,North America,Toronto,43,M,Standard,2022-06-01,In-Store,Food & Grocery
GM01195,Central Asia,Bishkek,50,M,Standard,2023-08-29,In-Store,Beauty
GM01196,Southeast Asia,Manila,54,M,Standard,2023-02-02,Online,Sports
GM01197,Southeast Asia,Manila,65,M,Premium,2022-08-28,Online,Beauty
GM01198,Southeast Asia,Jakarta,32,F,Premium,2023-01-23,Online,Fashion
GM01199,North America,Toronto,19,F,Standard,2023-05-27,In-Store,Electronics
GM01200,Europe,Paris,58,F,Budget,2023-02-25,In-Store,Beauty
GM01201,North America,Los Angeles,24,M,Standard,2020-07-18,In-Store,Electronics
GM01202,Central Asia,Tashkent,49,F,Premium,2020-11-27,In-Store,Beauty
GM01203,Central Asia,Astana,21,M,Budget,2021-06-30,Mobile App,Sports
GM01204,Europe,London,37,M,Budget,2023-08-08,Online,Electronics
GM01205,MENA,Riyadh,67,F,Budget,2020-03-06,Mobile App,Beauty
GM01206,North America,Toronto,70,F,Standard,2021-12-31,In-Store,Food & Grocery
GM01207,North America,New York,53,F,Budget,2021-07-21,In-Store,Beauty
GM01208,MENA,Dubai,49,M,Premium,2021-10-18,Online,Electronics
GM01209,Europe,Paris,45,F,Premium,2021-02-07,In-Store,Food & Grocery
GM01210,Southeast Asia,Manila,30,F,Premium,2021-09-09,Online,Beauty
GM01211,MENA,Istanbul,18,F,Standard,2021-08-18,Call Center,Electronics
GM01212,MENA,Istanbul,52,M,Premium,2021-10-09,In-Store,Fashion
GM01213,Europe,Warsaw,65,F,Standard,2020-05-25,Call Center,Home & Garden
GM01214,North America,Chicago,47,F,Standard,2022-01-30,In-Store,Fashion
GM01215,North America,Chicago,71,F,Standard,2023-11-26,Online,Electronics
GM01216,Europe,Paris,53,M,Budget,2020-05-04,In-Store,Sports
GM01217,Central Asia,Almaty,42,M,Premium,2023-09-17,Online,Sports
GM01218,North America,New York,33,M,Standard,2021-04-24,Mobile App,Home & Garden
GM01219,North America,Los Angeles,36,M,Budget,2022-09-28,Mobile App,Electronics
GM01220,Europe,Amsterdam,18,F,Premium,2021-12-12,Mobile App,Food & Grocery
GM01221,Southeast Asia,Singapore,22,M,Standard,2021-12-15,In-Store,Beauty
GM01222,Europe,Paris,68,M,Budget,2023-11-22,In-Store,Fashion
GM01223,MENA,Istanbul,39,M,Budget,2022-03-25,Call Center,Food & Grocery
GM01224,Southeast Asia,Jakarta,41,M,Budget,2022-11-19,Online,Fashion
GM01225,MENA,Dubai,60,M,Standard,2020-02-25,Mobile App,Home & Garden
GM01226,North America,Toronto,62,F,Standard,2020-05-11,In-Store,Home & Garden
GM01227,MENA,Istanbul,69,F,Premium,2020-08-18,Call Center,Home & Garden
GM01228,Europe,Warsaw,54,M,Standard,2021-01-29,Mobile App,Food & Grocery
GM01229,Southeast Asia,Singapore,70,M,Premium,2023-03-21,Call Center,Food & Grocery
GM01230,MENA,Dubai,53,M,Standard,2022-09-08,In-Store,Home & Garden
GM01231,Southeast Asia,Bangkok,53,M,Budget,2022-08-20,Online,Food & Grocery
GM01232,Europe,Paris,21,F,Standard,2022-07-21,In-Store,Home & Garden
GM01233,Europe,Berlin,53,F,Standard,2023-11-10,Mobile App,Food & Grocery
GM01234,Central Asia,Almaty,69,F,Standard,2022-06-26,Mobile App,Home & Garden
GM01235,North America,Los Angeles,70,F,Standard,2021-06-16,Online,Beauty
GM01236,Europe,Paris,35,M,Budget,2022-08-22,In-Store,Beauty
GM01237,Southeast Asia,Jakarta,67,F,Standard,2021-03-23,Online,Fashion
GM01238,MENA,Dubai,33,F,Standard,2020-05-05,Mobile App,Fashion
GM01239,Southeast Asia,Singapore,58,F,Standard,2021-07-08,Online,Home & Garden
GM01240,Europe,Amsterdam,35,M,Premium,2021-11-24,In-Store,Fashion
GM01241,Southeast Asia,Manila,39,F,Standard,2021-05-03,Online,Food & Grocery
GM01242,North America,Toronto,19,F,Budget,2021-09-03,Online,Home & Garden
GM01243,North America,Toronto,38,F,Premium,2022-06-09,Mobile App,Beauty
GM01244,North America,Chicago,53,M,Premium,2021-03-21,Online,Sports
GM01245,North America,Toronto,61,F,Premium,2024-02-02,Online,Beauty
GM01246,North America,Los Angeles,56,F,Budget,2023-10-04,Online,Electronics
GM01247,Europe,London,64,F,Standard,2021-05-22,In-Store,Beauty
GM01248,Central Asia,Bishkek,56,F,Standard,2021-04-01,In-Store,Electronics
GM01249,Southeast Asia,Singapore,46,F,Standard,2022-09-12,Online,Fashion
GM01250,North America,Chicago,71,M,Budget,2021-01-19,In-Store,Beauty
GM01251,North America,New York,43,F,Budget,2021-12-12,Online,Sports
GM01252,MENA,Istanbul,38,M,Budget,2022-07-17,Mobile App,Food & Grocery
GM01253,Central Asia,Astana,34,F,Budget,2024-01-11,Mobile App,Beauty
GM01254,Europe,Paris,33,M,Standard,2023-02-12,Call Center,Food & Grocery
GM01255,North America,Chicago,48,F,Standard,2021-03-27,Mobile App,Beauty
GM01256,MENA,Istanbul,68,F,Budget,2021-10-15,Online,Beauty
GM01257,Europe,Amsterdam,26,F,Budget,2023-02-16,Online,Food & Grocery
GM01258,MENA,Cairo,48,F,Premium,2023-01-21,Mobile App,Food & Grocery
GM01259,Central Asia,Astana,31,F,Premium,2021-06-04,Online,Home & Garden
GM01260,North America,Chicago,66,F,Budget,2021-06-21,Online,Beauty
GM01261,Europe,London,54,M,Standard,2023-12-27,Online,Beauty
GM01262,North America,Los Angeles,19,M,Budget,2020-05-24,In-Store,Sports
GM01263,Europe,Berlin,69,M,Standard,2022-12-27,In-Store,Food & Grocery
GM01264,MENA,Istanbul,65,M,Premium,2021-11-30,Online,Food & Grocery
GM01265,Central Asia,Tashkent,63,F,Premium,2020-05-10,Online,Electronics
GM01266,Central Asia,Astana,31,F,Premium,2022-01-02,Mobile App,Electronics
GM01267,MENA,Istanbul,50,F,Standard,2023-07-28,Online,Food & Grocery
GM01268,MENA,Dubai,52,M,Standard,2021-05-27,Call Center,Sports
GM01269,North America,Toronto,56,M,Standard,2021-10-01,Online,Fashion
GM01270,Europe,Amsterdam,64,F,Budget,2020-01-01,In-Store,Beauty
GM01271,North America,Chicago,68,F,Standard,2021-03-07,In-Store,Fashion
GM01272,Southeast Asia,Singapore,37,M,Standard,2021-01-25,Online,Sports
GM01273,North America,Chicago,19,F,Standard,2023-07-13,In-Store,Fashion
GM01274,Central Asia,Tashkent,68,F,Standard,2021-02-02,In-Store,Electronics
GM01275,MENA,Cairo,58,M,Standard,2022-03-18,Mobile App,Home & Garden
GM01276,Central Asia,Almaty,36,F,Premium,2023-07-03,Mobile App,Fashion
GM01277,Europe,Paris,54,M,Premium,2021-01-29,Online,Home & Garden
GM01278,Southeast Asia,Bangkok,35,F,Premium,2022-08-09,Online,Fashion
GM01279,Europe,London,33,M,Premium,2020-06-22,Online,Sports
GM01280,MENA,Dubai,21,M,Standard,2022-12-04,Online,Home & Garden
GM01281,North America,Toronto,29,F,Standard,2022-05-04,In-Store,Fashion
GM01282,North America,Los Angeles,46,M,Budget,2023-03-10,Call Center,Sports
GM01283,North America,Los Angeles,24,F,Budget,2021-06-22,In-Store,Food & Grocery
GM01284,Central Asia,Almaty,31,M,Budget,2022-01-14,Mobile App,Electronics
GM01285,Europe,Berlin,29,M,Budget,2021-12-21,In-Store,Beauty
GM01286,MENA,Dubai,52,M,Standard,2020-02-19,Mobile App,Sports
GM01287,Central Asia,Almaty,22,F,Standard,2022-12-20,Online,Sports
GM01288,Europe,Paris,34,F,Premium,2020-08-30,Mobile App,Electronics
GM01289,Central Asia,Almaty,59,M,Budget,2023-07-16,Mobile App,Home & Garden
GM01290,Central Asia,Almaty,49,F,Budget,2023-03-09,Online,Fashion
GM01291,MENA,Riyadh,27,F,Budget,2023-03-26,Online,Home & Garden
GM01292,Europe,London,60,F,Standard,2021-08-19,Call Center,Sports
GM01293,North America,Toronto,34,F,Budget,2020-10-02,Mobile App,Food & Grocery
GM01294,North America,Chicago,22,F,Premium,2022-11-20,Online,Fashion
GM01295,North America,Chicago,62,F,Premium,2020-01-08,In-Store,Beauty
GM01296,Europe,Warsaw,59,M,Budget,2021-12-15,In-Store,Beauty
GM01297,Europe,Warsaw,26,M,Standard,2020-02-02,In-Store,Fashion
GM01298,Central Asia,Bishkek,66,M,Budget,2022-03-20,Online,Sports
GM01299,North America,Los Angeles,50,M,Premium,2024-01-15,Online,Food & Grocery
GM01300,North America,Los Angeles,53,F,Budget,2024-01-12,In-Store,Electronics
GM01301,Central Asia,Almaty,53,M,Standard,2022-07-16,Mobile App,Food & Grocery
GM01302,Southeast Asia,Manila,35,M,Budget,2022-05-11,Mobile App,Home & Garden
GM01303,Central Asia,Astana,26,F,Budget,2020-02-06,Online,Food & Grocery
GM01304,MENA,Istanbul,46,M,Budget,2020-02-03,Mobile App,Food & Grocery
GM01305,North America,Chicago,67,M,Standard,2021-03-30,Online,Home & Garden
GM01306,Southeast Asia,Jakarta,31,M,Budget,2021-03-19,In-Store,Electronics
GM01307,North America,Los Angeles,42,F,Premium,2023-06-14,Mobile App,Electronics
GM01308,North America,New York,32,M,Premium,2020-07-30,In-Store,Beauty
GM01309,Europe,Paris,23,M,Standard,2023-03-09,Online,Electronics
GM01310,North America,New York,59,F,Budget,2021-12-02,Online,Fashion
GM01311,Central Asia,Tashkent,46,F,Standard,2021-08-30,In-Store,Beauty
GM01312,Southeast Asia,Manila,32,F,Budget,2022-09-08,Mobile App,Sports
GM01313,MENA,Istanbul,46,F,Standard,2020-12-26,Call Center,Beauty
GM01314,North America,New York,21,M,Standard,2020-10-30,Mobile App,Food & Grocery
GM01315,MENA,Dubai,35,M,Budget,2020-10-22,Mobile App,Food & Grocery
GM01316,North America,Los Angeles,67,M,Premium,2020-05-31,Mobile App,Beauty
GM01317,MENA,Cairo,66,M,Budget,2023-05-31,Mobile App,Home & Garden
GM01318,North America,New York,61,M,Standard,2023-05-04,Online,Electronics
GM01319,Central Asia,Astana,56,M,Standard,2021-08-22,Mobile App,Food & Grocery
GM01320,Central Asia,Bishkek,33,F,Standard,2023-08-15,Online,Food & Grocery
GM01321,Europe,Amsterdam,28,F,Premium,2020-07-29,Mobile App,Fashion
GM01322,Europe,Warsaw,31,M,Standard,2020-08-19,Online,Electronics
GM01323,Southeast Asia,Singapore,20,F,Premium,2022-05-19,Mobile App,Food & Grocery
GM01324,Europe,Amsterdam,68,M,Standard,2021-11-25,Mobile App,Home & Garden
GM01325,Southeast Asia,Bangkok,67,M,Premium,2021-01-01,Call Center,Food & Grocery
GM01326,Europe,Paris,59,F,Standard,2021-04-25,Mobile App,Electronics
GM01327,Europe,Warsaw,55,M,Budget,2021-07-25,Online,Fashion
GM01328,North America,Chicago,62,M,Standard,2023-04-17,In-Store,Electronics
GM01329,North America,Toronto,59,M,Budget,2022-07-18,Online,Home & Garden
GM01330,MENA,Dubai,35,F,Standard,2022-11-05,Online,Fashion
GM01331,North America,Chicago,37,F,Standard,2021-04-10,Online,Electronics
GM01332,North America,New York,65,M,Standard,2023-11-26,Online,Home & Garden
GM01333,Europe,Paris,42,F,Standard,2020-10-20,In-Store,Home & Garden
GM01334,Southeast Asia,Singapore,55,F,Standard,2020-06-19,Mobile App,Beauty
GM01335,Southeast Asia,Bangkok,30,F,Premium,2022-11-21,Mobile App,Food & Grocery
GM01336,North America,New York,21,F,Budget,2020-09-19,Online,Fashion
GM01337,Europe,Berlin,31,M,Budget,2023-05-23,Online,Fashion
GM01338,North America,Chicago,50,M,Standard,2021-07-11,Online,Food & Grocery
GM01339,Central Asia,Bishkek,45,F,Budget,2020-07-07,Online,Electronics
GM01340,Central Asia,Almaty,69,F,Premium,2022-02-24,Online,Beauty
GM01341,Europe,Paris,54,F,Standard,2021-08-05,Online,Fashion
GM01342,MENA,Cairo,25,F,Premium,2022-09-28,In-Store,Home & Garden
GM01343,Southeast Asia,Jakarta,61,F,Budget,2021-08-22,In-Store,Fashion
GM01344,North America,Chicago,51,F,Budget,2022-04-25,In-Store,Beauty
GM01345,North America,Chicago,61,F,Budget,2023-07-08,Online,Food & Grocery
GM01346,MENA,Cairo,22,F,Premium,2023-04-20,Mobile App,Sports
GM01347,Europe,Warsaw,71,F,Standard,2020-12-07,Mobile App,Food & Grocery
GM01348,MENA,Dubai,22,M,Standard,2022-08-11,Online,Home & Garden
GM01349,Southeast Asia,Jakarta,48,M,Premium,2020-01-22,Online,Fashion
GM01350,Central Asia,Astana,62,F,Standard,2023-01-02,Online,Food & Grocery
GM01351,Southeast Asia,Jakarta,26,F,Premium,2020-06-14,Online,Home & Garden
GM01352,North America,New York,59,F,Premium,2020-08-21,In-Store,Electronics
GM01353,MENA,Istanbul,49,F,Standard,2023-10-30,Online,Home & Garden
GM01354,North America,Los Angeles,50,M,Standard,2023-12-27,In-Store,Fashion
GM01355,MENA,Cairo,20,M,Premium,2021-10-02,Online,Electronics
GM01356,Southeast Asia,Bangkok,47,F,Premium,2023-09-19,Mobile App,Electronics
GM01357,Southeast Asia,Jakarta,67,M,Standard,2021-08-29,Online,Electronics
GM01358,MENA,Dubai,29,M,Standard,2021-06-23,In-Store,Sports
GM01359,Europe,Warsaw,46,M,Standard,2022-11-24,Online,Sports
GM01360,North America,Toronto,20,M,Standard,2024-01-07,Online,Electronics
GM01361,Southeast Asia,Jakarta,43,F,Standard,2023-06-08,Mobile App,Food & Grocery
GM01362,Europe,Paris,47,M,Standard,2020-11-13,In-Store,Food & Grocery
GM01363,North America,Chicago,26,F,Budget,2020-12-08,Online,Food & Grocery
GM01364,North America,Toronto,43,M,Standard,2023-12-24,In-Store,Fashion
GM01365,North America,New York,19,F,Premium,2022-09-05,In-Store,Electronics
GM01366,Europe,Paris,20,M,Premium,2021-09-28,In-Store,Food & Grocery
GM01367,North America,Chicago,63,F,Budget,2024-01-29,In-Store,Electronics
GM01368,Southeast Asia,Jakarta,21,F,Premium,2020-03-19,Mobile App,Home & Garden
GM01369,Europe,Berlin,42,M,Premium,2022-06-11,Online,Food & Grocery
GM01370,Europe,Warsaw,68,F,Premium,2021-07-26,Online,Home & Garden
GM01371,Southeast Asia,Singapore,30,F,Standard,2021-03-24,Online,Home & Garden
GM01372,Europe,Amsterdam,56,M,Standard,2020-10-08,Mobile App,Food & Grocery
GM01373,Southeast Asia,Jakarta,61,M,Budget,2021-11-05,Mobile App,Beauty
GM01374,MENA,Dubai,52,F,Budget,2020-02-26,Mobile App,Home & Garden
GM01375,Europe,Paris,40,F,Standard,2020-07-09,Mobile App,Food & Grocery
GM01376,Southeast Asia,Jakarta,26,M,Standard,2021-10-05,Call Center,Home & Garden
GM01377,MENA,Riyadh,19,M,Standard,2024-01-26,In-Store,Fashion
GM01378,MENA,Riyadh,71,F,Premium,2020-02-11,Mobile App,Sports
GM01379,Europe,Paris,58,F,Premium,2023-04-11,Call Center,Sports
GM01380,North America,Chicago,61,F,Premium,2021-11-09,Online,Sports
GM01381,Europe,Berlin,48,M,Premium,2023-06-27,In-Store,Beauty
GM01382,MENA,Riyadh,61,F,Standard,2021-05-16,Mobile App,Electronics
GM01383,Southeast Asia,Bangkok,64,M,Standard,2023-05-01,Mobile App,Home & Garden
GM01384,Europe,Berlin,19,M,Budget,2022-02-28,Mobile App,Fashion
GM01385,North America,New York,49,F,Standard,2022-01-19,Mobile App,Beauty
GM01386,Europe,Paris,35,Other,Budget,2022-01-11,Mobile App,Sports
GM01387,North America,New York,30,M,Standard,2020-06-13,In-Store,Beauty
GM01388,Europe,Warsaw,63,M,Standard,2022-01-24,Online,Fashion
GM01389,Southeast Asia,Singapore,22,F,Standard,2020-03-30,Online,Food & Grocery
GM01390,MENA,Cairo,59,F,Premium,2022-09-13,In-Store,Beauty
GM01391,Europe,Warsaw,61,F,Premium,2022-12-17,In-Store,Sports
GM01392,Central Asia,Almaty,27,F,Budget,2023-07-10,In-Store,Electronics
GM01393,Europe,Warsaw,60,M,Budget,2021-10-09,In-Store,Sports
GM01394,MENA,Istanbul,42,Other,Premium,2022-01-19,Mobile App,Sports
GM01395,Europe,Berlin,51,F,Premium,2022-03-29,Online,Sports
GM01396,North America,Toronto,54,F,Standard,2020-08-30,Mobile App,Beauty
GM01397,MENA,Riyadh,47,F,Premium,2021-10-24,Mobile App,Fashion
GM01398,Europe,Warsaw,24,F,Standard,2022-05-07,In-Store,Sports
GM01399,North America,Toronto,23,M,Premium,2020-08-06,In-Store,Food & Grocery
GM01400,North America,Chicago,71,M,Standard,2020-01-09,Mobile App,Beauty
GM01401,Europe,London,20,F,Standard,2021-03-05,Mobile App,Fashion
GM01402,Europe,Amsterdam,30,M,Standard,2020-01-13,Online,Electronics
GM01403,Central Asia,Tashkent,20,M,Premium,2022-06-25,Online,Sports
GM01404,North America,Toronto,43,F,Standard,2022-08-27,Online,Home & Garden
GM01405,North America,Chicago,41,F,Budget,2023-06-02,Online,Beauty
GM01406,MENA,Cairo,70,M,Standard,2021-11-20,Online,Food & Grocery
GM01407,North America,Chicago,23,F,Budget,2022-12-26,Online,Electronics
GM01408,North America,Toronto,60,F,Budget,2021-11-07,In-Store,Electronics
GM01409,North America,Toronto,66,F,Budget,2020-07-02,Call Center,Electronics
GM01410,Southeast Asia,Jakarta,59,F,Budget,2022-10-01,In-Store,Beauty
GM01411,Europe,Amsterdam,29,M,Standard,2020-07-26,Mobile App,Fashion
GM01412,Central Asia,Almaty,66,M,Budget,2021-06-11,Mobile App,Home & Garden
GM01413,Europe,Paris,53,M,Premium,2023-08-16,Mobile App,Food & Grocery
GM01414,Central Asia,Bishkek,19,F,Standard,2022-03-28,In-Store,Fashion
GM01415,MENA,Istanbul,28,F,Budget,2022-09-29,Online,Sports
GM01416,Southeast Asia,Jakarta,56,F,Budget,2023-06-18,Mobile App,Home & Garden
GM01417,Central Asia,Bishkek,51,F,Budget,2021-03-30,Mobile App,Fashion
GM01418,Europe,Warsaw,43,F,Budget,2022-06-20,In-Store,Sports
GM01419,MENA,Istanbul,35,F,Budget,2020-08-31,Online,Home & Garden
GM01420,Southeast Asia,Bangkok,38,M,Standard,2022-02-09,Mobile App,Beauty
GM01421,Europe,Berlin,53,M,Budget,2020-08-25,Online,Food & Grocery
GM01422,MENA,Riyadh,57,F,Standard,2023-06-23,Online,Food & Grocery
GM01423,Central Asia,Tashkent,69,M,Budget,2020-12-10,Mobile App,Sports
GM01424,Europe,London,63,M,Budget,2020-11-05,In-Store,Fashion
GM01425,Southeast Asia,Manila,61,F,Budget,2023-07-31,In-Store,Home & Garden
GM01426,Southeast Asia,Jakarta,39,M,Standard,2020-02-07,Mobile App,Sports
GM01427,Central Asia,Astana,70,F,Standard,2020-02-01,In-Store,Sports
GM01428,Southeast Asia,Singapore,47,M,Premium,2023-06-20,In-Store,Beauty
GM01429,North America,Los Angeles,67,M,Budget,2020-10-18,Online,Sports
GM01430,Southeast Asia,Singapore,60,M,Standard,2020-10-18,Online,Home & Garden
GM01431,MENA,Riyadh,47,F,Standard,2022-01-27,Mobile App,Electronics
GM01432,MENA,Cairo,25,M,Premium,2023-11-06,In-Store,Home & Garden
GM01433,MENA,Istanbul,51,F,Budget,2021-07-31,Online,Home & Garden
GM01434,North America,Toronto,64,F,Budget,2023-03-07,Online,Beauty
GM01435,Europe,Amsterdam,26,F,Budget,2023-05-08,In-Store,Beauty
GM01436,Central Asia,Astana,68,M,Standard,2023-09-20,In-Store,Food & Grocery
GM01437,Europe,Berlin,37,M,Standard,2021-08-27,In-Store,Food & Grocery
GM01438,North America,Chicago,57,F,Standard,2021-03-22,In-Store,Sports
GM01439,Europe,Paris,42,F,Premium,2023-10-03,Online,Food & Grocery
GM01440,North America,New York,36,Other,Budget,2020-10-04,In-Store,Beauty
GM01441,Southeast Asia,Manila,22,M,Premium,2022-09-20,Mobile App,Sports
GM01442,Central Asia,Astana,28,F,Standard,2021-06-15,Online,Electronics
GM01443,North America,Chicago,32,M,Standard,2023-11-23,In-Store,Fashion
GM01444,MENA,Cairo,25,M,Standard,2023-11-15,In-Store,Beauty
GM01445,Southeast Asia,Bangkok,36,M,Budget,2022-09-10,Mobile App,Beauty
GM01446,Europe,Amsterdam,40,M,Premium,2021-08-24,Online,Electronics
GM01447,North America,New York,44,F,Budget,2021-07-15,Mobile App,Beauty
GM01448,North America,Los Angeles,57,M,Premium,2022-10-30,In-Store,Food & Grocery
GM01449,Southeast Asia,Bangkok,49,F,Premium,2021-08-13,Mobile App,Food & Grocery
GM01450,North America,New York,43,M,Standard,2020-02-28,Online,Food & Grocery
GM01451,MENA,Cairo,44,F,Premium,2023-01-16,Mobile App,Electronics
GM01452,North America,New York,36,M,Budget,2021-04-03,Mobile App,Sports
GM01453,Southeast Asia,Jakarta,67,M,Standard,2020-04-13,Online,Beauty
GM01454,North America,Toronto,59,M,Premium,2022-04-10,Online,Beauty
GM01455,Central Asia,Almaty,46,M,Premium,2022-02-27,In-Store,Food & Grocery
GM01456,Southeast Asia,Singapore,56,F,Standard,2020-04-13,Online,Sports
GM01457,North America,Los Angeles,58,M,Budget,2023-07-01,Mobile App,Beauty
GM01458,North America,Chicago,50,F,Standard,2022-01-11,Online,Home & Garden
GM01459,Europe,Berlin,36,M,Standard,2023-09-20,Online,Electronics
GM01460,North America,Chicago,54,F,Budget,2024-01-26,In-Store,Fashion
GM01461,MENA,Istanbul,36,F,Standard,2020-10-27,Online,Home & Garden
GM01462,North America,New York,50,M,Standard,2021-10-15,Call Center,Fashion
GM01463,Central Asia,Astana,64,M,Standard,2021-07-08,Mobile App,Home & Garden
GM01464,North America,New York,33,M,Standard,2021-09-19,In-Store,Home & Garden
GM01465,Southeast Asia,Jakarta,40,F,Standard,2023-09-26,Mobile App,Home & Garden
GM01466,Central Asia,Almaty,24,M,Standard,2023-01-12,Mobile App,Electronics
GM01467,Southeast Asia,Bangkok,43,F,Budget,2022-07-17,Online,Fashion
GM01468,MENA,Istanbul,49,F,Premium,2023-07-06,Mobile App,Sports
GM01469,Southeast Asia,Singapore,29,F,Budget,2020-12-25,Online,Sports
GM01470,North America,Los Angeles,25,F,Standard,2020-03-27,In-Store,Food & Grocery
GM01471,North America,Toronto,22,F,Standard,2021-03-03,In-Store,Beauty
GM01472,North America,Los Angeles,59,M,Premium,2021-01-01,Mobile App,Electronics
GM01473,Southeast Asia,Singapore,45,F,Standard,2020-12-08,Online,Food & Grocery
GM01474,MENA,Dubai,70,F,Budget,2020-12-12,Online,Food & Grocery
GM01475,Europe,Berlin,22,M,Standard,2020-04-05,In-Store,Electronics
GM01476,North America,Chicago,66,F,Premium,2023-07-02,Online,Electronics
GM01477,North America,Chicago,43,M,Standard,2023-03-05,Mobile App,Home & Garden
GM01478,North America,New York,22,F,Premium,2023-06-25,In-Store,Electronics
GM01479,North America,New York,39,F,Budget,2022-06-02,Online,Sports
GM01480,MENA,Istanbul,32,M,Budget,2021-04-30,Online,Electronics
GM01481,North America,New York,30,F,Premium,2023-11-26,In-Store,Home & Garden
GM01482,Europe,Warsaw,45,M,Budget,2021-08-26,In-Store,Fashion
GM01483,MENA,Riyadh,50,M,Budget,2021-02-15,Online,Food & Grocery
GM01484,Central Asia,Almaty,60,M,Standard,2021-03-23,Online,Electronics
GM01485,Europe,Paris,40,F,Standard,2020-09-03,Online,Food & Grocery
GM01486,Europe,Amsterdam,50,M,Standard,2022-02-08,Online,Fashion
GM01487,MENA,Dubai,60,M,Standard,2021-11-29,In-Store,Beauty
GM01488,North America,Los Angeles,35,F,Standard,2021-02-24,Mobile App,Home & Garden
GM01489,MENA,Riyadh,67,M,Standard,2020-05-03,In-Store,Food & Grocery
GM01490,MENA,Istanbul,70,M,Standard,2023-07-07,Mobile App,Electronics
GM01491,Europe,Berlin,47,M,Premium,2023-04-07,Online,Beauty
GM01492,MENA,Dubai,43,M,Budget,2022-07-29,In-Store,Beauty
GM01493,Europe,Warsaw,33,M,Standard,2022-05-26,In-Store,Fashion
GM01494,Central Asia,Tashkent,30,M,Standard,2023-02-08,In-Store,Food & Grocery
GM01495,North America,New York,56,Other,Budget,2023-08-06,In-Store,Food & Grocery
GM01496,North America,New York,50,F,Standard,2020-01-13,Mobile App,Sports
GM01497,North America,Chicago,43,M,Standard,2023-07-10,In-Store,Sports
GM01498,MENA,Istanbul,65,M,Budget,2022-03-10,Online,Sports
GM01499,MENA,Dubai,18,M,Budget,2022-11-12,In-Store,Food & Grocery
GM01500,Southeast Asia,Manila,66,F,Premium,2022-08-02,Mobile App,Food & Grocery
GM01501,MENA,Cairo,55,M,Standard,2020-07-18,Call Center,Sports
GM01502,MENA,Cairo,19,M,Budget,2023-06-19,In-Store,Home & Garden
GM01503,Central Asia,Astana,66,F,Standard,2023-06-16,In-Store,Electronics
GM01504,Europe,Paris,23,M,Standard,2020-10-29,In-Store,Electronics
GM01505,MENA,Dubai,63,M,Premium,2023-04-03,Mobile App,Home & Garden
GM01506,MENA,Cairo,67,F,Premium,2022-01-07,Call Center,Fashion
GM01507,North America,Toronto,55,F,Standard,2020-06-24,Mobile App,Electronics
GM01508,MENA,Dubai,59,M,Budget,2022-11-18,In-Store,Food & Grocery
GM01509,North America,Los Angeles,41,F,Budget,2021-11-07,Online,Beauty
GM01510,North America,Toronto,35,M,Budget,2021-06-18,Mobile App,Food & Grocery
GM01511,North America,New York,44,F,Standard,2023-08-10,Mobile App,Electronics
GM01512,North America,Los Angeles,58,F,Premium,2021-04-21,Mobile App,Home & Garden
GM01513,Southeast Asia,Jakarta,25,F,Budget,2021-01-17,Online,Fashion
GM01514,Central Asia,Almaty,45,F,Standard,2021-07-09,In-Store,Electronics
GM01515,Europe,Amsterdam,27,F,Standard,2023-08-12,Online,Home & Garden
GM01516,Central Asia,Bishkek,34,F,Budget,2020-11-29,Mobile App,Beauty
GM01517,North America,Toronto,46,F,Standard,2023-06-25,Online,Sports
GM01518,Southeast Asia,Bangkok,23,M,Standard,2023-06-18,In-Store,Beauty
GM01519,Europe,London,31,M,Budget,2023-02-03,Online,Beauty
GM01520,Southeast Asia,Manila,39,F,Budget,2022-06-16,Online,Fashion
GM01521,Central Asia,Astana,71,F,Premium,2022-07-19,In-Store,Electronics
GM01522,Southeast Asia,Jakarta,23,M,Budget,2021-11-15,Online,Sports
GM01523,Europe,Berlin,43,F,Standard,2021-07-14,In-Store,Home & Garden
GM01524,Central Asia,Astana,56,F,Standard,2020-05-02,Mobile App,Sports
GM01525,MENA,Riyadh,29,Other,Budget,2022-11-24,Call Center,Electronics
GM01526,Europe,London,52,F,Budget,2021-09-09,Online,Fashion
GM01527,Europe,Paris,31,M,Standard,2022-09-14,Mobile App,Electronics
GM01528,Europe,Paris,39,M,Standard,2022-04-19,Online,Home & Garden
GM01529,North America,Chicago,68,M,Premium,2021-02-19,Mobile App,Sports
GM01530,MENA,Istanbul,40,M,Standard,2021-12-08,Mobile App,Beauty
GM01531,Europe,Paris,65,F,Premium,2021-09-28,Online,Electronics
GM01532,North America,New York,24,F,Standard,2023-09-12,In-Store,Food & Grocery
GM01533,North America,Toronto,57,F,Premium,2023-08-11,Online,Fashion
GM01534,Europe,Paris,67,F,Standard,2023-12-26,Mobile App,Fashion
GM01535,MENA,Cairo,42,M,Premium,2020-12-12,In-Store,Sports
GM01536,Europe,London,30,M,Budget,2020-02-06,In-Store,Beauty
GM01537,Europe,Paris,38,M,Standard,2021-05-26,In-Store,Home & Garden
GM01538,North America,Los Angeles,58,M,Standard,2022-04-28,Call Center,Beauty
GM01539,Europe,London,27,F,Budget,2021-06-18,Mobile App,Sports
GM01540,MENA,Cairo,70,M,Standard,2022-06-28,In-Store,Beauty
GM01541,North America,Chicago,26,M,Standard,2022-02-11,Mobile App,Sports
GM01542,Central Asia,Bishkek,32,M,Premium,2021-10-25,Mobile App,Beauty
GM01543,North America,Chicago,69,F,Standard,2022-11-07,Mobile App,Electronics
GM01544,Europe,Amsterdam,19,M,Standard,2020-01-27,Online,Fashion
GM01545,Southeast Asia,Jakarta,42,F,Budget,2021-06-19,Online,Sports
GM01546,MENA,Riyadh,30,M,Standard,2022-11-18,Online,Sports
GM01547,North America,Chicago,51,F,Standard,2022-10-04,In-Store,Fashion
GM01548,North America,Chicago,68,M,Standard,2021-10-19,Online,Food & Grocery
GM01549,Central Asia,Tashkent,51,F,Standard,2021-10-01,In-Store,Food & Grocery
GM01550,North America,Los Angeles,52,F,Budget,2023-02-14,In-Store,Home & Garden
GM01551,Southeast Asia,Singapore,55,F,Premium,2023-03-01,In-Store,Sports
GM01552,North America,Chicago,20,F,Standard,2023-08-05,In-Store,Electronics
GM01553,North America,New York,59,M,Premium,2023-06-13,Online,Beauty
GM01554,Southeast Asia,Manila,23,M,Standard,2020-02-11,Mobile App,Electronics
GM01555,Europe,Warsaw,65,M,Budget,2023-03-29,Mobile App,Sports
GM01556,Europe,Berlin,66,F,Standard,2023-02-22,In-Store,Home & Garden
GM01557,North America,Los Angeles,36,M,Budget,2023-07-07,Mobile App,Sports
GM01558,MENA,Cairo,20,M,Standard,2023-07-23,Online,Home & Garden
GM01559,North America,New York,35,F,Budget,2020-07-31,Mobile App,Fashion
GM01560,Southeast Asia,Singapore,56,F,Budget,2024-02-05,Online,Beauty
GM01561,Europe,Paris,26,M,Premium,2022-04-15,In-Store,Electronics
GM01562,Europe,Paris,69,F,Standard,2021-12-02,Online,Home & Garden
GM01563,North America,Los Angeles,29,F,Standard,2023-12-25,In-Store,Electronics
GM01564,Europe,Amsterdam,22,M,Premium,2020-03-20,Online,Fashion
GM01565,North America,Chicago,20,M,Standard,2022-08-12,In-Store,Sports
GM01566,MENA,Riyadh,28,F,Standard,2023-06-05,Online,Home & Garden
GM01567,North America,Chicago,47,F,Budget,2022-06-20,Mobile App,Beauty
GM01568,Central Asia,Tashkent,21,M,Standard,2023-01-23,In-Store,Home & Garden
GM01569,North America,Chicago,22,M,Budget,2021-02-27,Online,Food & Grocery
GM01570,MENA,Dubai,18,F,Budget,2022-07-07,Online,Sports
GM01571,North America,Los Angeles,44,F,Budget,2021-05-30,Mobile App,Sports
GM01572,Europe,Warsaw,45,F,Standard,2020-06-13,Online,Beauty
GM01573,North America,Chicago,46,M,Standard,2023-12-20,In-Store,Beauty
GM01574,Southeast Asia,Jakarta,35,M,Standard,2022-09-23,In-Store,Fashion
GM01575,Europe,London,29,F,Standard,2022-09-19,Online,Electronics
GM01576,Central Asia,Astana,30,M,Standard,2022-06-11,Online,Home & Garden
GM01577,Central Asia,Bishkek,58,Other,Budget,2022-10-12,In-Store,Fashion
GM01578,North America,Los Angeles,19,F,Standard,2022-12-01,Online,Electronics
GM01579,North America,Toronto,54,M,Standard,2022-01-10,Online,Fashion
GM01580,MENA,Dubai,62,F,Budget,2023-11-27,Online,Food & Grocery
GM01581,Europe,Berlin,33,M,Premium,2022-01-24,Online,Beauty
GM01582,MENA,Istanbul,65,F,Standard,2021-02-19,Online,Beauty
GM01583,North America,New York,41,M,Budget,2023-08-16,Call Center,Sports
GM01584,MENA,Riyadh,52,M,Premium,2022-12-14,In-Store,Home & Garden
GM01585,Southeast Asia,Singapore,39,F,Standard,2020-12-01,Mobile App,Home & Garden
GM01586,Europe,Berlin,53,F,Standard,2022-05-30,Online,Home & Garden
GM01587,North America,Los Angeles,28,M,Budget,2023-12-24,Online,Fashion
GM01588,MENA,Cairo,63,F,Standard,2022-08-29,Mobile App,Fashion
GM01589,MENA,Istanbul,46,M,Standard,2021-11-15,In-Store,Home & Garden
GM01590,North America,New York,52,M,Standard,2023-09-19,Online,Sports
GM01591,North America,Toronto,65,M,Premium,2022-01-10,In-Store,Electronics
GM01592,Southeast Asia,Manila,71,M,Standard,2023-11-30,In-Store,Food & Grocery
GM01593,Europe,Paris,32,M,Standard,2020-01-30,Mobile App,Fashion
GM01594,Central Asia,Tashkent,48,M,Standard,2021-07-28,Online,Home & Garden
GM01595,North America,Chicago,59,M,Standard,2020-08-08,In-Store,Beauty
GM01596,North America,New York,58,M,Standard,2022-04-06,Mobile App,Fashion
GM01597,Europe,Warsaw,60,M,Standard,2021-08-16,Call Center,Electronics
GM01598,Central Asia,Almaty,33,F,Standard,2022-01-23,Mobile App,Fashion
GM01599,Central Asia,Tashkent,27,M,Standard,2023-06-30,Online,Electronics
GM01600,Southeast Asia,Manila,66,F,Premium,2023-09-06,Mobile App,Electronics
GM01601,Europe,Paris,49,F,Budget,2022-11-28,Mobile App,Fashion
GM01602,Europe,Paris,68,F,Budget,2022-10-17,Mobile App,Electronics
GM01603,Europe,Berlin,19,F,Standard,2024-01-28,Mobile App,Fashion
GM01604,Europe,London,41,F,Standard,2023-12-05,Mobile App,Fashion
GM01605,Central Asia,Astana,40,M,Standard,2023-12-06,Online,Sports
GM01606,MENA,Riyadh,19,F,Standard,2021-05-06,Online,Beauty
GM01607,Central Asia,Bishkek,55,F,Standard,2021-03-13,Mobile App,Food & Grocery
GM01608,North America,Chicago,48,F,Premium,2021-04-23,Online,Electronics
GM01609,Europe,Warsaw,68,F,Standard,2022-02-21,Online,Fashion
GM01610,MENA,Dubai,57,M,Premium,2022-08-06,In-Store,Electronics
GM01611,Southeast Asia,Jakarta,43,F,Standard,2022-10-04,Mobile App,Fashion
GM01612,North America,Los Angeles,46,F,Budget,2020-03-12,Online,Food & Grocery
GM01613,MENA,Istanbul,20,M,Standard,2021-08-04,In-Store,Fashion
GM01614,Europe,Berlin,31,M,Premium,2020-08-07,Online,Fashion
GM01615,Europe,Warsaw,42,F,Budget,2022-10-24,Online,Beauty
GM01616,North America,Los Angeles,65,F,Budget,2022-09-29,Online,Electronics
GM01617,Southeast Asia,Manila,18,F,Budget,2020-10-16,Online,Beauty
GM01618,North America,Toronto,70,F,Standard,2021-01-14,Mobile App,Beauty
GM01619,North America,New York,20,M,Premium,2022-03-14,Mobile App,Beauty
GM01620,North America,Toronto,71,M,Budget,2023-10-10,Mobile App,Beauty
GM01621,MENA,Dubai,43,M,Standard,2022-01-12,Online,Sports
GM01622,Central Asia,Bishkek,35,M,Budget,2020-03-20,In-Store,Electronics
GM01623,North America,Toronto,26,M,Standard,2020-03-06,Online,Electronics
GM01624,Southeast Asia,Manila,55,M,Standard,2020-05-15,Online,Fashion
GM01625,Europe,London,40,F,Budget,2021-02-02,In-Store,Electronics
GM01626,North America,Los Angeles,38,F,Standard,2020-12-12,Mobile App,Food & Grocery
GM01627,Europe,Paris,18,M,Premium,2020-02-28,Online,Beauty
GM01628,MENA,Dubai,38,M,Standard,2022-02-16,Online,Home & Garden
GM01629,Central Asia,Tashkent,44,M,Standard,2021-06-02,Mobile App,Electronics
GM01630,MENA,Cairo,59,F,Premium,2021-12-14,In-Store,Home & Garden
GM01631,North America,Toronto,23,M,Standard,2022-09-03,Mobile App,Food & Grocery
GM01632,Europe,Berlin,61,M,Standard,2023-06-14,Call Center,Sports
GM01633,North America,Los Angeles,53,F,Budget,2020-03-19,In-Store,Fashion
GM01634,North America,Toronto,45,F,Standard,2020-04-24,Online,Fashion
GM01635,Southeast Asia,Singapore,62,M,Budget,2022-09-12,Mobile App,Fashion
GM01636,Europe,Berlin,34,M,Premium,2024-01-25,Online,Sports
GM01637,MENA,Riyadh,57,M,Standard,2020-05-05,Online,Beauty
GM01638,Europe,Berlin,69,F,Premium,2021-07-26,Mobile App,Home & Garden
GM01639,Southeast Asia,Manila,20,F,Standard,2022-08-22,In-Store,Electronics
GM01640,Southeast Asia,Singapore,29,M,Budget,2021-05-14,Online,Beauty
GM01641,MENA,Cairo,56,F,Budget,2022-04-08,In-Store,Fashion
GM01642,North America,Los Angeles,29,M,Standard,2023-01-30,Mobile App,Fashion
GM01643,MENA,Istanbul,19,M,Standard,2021-09-17,Online,Beauty
GM01644,North America,Toronto,63,M,Budget,2023-04-12,Online,Home & Garden
GM01645,Central Asia,Astana,39,F,Budget,2021-03-27,Online,Beauty
GM01646,North America,New York,40,M,Budget,2023-01-20,Online,Sports
GM01647,Europe,Paris,47,M,Standard,2021-01-19,Mobile App,Fashion
GM01648,North America,Chicago,22,M,Budget,2023-05-13,Mobile App,Home & Garden
GM01649,North America,Chicago,26,M,Premium,2020-12-28,In-Store,Electronics
GM01650,North America,Chicago,38,F,Standard,2021-05-12,Online,Fashion
GM01651,Central Asia,Bishkek,28,M,Premium,2021-06-20,Online,Beauty
GM01652,Europe,Warsaw,22,M,Standard,2023-06-11,Online,Home & Garden
GM01653,Europe,London,52,F,Budget,2020-01-16,Online,Fashion
GM01654,Europe,Berlin,44,F,Budget,2022-09-07,Online,Electronics
GM01655,Central Asia,Tashkent,66,F,Budget,2023-03-10,In-Store,Electronics
GM01656,Southeast Asia,Singapore,19,F,Standard,2021-09-11,Online,Food & Grocery
GM01657,North America,Chicago,41,M,Standard,2023-12-14,Mobile App,Beauty
GM01658,Europe,Amsterdam,48,F,Standard,2024-01-19,Mobile App,Sports
GM01659,MENA,Cairo,50,F,Standard,2020-10-26,In-Store,Beauty
GM01660,MENA,Riyadh,56,M,Budget,2020-12-04,Online,Home & Garden
GM01661,North America,Toronto,47,F,Standard,2020-10-29,Mobile App,Beauty
GM01662,MENA,Riyadh,63,M,Standard,2021-08-14,Call Center,Home & Garden
GM01663,Southeast Asia,Manila,54,Other,Standard,2020-03-16,Online,Food & Grocery
GM01664,MENA,Dubai,68,F,Budget,2022-07-02,Mobile App,Food & Grocery
GM01665,Southeast Asia,Singapore,45,F,Standard,2022-02-18,Mobile App,Food & Grocery
GM01666,Southeast Asia,Bangkok,48,F,Standard,2022-07-09,In-Store,Sports
GM01667,Europe,Paris,28,F,Budget,2023-09-01,Online,Food & Grocery
GM01668,Southeast Asia,Bangkok,40,M,Standard,2023-01-03,In-Store,Beauty
GM01669,Central Asia,Almaty,19,M,Budget,2020-12-31,In-Store,Electronics
GM01670,North America,Los Angeles,57,M,Standard,2021-10-14,In-Store,Home & Garden
GM01671,MENA,Riyadh,58,M,Standard,2022-10-02,Mobile App,Home & Garden
GM01672,Southeast Asia,Jakarta,44,F,Budget,2021-01-30,Mobile App,Electronics
GM01673,Southeast Asia,Jakarta,52,M,Standard,2023-06-08,Online,Beauty
GM01674,North America,New York,19,M,Standard,2022-03-14,In-Store,Sports
GM01675,North America,Los Angeles,56,F,Standard,2022-11-17,In-Store,Fashion
GM01676,Europe,Berlin,54,F,Standard,2024-02-07,Online,Beauty
GM01677,Central Asia,Tashkent,38,M,Standard,2023-08-11,Online,Food & Grocery
GM01678,MENA,Riyadh,22,M,Premium,2022-04-24,Mobile App,Beauty
GM01679,Europe,Paris,69,M,Budget,2023-12-21,In-Store,Home & Garden
GM01680,North America,New York,62,F,Budget,2022-05-21,Online,Home & Garden
GM01681,Europe,Warsaw,38,M,Premium,2023-01-19,Online,Sports
GM01682,Southeast Asia,Bangkok,46,F,Standard,2020-04-24,In-Store,Food & Grocery
GM01683,North America,Toronto,37,M,Standard,2023-03-28,In-Store,Sports
GM01684,North America,Toronto,55,M,Premium,2023-07-05,Online,Sports
GM01685,Europe,Warsaw,37,F,Standard,2021-01-07,In-Store,Electronics
GM01686,Southeast Asia,Jakarta,67,M,Standard,2022-04-29,Online,Fashion
GM01687,Southeast Asia,Singapore,42,M,Standard,2020-03-30,Online,Fashion
GM01688,MENA,Dubai,19,M,Standard,2022-01-26,In-Store,Food & Grocery
GM01689,North America,New York,49,F,Standard,2023-08-14,Online,Sports
GM01690,North America,New York,43,F,Budget,2020-01-31,Mobile App,Home & Garden
GM01691,Europe,Warsaw,23,M,Budget,2020-12-23,Online,Fashion
GM01692,MENA,Cairo,58,M,Standard,2021-04-14,In-Store,Beauty
GM01693,MENA,Riyadh,20,M,Budget,2023-02-25,Online,Electronics
GM01694,Europe,Warsaw,50,F,Standard,2020-09-26,Online,Home & Garden
GM01695,Europe,Amsterdam,18,F,Budget,2023-12-07,Mobile App,Electronics
GM01696,Central Asia,Astana,68,F,Standard,2020-07-27,In-Store,Beauty
GM01697,Central Asia,Bishkek,22,F,Budget,2021-11-20,Mobile App,Fashion
GM01698,Europe,Warsaw,30,M,Standard,2023-08-22,In-Store,Electronics
GM01699,Southeast Asia,Jakarta,36,M,Standard,2023-04-29,In-Store,Food & Grocery
GM01700,MENA,Cairo,29,M,Standard,2023-10-12,Mobile App,Electronics
GM01701,Southeast Asia,Manila,65,M,Standard,2021-04-01,In-Store,Electronics
GM01702,MENA,Riyadh,42,M,Standard,2021-03-24,In-Store,Beauty
GM01703,Europe,Amsterdam,68,F,Standard,2020-03-08,Mobile App,Home & Garden
GM01704,MENA,Cairo,52,F,Budget,2022-05-23,Mobile App,Home & Garden
GM01705,MENA,Istanbul,29,F,Standard,2021-04-11,Online,Beauty
GM01706,Central Asia,Astana,47,M,Standard,2023-10-15,In-Store,Electronics
GM01707,North America,New York,22,F,Standard,2023-11-11,Online,Electronics
GM01708,Europe,Berlin,51,F,Budget,2020-05-07,Online,Sports
GM01709,North America,Chicago,39,F,Budget,2022-01-02,In-Store,Food & Grocery
GM01710,North America,Chicago,56,M,Budget,2023-06-21,Mobile App,Fashion
GM01711,Europe,Amsterdam,30,M,Standard,2022-11-08,In-Store,Fashion
GM01712,Central Asia,Bishkek,64,M,Standard,2023-11-20,Mobile App,Home & Garden
GM01713,North America,Toronto,71,M,Premium,2023-06-06,Online,Beauty
GM01714,MENA,Cairo,20,F,Standard,2021-01-02,In-Store,Electronics
GM01715,Central Asia,Almaty,70,M,Premium,2020-02-27,Mobile App,Food & Grocery
GM01716,Southeast Asia,Jakarta,37,M,Standard,2023-07-28,Online,Fashion
GM01717,Central Asia,Tashkent,48,F,Standard,2021-07-10,Online,Beauty
GM01718,North America,Los Angeles,22,F,Standard,2023-01-30,In-Store,Beauty
GM01719,Southeast Asia,Manila,41,M,Standard,2020-02-17,Mobile App,Electronics
GM01720,Europe,Berlin,57,F,Budget,2021-07-15,In-Store,Food & Grocery
GM01721,Europe,Paris,71,M,Premium,2021-08-15,In-Store,Beauty
GM01722,Europe,Warsaw,50,M,Budget,2022-03-22,In-Store,Fashion
GM01723,Europe,Warsaw,25,M,Premium,2020-02-28,Online,Sports
GM01724,Central Asia,Astana,41,F,Premium,2020-06-09,Mobile App,Fashion
GM01725,North America,Los Angeles,67,F,Premium,2020-04-12,Online,Food & Grocery
GM01726,Central Asia,Almaty,37,M,Budget,2022-04-25,Online,Sports
GM01727,MENA,Istanbul,33,F,Standard,2021-02-15,In-Store,Beauty
GM01728,Southeast Asia,Singapore,67,M,Budget,2022-02-24,Mobile App,Fashion
GM01729,North America,Los Angeles,69,F,Standard,2020-07-01,Mobile App,Electronics
GM01730,North America,Chicago,29,M,Premium,2021-02-20,Mobile App,Food & Grocery
GM01731,Europe,Berlin,30,M,Standard,2023-02-13,Online,Beauty
GM01732,North America,Toronto,62,F,Premium,2021-02-02,Online,Electronics
GM01733,MENA,Dubai,59,F,Budget,2022-08-14,Online,Sports
GM01734,MENA,Dubai,56,M,Premium,2022-02-17,Mobile App,Home & Garden
GM01735,Europe,Paris,42,M,Standard,2021-10-16,Mobile App,Home & Garden
GM01736,Southeast Asia,Manila,63,M,Budget,2021-03-12,Call Center,Sports
GM01737,MENA,Istanbul,49,M,Budget,2020-11-13,Online,Home & Garden
GM01738,Europe,Berlin,41,F,Standard,2021-08-28,In-Store,Food & Grocery
GM01739,Europe,Berlin,65,F,Budget,2023-06-27,In-Store,Beauty
GM01740,MENA,Cairo,64,M,Premium,2022-06-29,Mobile App,Beauty
GM01741,North America,Los Angeles,61,M,Budget,2024-01-10,In-Store,Food & Grocery
GM01742,North America,Toronto,26,F,Standard,2021-05-11,Mobile App,Fashion
GM01743,North America,Toronto,57,M,Premium,2023-09-28,Online,Beauty
GM01744,Central Asia,Bishkek,67,F,Standard,2021-03-02,Online,Home & Garden
GM01745,MENA,Istanbul,40,M,Premium,2022-03-28,Online,Food & Grocery
GM01746,MENA,Istanbul,67,F,Standard,2022-10-19,Online,Electronics
GM01747,Central Asia,Tashkent,30,F,Standard,2020-08-27,Online,Fashion
GM01748,Europe,Amsterdam,49,F,Standard,2022-12-18,Online,Electronics
GM01749,North America,New York,67,F,Budget,2022-03-07,Online,Home & Garden
GM01750,Europe,London,32,M,Premium,2020-07-21,In-Store,Electronics
GM01751,MENA,Istanbul,53,F,Standard,2024-01-29,Mobile App,Home & Garden
GM01752,Europe,Warsaw,66,F,Standard,2023-08-12,Mobile App,Beauty
GM01753,Central Asia,Bishkek,22,M,Budget,2020-10-13,Online,Fashion
GM01754,Europe,Berlin,39,M,Standard,2020-03-13,Online,Sports
GM01755,Southeast Asia,Bangkok,33,M,Standard,2021-12-26,Online,Home & Garden
GM01756,North America,Los Angeles,58,M,Standard,2020-12-02,Call Center,Food & Grocery
GM01757,Southeast Asia,Singapore,27,M,Standard,2023-09-03,In-Store,Food & Grocery
GM01758,MENA,Dubai,41,F,Premium,2020-07-21,Online,Beauty
GM01759,Central Asia,Tashkent,35,M,Standard,2020-08-18,Mobile App,Food & Grocery
GM01760,MENA,Istanbul,66,F,Premium,2022-06-22,Online,Electronics
GM01761,MENA,Istanbul,35,M,Standard,2022-12-16,Mobile App,Beauty
GM01762,North America,Los Angeles,24,M,Standard,2021-10-05,Online,Food & Grocery
GM01763,Central Asia,Astana,21,F,Standard,2023-12-14,Online,Electronics
GM01764,MENA,Dubai,43,F,Premium,2022-07-03,In-Store,Electronics
GM01765,Europe,Amsterdam,22,M,Budget,2020-10-06,Mobile App,Electronics
GM01766,Europe,Berlin,33,M,Budget,2022-03-19,Mobile App,Food & Grocery
GM01767,North America,Los Angeles,52,M,Premium,2023-08-21,In-Store,Electronics
GM01768,MENA,Cairo,43,F,Standard,2021-04-10,Online,Fashion
GM01769,MENA,Istanbul,35,F,Standard,2022-01-06,In-Store,Food & Grocery
GM01770,MENA,Cairo,46,M,Premium,2023-04-12,Call Center,Electronics
GM01771,MENA,Dubai,40,F,Standard,2022-03-14,In-Store,Fashion
GM01772,North America,Chicago,70,F,Standard,2020-09-22,Mobile App,Sports
GM01773,Southeast Asia,Singapore,31,M,Budget,2020-09-03,In-Store,Fashion
GM01774,Southeast Asia,Bangkok,32,F,Budget,2020-03-18,In-Store,Food & Grocery
GM01775,North America,Los Angeles,66,F,Standard,2022-05-03,In-Store,Food & Grocery
GM01776,Europe,Warsaw,50,M,Standard,2020-09-09,Mobile App,Electronics
GM01777,North America,Los Angeles,42,M,Budget,2021-04-19,Mobile App,Food & Grocery
GM01778,MENA,Dubai,38,M,Budget,2020-06-24,In-Store,Sports
GM01779,Europe,Amsterdam,34,M,Budget,2023-12-15,In-Store,Beauty
GM01780,North America,Chicago,40,F,Premium,2022-08-28,Online,Fashion
GM01781,Central Asia,Tashkent,60,M,Premium,2024-01-24,Online,Beauty
GM01782,Southeast Asia,Singapore,34,F,Standard,2020-09-10,Mobile App,Sports
GM01783,MENA,Riyadh,31,F,Standard,2022-06-21,Online,Fashion
GM01784,North America,New York,46,F,Premium,2020-04-16,Mobile App,Electronics
GM01785,North America,Chicago,37,F,Premium,2023-04-09,Mobile App,Fashion
GM01786,Southeast Asia,Jakarta,47,M,Budget,2020-02-27,Mobile App,Electronics
GM01787,North America,Los Angeles,36,M,Budget,2023-09-22,Mobile App,Home & Garden
GM01788,North America,Los Angeles,70,F,Standard,2023-09-27,In-Store,Fashion
GM01789,Central Asia,Almaty,56,M,Budget,2022-07-30,Mobile App,Fashion
GM01790,MENA,Riyadh,30,M,Standard,2023-08-06,Online,Beauty
GM01791,Europe,Warsaw,35,F,Budget,2020-03-24,In-Store,Beauty
GM01792,North America,Chicago,40,F,Standard,2023-02-14,Mobile App,Sports
GM01793,MENA,Dubai,63,M,Premium,2021-12-12,Online,Electronics
GM01794,North America,New York,50,F,Standard,2023-05-27,Mobile App,Food & Grocery
GM01795,Central Asia,Astana,56,F,Standard,2022-06-19,Mobile App,Beauty
GM01796,Central Asia,Almaty,57,M,Standard,2023-01-30,Mobile App,Sports
GM01797,North America,Los Angeles,35,M,Premium,2021-10-18,Online,Electronics
GM01798,Central Asia,Bishkek,26,F,Budget,2021-03-31,In-Store,Electronics
GM01799,Central Asia,Bishkek,50,M,Standard,2021-10-20,Online,Electronics
GM01800,Central Asia,Almaty,49,M,Premium,2022-02-11,Mobile App,Home & Garden
GM01801,Southeast Asia,Bangkok,71,F,Standard,2022-03-01,In-Store,Electronics
GM01802,North America,Los Angeles,34,F,Standard,2022-04-30,In-Store,Sports
GM01803,Europe,Warsaw,36,M,Standard,2021-06-09,In-Store,Electronics
GM01804,Europe,Paris,44,M,Budget,2020-09-22,Online,Food & Grocery
GM01805,Europe,Berlin,23,M,Standard,2023-08-03,Online,Food & Grocery
GM01806,North America,Chicago,52,Other,Standard,2020-05-20,Online,Electronics
GM01807,North America,Los Angeles,54,M,Standard,2022-06-13,In-Store,Sports
GM01808,Europe,Warsaw,51,F,Premium,2021-02-09,Mobile App,Fashion
GM01809,Europe,Paris,37,F,Standard,2020-10-19,Online,Electronics
GM01810,Central Asia,Bishkek,42,M,Budget,2022-11-20,Online,Sports
GM01811,North America,Los Angeles,21,Other,Premium,2023-04-09,In-Store,Beauty
GM01812,North America,Chicago,27,F,Standard,2020-12-20,Mobile App,Sports
GM01813,Europe,London,27,F,Budget,2020-07-23,Online,Home & Garden
GM01814,Central Asia,Tashkent,41,M,Standard,2022-09-20,Online,Beauty
GM01815,Central Asia,Tashkent,38,F,Standard,2020-10-17,Online,Food & Grocery
GM01816,Southeast Asia,Singapore,28,F,Budget,2020-04-20,Online,Food & Grocery
GM01817,Europe,Amsterdam,44,Other,Premium,2022-12-27,Online,Fashion
GM01818,North America,Los Angeles,33,M,Premium,2021-01-07,Online,Fashion
GM01819,North America,New York,43,F,Budget,2020-07-14,Mobile App,Sports
GM01820,MENA,Istanbul,47,M,Budget,2020-05-05,In-Store,Sports
GM01821,Europe,Paris,66,M,Standard,2020-09-18,Online,Electronics
GM01822,Europe,Warsaw,33,M,Standard,2022-06-05,In-Store,Electronics
GM01823,North America,Toronto,24,F,Budget,2022-07-12,In-Store,Food & Grocery
GM01824,North America,New York,33,M,Standard,2020-06-03,Mobile App,Home & Garden
GM01825,North America,Chicago,52,F,Standard,2020-04-17,Online,Electronics
GM01826,MENA,Riyadh,33,Other,Premium,2023-12-17,Mobile App,Food & Grocery
GM01827,Central Asia,Bishkek,57,M,Standard,2020-02-04,Mobile App,Sports
GM01828,Southeast Asia,Bangkok,29,F,Budget,2022-12-03,Online,Sports
GM01829,North America,Toronto,52,M,Budget,2021-10-16,Mobile App,Electronics
GM01830,Europe,London,66,M,Budget,2021-12-23,In-Store,Home & Garden
GM01831,Southeast Asia,Singapore,38,F,Budget,2022-09-24,In-Store,Food & Grocery
GM01832,North America,Toronto,67,F,Standard,2021-02-19,Online,Sports
GM01833,North America,New York,60,F,Standard,2022-09-26,Online,Food & Grocery
GM01834,North America,Chicago,53,F,Budget,2020-10-11,In-Store,Home & Garden
GM01835,North America,Los Angeles,65,M,Standard,2024-01-10,Online,Sports
GM01836,North America,Chicago,34,M,Standard,2021-06-01,In-Store,Food & Grocery
GM01837,Europe,Berlin,49,F,Premium,2020-01-27,Online,Home & Garden
GM01838,Europe,Amsterdam,58,M,Budget,2020-08-14,In-Store,Home & Garden
GM01839,Southeast Asia,Bangkok,23,M,Standard,2023-12-19,In-Store,Home & Garden
GM01840,Europe,Amsterdam,41,F,Standard,2023-10-23,Online,Electronics
GM01841,MENA,Istanbul,44,M,Standard,2023-08-26,In-Store,Fashion
GM01842,MENA,Dubai,37,M,Standard,2022-04-27,In-Store,Food & Grocery
GM01843,MENA,Riyadh,42,F,Standard,2023-02-02,Online,Home & Garden
GM01844,North America,Toronto,19,F,Budget,2020-01-18,Online,Food & Grocery
GM01845,Southeast Asia,Jakarta,26,F,Standard,2023-05-13,Online,Home & Garden
GM01846,Europe,Amsterdam,45,F,Premium,2020-02-12,Online,Food & Grocery
GM01847,Europe,Warsaw,70,M,Standard,2020-03-29,Mobile App,Sports
GM01848,Europe,Amsterdam,55,F,Standard,2021-08-08,In-Store,Food & Grocery
GM01849,Southeast Asia,Jakarta,20,F,Budget,2020-06-05,Online,Fashion
GM01850,North America,Toronto,37,M,Budget,2023-07-13,Online,Sports
GM01851,Europe,Amsterdam,23,M,Budget,2020-05-13,Online,Sports
GM01852,North America,Los Angeles,56,F,Premium,2021-04-08,In-Store,Home & Garden
GM01853,Southeast Asia,Jakarta,50,F,Premium,2023-03-01,Online,Beauty
GM01854,North America,Los Angeles,18,F,Standard,2022-01-10,In-Store,Fashion
GM01855,Southeast Asia,Manila,54,F,Standard,2022-11-23,Online,Sports
GM01856,Europe,Berlin,23,F,Budget,2020-03-23,Mobile App,Beauty
GM01857,North America,Toronto,62,Other,Standard,2022-07-17,Online,Beauty
GM01858,MENA,Cairo,51,F,Budget,2023-03-01,In-Store,Sports
GM01859,North America,Los Angeles,64,M,Standard,2023-12-22,Mobile App,Home & Garden
GM01860,North America,Toronto,32,F,Standard,2022-05-15,In-Store,Electronics
GM01861,North America,Los Angeles,62,M,Standard,2020-07-22,Mobile App,Sports
GM01862,North America,Los Angeles,43,F,Standard,2023-09-21,In-Store,Home & Garden
GM01863,Europe,Berlin,31,F,Standard,2022-08-19,In-Store,Fashion
GM01864,MENA,Istanbul,71,F,Standard,2021-05-11,In-Store,Home & Garden
GM01865,Southeast Asia,Jakarta,24,F,Standard,2021-03-17,Call Center,Beauty
GM01866,Southeast Asia,Manila,63,M,Standard,2022-04-07,In-Store,Fashion
GM01867,Central Asia,Tashkent,48,M,Premium,2023-07-05,Mobile App,Fashion
GM01868,Europe,Warsaw,41,M,Standard,2023-08-08,Online,Electronics
GM01869,Europe,Paris,48,F,Standard,2023-02-22,In-Store,Electronics
GM01870,North America,Los Angeles,46,F,Premium,2022-05-20,Mobile App,Sports
GM01871,North America,New York,59,F,Standard,2023-04-13,Online,Home & Garden
GM01872,Europe,Warsaw,49,M,Standard,2022-05-18,Call Center,Sports
GM01873,MENA,Istanbul,34,F,Standard,2020-03-20,Online,Electronics
GM01874,North America,Chicago,31,F,Premium,2022-03-22,Mobile App,Beauty
GM01875,North America,Los Angeles,57,M,Standard,2022-07-03,In-Store,Electronics
GM01876,MENA,Riyadh,53,F,Standard,2023-08-21,Online,Home & Garden
GM01877,North America,Los Angeles,65,F,Standard,2023-09-29,Mobile App,Beauty
GM01878,MENA,Dubai,41,F,Budget,2021-07-23,Online,Sports
GM01879,Europe,Paris,62,M,Standard,2023-01-19,Online,Sports
GM01880,North America,New York,71,F,Standard,2022-05-11,Online,Electronics
GM01881,North America,Los Angeles,44,M,Budget,2020-06-17,In-Store,Electronics
GM01882,Southeast Asia,Manila,42,Other,Standard,2023-09-19,Call Center,Food & Grocery
GM01883,North America,Los Angeles,49,M,Standard,2022-10-08,Online,Sports
GM01884,North America,Chicago,69,M,Standard,2020-08-23,In-Store,Sports
GM01885,Europe,Berlin,35,F,Standard,2021-02-02,Online,Fashion
GM01886,MENA,Riyadh,63,M,Budget,2021-08-10,Mobile App,Home & Garden
GM01887,Central Asia,Tashkent,35,F,Premium,2022-03-31,Online,Fashion
GM01888,Europe,Warsaw,54,F,Standard,2022-10-09,Online,Fashion
GM01889,North America,Los Angeles,43,F,Standard,2021-04-21,Online,Sports
GM01890,Southeast Asia,Bangkok,26,Other,Standard,2022-04-24,In-Store,Food & Grocery
GM01891,Central Asia,Astana,52,M,Standard,2021-08-07,Mobile App,Home & Garden
GM01892,MENA,Riyadh,25,F,Standard,2023-01-16,In-Store,Sports
GM01893,North America,Toronto,37,M,Budget,2021-09-06,Online,Fashion
GM01894,Europe,London,71,M,Budget,2021-08-28,In-Store,Fashion
GM01895,North America,Toronto,59,F,Standard,2022-08-18,Mobile App,Sports
GM01896,North America,Toronto,39,M,Budget,2022-02-16,Online,Electronics
GM01897,North America,New York,36,F,Standard,2023-06-30,Online,Electronics
GM01898,Europe,London,47,F,Standard,2020-12-23,Online,Sports
GM01899,Europe,Amsterdam,70,F,Budget,2022-12-17,Mobile App,Beauty
GM01900,North America,Los Angeles,45,Other,Standard,2023-11-23,In-Store,Beauty
GM01901,North America,Chicago,52,M,Standard,2021-06-04,In-Store,Electronics
GM01902,Central Asia,Astana,60,F,Premium,2021-06-08,Online,Home & Garden
GM01903,North America,Toronto,28,F,Standard,2023-12-11,Online,Food & Grocery
GM01904,Central Asia,Astana,48,F,Budget,2021-01-27,Call Center,Fashion
GM01905,North America,Toronto,66,M,Standard,2023-05-30,Online,Home & Garden
GM01906,Europe,Amsterdam,65,F,Standard,2023-09-14,Mobile App,Electronics
GM01907,Southeast Asia,Manila,56,M,Standard,2023-10-27,In-Store,Sports
GM01908,Europe,Amsterdam,53,M,Budget,2020-06-01,Online,Beauty
GM01909,Europe,Berlin,47,F,Standard,2022-06-11,In-Store,Electronics
GM01910,Europe,Paris,40,F,Standard,2022-09-10,Mobile App,Home & Garden
GM01911,Europe,Paris,36,F,Premium,2021-04-24,In-Store,Home & Garden
GM01912,Southeast Asia,Jakarta,29,F,Standard,2021-08-05,Mobile App,Food & Grocery
GM01913,Southeast Asia,Singapore,32,F,Standard,2022-05-06,Online,Electronics
GM01914,Europe,London,48,M,Premium,2020-01-20,In-Store,Fashion
GM01915,MENA,Riyadh,60,M,Standard,2021-08-15,Mobile App,Home & Garden
GM01916,North America,New York,54,M,Standard,2020-08-15,Mobile App,Fashion
GM01917,Southeast Asia,Bangkok,54,F,Premium,2023-10-01,In-Store,Fashion
GM01918,North America,Chicago,32,M,Standard,2020-01-19,In-Store,Sports
GM01919,MENA,Riyadh,46,M,Premium,2021-03-19,Online,Electronics
GM01920,MENA,Dubai,67,F,Standard,2021-01-02,Online,Electronics
GM01921,North America,Chicago,60,M,Standard,2022-06-17,Online,Fashion
GM01922,Central Asia,Bishkek,43,M,Standard,2022-06-07,Online,Sports
GM01923,North America,Toronto,61,F,Budget,2021-12-26,Online,Home & Garden
GM01924,Europe,Paris,19,M,Standard,2020-05-26,Online,Home & Garden
GM01925,North America,New York,37,M,Premium,2021-03-05,Call Center,Electronics
GM01926,Central Asia,Astana,32,M,Budget,2022-04-27,In-Store,Fashion
GM01927,North America,Los Angeles,69,F,Standard,2024-01-03,In-Store,Sports
GM01928,MENA,Dubai,21,F,Premium,2020-07-16,Call Center,Sports
GM01929,North America,Los Angeles,39,M,Budget,2022-09-23,Online,Home & Garden
GM01930,Central Asia,Tashkent,67,F,Standard,2023-08-03,In-Store,Home & Garden
GM01931,North America,Chicago,55,M,Standard,2021-07-18,In-Store,Beauty
GM01932,North America,Chicago,40,F,Standard,2021-01-03,Online,Beauty
GM01933,North America,Toronto,43,M,Standard,2023-06-17,Mobile App,Fashion
GM01934,North America,Chicago,68,F,Budget,2022-03-12,Online,Beauty
GM01935,North America,Los Angeles,28,F,Standard,2023-08-03,Online,Sports
GM01936,North America,Toronto,45,F,Premium,2021-11-30,Online,Beauty
GM01937,Europe,London,19,M,Budget,2023-11-19,Mobile App,Electronics
GM01938,North America,Los Angeles,25,M,Budget,2022-09-22,In-Store,Electronics
GM01939,MENA,Riyadh,46,F,Standard,2021-06-01,In-Store,Food & Grocery
GM01940,Central Asia,Bishkek,28,M,Standard,2022-02-13,In-Store,Home & Garden
GM01941,Central Asia,Tashkent,54,F,Premium,2021-07-14,Online,Home & Garden
GM01942,Europe,Berlin,35,F,Budget,2020-02-29,In-Store,Fashion
GM01943,North America,New York,67,F,Premium,2021-06-28,In-Store,Electronics
GM01944,North America,Los Angeles,31,M,Premium,2022-10-13,Online,Food & Grocery
GM01945,North America,Los Angeles,71,F,Standard,2020-10-29,In-Store,Fashion
GM01946,MENA,Riyadh,27,F,Premium,2023-06-21,Online,Fashion
GM01947,MENA,Riyadh,52,F,Premium,2023-05-15,Online,Beauty
GM01948,Europe,Warsaw,26,M,Standard,2023-10-30,Mobile App,Home & Garden
GM01949,Europe,Amsterdam,52,M,Premium,2020-10-09,In-Store,Fashion
GM01950,MENA,Istanbul,28,M,Premium,2021-04-22,In-Store,Fashion
GM01951,Central Asia,Tashkent,61,M,Premium,2022-11-11,In-Store,Home & Garden
GM01952,Europe,London,29,F,Standard,2021-07-12,Online,Home & Garden
GM01953,North America,Chicago,20,F,Standard,2020-12-14,In-Store,Electronics
GM01954,North America,New York,70,M,Budget,2021-10-31,Mobile App,Home & Garden
GM01955,Southeast Asia,Bangkok,56,F,Standard,2020-09-14,In-Store,Beauty
GM01956,Southeast Asia,Bangkok,31,M,Standard,2021-10-16,Call Center,Electronics
GM01957,North America,Chicago,45,M,Premium,2022-12-06,Call Center,Food & Grocery
GM01958,MENA,Cairo,28,M,Premium,2022-11-16,In-Store,Fashion
GM01959,North America,Toronto,56,M,Standard,2022-11-16,Mobile App,Beauty
GM01960,North America,New York,42,F,Standard,2023-11-21,In-Store,Beauty
GM01961,Central Asia,Tashkent,38,M,Standard,2020-05-24,In-Store,Electronics
GM01962,MENA,Istanbul,27,F,Standard,2021-08-09,Online,Fashion
GM01963,North America,Toronto,60,M,Standard,2021-06-05,In-Store,Electronics
GM01964,MENA,Istanbul,32,F,Premium,2023-02-18,Mobile App,Sports
GM01965,North America,Los Angeles,36,M,Budget,2022-03-11,Mobile App,Sports
GM01966,North America,Los Angeles,65,M,Standard,2024-01-25,Mobile App,Electronics
GM01967,Europe,Paris,39,M,Standard,2021-01-16,Online,Fashion
GM01968,Europe,Warsaw,38,M,Standard,2022-02-14,Online,Fashion
GM01969,Europe,Warsaw,69,M,Standard,2021-11-03,Online,Home & Garden
GM01970,Central Asia,Astana,61,F,Budget,2023-12-12,Online,Beauty
GM01971,Central Asia,Tashkent,49,F,Budget,2020-11-22,In-Store,Electronics
GM01972,North America,Los Angeles,67,F,Standard,2023-11-15,Online,Beauty
GM01973,Europe,Berlin,40,F,Standard,2023-08-13,In-Store,Beauty
GM01974,MENA,Dubai,30,M,Standard,2021-09-21,In-Store,Sports
GM01975,Europe,London,22,M,Budget,2020-03-24,Online,Sports
GM01976,Southeast Asia,Manila,21,Other,Standard,2020-05-25,Online,Food & Grocery
GM01977,Europe,Paris,45,F,Premium,2023-04-09,Mobile App,Electronics
GM01978,MENA,Riyadh,31,F,Standard,2023-09-19,Online,Food & Grocery
GM01979,Southeast Asia,Manila,25,F,Premium,2021-02-27,Online,Electronics
GM01980,North America,Los Angeles,26,M,Standard,2023-08-25,Mobile App,Fashion
GM01981,Europe,London,68,M,Standard,2021-10-22,Call Center,Electronics
GM01982,North America,Los Angeles,52,M,Standard,2022-02-01,Mobile App,Fashion
GM01983,MENA,Cairo,54,M,Premium,2021-07-22,Online,Fashion
GM01984,MENA,Riyadh,38,M,Budget,2020-12-12,Online,Electronics
GM01985,Europe,Berlin,35,M,Budget,2023-08-18,Call Center,Fashion
GM01986,Central Asia,Almaty,50,F,Budget,2020-12-12,Mobile App,Beauty
GM01987,North America,Chicago,25,F,Standard,2021-02-11,In-Store,Fashion
GM01988,MENA,Riyadh,68,F,Budget,2020-05-12,Online,Beauty
GM01989,MENA,Istanbul,66,F,Standard,2021-09-05,Online,Beauty
GM01990,North America,Los Angeles,34,M,Standard,2022-09-14,Online,Beauty
GM01991,North America,Chicago,60,M,Premium,2020-04-15,In-Store,Home & Garden
GM01992,Europe,Warsaw,48,F,Standard,2020-06-19,Online,Food & Grocery
GM01993,North America,Chicago,51,M,Premium,2021-10-01,Call Center,Home & Garden
GM01994,Europe,Warsaw,23,M,Budget,2023-06-27,Online,Fashion
GM01995,North America,Toronto,39,M,Premium,2020-09-18,Mobile App,Food & Grocery
GM01996,North America,Toronto,31,M,Standard,2021-05-08,Online,Food & Grocery
GM01997,Southeast Asia,Singapore,20,F,Standard,2023-06-21,In-Store,Food & Grocery
GM01998,Central Asia,Bishkek,29,M,Standard,2024-01-14,Online,Electronics
GM01999,Central Asia,Tashkent,53,F,Standard,2022-06-21,Mobile App,Fashion
GM02000,Europe,London,29,F,Premium,2020-10-16,In-Store,Home & Garden
GM02001,Europe,Warsaw,62,M,Budget,2023-07-10,Online,Food & Grocery
GM02002,Europe,London,19,M,Standard,2023-08-30,Mobile App,Food & Grocery
GM02003,Southeast Asia,Singapore,19,M,Standard,2020-03-25,In-Store,Sports
GM02004,Europe,Warsaw,32,M,Standard,2023-12-09,Mobile App,Food & Grocery
GM02005,Europe,Warsaw,40,F,Budget,2023-09-14,Mobile App,Food & Grocery
GM02006,North America,Toronto,46,F,Budget,2020-02-14,Mobile App,Sports
GM02007,MENA,Riyadh,34,F,Standard,2022-03-25,Online,Fashion
GM02008,North America,Toronto,49,M,Standard,2020-11-28,Online,Home & Garden
GM02009,Central Asia,Tashkent,24,F,Standard,2021-04-09,Call Center,Beauty
GM02010,MENA,Istanbul,47,F,Budget,2020-07-18,In-Store,Home & Garden
GM02011,Central Asia,Astana,45,F,Budget,2023-05-09,Online,Fashion
GM02012,Central Asia,Almaty,31,F,Premium,2020-11-24,Mobile App,Home & Garden
GM02013,Southeast Asia,Manila,61,F,Standard,2020-08-27,Online,Sports
GM02014,Europe,London,47,F,Budget,2022-03-08,Mobile App,Food & Grocery
GM02015,MENA,Istanbul,34,F,Standard,2021-12-02,Mobile App,Food & Grocery
GM02016,MENA,Dubai,49,M,Standard,2021-08-05,Mobile App,Beauty
GM02017,Europe,Amsterdam,63,F,Standard,2021-10-18,Online,Fashion
GM02018,Southeast Asia,Bangkok,23,M,Standard,2023-10-14,In-Store,Food & Grocery
GM02019,Central Asia,Bishkek,68,M,Budget,2021-12-21,In-Store,Fashion
GM02020,North America,Chicago,41,Other,Standard,2020-12-25,In-Store,Electronics
GM02021,Southeast Asia,Singapore,23,F,Standard,2023-11-02,Online,Beauty
GM02022,North America,Chicago,44,M,Premium,2021-01-19,In-Store,Fashion
GM02023,Southeast Asia,Jakarta,35,M,Premium,2024-01-28,In-Store,Home & Garden
GM02024,Central Asia,Astana,41,M,Standard,2023-05-30,In-Store,Home & Garden
GM02025,MENA,Istanbul,54,F,Standard,2022-03-09,Mobile App,Home & Garden
GM02026,Europe,Paris,41,F,Standard,2020-12-30,In-Store,Home & Garden
GM02027,North America,New York,55,F,Standard,2020-03-12,Online,Fashion
GM02028,Southeast Asia,Bangkok,51,F,Standard,2023-06-17,In-Store,Sports
GM02029,Europe,Warsaw,57,M,Standard,2021-05-18,Mobile App,Beauty
GM02030,North America,New York,64,F,Standard,2023-12-08,Online,Home & Garden
GM02031,Europe,London,32,M,Budget,2020-05-06,In-Store,Fashion
GM02032,North America,Chicago,28,F,Standard,2023-06-25,Online,Food & Grocery
GM02033,MENA,Cairo,39,F,Budget,2021-04-26,Online,Food & Grocery
GM02034,Southeast Asia,Singapore,71,F,Standard,2023-08-28,Mobile App,Fashion
GM02035,North America,New York,41,M,Budget,2024-01-07,Mobile App,Home & Garden
GM02036,Europe,London,18,M,Budget,2020-10-09,In-Store,Electronics
GM02037,Central Asia,Bishkek,35,M,Standard,2022-10-22,Mobile App,Fashion
GM02038,Europe,London,61,F,Budget,2020-03-14,Mobile App,Beauty
GM02039,Europe,Paris,29,M,Budget,2022-12-23,Call Center,Beauty
GM02040,Europe,Amsterdam,60,M,Standard,2022-02-11,In-Store,Electronics
GM02041,Southeast Asia,Bangkok,45,M,Standard,2020-12-12,In-Store,Food & Grocery
GM02042,North America,Toronto,57,F,Standard,2020-11-19,In-Store,Food & Grocery
GM02043,MENA,Istanbul,24,M,Budget,2020-08-26,Online,Fashion
GM02044,Central Asia,Tashkent,40,F,Standard,2023-11-21,In-Store,Electronics
GM02045,Southeast Asia,Manila,38,F,Premium,2020-12-02,Mobile App,Fashion
GM02046,North America,Chicago,51,F,Premium,2020-12-06,Mobile App,Fashion
GM02047,Central Asia,Bishkek,28,M,Standard,2023-07-26,Mobile App,Electronics
GM02048,North America,Chicago,39,M,Standard,2023-10-08,Online,Food & Grocery
GM02049,MENA,Dubai,59,M,Standard,2022-08-03,In-Store,Sports
GM02050,Central Asia,Almaty,52,M,Standard,2022-06-10,Online,Home & Garden
GM02051,MENA,Cairo,69,M,Standard,2024-01-26,Online,Home & Garden
GM02052,MENA,Dubai,46,F,Premium,2021-04-06,Mobile App,Home & Garden
GM02053,Europe,Berlin,59,M,Premium,2023-08-09,In-Store,Electronics
GM02054,Southeast Asia,Manila,45,F,Standard,2022-03-08,Mobile App,Fashion
GM02055,North America,Toronto,35,M,Standard,2022-01-02,Online,Fashion
GM02056,North America,Toronto,31,F,Standard,2023-12-01,In-Store,Beauty
GM02057,MENA,Dubai,35,F,Standard,2020-06-10,In-Store,Fashion
GM02058,MENA,Dubai,45,F,Standard,2021-03-23,Online,Food & Grocery
GM02059,North America,Los Angeles,41,F,Premium,2024-01-18,Online,Sports
GM02060,MENA,Istanbul,25,F,Premium,2020-09-21,Online,Home & Garden
GM02061,Central Asia,Bishkek,59,F,Budget,2022-10-06,In-Store,Food & Grocery
GM02062,MENA,Istanbul,71,M,Standard,2020-05-11,Call Center,Food & Grocery
GM02063,North America,Toronto,62,F,Budget,2020-04-29,Mobile App,Sports
GM02064,MENA,Riyadh,70,M,Budget,2023-05-27,Call Center,Home & Garden
GM02065,Central Asia,Bishkek,25,M,Standard,2023-12-11,Mobile App,Electronics
GM02066,North America,Los Angeles,21,M,Standard,2021-11-02,Mobile App,Sports
GM02067,Europe,Berlin,44,M,Premium,2021-05-19,In-Store,Food & Grocery
GM02068,Europe,Paris,53,M,Standard,2023-08-16,In-Store,Fashion
GM02069,Europe,Berlin,22,M,Standard,2020-04-18,In-Store,Home & Garden
GM02070,Europe,London,50,M,Budget,2023-06-15,Mobile App,Beauty
GM02071,North America,New York,66,F,Premium,2020-10-19,Online,Sports
GM02072,MENA,Istanbul,51,M,Budget,2022-09-14,Online,Food & Grocery
GM02073,Europe,Warsaw,47,F,Premium,2022-04-07,Mobile App,Electronics
GM02074,Southeast Asia,Singapore,25,M,Budget,2020-07-05,Online,Food & Grocery
GM02075,Southeast Asia,Bangkok,56,F,Standard,2022-11-25,Call Center,Beauty
GM02076,Southeast Asia,Bangkok,64,F,Standard,2020-09-12,Mobile App,Electronics
GM02077,Europe,London,43,F,Standard,2023-12-29,Online,Home & Garden
GM02078,MENA,Dubai,54,F,Standard,2022-10-28,In-Store,Sports
GM02079,Southeast Asia,Singapore,51,M,Standard,2022-01-17,Mobile App,Electronics
GM02080,North America,Chicago,24,Other,Budget,2023-04-16,Online,Beauty
GM02081,Central Asia,Astana,57,F,Premium,2023-06-19,Mobile App,Food & Grocery
GM02082,Central Asia,Almaty,45,F,Budget,2020-02-10,Mobile App,Beauty
GM02083,MENA,Dubai,56,F,Standard,2023-10-12,Online,Fashion
GM02084,Southeast Asia,Manila,56,M,Budget,2022-01-26,Online,Electronics
GM02085,MENA,Istanbul,45,F,Standard,2020-04-22,Online,Sports
GM02086,MENA,Riyadh,31,M,Standard,2022-02-06,Online,Sports
GM02087,Central Asia,Almaty,70,F,Budget,2023-04-04,Online,Food & Grocery
GM02088,North America,New York,67,M,Standard,2022-05-03,Mobile App,Food & Grocery
GM02089,North America,Toronto,55,F,Standard,2020-03-18,Online,Food & Grocery
GM02090,MENA,Cairo,21,M,Premium,2021-12-19,Mobile App,Fashion
GM02091,North America,Toronto,59,M,Premium,2022-05-27,Online,Beauty
GM02092,Southeast Asia,Jakarta,35,F,Standard,2023-05-04,In-Store,Food & Grocery
GM02093,Europe,Warsaw,61,F,Standard,2021-02-05,In-Store,Electronics
GM02094,MENA,Cairo,65,F,Standard,2022-04-12,Mobile App,Food & Grocery
GM02095,Europe,Berlin,42,M,Premium,2020-03-04,In-Store,Beauty
GM02096,North America,Los Angeles,24,M,Standard,2021-10-13,Online,Electronics
GM02097,North America,Toronto,55,F,Standard,2022-06-04,Mobile App,Electronics
GM02098,North America,Toronto,45,Other,Standard,2023-12-19,Online,Electronics
GM02099,North America,Chicago,22,F,Budget,2022-12-01,Online,Beauty
GM02100,MENA,Cairo,20,M,Budget,2021-01-07,In-Store,Food & Grocery
GM02101,Southeast Asia,Jakarta,61,F,Premium,2020-11-01,Mobile App,Beauty
GM02102,MENA,Dubai,48,M,Budget,2020-07-27,Online,Beauty
GM02103,Europe,Warsaw,64,F,Standard,2021-04-11,In-Store,Home & Garden
GM02104,North America,Toronto,59,M,Standard,2022-07-20,In-Store,Beauty
GM02105,North America,Chicago,37,M,Premium,2023-08-20,Mobile App,Fashion
GM02106,Europe,Warsaw,36,F,Standard,2023-11-16,Online,Home & Garden
GM02107,Southeast Asia,Manila,65,F,Standard,2023-03-22,Online,Electronics
GM02108,Southeast Asia,Singapore,28,M,Standard,2021-10-08,In-Store,Food & Grocery
GM02109,Europe,Paris,57,M,Premium,2020-12-27,Online,Sports
GM02110,Southeast Asia,Manila,20,M,Premium,2023-07-11,Mobile App,Food & Grocery
GM02111,Europe,Warsaw,40,F,Premium,2023-05-24,In-Store,Home & Garden
GM02112,Europe,Paris,24,M,Standard,2021-12-21,Mobile App,Home & Garden
GM02113,Europe,Amsterdam,40,M,Premium,2021-12-16,Mobile App,Electronics
GM02114,Southeast Asia,Manila,24,F,Standard,2021-06-26,Mobile App,Beauty
GM02115,North America,Toronto,63,F,Premium,2020-07-12,In-Store,Beauty
GM02116,Europe,Paris,51,F,Standard,2021-10-13,Call Center,Home & Garden
GM02117,MENA,Istanbul,59,F,Premium,2022-11-16,Online,Beauty
GM02118,North America,Toronto,36,F,Budget,2022-12-05,Mobile App,Home & Garden
GM02119,Central Asia,Bishkek,26,F,Budget,2021-10-08,In-Store,Food & Grocery
GM02120,Southeast Asia,Bangkok,65,F,Standard,2022-08-11,Mobile App,Sports
GM02121,North America,Toronto,68,F,Standard,2022-12-17,In-Store,Food & Grocery
GM02122,MENA,Cairo,35,M,Premium,2022-11-02,Mobile App,Sports
GM02123,Southeast Asia,Bangkok,58,Other,Budget,2022-08-06,Mobile App,Electronics
GM02124,MENA,Istanbul,65,M,Standard,2022-08-18,Mobile App,Fashion
GM02125,Southeast Asia,Singapore,62,M,Premium,2020-02-18,Mobile App,Fashion
GM02126,North America,Chicago,59,M,Standard,2022-03-13,Online,Food & Grocery
GM02127,North America,Chicago,42,M,Premium,2023-01-22,Online,Beauty
GM02128,Europe,Warsaw,69,Other,Standard,2021-08-29,Call Center,Fashion
GM02129,Southeast Asia,Bangkok,31,F,Standard,2024-01-14,In-Store,Sports
GM02130,MENA,Istanbul,61,F,Standard,2023-11-03,In-Store,Electronics
GM02131,Europe,Berlin,42,F,Standard,2020-01-10,Online,Sports
GM02132,Central Asia,Tashkent,36,F,Premium,2021-11-04,Online,Home & Garden
GM02133,North America,Toronto,56,M,Standard,2021-12-26,Online,Beauty
GM02134,MENA,Cairo,32,F,Premium,2021-05-30,In-Store,Beauty
GM02135,North America,New York,33,F,Budget,2020-08-11,Online,Fashion
GM02136,Southeast Asia,Manila,44,M,Premium,2023-11-05,Online,Home & Garden
GM02137,Central Asia,Tashkent,57,F,Standard,2023-08-18,In-Store,Fashion
GM02138,North America,New York,27,M,Standard,2020-07-21,In-Store,Fashion
GM02139,Europe,Warsaw,21,M,Standard,2022-07-30,Online,Fashion
GM02140,Southeast Asia,Bangkok,68,M,Standard,2021-08-11,In-Store,Home & Garden
GM02141,North America,New York,36,M,Standard,2021-07-24,Mobile App,Fashion
GM02142,MENA,Cairo,45,F,Standard,2022-08-14,In-Store,Beauty
GM02143,North America,Chicago,38,F,Standard,2020-07-14,Mobile App,Fashion
GM02144,Europe,Warsaw,64,M,Standard,2023-09-07,Mobile App,Home & Garden
GM02145,MENA,Dubai,31,F,Standard,2021-02-21,Online,Home & Garden
GM02146,North America,New York,50,F,Standard,2023-09-27,Online,Sports
GM02147,MENA,Riyadh,65,M,Standard,2023-11-13,In-Store,Fashion
GM02148,Europe,Warsaw,27,M,Premium,2020-01-09,In-Store,Home & Garden
GM02149,MENA,Riyadh,36,Other,Standard,2021-06-15,In-Store,Food & Grocery
GM02150,North America,Chicago,47,F,Premium,2020-05-28,Online,Fashion
GM02151,Europe,Berlin,39,Other,Premium,2021-01-17,In-Store,Electronics
GM02152,Europe,Paris,20,M,Standard,2022-11-01,Online,Beauty
GM02153,North America,Los Angeles,54,F,Budget,2021-04-20,Call Center,Beauty
GM02154,North America,New York,58,M,Budget,2021-08-01,Online,Food & Grocery
GM02155,Central Asia,Almaty,35,M,Premium,2022-12-12,Mobile App,Fashion
GM02156,Europe,Berlin,28,F,Standard,2023-12-30,Online,Beauty
GM02157,Europe,London,65,M,Standard,2020-07-24,Online,Beauty
GM02158,Europe,Amsterdam,19,M,Premium,2022-09-12,Online,Electronics
GM02159,MENA,Riyadh,29,M,Budget,2022-07-03,Call Center,Beauty
GM02160,North America,Toronto,71,M,Standard,2022-01-14,Online,Beauty
GM02161,North America,Chicago,23,F,Budget,2022-07-01,In-Store,Home & Garden
GM02162,North America,Toronto,60,F,Premium,2020-02-23,Mobile App,Beauty
GM02163,Europe,Warsaw,57,M,Standard,2022-09-28,In-Store,Fashion
GM02164,North America,Los Angeles,61,M,Budget,2020-12-09,Online,Beauty
GM02165,MENA,Cairo,46,M,Standard,2023-04-07,Call Center,Fashion
GM02166,Southeast Asia,Manila,47,F,Budget,2023-03-30,Mobile App,Beauty
GM02167,North America,Chicago,19,M,Premium,2021-12-03,In-Store,Fashion
GM02168,Europe,Warsaw,26,F,Standard,2021-06-10,In-Store,Beauty
GM02169,North America,Los Angeles,64,M,Standard,2023-08-03,Call Center,Food & Grocery
GM02170,Europe,Paris,19,M,Premium,2021-02-15,Call Center,Fashion
GM02171,North America,Los Angeles,46,F,Standard,2021-07-22,In-Store,Beauty
GM02172,Central Asia,Tashkent,50,F,Standard,2020-07-17,Mobile App,Electronics
GM02173,Europe,Warsaw,27,M,Premium,2023-03-30,Online,Home & Garden
GM02174,Southeast Asia,Manila,51,F,Standard,2022-02-13,Online,Home & Garden
GM02175,Europe,Amsterdam,61,F,Standard,2021-01-23,Online,Home & Garden
GM02176,North America,New York,25,F,Standard,2021-04-18,Online,Home & Garden
GM02177,Europe,Amsterdam,54,F,Budget,2023-11-05,In-Store,Electronics
GM02178,North America,Los Angeles,71,F,Standard,2022-02-03,In-Store,Food & Grocery
GM02179,North America,Toronto,50,Other,Standard,2021-08-14,Online,Food & Grocery
GM02180,MENA,Cairo,64,M,Budget,2023-02-21,In-Store,Electronics
GM02181,Europe,Paris,23,F,Budget,2022-12-31,Online,Beauty
GM02182,Europe,Amsterdam,61,M,Premium,2022-09-08,Call Center,Electronics
GM02183,Central Asia,Astana,57,M,Budget,2022-09-20,Mobile App,Home & Garden
GM02184,Europe,Warsaw,62,M,Premium,2020-06-16,Online,Food & Grocery
GM02185,North America,Toronto,36,M,Premium,2020-10-10,Mobile App,Sports
GM02186,Southeast Asia,Bangkok,49,F,Standard,2022-11-25,Online,Beauty
GM02187,Southeast Asia,Singapore,44,F,Standard,2022-04-03,In-Store,Fashion
GM02188,North America,Los Angeles,18,F,Budget,2023-04-13,Call Center,Food & Grocery
GM02189,North America,Chicago,60,M,Standard,2023-05-07,Online,Home & Garden
GM02190,North America,Los Angeles,69,M,Budget,2023-02-13,In-Store,Food & Grocery
GM02191,Europe,Berlin,50,F,Standard,2023-08-31,Online,Home & Garden
GM02192,Southeast Asia,Bangkok,57,M,Standard,2023-05-28,Online,Home & Garden
GM02193,North America,Los Angeles,49,F,Standard,2022-06-09,In-Store,Food & Grocery
GM02194,North America,Toronto,22,F,Budget,2020-05-13,Call Center,Food & Grocery
GM02195,Central Asia,Bishkek,34,F,Standard,2020-05-01,In-Store,Food & Grocery
GM02196,MENA,Riyadh,25,F,Budget,2022-04-12,Mobile App,Electronics
GM02197,MENA,Istanbul,59,F,Budget,2022-10-18,Mobile App,Food & Grocery
GM02198,Southeast Asia,Jakarta,51,M,Premium,2023-12-15,Online,Fashion
GM02199,MENA,Cairo,26,F,Standard,2022-06-13,In-Store,Beauty
GM02200,MENA,Istanbul,40,M,Budget,2020-10-15,In-Store,Home & Garden
GM02201,Southeast Asia,Manila,52,M,Budget,2022-12-12,In-Store,Food & Grocery
GM02202,Central Asia,Bishkek,67,M,Standard,2023-05-13,Online,Fashion
GM02203,MENA,Riyadh,24,F,Standard,2023-10-03,Call Center,Sports
GM02204,Central Asia,Tashkent,32,M,Standard,2022-12-10,Mobile App,Food & Grocery
GM02205,North America,Toronto,70,M,Standard,2022-04-18,In-Store,Electronics
GM02206,Southeast Asia,Bangkok,71,M,Standard,2022-06-30,In-Store,Home & Garden
GM02207,Europe,Warsaw,37,F,Standard,2020-02-09,Online,Fashion
GM02208,Southeast Asia,Manila,67,F,Standard,2020-09-06,In-Store,Food & Grocery
GM02209,Europe,Berlin,42,F,Standard,2020-08-05,Mobile App,Fashion
GM02210,Southeast Asia,Singapore,20,F,Standard,2020-06-27,Mobile App,Home & Garden
GM02211,North America,New York,63,M,Standard,2020-07-01,Online,Fashion
GM02212,North America,New York,41,M,Standard,2023-04-02,In-Store,Fashion
GM02213,Central Asia,Astana,51,F,Standard,2023-11-01,In-Store,Food & Grocery
GM02214,Southeast Asia,Singapore,63,M,Premium,2021-12-05,Online,Food & Grocery
GM02215,North America,Chicago,39,M,Premium,2021-05-11,Online,Beauty
GM02216,Europe,Berlin,28,M,Premium,2021-08-19,In-Store,Electronics
GM02217,North America,Toronto,65,F,Standard,2021-04-05,In-Store,Beauty
GM02218,Europe,London,25,M,Budget,2021-04-18,Online,Electronics
GM02219,Southeast Asia,Bangkok,56,F,Premium,2021-11-15,Online,Electronics
GM02220,Central Asia,Astana,60,M,Premium,2022-11-26,Online,Beauty
GM02221,North America,Toronto,52,F,Standard,2020-11-14,Online,Home & Garden
GM02222,MENA,Istanbul,66,M,Standard,2023-12-06,In-Store,Fashion
GM02223,Central Asia,Tashkent,63,M,Budget,2020-12-21,Online,Sports
GM02224,Europe,London,55,M,Standard,2021-09-08,Online,Beauty
GM02225,Central Asia,Bishkek,25,F,Standard,2020-08-16,Mobile App,Beauty
GM02226,MENA,Istanbul,71,M,Standard,2021-12-29,Online,Home & Garden
GM02227,Europe,London,54,F,Standard,2023-07-11,In-Store,Fashion
GM02228,North America,New York,44,F,Premium,2021-07-14,Call Center,Food & Grocery
GM02229,Europe,Warsaw,45,F,Premium,2023-10-07,In-Store,Beauty
GM02230,Europe,Warsaw,57,M,Premium,2024-01-05,Mobile App,Sports
GM02231,North America,Chicago,51,M,Budget,2021-09-26,In-Store,Fashion
GM02232,Central Asia,Astana,49,M,Standard,2021-04-03,Online,Beauty
GM02233,Southeast Asia,Singapore,32,F,Premium,2020-01-25,In-Store,Food & Grocery
GM02234,Southeast Asia,Jakarta,61,F,Standard,2023-02-28,In-Store,Beauty
GM02235,North America,Los Angeles,34,F,Standard,2021-01-04,Online,Food & Grocery
GM02236,North America,New York,50,F,Standard,2023-12-30,In-Store,Electronics
GM02237,Southeast Asia,Manila,64,M,Standard,2023-06-01,Mobile App,Electronics
GM02238,Europe,Berlin,63,M,Standard,2022-10-08,Online,Beauty
GM02239,Central Asia,Astana,69,F,Budget,2021-09-02,In-Store,Home & Garden
GM02240,Europe,London,71,M,Premium,2023-10-07,In-Store,Electronics
GM02241,North America,Toronto,33,M,Standard,2023-05-05,Mobile App,Beauty
GM02242,Central Asia,Almaty,46,F,Standard,2020-04-18,Mobile App,Food & Grocery
GM02243,North America,Toronto,26,M,Standard,2023-05-28,Mobile App,Fashion
GM02244,Southeast Asia,Jakarta,50,F,Standard,2021-12-20,Online,Food & Grocery
GM02245,Southeast Asia,Jakarta,66,F,Budget,2023-09-04,Online,Sports
GM02246,MENA,Cairo,46,F,Budget,2023-01-10,Online,Electronics
GM02247,Central Asia,Bishkek,30,M,Standard,2021-03-07,In-Store,Beauty
GM02248,North America,New York,38,M,Standard,2022-10-28,Mobile App,Electronics
GM02249,North America,Los Angeles,38,F,Standard,2021-09-27,Call Center,Food & Grocery
GM02250,Central Asia,Bishkek,22,M,Standard,2023-03-18,In-Store,Food & Grocery
GM02251,Central Asia,Bishkek,27,M,Standard,2023-01-26,In-Store,Fashion
GM02252,Southeast Asia,Bangkok,23,M,Premium,2023-01-29,In-Store,Home & Garden
GM02253,North America,Toronto,68,M,Standard,2021-01-01,Online,Beauty
GM02254,North America,Los Angeles,30,M,Standard,2024-01-25,In-Store,Fashion
GM02255,Southeast Asia,Singapore,18,F,Budget,2022-07-13,In-Store,Sports
GM02256,North America,New York,37,M,Budget,2021-02-17,Call Center,Beauty
GM02257,MENA,Dubai,64,M,Premium,2023-07-06,Online,Sports
GM02258,MENA,Istanbul,63,F,Premium,2020-12-21,Call Center,Home & Garden
GM02259,Europe,Amsterdam,25,Other,Budget,2020-01-11,In-Store,Beauty
GM02260,MENA,Istanbul,27,M,Standard,2023-12-10,Online,Beauty
GM02261,North America,Chicago,26,M,Budget,2023-06-27,Online,Fashion
GM02262,North America,New York,66,F,Premium,2023-02-19,Online,Electronics
GM02263,Southeast Asia,Singapore,58,F,Standard,2020-03-05,In-Store,Beauty
GM02264,MENA,Riyadh,20,F,Standard,2023-08-18,Online,Home & Garden
GM02265,North America,New York,28,F,Budget,2020-05-04,In-Store,Beauty
GM02266,North America,Chicago,29,M,Premium,2020-11-07,Call Center,Beauty
GM02267,North America,Chicago,27,F,Standard,2023-04-29,In-Store,Beauty
GM02268,North America,Los Angeles,42,M,Standard,2022-02-13,Mobile App,Beauty
GM02269,Europe,Warsaw,66,F,Budget,2022-09-28,Online,Home & Garden
GM02270,MENA,Dubai,66,F,Budget,2022-05-22,In-Store,Fashion
GM02271,Central Asia,Astana,42,F,Budget,2024-01-13,Online,Electronics
GM02272,MENA,Riyadh,28,M,Budget,2021-11-24,Mobile App,Home & Garden
GM02273,MENA,Riyadh,71,M,Premium,2023-03-28,Online,Home & Garden
GM02274,North America,Chicago,53,F,Premium,2023-10-08,In-Store,Sports
GM02275,Southeast Asia,Jakarta,56,F,Premium,2022-09-16,In-Store,Electronics
GM02276,North America,New York,70,F,Standard,2022-03-09,In-Store,Fashion
GM02277,North America,New York,43,M,Budget,2021-11-04,Mobile App,Food & Grocery
GM02278,MENA,Cairo,31,M,Budget,2023-07-10,Online,Fashion
GM02279,North America,New York,56,F,Premium,2022-06-30,Online,Food & Grocery
GM02280,Central Asia,Almaty,57,M,Standard,2021-02-09,Mobile App,Sports
GM02281,Europe,Paris,18,F,Budget,2022-09-22,In-Store,Sports
GM02282,Europe,London,71,M,Standard,2022-11-06,In-Store,Home & Garden
GM02283,MENA,Riyadh,21,F,Premium,2021-09-28,Online,Fashion
GM02284,Central Asia,Almaty,47,F,Standard,2023-07-07,Mobile App,Food & Grocery
GM02285,Europe,Amsterdam,29,F,Standard,2022-06-08,Call Center,Fashion
GM02286,Europe,London,52,M,Standard,2023-10-10,In-Store,Food & Grocery
GM02287,Southeast Asia,Jakarta,30,F,Standard,2021-05-03,Mobile App,Fashion
GM02288,Europe,Berlin,69,M,Premium,2023-05-22,In-Store,Home & Garden
GM02289,MENA,Riyadh,48,F,Budget,2020-08-26,Online,Food & Grocery
GM02290,Europe,Warsaw,55,M,Standard,2020-06-28,Online,Fashion
GM02291,North America,Chicago,60,M,Standard,2023-12-13,In-Store,Beauty
GM02292,Europe,Warsaw,40,M,Budget,2023-03-12,In-Store,Sports
GM02293,Europe,Paris,21,M,Premium,2020-11-12,Mobile App,Sports
GM02294,MENA,Istanbul,69,F,Premium,2023-06-21,In-Store,Food & Grocery
GM02295,Central Asia,Almaty,33,M,Budget,2020-08-19,Call Center,Sports
GM02296,Central Asia,Astana,24,F,Standard,2023-08-19,In-Store,Sports
GM02297,Europe,Warsaw,39,Other,Budget,2020-11-26,In-Store,Beauty
GM02298,Central Asia,Tashkent,46,M,Standard,2021-07-14,Online,Electronics
GM02299,Central Asia,Astana,28,F,Premium,2022-08-06,In-Store,Fashion
GM02300,Europe,London,50,M,Standard,2020-09-04,Mobile App,Food & Grocery
GM02301,North America,Chicago,46,M,Premium,2020-10-09,Online,Sports
GM02302,North America,Toronto,56,M,Budget,2023-08-03,Call Center,Fashion
GM02303,MENA,Dubai,29,F,Standard,2022-07-28,Call Center,Fashion
GM02304,Europe,Paris,24,M,Budget,2020-02-01,In-Store,Beauty
GM02305,Southeast Asia,Manila,56,F,Budget,2021-06-13,Online,Fashion
GM02306,MENA,Cairo,59,F,Premium,2021-01-15,Online,Sports
GM02307,Central Asia,Astana,65,F,Budget,2020-03-03,Online,Food & Grocery
GM02308,North America,Los Angeles,43,M,Standard,2020-05-07,Online,Fashion
GM02309,Central Asia,Bishkek,57,F,Standard,2020-06-11,In-Store,Beauty
GM02310,Europe,Amsterdam,26,F,Budget,2022-08-15,Online,Food & Grocery
GM02311,MENA,Riyadh,58,F,Standard,2023-06-28,Mobile App,Food & Grocery
GM02312,Southeast Asia,Jakarta,51,F,Standard,2020-10-21,Online,Food & Grocery
GM02313,MENA,Istanbul,62,F,Standard,2020-06-27,Online,Sports
GM02314,North America,Chicago,30,M,Standard,2020-08-16,In-Store,Beauty
GM02315,Southeast Asia,Bangkok,53,M,Premium,2022-06-01,Call Center,Home & Garden
GM02316,Europe,Warsaw,42,M,Standard,2021-01-28,In-Store,Electronics
GM02317,Europe,Amsterdam,41,M,Standard,2021-11-22,In-Store,Fashion
GM02318,MENA,Dubai,61,M,Premium,2023-11-20,Mobile App,Fashion
GM02319,MENA,Cairo,34,M,Premium,2020-03-12,Mobile App,Fashion
GM02320,MENA,Riyadh,19,M,Standard,2020-11-13,Mobile App,Home & Garden
GM02321,Southeast Asia,Singapore,30,Other,Standard,2021-08-17,Online,Food & Grocery
GM02322,North America,New York,48,M,Budget,2021-01-13,Mobile App,Food & Grocery
GM02323,North America,Los Angeles,46,F,Standard,2022-06-25,Online,Electronics
GM02324,Europe,Berlin,67,F,Standard,2020-05-15,Mobile App,Beauty
GM02325,North America,Chicago,45,F,Standard,2021-12-30,Online,Home & Garden
GM02326,Southeast Asia,Bangkok,44,F,Standard,2023-11-02,Mobile App,Home & Garden
GM02327,North America,Chicago,32,M,Standard,2023-02-16,Call Center,Sports
GM02328,Central Asia,Tashkent,48,M,Budget,2022-06-24,Online,Food & Grocery
GM02329,North America,Los Angeles,57,M,Budget,2021-06-13,Call Center,Home & Garden
GM02330,Central Asia,Astana,32,M,Budget,2022-07-23,Online,Home & Garden
GM02331,Europe,London,50,F,Budget,2021-10-27,Online,Fashion
GM02332,Central Asia,Astana,37,F,Standard,2021-06-06,In-Store,Food & Grocery
GM02333,North America,Los Angeles,59,M,Standard,2021-01-21,Call Center,Sports
GM02334,North America,Chicago,29,M,Standard,2021-07-27,In-Store,Beauty
GM02335,Central Asia,Tashkent,54,M,Standard,2021-08-05,In-Store,Electronics
GM02336,MENA,Cairo,26,M,Budget,2021-07-26,In-Store,Beauty
GM02337,MENA,Dubai,40,F,Standard,2021-10-05,Call Center,Sports
GM02338,Europe,Berlin,25,M,Budget,2021-07-26,Mobile App,Fashion
GM02339,Europe,London,49,F,Standard,2022-05-19,Online,Electronics
GM02340,MENA,Riyadh,65,M,Budget,2023-07-16,Online,Beauty
GM02341,North America,Chicago,31,M,Standard,2021-06-30,Online,Food & Grocery
GM02342,Central Asia,Bishkek,44,F,Standard,2021-03-13,In-Store,Food & Grocery
GM02343,Central Asia,Bishkek,42,F,Standard,2021-07-08,Online,Electronics
GM02344,Europe,London,30,Other,Budget,2020-04-20,Online,Electronics
GM02345,Southeast Asia,Singapore,38,F,Budget,2023-09-07,Mobile App,Electronics
GM02346,North America,New York,62,M,Standard,2021-06-10,Online,Home & Garden
GM02347,North America,Los Angeles,48,M,Standard,2020-06-25,In-Store,Sports
GM02348,Europe,Warsaw,54,F,Standard,2021-11-04,Online,Food & Grocery
GM02349,North America,New York,65,F,Budget,2021-09-15,Online,Food & Grocery
GM02350,Central Asia,Tashkent,60,F,Standard,2022-08-01,Online,Sports
GM02351,North America,Chicago,71,M,Standard,2021-04-17,In-Store,Fashion
GM02352,Southeast Asia,Singapore,22,Other,Standard,2022-09-20,Mobile App,Food & Grocery
GM02353,North America,Los Angeles,30,M,Standard,2022-05-28,Online,Beauty
GM02354,Southeast Asia,Manila,45,F,Premium,2023-11-12,Online,Fashion
GM02355,North America,Chicago,60,F,Standard,2023-01-26,Mobile App,Beauty
GM02356,Europe,London,42,M,Budget,2023-12-05,Mobile App,Electronics
GM02357,Southeast Asia,Bangkok,68,F,Budget,2023-10-30,Mobile App,Food & Grocery
GM02358,Central Asia,Almaty,52,M,Premium,2020-06-18,Call Center,Beauty
GM02359,MENA,Istanbul,64,Other,Budget,2022-10-10,Mobile App,Beauty
GM02360,Europe,Berlin,56,M,Standard,2020-02-25,In-Store,Electronics
GM02361,Central Asia,Almaty,24,F,Premium,2020-11-20,Mobile App,Fashion
GM02362,MENA,Cairo,55,M,Premium,2021-10-19,In-Store,Beauty
GM02363,Europe,Paris,49,F,Premium,2022-08-14,Online,Food & Grocery
GM02364,MENA,Cairo,20,F,Budget,2020-09-16,Online,Fashion
GM02365,North America,Chicago,62,M,Premium,2021-10-02,Online,Fashion
GM02366,Central Asia,Almaty,56,M,Standard,2021-07-15,Online,Sports
GM02367,Europe,London,54,F,Budget,2020-12-05,Online,Food & Grocery
GM02368,North America,Toronto,67,M,Standard,2021-02-07,Online,Food & Grocery
GM02369,Europe,Amsterdam,39,F,Budget,2021-06-15,Mobile App,Electronics
GM02370,North America,Los Angeles,25,M,Standard,2023-04-12,Mobile App,Electronics
GM02371,North America,Chicago,34,F,Premium,2022-03-05,In-Store,Home & Garden
GM02372,North America,Los Angeles,69,M,Budget,2023-03-29,Mobile App,Food & Grocery
GM02373,North America,Chicago,44,M,Standard,2022-10-30,Online,Fashion
GM02374,MENA,Dubai,50,M,Standard,2021-08-16,Mobile App,Home & Garden
GM02375,North America,Los Angeles,63,M,Standard,2023-07-03,In-Store,Food & Grocery
GM02376,Europe,Paris,34,M,Premium,2021-09-08,Online,Electronics
GM02377,Europe,Berlin,59,F,Budget,2021-10-13,Online,Electronics
GM02378,North America,Chicago,29,F,Standard,2021-12-14,Online,Food & Grocery
GM02379,MENA,Riyadh,65,F,Premium,2020-12-09,Online,Home & Garden
GM02380,North America,Chicago,63,F,Budget,2023-10-28,Online,Electronics
GM02381,North America,New York,44,M,Standard,2023-12-29,Online,Electronics
GM02382,Southeast Asia,Bangkok,65,F,Standard,2020-02-15,Online,Sports
GM02383,Southeast Asia,Jakarta,25,M,Standard,2022-06-22,Online,Beauty
GM02384,MENA,Dubai,40,F,Budget,2020-02-24,Call Center,Food & Grocery
GM02385,Europe,Amsterdam,59,M,Premium,2023-01-06,Online,Sports
GM02386,North America,Los Angeles,66,M,Standard,2022-05-05,Online,Beauty
GM02387,MENA,Istanbul,46,M,Standard,2023-07-19,In-Store,Food & Grocery
GM02388,North America,Los Angeles,67,F,Premium,2021-10-21,Mobile App,Sports
GM02389,North America,Chicago,37,M,Standard,2020-04-20,Online,Sports
GM02390,North America,Los Angeles,33,F,Standard,2022-11-04,Mobile App,Food & Grocery
GM02391,MENA,Istanbul,34,M,Standard,2020-03-18,Online,Fashion
GM02392,Europe,Warsaw,33,F,Premium,2021-05-15,Online,Home & Garden
GM02393,MENA,Riyadh,36,F,Standard,2021-08-10,Online,Food & Grocery
GM02394,Europe,Paris,25,M,Budget,2021-02-21,In-Store,Sports
GM02395,Southeast Asia,Jakarta,55,F,Standard,2020-10-01,Online,Fashion
GM02396,Europe,Warsaw,55,F,Standard,2023-05-05,In-Store,Sports
GM02397,Europe,Berlin,70,F,Standard,2023-10-31,Online,Home & Garden
GM02398,Central Asia,Bishkek,46,F,Standard,2022-12-22,Mobile App,Fashion
GM02399,North America,Los Angeles,58,F,Premium,2023-10-16,Online,Food & Grocery
GM02400,North America,Toronto,53,F,Standard,2022-08-30,In-Store,Beauty
GM02401,Europe,Amsterdam,43,M,Standard,2022-09-17,In-Store,Home & Garden
GM02402,Central Asia,Tashkent,48,F,Budget,2023-02-07,In-Store,Electronics
GM02403,MENA,Cairo,61,M,Standard,2020-07-12,Online,Food & Grocery
GM02404,Europe,Amsterdam,29,M,Budget,2024-01-22,Mobile App,Food & Grocery
GM02405,North America,Toronto,34,F,Standard,2022-05-04,Mobile App,Food & Grocery
GM02406,North America,Los Angeles,32,M,Budget,2022-03-09,Online,Fashion
GM02407,Europe,Amsterdam,26,M,Standard,2020-10-27,Call Center,Electronics
GM02408,Europe,Paris,56,F,Standard,2022-08-25,In-Store,Fashion
GM02409,Southeast Asia,Manila,59,F,Budget,2021-07-21,In-Store,Beauty
GM02410,MENA,Cairo,65,F,Premium,2021-11-02,Online,Fashion
GM02411,North America,New York,29,F,Premium,2020-05-28,In-Store,Food & Grocery
GM02412,Europe,Warsaw,49,F,Premium,2022-02-07,Online,Sports
GM02413,MENA,Riyadh,42,M,Budget,2024-01-24,In-Store,Electronics
GM02414,Central Asia,Almaty,56,M,Premium,2020-05-18,In-Store,Electronics
GM02415,MENA,Dubai,35,F,Budget,2022-05-10,Mobile App,Fashion
GM02416,Southeast Asia,Manila,32,M,Standard,2020-10-18,Online,Sports
GM02417,MENA,Riyadh,49,F,Premium,2020-11-30,Mobile App,Sports
GM02418,Central Asia,Bishkek,23,F,Standard,2021-11-29,Online,Fashion
GM02419,Central Asia,Tashkent,61,M,Premium,2023-04-22,In-Store,Home & Garden
GM02420,MENA,Dubai,60,F,Standard,2020-11-02,Mobile App,Beauty
GM02421,Europe,Amsterdam,69,F,Standard,2022-07-13,In-Store,Fashion
GM02422,Central Asia,Bishkek,52,M,Standard,2022-09-07,Online,Food & Grocery
GM02423,North America,Toronto,51,Other,Premium,2022-06-16,Online,Sports
GM02424,MENA,Cairo,55,F,Standard,2023-07-09,Online,Beauty
GM02425,Europe,Berlin,71,M,Budget,2022-07-15,In-Store,Fashion
GM02426,Southeast Asia,Jakarta,22,F,Standard,2023-08-26,Online,Beauty
GM02427,Central Asia,Almaty,35,F,Budget,2020-12-09,Mobile App,Home & Garden
GM02428,Southeast Asia,Manila,33,F,Standard,2023-12-18,In-Store,Sports
GM02429,Europe,Amsterdam,25,F,Budget,2021-10-18,Online,Home & Garden
GM02430,Southeast Asia,Singapore,42,F,Standard,2020-09-17,Online,Home & Garden
GM02431,North America,Chicago,49,M,Premium,2023-10-17,Online,Sports
GM02432,North America,Chicago,43,F,Budget,2020-06-17,Online,Food & Grocery
GM02433,Southeast Asia,Manila,69,F,Budget,2021-10-21,In-Store,Home & Garden
GM02434,Europe,Warsaw,39,M,Standard,2020-07-18,In-Store,Fashion
GM02435,Southeast Asia,Manila,48,M,Standard,2023-11-09,Mobile App,Fashion
GM02436,MENA,Dubai,60,Other,Standard,2023-08-28,Online,Beauty
GM02437,MENA,Cairo,27,F,Standard,2021-08-04,Mobile App,Fashion
GM02438,Europe,Warsaw,29,F,Budget,2023-08-28,Online,Fashion
GM02439,MENA,Dubai,70,F,Premium,2021-07-19,Online,Beauty
GM02440,Europe,London,45,F,Budget,2021-01-29,In-Store,Electronics
GM02441,North America,Toronto,23,F,Standard,2020-12-16,Mobile App,Sports
GM02442,MENA,Cairo,37,F,Budget,2020-01-28,Online,Fashion
GM02443,North America,Toronto,22,M,Budget,2021-09-23,Mobile App,Beauty
GM02444,North America,New York,40,F,Standard,2023-03-02,Mobile App,Home & Garden
GM02445,MENA,Istanbul,26,F,Standard,2021-01-14,Mobile App,Home & Garden
GM02446,Europe,Paris,46,F,Budget,2021-06-11,Online,Food & Grocery
GM02447,Europe,Amsterdam,33,F,Standard,2023-08-03,Mobile App,Fashion
GM02448,Europe,London,71,F,Standard,2023-07-31,Mobile App,Sports
GM02449,Central Asia,Astana,63,M,Standard,2022-06-21,In-Store,Beauty
GM02450,Europe,London,39,M,Premium,2022-03-17,Mobile App,Food & Grocery
GM02451,Europe,Paris,25,M,Budget,2020-08-14,Call Center,Food & Grocery
GM02452,Southeast Asia,Bangkok,37,M,Premium,2023-12-21,In-Store,Beauty
GM02453,North America,Toronto,68,Other,Budget,2020-01-27,Online,Beauty
GM02454,Europe,Amsterdam,31,M,Standard,2023-09-17,In-Store,Beauty
GM02455,North America,Los Angeles,56,M,Standard,2023-02-14,Online,Beauty
GM02456,Europe,Amsterdam,54,F,Standard,2020-03-29,Online,Sports
GM02457,MENA,Istanbul,67,F,Standard,2021-09-10,In-Store,Beauty
GM02458,North America,Toronto,51,M,Standard,2020-05-01,Online,Sports
GM02459,MENA,Cairo,28,F,Standard,2022-05-15,In-Store,Sports
GM02460,MENA,Dubai,71,F,Standard,2020-02-02,Mobile App,Sports
GM02461,Southeast Asia,Manila,57,M,Budget,2021-08-25,In-Store,Home & Garden
GM02462,Southeast Asia,Singapore,50,M,Standard,2021-11-26,Mobile App,Electronics
GM02463,North America,Los Angeles,48,F,Standard,2022-06-06,Online,Food & Grocery
GM02464,North America,Chicago,71,F,Budget,2023-11-22,Mobile App,Fashion
GM02465,North America,New York,61,F,Premium,2021-06-08,Mobile App,Home & Garden
GM02466,Europe,London,51,M,Standard,2022-11-13,Online,Electronics
GM02467,MENA,Riyadh,67,M,Standard,2023-09-10,Online,Food & Grocery
GM02468,Central Asia,Tashkent,24,F,Standard,2020-02-03,Online,Home & Garden
GM02469,MENA,Cairo,66,M,Standard,2020-09-03,Mobile App,Food & Grocery
GM02470,MENA,Cairo,71,M,Standard,2022-11-08,Mobile App,Sports
GM02471,Europe,Amsterdam,40,F,Standard,2022-11-19,Online,Sports
GM02472,Southeast Asia,Bangkok,63,M,Standard,2020-02-18,In-Store,Beauty
GM02473,Southeast Asia,Manila,24,F,Budget,2022-06-30,Online,Sports
GM02474,North America,Los Angeles,71,F,Standard,2020-06-28,In-Store,Home & Garden
GM02475,MENA,Istanbul,42,M,Standard,2023-10-25,Call Center,Food & Grocery
GM02476,Southeast Asia,Singapore,20,F,Premium,2022-01-07,Online,Fashion
GM02477,Europe,Amsterdam,55,M,Budget,2023-11-19,Mobile App,Food & Grocery
GM02478,North America,Chicago,37,F,Standard,2021-08-12,Mobile App,Sports
GM02479,Europe,Paris,51,M,Standard,2021-05-10,Call Center,Food & Grocery
GM02480,North America,New York,66,M,Budget,2021-03-06,Online,Electronics
GM02481,Europe,Paris,61,F,Standard,2023-05-15,Online,Food & Grocery
GM02482,Southeast Asia,Singapore,61,M,Standard,2022-11-24,Online,Home & Garden
GM02483,Southeast Asia,Singapore,47,F,Standard,2023-12-07,Mobile App,Electronics
GM02484,Europe,London,34,M,Premium,2020-12-29,In-Store,Beauty
GM02485,MENA,Cairo,27,M,Budget,2020-11-05,Online,Beauty
GM02486,Southeast Asia,Singapore,52,F,Premium,2022-09-08,Mobile App,Food & Grocery
GM02487,MENA,Riyadh,37,M,Standard,2023-07-26,Online,Fashion
GM02488,Southeast Asia,Bangkok,35,M,Premium,2023-03-21,Online,Home & Garden
GM02489,North America,Toronto,62,F,Budget,2020-08-14,In-Store,Fashion
GM02490,MENA,Riyadh,61,F,Premium,2023-06-20,Online,Electronics
GM02491,Europe,Paris,44,F,Standard,2020-01-10,Online,Fashion
GM02492,Europe,Warsaw,66,Other,Standard,2023-11-16,Online,Electronics
GM02493,North America,Chicago,53,M,Standard,2020-02-17,Mobile App,Fashion
GM02494,MENA,Istanbul,40,F,Standard,2020-07-22,Mobile App,Beauty
GM02495,MENA,Riyadh,49,M,Standard,2022-09-15,In-Store,Home & Garden
GM02496,MENA,Istanbul,27,F,Standard,2022-06-12,Mobile App,Fashion
GM02497,North America,Toronto,28,M,Standard,2020-06-05,In-Store,Food & Grocery
GM02498,Southeast Asia,Bangkok,55,Other,Standard,2022-05-04,Online,Electronics
GM02499,Southeast Asia,Manila,23,F,Standard,2020-01-26,Mobile App,Food & Grocery
GM02500,MENA,Istanbul,58,F,Standard,2021-02-24,In-Store,Home & Garden
GM02501,North America,New York,64,F,Budget,2022-01-30,In-Store,Food & Grocery
GM02502,North America,Toronto,51,F,Standard,2022-02-12,In-Store,Beauty
GM02503,North America,Chicago,53,F,Premium,2020-09-20,In-Store,Beauty
GM02504,Southeast Asia,Manila,54,M,Standard,2021-08-10,Online,Sports
GM02505,Europe,Amsterdam,34,M,Budget,2022-08-15,Mobile App,Home & Garden
GM02506,Central Asia,Astana,57,M,Premium,2021-04-14,Online,Fashion
GM02507,Southeast Asia,Bangkok,57,M,Standard,2020-09-10,Mobile App,Beauty
GM02508,MENA,Riyadh,71,F,Standard,2023-03-16,Online,Fashion
GM02509,North America,Los Angeles,29,F,Premium,2023-09-11,Online,Fashion
GM02510,Southeast Asia,Singapore,38,F,Budget,2023-09-23,In-Store,Electronics
GM02511,Central Asia,Astana,57,Other,Standard,2022-01-09,Online,Food & Grocery
GM02512,Southeast Asia,Bangkok,36,F,Standard,2020-04-27,Mobile App,Fashion
GM02513,MENA,Cairo,20,M,Budget,2023-04-03,In-Store,Sports
GM02514,MENA,Cairo,35,M,Standard,2021-07-03,In-Store,Home & Garden
GM02515,North America,Toronto,70,M,Budget,2022-06-29,Online,Home & Garden
GM02516,Southeast Asia,Manila,68,M,Standard,2022-05-19,Online,Electronics
GM02517,Central Asia,Astana,36,F,Standard,2022-03-18,Online,Sports
GM02518,MENA,Cairo,64,F,Budget,2022-03-31,In-Store,Food & Grocery
GM02519,North America,Chicago,23,F,Premium,2023-05-06,In-Store,Sports
GM02520,North America,Los Angeles,33,F,Budget,2023-10-29,In-Store,Home & Garden
GM02521,North America,Chicago,25,F,Standard,2021-07-17,Call Center,Sports
GM02522,Europe,Warsaw,65,M,Premium,2023-02-26,In-Store,Food & Grocery
GM02523,Europe,Amsterdam,35,F,Standard,2021-02-17,Mobile App,Beauty
GM02524,Europe,Warsaw,69,M,Premium,2023-11-04,Online,Fashion
GM02525,North America,New York,65,M,Standard,2022-05-29,Online,Fashion
GM02526,Europe,Paris,60,M,Standard,2022-09-19,Online,Home & Garden
GM02527,Europe,Paris,56,F,Budget,2020-01-01,Online,Home & Garden
GM02528,Southeast Asia,Manila,66,M,Premium,2020-06-15,In-Store,Food & Grocery
GM02529,Central Asia,Almaty,66,M,Standard,2020-01-16,In-Store,Sports
GM02530,Southeast Asia,Jakarta,29,F,Standard,2021-10-18,In-Store,Food & Grocery
GM02531,North America,New York,62,F,Standard,2020-04-21,Mobile App,Electronics
GM02532,North America,Toronto,27,M,Standard,2023-10-23,Call Center,Home & Garden
GM02533,Europe,Paris,24,M,Standard,2023-01-30,Mobile App,Home & Garden
GM02534,Central Asia,Astana,63,F,Budget,2021-08-16,Online,Home & Garden
GM02535,North America,Toronto,18,M,Budget,2023-11-30,Online,Food & Grocery
GM02536,North America,Los Angeles,66,F,Premium,2021-05-21,Online,Food & Grocery
GM02537,North America,New York,53,F,Standard,2021-11-01,Online,Sports
GM02538,Europe,Berlin,38,M,Standard,2022-11-29,In-Store,Beauty
GM02539,North America,Los Angeles,54,M,Standard,2023-11-05,In-Store,Home & Garden
GM02540,North America,Toronto,69,M,Premium,2022-01-28,Online,Beauty
GM02541,North America,Chicago,41,M,Standard,2021-05-11,Mobile App,Food & Grocery
GM02542,North America,Chicago,42,M,Standard,2022-08-22,Mobile App,Sports
GM02543,North America,Toronto,24,F,Standard,2020-10-07,Online,Food & Grocery
GM02544,North America,Chicago,59,M,Budget,2020-12-16,Online,Electronics
GM02545,Central Asia,Bishkek,34,F,Standard,2020-11-29,Mobile App,Fashion
GM02546,MENA,Riyadh,46,F,Premium,2022-01-30,In-Store,Fashion
GM02547,Central Asia,Bishkek,47,M,Premium,2023-07-30,Online,Food & Grocery
GM02548,MENA,Riyadh,24,M,Budget,2021-12-28,Online,Fashion
GM02549,MENA,Riyadh,50,M,Budget,2023-09-04,Online,Fashion
GM02550,Central Asia,Bishkek,24,M,Standard,2022-04-02,Online,Sports
GM02551,Europe,Paris,41,F,Standard,2023-12-08,Mobile App,Fashion
GM02552,Central Asia,Almaty,28,M,Budget,2020-01-14,Online,Sports
GM02553,North America,Toronto,26,F,Standard,2022-12-15,Online,Electronics
GM02554,Southeast Asia,Jakarta,29,M,Budget,2023-11-27,Online,Home & Garden
GM02555,Central Asia,Bishkek,52,M,Budget,2020-12-07,Mobile App,Home & Garden
GM02556,Southeast Asia,Singapore,21,F,Standard,2020-07-17,Online,Home & Garden
GM02557,MENA,Cairo,53,F,Standard,2021-11-08,Online,Sports
GM02558,Europe,London,45,M,Premium,2023-08-08,In-Store,Sports
GM02559,Central Asia,Bishkek,30,M,Standard,2021-10-19,In-Store,Sports
GM02560,MENA,Riyadh,40,F,Budget,2024-01-04,Online,Electronics
GM02561,North America,Toronto,36,M,Budget,2020-03-18,Online,Beauty
GM02562,North America,Chicago,59,M,Standard,2020-04-21,Mobile App,Sports
GM02563,Central Asia,Bishkek,54,F,Standard,2021-06-18,Call Center,Sports
GM02564,Central Asia,Bishkek,56,F,Premium,2023-10-30,Online,Home & Garden
GM02565,MENA,Istanbul,41,F,Premium,2023-02-13,Online,Food & Grocery
GM02566,Europe,Amsterdam,33,F,Standard,2023-03-11,Online,Fashion
GM02567,Europe,Amsterdam,50,F,Standard,2022-09-18,Mobile App,Fashion
GM02568,Europe,Amsterdam,29,F,Standard,2023-05-05,In-Store,Electronics
GM02569,North America,Toronto,51,F,Premium,2022-02-28,Mobile App,Fashion
GM02570,Southeast Asia,Singapore,24,F,Budget,2023-08-15,In-Store,Beauty
GM02571,MENA,Dubai,28,F,Standard,2023-01-04,Mobile App,Home & Garden
GM02572,Southeast Asia,Bangkok,48,M,Budget,2021-06-13,Mobile App,Electronics
GM02573,Europe,Paris,46,M,Standard,2020-04-09,Mobile App,Fashion
GM02574,MENA,Dubai,30,F,Premium,2022-08-30,In-Store,Fashion
GM02575,Europe,Paris,48,F,Budget,2024-01-31,Online,Food & Grocery
GM02576,North America,Toronto,19,M,Standard,2023-08-08,In-Store,Home & Garden
GM02577,Southeast Asia,Jakarta,56,F,Standard,2022-10-11,In-Store,Electronics
GM02578,North America,Toronto,32,M,Standard,2020-05-04,In-Store,Home & Garden
GM02579,Europe,Amsterdam,28,F,Premium,2022-10-11,Online,Electronics
GM02580,North America,Chicago,51,F,Standard,2021-06-02,In-Store,Fashion
GM02581,Europe,Warsaw,56,F,Budget,2020-01-23,In-Store,Home & Garden
GM02582,Southeast Asia,Singapore,21,M,Premium,2020-06-10,In-Store,Home & Garden
GM02583,MENA,Dubai,28,F,Standard,2021-09-20,Online,Beauty
GM02584,MENA,Cairo,46,M,Budget,2021-05-20,In-Store,Food & Grocery
GM02585,North America,Los Angeles,19,M,Standard,2022-05-31,Online,Home & Garden
GM02586,North America,New York,33,M,Standard,2022-11-10,Mobile App,Electronics
GM02587,Central Asia,Bishkek,56,F,Standard,2024-01-27,In-Store,Beauty
GM02588,North America,Toronto,30,M,Standard,2021-04-27,Online,Home & Garden
GM02589,Europe,Amsterdam,54,M,Standard,2020-11-04,Online,Home & Garden
GM02590,North America,New York,34,F,Standard,2022-05-23,In-Store,Beauty
GM02591,North America,Toronto,38,F,Premium,2020-07-21,Online,Fashion
GM02592,North America,Los Angeles,61,F,Standard,2023-12-10,Call Center,Home & Garden
GM02593,North America,New York,36,F,Standard,2021-10-01,In-Store,Sports
GM02594,MENA,Istanbul,24,M,Standard,2020-05-21,Online,Food & Grocery
GM02595,Europe,Paris,55,F,Standard,2022-09-30,In-Store,Fashion
GM02596,North America,Los Angeles,25,F,Standard,2021-09-06,Online,Home & Garden
GM02597,Europe,London,30,M,Premium,2020-04-16,Mobile App,Fashion
GM02598,MENA,Istanbul,54,M,Budget,2021-06-12,Online,Electronics
GM02599,Europe,London,19,M,Standard,2021-07-29,Call Center,Fashion
GM02600,Europe,Berlin,58,M,Standard,2022-08-26,In-Store,Beauty
GM02601,North America,Toronto,28,F,Premium,2021-11-18,Mobile App,Home & Garden
GM02602,Central Asia,Tashkent,41,F,Premium,2020-10-17,Online,Fashion
GM02603,North America,Chicago,23,F,Standard,2022-03-15,Online,Sports
GM02604,Europe,Berlin,43,F,Budget,2023-08-27,Mobile App,Electronics
GM02605,Central Asia,Almaty,24,M,Budget,2021-10-29,In-Store,Electronics
GM02606,MENA,Riyadh,56,F,Budget,2021-01-19,Online,Fashion
GM02607,Central Asia,Almaty,36,M,Budget,2022-12-12,Online,Beauty
GM02608,Europe,London,23,Other,Budget,2023-04-21,Online,Electronics
GM02609,North America,Los Angeles,60,M,Standard,2023-10-24,In-Store,Fashion
GM02610,Central Asia,Tashkent,46,F,Standard,2021-12-01,Online,Fashion
GM02611,North America,Toronto,60,M,Budget,2020-01-13,Online,Electronics
GM02612,Central Asia,Tashkent,56,M,Standard,2022-08-17,Online,Fashion
GM02613,Europe,Paris,19,M,Standard,2020-06-08,In-Store,Fashion
GM02614,North America,Los Angeles,36,F,Standard,2023-07-31,Online,Food & Grocery
GM02615,Europe,Warsaw,21,F,Standard,2021-07-18,Call Center,Sports
GM02616,Central Asia,Tashkent,23,M,Standard,2023-08-03,Online,Fashion
GM02617,Europe,Warsaw,66,F,Premium,2020-01-08,Mobile App,Food & Grocery
GM02618,Europe,London,54,F,Standard,2020-03-12,In-Store,Food & Grocery
GM02619,North America,Toronto,45,F,Budget,2022-06-10,Online,Fashion
GM02620,Europe,Amsterdam,47,F,Standard,2020-04-07,Online,Beauty
GM02621,North America,New York,24,M,Budget,2020-03-27,In-Store,Electronics
GM02622,Southeast Asia,Jakarta,26,M,Premium,2020-04-10,In-Store,Food & Grocery
GM02623,MENA,Riyadh,42,F,Premium,2020-10-07,In-Store,Food & Grocery
GM02624,Southeast Asia,Bangkok,50,F,Standard,2022-06-01,Online,Beauty
GM02625,MENA,Riyadh,18,Other,Standard,2023-08-05,Mobile App,Home & Garden
GM02626,Southeast Asia,Bangkok,68,F,Standard,2022-01-18,Call Center,Beauty
GM02627,Central Asia,Tashkent,23,M,Budget,2020-07-14,In-Store,Home & Garden
GM02628,North America,Toronto,35,F,Budget,2021-01-25,In-Store,Home & Garden
GM02629,MENA,Istanbul,27,M,Budget,2021-08-31,In-Store,Beauty
GM02630,MENA,Istanbul,45,Other,Standard,2021-03-25,Online,Sports
GM02631,North America,Toronto,28,M,Standard,2023-10-23,Online,Beauty
GM02632,North America,Los Angeles,50,F,Standard,2023-12-24,In-Store,Food & Grocery
GM02633,Central Asia,Bishkek,18,F,Premium,2023-01-24,Mobile App,Electronics
GM02634,Europe,Amsterdam,30,M,Standard,2023-07-08,Online,Beauty
GM02635,North America,Chicago,54,M,Standard,2020-04-30,In-Store,Sports
GM02636,North America,New York,37,F,Standard,2023-10-21,Mobile App,Beauty
GM02637,Southeast Asia,Singapore,18,F,Premium,2020-11-27,Online,Sports
GM02638,North America,Chicago,69,M,Premium,2022-12-11,Online,Electronics
GM02639,Southeast Asia,Jakarta,20,F,Standard,2023-11-20,Mobile App,Fashion
GM02640,North America,Los Angeles,35,F,Standard,2020-11-13,Online,Sports
GM02641,Europe,Amsterdam,58,M,Standard,2021-11-05,Online,Sports
GM02642,Central Asia,Bishkek,31,M,Standard,2021-12-02,Online,Food & Grocery
GM02643,North America,Los Angeles,48,F,Premium,2023-07-24,Online,Sports
GM02644,North America,New York,44,F,Standard,2023-05-02,Mobile App,Electronics
GM02645,Central Asia,Astana,34,F,Premium,2021-11-23,In-Store,Home & Garden
GM02646,Europe,Amsterdam,63,F,Budget,2022-10-13,In-Store,Sports
GM02647,Southeast Asia,Jakarta,46,M,Standard,2020-01-21,In-Store,Electronics
GM02648,MENA,Dubai,53,M,Standard,2021-02-02,Call Center,Food & Grocery
GM02649,MENA,Istanbul,54,M,Standard,2020-07-20,Online,Food & Grocery
GM02650,MENA,Riyadh,43,M,Budget,2021-04-10,Online,Fashion
GM02651,Europe,Amsterdam,70,F,Standard,2023-03-20,Call Center,Sports
GM02652,Europe,Berlin,34,F,Budget,2022-06-14,Call Center,Home & Garden
GM02653,Europe,Amsterdam,39,M,Standard,2023-03-28,Online,Electronics
GM02654,Central Asia,Tashkent,42,M,Standard,2020-11-05,Online,Fashion
GM02655,North America,Los Angeles,19,F,Budget,2021-05-18,In-Store,Home & Garden
GM02656,MENA,Cairo,39,F,Standard,2020-01-26,Online,Fashion
GM02657,North America,Los Angeles,22,F,Standard,2020-03-06,In-Store,Home & Garden
GM02658,Southeast Asia,Bangkok,21,F,Standard,2020-09-19,Online,Beauty
GM02659,Europe,Warsaw,53,F,Standard,2021-04-16,Online,Beauty
GM02660,North America,Chicago,23,F,Standard,2020-06-15,In-Store,Beauty
GM02661,MENA,Cairo,69,M,Standard,2022-03-10,Call Center,Fashion
GM02662,Southeast Asia,Singapore,38,M,Standard,2023-03-23,In-Store,Beauty
GM02663,Europe,London,30,M,Budget,2020-12-08,Online,Electronics
GM02664,North America,New York,71,F,Standard,2021-12-18,Call Center,Electronics
GM02665,North America,Chicago,54,F,Standard,2021-02-16,In-Store,Beauty
GM02666,Europe,London,42,F,Standard,2023-04-22,Online,Home & Garden
GM02667,Europe,London,43,M,Budget,2023-05-02,Online,Home & Garden
GM02668,North America,Toronto,56,M,Standard,2022-10-22,Online,Fashion
GM02669,North America,Chicago,37,M,Standard,2023-05-23,In-Store,Home & Garden
GM02670,Europe,Amsterdam,50,M,Budget,2021-11-17,In-Store,Sports
GM02671,North America,New York,31,F,Budget,2022-03-07,Online,Home & Garden
GM02672,MENA,Istanbul,53,F,Standard,2021-04-27,Online,Electronics
GM02673,North America,Toronto,34,F,Standard,2022-11-21,Online,Food & Grocery
GM02674,Europe,Berlin,38,F,Standard,2020-01-15,In-Store,Home & Garden
GM02675,Southeast Asia,Jakarta,63,F,Standard,2023-09-03,Online,Fashion
GM02676,Europe,Berlin,33,F,Budget,2023-06-20,Online,Home & Garden
GM02677,Europe,Paris,63,M,Budget,2020-01-17,Mobile App,Fashion
GM02678,Central Asia,Astana,33,F,Premium,2021-06-17,In-Store,Sports
GM02679,Central Asia,Tashkent,37,F,Standard,2020-03-21,Online,Beauty
GM02680,MENA,Cairo,46,F,Standard,2021-10-17,In-Store,Sports
GM02681,Europe,London,45,M,Budget,2021-03-11,Online,Electronics
GM02682,North America,Los Angeles,25,M,Standard,2022-10-28,Mobile App,Food & Grocery
GM02683,Central Asia,Almaty,41,M,Standard,2022-10-15,Mobile App,Sports
GM02684,MENA,Dubai,20,F,Premium,2021-11-09,In-Store,Sports
GM02685,Europe,Amsterdam,42,M,Standard,2023-08-03,Mobile App,Electronics
GM02686,Central Asia,Tashkent,36,F,Premium,2022-02-18,Online,Electronics
GM02687,Europe,Berlin,50,F,Budget,2020-07-04,Mobile App,Beauty
GM02688,MENA,Istanbul,19,M,Budget,2021-02-25,Online,Beauty
GM02689,MENA,Dubai,32,F,Standard,2021-04-10,Online,Home & Garden
GM02690,MENA,Dubai,39,F,Standard,2020-03-23,Mobile App,Fashion
GM02691,MENA,Dubai,27,M,Budget,2021-07-20,In-Store,Electronics
GM02692,North America,Toronto,35,F,Standard,2021-10-04,Call Center,Sports
GM02693,Central Asia,Bishkek,39,M,Standard,2020-11-20,Online,Sports
GM02694,MENA,Dubai,63,M,Budget,2023-12-13,In-Store,Beauty
GM02695,Southeast Asia,Bangkok,66,F,Budget,2020-02-20,Online,Fashion
GM02696,MENA,Riyadh,44,F,Budget,2022-11-16,In-Store,Electronics
GM02697,North America,Chicago,30,Other,Premium,2021-11-07,Online,Beauty
GM02698,Europe,London,50,F,Premium,2022-09-07,Online,Fashion
GM02699,North America,New York,22,F,Premium,2022-03-03,Online,Electronics
GM02700,North America,Los Angeles,43,F,Standard,2022-12-21,Mobile App,Sports
GM02701,MENA,Dubai,30,F,Budget,2021-10-18,Online,Sports
GM02702,Southeast Asia,Manila,44,F,Standard,2023-04-09,Mobile App,Beauty
GM02703,Europe,Berlin,31,M,Standard,2023-08-02,Online,Fashion
GM02704,Central Asia,Bishkek,41,F,Standard,2020-04-26,Online,Sports
GM02705,North America,New York,20,M,Standard,2022-10-24,Online,Fashion
GM02706,North America,Toronto,64,F,Budget,2022-12-25,Call Center,Beauty
GM02707,Europe,Amsterdam,68,M,Standard,2022-12-19,Online,Home & Garden
GM02708,Europe,London,66,F,Standard,2022-06-23,Online,Fashion
GM02709,Central Asia,Astana,47,M,Standard,2021-05-16,Mobile App,Food & Grocery
GM02710,Europe,London,52,M,Premium,2022-03-09,Online,Fashion
GM02711,North America,Los Angeles,65,F,Standard,2022-05-06,Mobile App,Beauty
GM02712,MENA,Cairo,31,M,Standard,2023-06-06,Online,Food & Grocery
GM02713,Europe,Paris,29,F,Standard,2023-01-28,In-Store,Home & Garden
GM02714,MENA,Riyadh,45,M,Budget,2023-02-16,Online,Sports
GM02715,Central Asia,Bishkek,61,M,Standard,2020-03-09,In-Store,Electronics
GM02716,Europe,Berlin,46,M,Premium,2021-10-25,Mobile App,Beauty
GM02717,North America,Toronto,60,F,Standard,2022-03-02,Mobile App,Electronics
GM02718,Southeast Asia,Singapore,34,M,Premium,2020-08-08,In-Store,Home & Garden
GM02719,North America,New York,57,F,Standard,2022-10-06,Mobile App,Food & Grocery
GM02720,Central Asia,Almaty,66,M,Standard,2020-08-10,Online,Home & Garden
GM02721,Southeast Asia,Manila,38,M,Premium,2021-11-07,Online,Fashion
GM02722,North America,Los Angeles,40,M,Budget,2020-07-29,In-Store,Electronics
GM02723,North America,Toronto,37,M,Budget,2022-07-19,In-Store,Electronics
GM02724,MENA,Riyadh,28,F,Budget,2022-06-04,Online,Home & Garden
GM02725,MENA,Istanbul,51,F,Standard,2022-05-31,In-Store,Food & Grocery
GM02726,Europe,Warsaw,27,F,Standard,2020-09-18,Online,Electronics
GM02727,Central Asia,Bishkek,27,M,Budget,2021-06-01,Mobile App,Sports
GM02728,Europe,Berlin,60,M,Standard,2023-06-25,Mobile App,Home & Garden
GM02729,Europe,London,23,M,Budget,2022-03-08,In-Store,Fashion
GM02730,MENA,Dubai,53,F,Premium,2023-07-04,Online,Fashion
GM02731,North America,Toronto,41,M,Premium,2022-12-22,In-Store,Fashion
GM02732,MENA,Dubai,29,F,Budget,2023-11-16,Mobile App,Electronics
GM02733,Central Asia,Bishkek,60,M,Budget,2021-06-23,Online,Home & Garden
GM02734,Southeast Asia,Jakarta,40,M,Budget,2021-02-20,In-Store,Fashion
GM02735,Southeast Asia,Manila,44,M,Budget,2020-02-22,Call Center,Home & Garden
GM02736,North America,Los Angeles,62,M,Premium,2020-02-07,Online,Electronics
GM02737,Southeast Asia,Bangkok,54,F,Standard,2020-11-03,Online,Sports
GM02738,MENA,Riyadh,23,M,Budget,2022-04-25,Online,Sports
GM02739,Southeast Asia,Jakarta,18,F,Premium,2022-06-16,In-Store,Sports
GM02740,Central Asia,Astana,23,M,Standard,2020-02-22,Mobile App,Electronics
GM02741,Europe,Berlin,67,F,Standard,2021-08-28,In-Store,Fashion
GM02742,Europe,Warsaw,39,M,Premium,2021-03-27,Online,Electronics
GM02743,Europe,Warsaw,58,F,Standard,2021-04-05,In-Store,Home & Garden
GM02744,Europe,Warsaw,41,F,Standard,2022-02-13,In-Store,Sports
GM02745,North America,Los Angeles,42,F,Budget,2023-03-06,In-Store,Home & Garden
GM02746,North America,New York,32,M,Standard,2023-10-27,Online,Electronics
GM02747,North America,Los Angeles,43,F,Standard,2023-07-03,In-Store,Beauty
GM02748,Europe,Berlin,25,M,Standard,2021-01-29,In-Store,Beauty
GM02749,North America,Toronto,68,M,Standard,2022-11-26,Online,Electronics
GM02750,North America,Chicago,41,M,Premium,2023-03-16,In-Store,Fashion
GM02751,MENA,Cairo,65,M,Standard,2022-10-28,Call Center,Food & Grocery
GM02752,North America,New York,55,Other,Premium,2023-06-28,Online,Home & Garden
GM02753,Europe,Berlin,23,M,Standard,2021-10-08,Call Center,Electronics
GM02754,Europe,Amsterdam,71,F,Standard,2024-01-10,Online,Electronics
GM02755,Southeast Asia,Manila,52,F,Standard,2020-09-19,Mobile App,Beauty
GM02756,Europe,London,59,F,Premium,2021-09-23,Online,Sports
GM02757,MENA,Riyadh,18,F,Standard,2024-01-02,Online,Sports
GM02758,Southeast Asia,Manila,63,M,Standard,2023-07-06,In-Store,Food & Grocery
GM02759,North America,New York,53,F,Premium,2023-09-08,In-Store,Fashion
GM02760,Central Asia,Astana,29,M,Budget,2021-06-13,Mobile App,Fashion
GM02761,Europe,Paris,55,F,Premium,2020-10-27,In-Store,Food & Grocery
GM02762,Central Asia,Tashkent,28,F,Budget,2021-04-29,In-Store,Fashion
GM02763,North America,Toronto,29,Other,Premium,2020-04-01,Mobile App,Beauty
GM02764,MENA,Istanbul,59,M,Budget,2023-04-02,In-Store,Electronics
GM02765,Europe,Warsaw,67,M,Premium,2023-09-20,Online,Fashion
GM02766,Southeast Asia,Manila,56,M,Budget,2020-11-10,Online,Beauty
GM02767,MENA,Cairo,24,M,Standard,2022-08-02,Online,Home & Garden
GM02768,Europe,Warsaw,28,M,Standard,2020-08-25,Mobile App,Electronics
GM02769,MENA,Riyadh,53,F,Standard,2020-03-23,Online,Food & Grocery
GM02770,North America,Chicago,69,M,Premium,2021-10-30,Online,Home & Garden
GM02771,Central Asia,Astana,48,F,Budget,2023-02-06,Online,Sports
GM02772,Europe,London,50,F,Premium,2020-06-26,In-Store,Sports
GM02773,North America,New York,30,F,Budget,2020-09-06,Online,Electronics
GM02774,MENA,Dubai,35,M,Premium,2022-02-03,Online,Fashion
GM02775,MENA,Cairo,58,M,Standard,2021-10-28,In-Store,Electronics
GM02776,MENA,Riyadh,41,M,Standard,2022-06-21,Mobile App,Fashion
GM02777,Central Asia,Astana,26,M,Standard,2020-03-31,Online,Food & Grocery
GM02778,Europe,London,48,F,Standard,2020-12-04,In-Store,Sports
GM02779,MENA,Istanbul,58,M,Budget,2020-06-17,Online,Electronics
GM02780,Europe,Warsaw,27,F,Budget,2023-03-08,Mobile App,Electronics
GM02781,Central Asia,Tashkent,19,F,Budget,2021-07-31,Online,Food & Grocery
GM02782,North America,Chicago,55,F,Standard,2023-04-22,Call Center,Fashion
GM02783,Southeast Asia,Manila,32,M,Standard,2022-02-18,Call Center,Sports
GM02784,North America,Chicago,20,M,Standard,2020-06-18,Mobile App,Sports
GM02785,Southeast Asia,Singapore,60,F,Standard,2020-12-27,Online,Fashion
GM02786,Europe,Warsaw,48,F,Budget,2020-08-31,In-Store,Food & Grocery
GM02787,Southeast Asia,Bangkok,23,M,Standard,2020-05-17,Online,Fashion
GM02788,Europe,Paris,20,M,Standard,2022-11-17,Mobile App,Food & Grocery
GM02789,Southeast Asia,Singapore,28,M,Standard,2021-06-02,Mobile App,Fashion
GM02790,Southeast Asia,Jakarta,32,F,Standard,2023-11-22,Call Center,Sports
GM02791,North America,New York,62,M,Budget,2020-11-28,In-Store,Sports
GM02792,Southeast Asia,Bangkok,69,F,Standard,2022-08-22,In-Store,Electronics
GM02793,North America,Toronto,45,M,Standard,2023-09-02,In-Store,Food & Grocery
GM02794,Europe,Warsaw,27,F,Budget,2021-07-16,Online,Sports
GM02795,MENA,Cairo,55,F,Standard,2021-03-01,In-Store,Food & Grocery
GM02796,North America,Chicago,64,F,Premium,2023-03-05,In-Store,Food & Grocery
GM02797,Central Asia,Astana,67,M,Premium,2021-10-02,Mobile App,Home & Garden
GM02798,North America,Los Angeles,67,M,Premium,2021-12-09,In-Store,Home & Garden
GM02799,Southeast Asia,Manila,24,M,Standard,2023-07-14,Mobile App,Fashion
GM02800,Europe,Berlin,32,F,Budget,2020-04-16,Mobile App,Food & Grocery
GM02801,North America,New York,35,F,Standard,2021-07-13,In-Store,Fashion
GM02802,Southeast Asia,Bangkok,35,F,Standard,2020-05-17,Online,Fashion
GM02803,Southeast Asia,Singapore,69,M,Budget,2021-09-06,In-Store,Electronics
GM02804,Southeast Asia,Manila,58,F,Budget,2020-02-16,In-Store,Home & Garden
GM02805,MENA,Dubai,41,M,Standard,2021-01-02,Online,Home & Garden
GM02806,Southeast Asia,Manila,19,F,Standard,2020-01-06,Online,Sports
GM02807,North America,New York,57,M,Premium,2021-06-06,Call Center,Home & Garden
GM02808,Europe,Paris,37,F,Premium,2021-06-12,Online,Sports
GM02809,MENA,Riyadh,51,M,Premium,2023-07-19,In-Store,Food & Grocery
GM02810,North America,New York,60,M,Standard,2020-03-06,Mobile App,Electronics
GM02811,Europe,London,43,F,Standard,2021-02-23,In-Store,Fashion
GM02812,North America,Toronto,24,M,Premium,2023-09-24,In-Store,Fashion
GM02813,North America,New York,55,F,Premium,2022-07-22,Mobile App,Food & Grocery
GM02814,Europe,Berlin,47,F,Premium,2021-05-12,In-Store,Sports
GM02815,North America,Chicago,59,F,Standard,2024-02-01,Online,Beauty
GM02816,North America,Los Angeles,22,M,Standard,2020-11-26,Call Center,Food & Grocery
GM02817,MENA,Cairo,28,F,Standard,2022-02-06,In-Store,Sports
GM02818,Central Asia,Almaty,18,F,Standard,2022-09-27,In-Store,Food & Grocery
GM02819,Central Asia,Tashkent,51,M,Standard,2023-02-28,In-Store,Electronics
GM02820,Europe,Berlin,18,F,Premium,2021-06-13,Online,Food & Grocery
GM02821,Southeast Asia,Jakarta,36,M,Standard,2024-01-01,Call Center,Food & Grocery
GM02822,Europe,London,19,M,Budget,2020-08-30,Mobile App,Home & Garden
GM02823,North America,New York,38,M,Budget,2024-01-26,Online,Sports
GM02824,Europe,Paris,37,M,Standard,2020-12-15,Call Center,Electronics
GM02825,Europe,Amsterdam,40,M,Budget,2022-11-06,Mobile App,Fashion
GM02826,North America,Los Angeles,38,F,Standard,2024-01-29,In-Store,Beauty
GM02827,North America,New York,41,F,Premium,2022-01-04,In-Store,Beauty
GM02828,Central Asia,Tashkent,21,M,Budget,2022-05-31,Online,Sports
GM02829,MENA,Dubai,29,F,Premium,2020-12-28,In-Store,Food & Grocery
GM02830,Central Asia,Bishkek,39,F,Standard,2023-05-18,Online,Home & Garden
GM02831,MENA,Istanbul,37,F,Standard,2022-10-11,In-Store,Food & Grocery
GM02832,North America,Los Angeles,35,F,Standard,2021-06-08,In-Store,Sports
GM02833,Central Asia,Astana,18,F,Standard,2022-04-10,Mobile App,Beauty
GM02834,Europe,Amsterdam,47,M,Standard,2022-02-20,Mobile App,Beauty
GM02835,MENA,Riyadh,50,M,Standard,2021-02-23,Online,Food & Grocery
GM02836,Southeast Asia,Jakarta,41,M,Standard,2022-02-24,Mobile App,Food & Grocery
GM02837,Southeast Asia,Bangkok,31,F,Standard,2020-05-12,In-Store,Food & Grocery
GM02838,Central Asia,Tashkent,53,M,Budget,2020-01-14,In-Store,Fashion
GM02839,North America,New York,22,F,Budget,2022-12-03,Online,Home & Garden
GM02840,MENA,Dubai,28,M,Standard,2023-11-01,Mobile App,Home & Garden
GM02841,MENA,Riyadh,41,F,Premium,2020-10-21,Mobile App,Beauty
GM02842,North America,New York,48,M,Budget,2023-11-20,Mobile App,Beauty
GM02843,Southeast Asia,Singapore,30,M,Premium,2023-02-01,Mobile App,Sports
GM02844,Southeast Asia,Singapore,33,M,Standard,2021-03-20,Online,Sports
GM02845,North America,Toronto,41,M,Standard,2022-12-21,Mobile App,Fashion
GM02846,Europe,London,30,M,Budget,2021-02-15,In-Store,Beauty
GM02847,North America,Chicago,41,F,Premium,2021-09-21,Online,Sports
GM02848,Europe,Paris,71,M,Premium,2020-11-16,In-Store,Fashion
GM02849,North America,Chicago,43,M,Standard,2023-02-28,In-Store,Home & Garden
GM02850,Europe,Berlin,19,F,Standard,2022-03-28,Online,Beauty
GM02851,North America,Toronto,33,M,Standard,2023-05-07,Online,Electronics
GM02852,Europe,London,55,F,Standard,2022-06-23,Online,Beauty
GM02853,Europe,Warsaw,63,Other,Standard,2020-02-05,Online,Sports
GM02854,Southeast Asia,Manila,18,M,Premium,2022-03-01,Online,Beauty
GM02855,Central Asia,Almaty,66,M,Premium,2023-05-24,Online,Electronics
GM02856,MENA,Cairo,28,M,Budget,2021-08-08,Online,Beauty
GM02857,Europe,Berlin,68,F,Budget,2020-11-01,Call Center,Sports
GM02858,Central Asia,Bishkek,52,F,Standard,2022-10-04,Mobile App,Home & Garden
GM02859,Central Asia,Tashkent,60,F,Premium,2022-06-11,Online,Sports
GM02860,Europe,Paris,46,F,Premium,2020-01-12,Call Center,Fashion
GM02861,Southeast Asia,Singapore,54,M,Standard,2020-03-23,In-Store,Sports
GM02862,Europe,Warsaw,34,F,Standard,2022-11-21,In-Store,Fashion
GM02863,Southeast Asia,Jakarta,71,F,Standard,2023-12-02,In-Store,Beauty
GM02864,North America,New York,56,F,Standard,2023-01-14,In-Store,Fashion
GM02865,MENA,Dubai,59,F,Standard,2023-12-05,Online,Food & Grocery
GM02866,North America,Toronto,45,F,Budget,2022-08-14,Online,Beauty
GM02867,MENA,Riyadh,46,M,Premium,2021-12-13,In-Store,Fashion
GM02868,North America,New York,60,M,Premium,2023-07-03,In-Store,Sports
GM02869,Europe,Amsterdam,20,F,Premium,2020-08-28,Mobile App,Electronics
GM02870,Europe,London,69,M,Budget,2022-06-16,Online,Beauty
GM02871,Southeast Asia,Manila,27,F,Budget,2022-06-14,Mobile App,Fashion
GM02872,Southeast Asia,Jakarta,59,M,Standard,2022-06-25,In-Store,Electronics
GM02873,Southeast Asia,Jakarta,31,F,Premium,2024-01-15,Call Center,Fashion
GM02874,MENA,Cairo,29,F,Standard,2022-01-25,Online,Fashion
GM02875,North America,New York,64,M,Standard,2022-10-21,Mobile App,Fashion
GM02876,MENA,Istanbul,59,F,Standard,2021-08-23,Mobile App,Sports
GM02877,MENA,Dubai,47,F,Standard,2020-10-08,In-Store,Fashion
GM02878,Europe,Paris,49,F,Premium,2021-10-12,In-Store,Electronics
GM02879,North America,Toronto,49,M,Standard,2021-08-21,Online,Food & Grocery
GM02880,Europe,Paris,59,M,Standard,2022-09-05,Call Center,Fashion
GM02881,Europe,Warsaw,49,M,Standard,2023-02-16,Online,Food & Grocery
GM02882,Southeast Asia,Jakarta,43,M,Premium,2022-10-08,In-Store,Home & Garden
GM02883,Europe,Warsaw,68,F,Budget,2022-06-18,Online,Beauty
GM02884,Central Asia,Almaty,18,F,Standard,2023-01-08,In-Store,Sports
GM02885,Central Asia,Bishkek,59,F,Budget,2022-06-12,In-Store,Home & Garden
GM02886,Southeast Asia,Jakarta,19,F,Standard,2022-08-14,Mobile App,Home & Garden
GM02887,MENA,Istanbul,34,F,Budget,2020-08-06,In-Store,Electronics
GM02888,MENA,Riyadh,47,M,Budget,2021-12-27,Call Center,Electronics
GM02889,North America,Toronto,56,F,Standard,2022-10-05,In-Store,Food & Grocery
GM02890,North America,Toronto,24,M,Budget,2024-01-29,Online,Food & Grocery
GM02891,Europe,London,69,F,Standard,2021-06-01,Online,Sports
GM02892,North America,Chicago,44,M,Standard,2022-03-22,Mobile App,Sports
GM02893,North America,New York,26,M,Premium,2021-05-16,Online,Beauty
GM02894,North America,Toronto,39,F,Standard,2020-02-27,In-Store,Fashion
GM02895,Europe,Warsaw,51,F,Standard,2023-09-22,Online,Sports
GM02896,Southeast Asia,Jakarta,63,F,Budget,2022-03-24,In-Store,Sports
GM02897,MENA,Dubai,66,F,Premium,2021-09-05,Mobile App,Food & Grocery
GM02898,Europe,Paris,18,M,Standard,2021-03-01,In-Store,Fashion
GM02899,MENA,Dubai,26,F,Premium,2023-10-25,Online,Beauty
GM02900,Central Asia,Bishkek,37,M,Standard,2023-12-05,Online,Electronics
GM02901,Europe,Paris,70,F,Premium,2022-06-01,Online,Beauty
GM02902,North America,New York,36,F,Budget,2021-03-07,Online,Fashion
GM02903,Central Asia,Almaty,53,M,Standard,2023-05-04,In-Store,Electronics
GM02904,MENA,Riyadh,57,F,Standard,2023-11-01,In-Store,Electronics
GM02905,MENA,Istanbul,62,F,Budget,2022-08-05,Online,Electronics
GM02906,Central Asia,Bishkek,21,M,Standard,2023-10-20,In-Store,Beauty
GM02907,Southeast Asia,Singapore,26,F,Premium,2022-07-23,In-Store,Food & Grocery
GM02908,Europe,Berlin,58,F,Standard,2021-02-08,Online,Fashion
GM02909,Europe,Paris,39,F,Premium,2021-05-06,In-Store,Beauty
GM02910,Europe,London,35,M,Budget,2020-03-06,Online,Beauty
GM02911,Europe,London,29,M,Standard,2022-06-30,In-Store,Home & Garden
GM02912,Central Asia,Almaty,59,F,Standard,2021-01-25,Mobile App,Sports
GM02913,North America,Chicago,60,M,Standard,2020-03-23,Online,Beauty
GM02914,Southeast Asia,Jakarta,56,F,Premium,2022-09-29,In-Store,Home & Garden
GM02915,Europe,Amsterdam,26,M,Budget,2021-04-25,In-Store,Food & Grocery
GM02916,North America,New York,23,F,Budget,2022-02-15,Online,Food & Grocery
GM02917,North America,New York,36,F,Budget,2023-06-06,Mobile App,Fashion
GM02918,North America,Toronto,65,M,Standard,2022-02-23,In-Store,Home & Garden
GM02919,MENA,Istanbul,64,M,Standard,2023-06-02,In-Store,Beauty
GM02920,Europe,London,24,F,Premium,2023-02-10,In-Store,Fashion
GM02921,Europe,Warsaw,33,F,Standard,2021-10-13,Mobile App,Home & Garden
GM02922,North America,New York,22,M,Standard,2023-04-23,Call Center,Beauty
GM02923,North America,Chicago,33,F,Standard,2023-04-11,In-Store,Fashion
GM02924,Europe,Berlin,18,M,Budget,2021-06-06,Mobile App,Fashion
GM02925,MENA,Riyadh,68,M,Premium,2020-07-23,Online,Sports
GM02926,Southeast Asia,Jakarta,54,F,Premium,2022-01-11,In-Store,Food & Grocery
GM02927,North America,Los Angeles,56,M,Premium,2020-11-14,Online,Beauty
GM02928,Southeast Asia,Jakarta,36,F,Standard,2023-03-28,Online,Sports
GM02929,North America,Chicago,71,M,Premium,2020-10-04,In-Store,Fashion
GM02930,MENA,Cairo,54,M,Standard,2022-06-20,Mobile App,Fashion
GM02931,North America,Los Angeles,34,M,Standard,2020-05-27,In-Store,Home & Garden
GM02932,North America,Chicago,43,F,Premium,2022-02-16,In-Store,Sports
GM02933,Central Asia,Tashkent,39,F,Budget,2023-01-11,In-Store,Electronics
GM02934,MENA,Riyadh,25,F,Standard,2021-02-22,In-Store,Beauty
GM02935,North America,New York,50,M,Standard,2021-06-21,Online,Food & Grocery
GM02936,Europe,Berlin,19,M,Standard,2021-01-26,Online,Sports
GM02937,North America,Toronto,47,F,Standard,2023-03-02,Online,Fashion
GM02938,North America,New York,64,M,Budget,2022-07-28,In-Store,Home & Garden
GM02939,Southeast Asia,Bangkok,37,F,Premium,2020-08-29,Online,Beauty
GM02940,Central Asia,Astana,35,M,Standard,2024-01-14,Online,Food & Grocery
GM02941,Europe,Berlin,60,F,Budget,2022-09-25,In-Store,Beauty
GM02942,North America,Chicago,27,M,Standard,2023-05-08,In-Store,Home & Garden
GM02943,Europe,Amsterdam,41,F,Standard,2023-02-14,In-Store,Fashion
GM02944,North America,Los Angeles,21,M,Standard,2023-05-27,Online,Food & Grocery
GM02945,North America,Chicago,54,M,Standard,2023-08-21,In-Store,Electronics
GM02946,Central Asia,Astana,21,M,Budget,2020-08-30,Mobile App,Home & Garden
GM02947,MENA,Cairo,30,M,Premium,2023-08-08,Mobile App,Electronics
GM02948,MENA,Riyadh,42,M,Premium,2022-09-02,Mobile App,Sports
GM02949,Europe,Amsterdam,30,F,Standard,2023-08-17,Online,Beauty
GM02950,Southeast Asia,Jakarta,35,F,Standard,2021-11-14,In-Store,Food & Grocery
GM02951,North America,Chicago,41,F,Standard,2023-11-12,Online,Fashion
GM02952,North America,Los Angeles,19,F,Standard,2021-08-10,Online,Electronics
GM02953,North America,New York,65,F,Premium,2023-05-17,Online,Fashion
GM02954,MENA,Dubai,50,M,Premium,2023-08-30,Mobile App,Sports
GM02955,Southeast Asia,Bangkok,36,M,Budget,2021-09-08,In-Store,Electronics
GM02956,North America,Los Angeles,26,M,Premium,2020-01-26,In-Store,Fashion
GM02957,North America,New York,45,F,Standard,2022-05-12,In-Store,Fashion
GM02958,Southeast Asia,Bangkok,52,M,Standard,2020-03-19,Online,Sports
GM02959,Europe,Paris,56,M,Budget,2022-10-08,In-Store,Home & Garden
GM02960,North America,Toronto,27,F,Budget,2020-05-07,In-Store,Food & Grocery
GM02961,Europe,London,18,M,Budget,2021-02-16,In-Store,Sports
GM02962,Europe,Berlin,59,F,Premium,2020-05-16,Mobile App,Electronics
GM02963,Europe,Paris,38,F,Budget,2023-09-19,Online,Electronics
GM02964,Southeast Asia,Manila,26,M,Standard,2021-07-01,Mobile App,Beauty
GM02965,Southeast Asia,Singapore,64,M,Standard,2021-01-22,In-Store,Fashion
GM02966,North America,Los Angeles,32,F,Standard,2021-07-24,In-Store,Food & Grocery
GM02967,North America,Los Angeles,52,F,Budget,2023-06-07,In-Store,Electronics
GM02968,North America,Toronto,22,M,Budget,2022-10-12,Mobile App,Home & Garden
GM02969,Southeast Asia,Singapore,58,F,Budget,2021-02-24,Online,Home & Garden
GM02970,MENA,Istanbul,39,F,Budget,2023-02-21,In-Store,Sports
GM02971,MENA,Istanbul,58,M,Standard,2023-01-16,In-Store,Electronics
GM02972,Europe,Warsaw,40,M,Standard,2020-05-20,Online,Food & Grocery
GM02973,North America,Toronto,24,F,Premium,2020-02-20,Online,Food & Grocery
GM02974,North America,New York,40,M,Budget,2022-09-13,Mobile App,Electronics
GM02975,MENA,Istanbul,61,F,Premium,2022-07-17,Online,Beauty
GM02976,Central Asia,Astana,42,M,Budget,2023-11-29,Online,Beauty
GM02977,North America,Toronto,44,F,Standard,2023-09-22,Call Center,Beauty
GM02978,Central Asia,Astana,58,F,Standard,2021-10-23,Mobile App,Electronics
GM02979,North America,New York,23,F,Premium,2020-12-31,Online,Sports
GM02980,Southeast Asia,Singapore,51,M,Standard,2022-06-26,In-Store,Food & Grocery
GM02981,MENA,Riyadh,26,M,Budget,2022-09-24,In-Store,Sports
GM02982,Europe,Berlin,66,F,Premium,2022-05-03,Mobile App,Sports
GM02983,North America,Toronto,50,M,Standard,2020-09-14,Mobile App,Sports
GM02984,North America,Chicago,68,M,Premium,2023-11-12,Mobile App,Home & Garden
GM02985,MENA,Cairo,23,F,Standard,2020-02-14,Online,Electronics
GM02986,Southeast Asia,Singapore,54,M,Premium,2020-09-25,In-Store,Fashion
GM02987,Central Asia,Tashkent,48,M,Standard,2023-08-27,Online,Electronics
GM02988,MENA,Dubai,51,M,Budget,2021-11-02,Online,Sports
GM02989,North America,New York,58,F,Standard,2022-10-15,Mobile App,Home & Garden
GM02990,Southeast Asia,Singapore,46,F,Standard,2023-07-25,Online,Home & Garden
GM02991,Europe,Berlin,31,M,Standard,2022-05-06,In-Store,Electronics
GM02992,North America,Chicago,53,M,Premium,2024-02-07,Mobile App,Fashion
GM02993,North America,Toronto,53,M,Standard,2020-05-24,Online,Sports
GM02994,MENA,Dubai,70,F,Standard,2020-08-22,Online,Home & Garden
GM02995,Europe,Paris,32,M,Standard,2021-11-21,Mobile App,Sports
GM02996,Southeast Asia,Singapore,25,F,Standard,2021-12-20,Mobile App,Sports
GM02997,Europe,London,43,M,Standard,2023-03-05,Mobile App,Food & Grocery
GM02998,Europe,Amsterdam,53,Other,Budget,2024-01-08,In-Store,Sports
GM02999,Europe,London,65,M,Budget,2020-12-18,Online,Beauty
GM03000,Southeast Asia,Bangkok,38,F,Premium,2023-11-18,Online,Food & Grocery
GM03001,North America,Chicago,45,M,Standard,2022-09-20,In-Store,Sports
GM03002,North America,Chicago,21,M,Standard,2020-10-01,Online,Sports
GM03003,Europe,Amsterdam,33,F,Premium,2023-11-08,Mobile App,Fashion
GM03004,North America,New York,39,F,Budget,2022-06-28,In-Store,Food & Grocery
GM03005,North America,Chicago,29,M,Budget,2023-09-08,In-Store,Food & Grocery
GM03006,North America,Chicago,33,F,Standard,2023-04-21,Mobile App,Fashion
GM03007,Southeast Asia,Bangkok,68,F,Standard,2021-03-15,Mobile App,Beauty
GM03008,Central Asia,Tashkent,57,F,Premium,2022-12-22,In-Store,Food & Grocery
GM03009,North America,Toronto,55,M,Standard,2022-05-21,Mobile App,Beauty
GM03010,Central Asia,Almaty,59,F,Budget,2021-10-12,Call Center,Sports
GM03011,MENA,Cairo,54,F,Standard,2022-07-31,Mobile App,Home & Garden
GM03012,Europe,Paris,46,M,Standard,2020-02-03,Mobile App,Home & Garden
GM03013,Europe,Amsterdam,35,F,Standard,2021-12-05,Mobile App,Electronics
GM03014,Europe,Berlin,27,M,Standard,2022-05-16,In-Store,Home & Garden
GM03015,North America,New York,59,M,Standard,2022-09-11,Online,Home & Garden
GM03016,Europe,Warsaw,56,F,Standard,2022-04-11,Online,Fashion
GM03017,North America,Toronto,35,F,Standard,2023-01-15,Online,Electronics
GM03018,MENA,Cairo,18,M,Standard,2023-05-18,Online,Electronics
GM03019,Central Asia,Bishkek,56,M,Budget,2021-04-06,In-Store,Fashion
GM03020,North America,Chicago,38,F,Premium,2020-03-21,Online,Home & Garden
GM03021,Europe,Warsaw,18,M,Budget,2020-11-17,Mobile App,Home & Garden
GM03022,MENA,Istanbul,32,F,Standard,2021-02-18,Mobile App,Electronics
GM03023,North America,New York,21,F,Standard,2022-09-18,Online,Home & Garden
GM03024,Europe,London,37,M,Budget,2020-07-08,Online,Electronics
GM03025,Central Asia,Tashkent,27,F,Standard,2023-06-10,Mobile App,Home & Garden
GM03026,MENA,Istanbul,40,F,Budget,2021-01-26,Mobile App,Sports
GM03027,Southeast Asia,Bangkok,58,M,Premium,2023-04-07,Mobile App,Fashion
GM03028,North America,Chicago,51,F,Premium,2024-01-06,Call Center,Food & Grocery
GM03029,North America,Toronto,63,F,Standard,2020-06-16,Call Center,Beauty
GM03030,North America,Toronto,65,F,Budget,2023-06-08,In-Store,Sports
GM03031,Europe,Warsaw,50,F,Budget,2023-03-19,Online,Home & Garden
GM03032,MENA,Dubai,51,M,Standard,2021-10-25,Mobile App,Beauty
GM03033,North America,Chicago,56,M,Standard,2023-11-10,Online,Food & Grocery
GM03034,Central Asia,Tashkent,27,M,Standard,2021-01-15,Mobile App,Sports
GM03035,Europe,Amsterdam,71,M,Budget,2023-07-22,In-Store,Food & Grocery
GM03036,Europe,Warsaw,37,M,Standard,2022-06-16,Mobile App,Fashion
GM03037,MENA,Istanbul,18,F,Standard,2022-05-13,Online,Beauty
GM03038,Southeast Asia,Jakarta,30,F,Standard,2020-03-02,In-Store,Food & Grocery
GM03039,Central Asia,Tashkent,18,F,Standard,2024-01-30,In-Store,Beauty
GM03040,MENA,Istanbul,22,F,Standard,2021-06-11,Mobile App,Fashion
GM03041,Europe,Paris,33,F,Budget,2022-05-11,Online,Food & Grocery
GM03042,Southeast Asia,Bangkok,32,F,Standard,2020-05-29,Mobile App,Sports
GM03043,Central Asia,Astana,66,F,Budget,2023-03-11,Mobile App,Beauty
GM03044,MENA,Cairo,45,M,Premium,2020-04-25,Mobile App,Food & Grocery
GM03045,North America,Toronto,48,F,Standard,2022-04-03,Mobile App,Fashion
GM03046,North America,New York,40,F,Standard,2020-03-05,In-Store,Food & Grocery
GM03047,MENA,Cairo,65,M,Standard,2023-12-23,Online,Food & Grocery
GM03048,Europe,London,62,F,Budget,2020-11-05,Online,Sports
GM03049,MENA,Istanbul,60,F,Premium,2021-12-06,Mobile App,Home & Garden
GM03050,Europe,Warsaw,34,M,Premium,2022-05-03,Mobile App,Electronics
GM03051,Europe,Paris,66,F,Standard,2023-12-24,Online,Home & Garden
GM03052,MENA,Riyadh,51,M,Premium,2022-10-20,In-Store,Home & Garden
GM03053,Europe,Berlin,30,M,Budget,2023-03-30,In-Store,Electronics
GM03054,Europe,London,31,F,Standard,2020-11-01,Online,Food & Grocery
GM03055,North America,Toronto,28,F,Standard,2023-10-16,In-Store,Home & Garden
GM03056,Southeast Asia,Bangkok,45,F,Premium,2023-07-25,Online,Home & Garden
GM03057,North America,Los Angeles,59,F,Standard,2023-08-12,Online,Fashion
GM03058,Central Asia,Astana,49,M,Standard,2022-05-22,In-Store,Fashion
GM03059,Central Asia,Almaty,52,F,Premium,2020-06-17,In-Store,Sports
GM03060,Southeast Asia,Manila,48,F,Standard,2024-01-22,Online,Beauty
GM03061,Europe,Paris,34,F,Standard,2022-10-27,In-Store,Food & Grocery
GM03062,Central Asia,Almaty,64,M,Budget,2023-03-01,Online,Sports
GM03063,North America,Toronto,26,F,Standard,2021-08-10,Online,Fashion
GM03064,North America,Toronto,27,F,Standard,2022-01-31,Online,Fashion
GM03065,North America,Los Angeles,25,F,Budget,2020-12-12,Online,Electronics
GM03066,Europe,Paris,38,F,Budget,2022-08-12,Online,Electronics
GM03067,Central Asia,Astana,30,M,Budget,2022-01-04,Mobile App,Fashion
GM03068,Southeast Asia,Jakarta,67,F,Budget,2023-06-30,In-Store,Home & Garden
GM03069,Europe,Warsaw,22,F,Standard,2021-02-13,Online,Sports
GM03070,North America,Toronto,23,M,Standard,2021-06-26,Online,Fashion
GM03071,North America,Toronto,47,F,Premium,2020-12-20,Online,Food & Grocery
GM03072,North America,Chicago,48,F,Standard,2021-12-13,Mobile App,Fashion
GM03073,Europe,Warsaw,34,M,Budget,2023-10-23,Online,Electronics
GM03074,Europe,Paris,28,F,Standard,2021-08-06,Online,Sports
GM03075,North America,Toronto,37,M,Standard,2021-05-25,In-Store,Sports
GM03076,Southeast Asia,Manila,65,M,Standard,2021-06-16,In-Store,Beauty
GM03077,Southeast Asia,Singapore,26,F,Standard,2021-06-11,Online,Fashion
GM03078,Central Asia,Astana,19,M,Budget,2022-08-04,In-Store,Beauty
GM03079,Europe,London,54,M,Standard,2023-11-26,Online,Electronics
GM03080,Southeast Asia,Bangkok,18,M,Standard,2023-04-13,Online,Beauty
GM03081,North America,Toronto,21,M,Budget,2022-04-03,In-Store,Home & Garden
GM03082,Southeast Asia,Singapore,53,F,Standard,2020-03-18,Mobile App,Fashion
GM03083,Europe,Warsaw,71,F,Budget,2021-03-15,In-Store,Fashion
GM03084,North America,Chicago,42,F,Standard,2021-07-02,Online,Sports
GM03085,North America,New York,20,F,Standard,2023-06-09,In-Store,Beauty
GM03086,North America,Los Angeles,26,M,Budget,2021-02-03,Online,Sports
GM03087,MENA,Riyadh,39,F,Standard,2023-05-21,Mobile App,Food & Grocery
GM03088,Central Asia,Almaty,40,F,Standard,2023-05-01,In-Store,Beauty
GM03089,North America,Los Angeles,29,F,Premium,2021-12-01,Online,Beauty
GM03090,Europe,Berlin,27,F,Budget,2023-07-14,In-Store,Electronics
GM03091,MENA,Cairo,51,F,Premium,2020-05-05,In-Store,Beauty
GM03092,Southeast Asia,Singapore,60,F,Budget,2022-04-13,Online,Sports
GM03093,MENA,Dubai,27,M,Standard,2023-11-06,Mobile App,Food & Grocery
GM03094,North America,Toronto,47,F,Standard,2021-06-27,Mobile App,Beauty
GM03095,Europe,Warsaw,39,M,Budget,2021-05-16,Online,Beauty
GM03096,North America,Toronto,23,M,Premium,2023-11-27,Mobile App,Fashion
GM03097,Southeast Asia,Singapore,67,M,Standard,2022-04-03,In-Store,Fashion
GM03098,Central Asia,Tashkent,19,M,Budget,2023-07-08,Mobile App,Food & Grocery
GM03099,Central Asia,Astana,47,M,Budget,2021-01-21,Mobile App,Fashion
GM03100,MENA,Cairo,19,M,Standard,2021-02-15,In-Store,Home & Garden
GM03101,Central Asia,Bishkek,49,F,Standard,2023-10-01,Online,Fashion
GM03102,North America,New York,59,F,Budget,2023-01-22,Mobile App,Home & Garden
GM03103,Southeast Asia,Jakarta,33,Other,Budget,2020-11-23,Online,Food & Grocery
GM03104,MENA,Cairo,29,M,Budget,2020-04-09,Online,Home & Garden
GM03105,Europe,Paris,18,F,Standard,2021-04-05,Online,Food & Grocery
GM03106,MENA,Riyadh,70,F,Budget,2023-08-31,Mobile App,Sports
GM03107,North America,Toronto,25,M,Standard,2020-01-25,Mobile App,Fashion
GM03108,Central Asia,Bishkek,65,F,Premium,2021-05-08,Online,Beauty
GM03109,North America,Chicago,67,F,Standard,2020-12-18,Mobile App,Electronics
GM03110,North America,Los Angeles,30,M,Premium,2022-05-18,Online,Beauty
GM03111,North America,Toronto,32,F,Premium,2023-02-14,Call Center,Fashion
GM03112,Europe,Warsaw,70,F,Standard,2020-07-17,In-Store,Beauty
GM03113,North America,Los Angeles,61,M,Premium,2023-07-26,Online,Fashion
GM03114,Central Asia,Almaty,25,M,Standard,2022-04-26,Online,Fashion
GM03115,Europe,Warsaw,27,M,Premium,2023-01-07,Online,Beauty
GM03116,Southeast Asia,Bangkok,63,M,Standard,2023-12-18,Online,Home & Garden
GM03117,North America,Chicago,22,F,Premium,2023-10-09,Mobile App,Sports
GM03118,Central Asia,Tashkent,67,F,Premium,2021-06-09,Online,Sports
GM03119,Europe,Paris,36,M,Standard,2021-06-24,Call Center,Sports
GM03120,Europe,Berlin,64,F,Standard,2021-04-21,In-Store,Sports
GM03121,Europe,Berlin,55,M,Budget,2020-01-10,In-Store,Electronics
GM03122,Europe,London,28,M,Budget,2023-07-07,Online,Food & Grocery
GM03123,Central Asia,Bishkek,70,M,Budget,2021-06-07,Mobile App,Fashion
GM03124,MENA,Dubai,60,F,Premium,2022-03-20,In-Store,Electronics
GM03125,North America,Toronto,37,M,Standard,2022-02-10,Mobile App,Sports
GM03126,North America,Los Angeles,37,M,Premium,2022-05-09,Call Center,Sports
GM03127,North America,Toronto,38,M,Budget,2022-10-26,Online,Beauty
GM03128,Central Asia,Astana,35,F,Premium,2022-11-24,Online,Sports
GM03129,Southeast Asia,Manila,67,Other,Standard,2020-06-23,Mobile App,Fashion
GM03130,North America,Toronto,27,M,Standard,2021-03-17,Mobile App,Sports
GM03131,North America,Los Angeles,51,M,Standard,2023-03-16,In-Store,Sports
GM03132,North America,New York,43,F,Budget,2023-05-01,Online,Electronics
GM03133,Southeast Asia,Bangkok,47,F,Budget,2022-11-02,In-Store,Fashion
GM03134,MENA,Cairo,26,M,Budget,2020-09-02,Online,Home & Garden
GM03135,Europe,Paris,63,F,Standard,2021-11-05,Online,Beauty
GM03136,North America,Toronto,68,F,Budget,2020-04-23,In-Store,Home & Garden
GM03137,North America,New York,48,M,Standard,2022-10-08,Online,Food & Grocery
GM03138,North America,Los Angeles,59,F,Budget,2022-03-04,In-Store,Electronics
GM03139,MENA,Istanbul,21,F,Standard,2020-08-20,Call Center,Sports
GM03140,Central Asia,Astana,23,F,Standard,2022-09-06,Mobile App,Beauty
GM03141,MENA,Cairo,31,M,Standard,2023-09-07,Mobile App,Food & Grocery
GM03142,Southeast Asia,Bangkok,21,M,Standard,2020-05-05,Mobile App,Food & Grocery
GM03143,North America,Toronto,43,M,Budget,2023-08-29,Online,Fashion
GM03144,MENA,Dubai,64,M,Budget,2021-05-25,Mobile App,Beauty
GM03145,Europe,Paris,65,F,Standard,2020-10-07,Mobile App,Food & Grocery
GM03146,Europe,Paris,56,F,Standard,2022-03-08,Mobile App,Electronics
GM03147,Southeast Asia,Singapore,34,F,Standard,2022-09-04,In-Store,Sports
GM03148,North America,New York,36,Other,Budget,2022-06-21,Online,Electronics
GM03149,North America,New York,68,M,Standard,2023-07-30,Online,Food & Grocery
GM03150,MENA,Istanbul,66,F,Premium,2021-10-12,Online,Fashion
GM03151,North America,Chicago,23,F,Standard,2021-01-26,Call Center,Home & Garden
GM03152,Europe,Amsterdam,46,M,Premium,2021-01-16,In-Store,Sports
GM03153,North America,Toronto,28,F,Budget,2020-08-03,Mobile App,Sports
GM03154,MENA,Istanbul,33,M,Standard,2021-06-25,In-Store,Electronics
GM03155,MENA,Istanbul,47,F,Standard,2021-08-28,In-Store,Electronics
GM03156,North America,Chicago,42,F,Budget,2020-04-25,Online,Electronics
GM03157,Southeast Asia,Jakarta,57,M,Premium,2021-05-23,Online,Food & Grocery
GM03158,Central Asia,Bishkek,28,F,Premium,2020-09-27,In-Store,Sports
GM03159,North America,New York,24,F,Standard,2024-01-03,In-Store,Electronics
GM03160,Europe,Amsterdam,43,M,Standard,2023-08-07,Online,Beauty
GM03161,MENA,Riyadh,39,M,Standard,2022-11-28,Mobile App,Food & Grocery
GM03162,Central Asia,Almaty,42,M,Budget,2022-11-13,Online,Food & Grocery
GM03163,Europe,Amsterdam,36,F,Budget,2022-02-14,Mobile App,Beauty
GM03164,MENA,Dubai,48,F,Budget,2022-12-02,Online,Beauty
GM03165,Central Asia,Astana,43,F,Budget,2023-04-08,In-Store,Food & Grocery
GM03166,MENA,Cairo,59,F,Standard,2020-12-05,Online,Sports
GM03167,Southeast Asia,Singapore,58,F,Standard,2020-06-17,Mobile App,Electronics
GM03168,Central Asia,Tashkent,53,M,Standard,2024-02-04,In-Store,Fashion
GM03169,North America,Los Angeles,40,F,Budget,2021-10-23,In-Store,Electronics
GM03170,MENA,Dubai,64,M,Standard,2020-05-22,Mobile App,Sports
GM03171,North America,New York,30,M,Standard,2023-01-29,Online,Beauty
GM03172,Europe,Paris,42,F,Standard,2021-07-28,Online,Sports
GM03173,Europe,Berlin,19,M,Standard,2021-04-19,Mobile App,Electronics
GM03174,Europe,Amsterdam,19,F,Standard,2020-11-06,In-Store,Sports
GM03175,Central Asia,Almaty,33,F,Budget,2022-12-19,Online,Fashion
GM03176,Europe,London,26,M,Standard,2022-11-18,In-Store,Sports
GM03177,North America,New York,45,M,Budget,2021-06-14,Online,Home & Garden
GM03178,Southeast Asia,Jakarta,30,F,Standard,2022-09-17,Online,Sports
GM03179,North America,Chicago,52,F,Standard,2020-03-13,In-Store,Electronics
GM03180,North America,New York,58,M,Budget,2023-11-18,Mobile App,Home & Garden
GM03181,Central Asia,Bishkek,30,M,Budget,2022-05-18,In-Store,Beauty
GM03182,Europe,Berlin,48,F,Premium,2021-01-28,In-Store,Electronics
GM03183,Europe,Warsaw,38,F,Standard,2021-04-25,Mobile App,Food & Grocery
GM03184,Europe,Amsterdam,49,M,Standard,2021-04-17,Online,Fashion
GM03185,MENA,Riyadh,71,M,Standard,2020-11-08,Mobile App,Sports
GM03186,MENA,Dubai,51,F,Standard,2024-01-01,Mobile App,Sports
GM03187,Europe,London,25,F,Budget,2022-08-09,Online,Electronics
GM03188,Europe,Paris,58,Other,Premium,2020-11-19,Online,Sports
GM03189,North America,Toronto,65,F,Standard,2022-10-09,Call Center,Sports
GM03190,North America,Toronto,19,F,Premium,2022-08-22,Call Center,Beauty
GM03191,Europe,Amsterdam,55,M,Budget,2020-03-27,Online,Sports
GM03192,Southeast Asia,Jakarta,49,F,Budget,2020-12-24,Online,Sports
GM03193,Southeast Asia,Jakarta,71,M,Standard,2021-11-25,Online,Beauty
GM03194,Europe,Paris,57,F,Premium,2020-07-15,Online,Food & Grocery
GM03195,Europe,Berlin,45,M,Budget,2022-01-25,In-Store,Sports
GM03196,MENA,Dubai,54,M,Standard,2022-09-03,In-Store,Food & Grocery
GM03197,Southeast Asia,Singapore,58,F,Standard,2023-11-09,Mobile App,Beauty
GM03198,Southeast Asia,Manila,18,F,Budget,2023-02-15,Online,Fashion
GM03199,Central Asia,Bishkek,58,M,Budget,2021-05-12,Mobile App,Sports
GM03200,MENA,Riyadh,27,F,Standard,2022-06-26,Online,Electronics
GM03201,North America,New York,21,M,Standard,2022-07-19,Online,Home & Garden
GM03202,MENA,Cairo,52,M,Standard,2021-04-06,In-Store,Fashion
GM03203,Europe,London,27,F,Standard,2022-08-27,Online,Sports
GM03204,Southeast Asia,Manila,64,M,Standard,2023-06-24,Online,Electronics
GM03205,North America,New York,28,F,Standard,2020-08-21,Mobile App,Home & Garden
GM03206,North America,Los Angeles,31,M,Premium,2021-02-20,Online,Beauty
GM03207,Southeast Asia,Manila,55,F,Standard,2024-01-30,Mobile App,Sports
GM03208,North America,Toronto,29,F,Premium,2023-10-20,Online,Food & Grocery
GM03209,MENA,Dubai,62,M,Standard,2020-06-01,Online,Food & Grocery
GM03210,North America,New York,34,M,Standard,2020-09-28,In-Store,Beauty
GM03211,Europe,Berlin,33,F,Standard,2021-01-26,Mobile App,Fashion
GM03212,North America,Toronto,52,F,Standard,2021-06-30,In-Store,Food & Grocery
GM03213,Europe,Paris,19,M,Standard,2021-12-25,In-Store,Home & Garden
GM03214,North America,New York,28,F,Budget,2023-12-24,Mobile App,Food & Grocery
GM03215,Europe,Amsterdam,58,M,Standard,2020-07-07,Mobile App,Home & Garden
GM03216,Central Asia,Astana,20,M,Budget,2022-03-22,Online,Food & Grocery
GM03217,Europe,Paris,46,F,Standard,2023-06-29,Mobile App,Beauty
GM03218,Central Asia,Bishkek,35,M,Standard,2021-01-29,In-Store,Beauty
GM03219,North America,Chicago,37,F,Premium,2021-10-23,Mobile App,Food & Grocery
GM03220,North America,Chicago,64,F,Standard,2022-05-02,In-Store,Fashion
GM03221,MENA,Cairo,31,F,Budget,2023-05-27,Online,Electronics
GM03222,Europe,London,51,F,Budget,2021-08-16,In-Store,Food & Grocery
GM03223,Central Asia,Bishkek,66,F,Budget,2020-07-08,In-Store,Sports
GM03224,Central Asia,Almaty,71,F,Standard,2020-08-21,In-Store,Electronics
GM03225,Europe,Paris,48,F,Standard,2020-08-19,Mobile App,Food & Grocery
GM03226,Southeast Asia,Manila,57,Other,Standard,2020-12-23,Mobile App,Home & Garden
GM03227,Europe,Paris,59,F,Standard,2021-04-22,In-Store,Sports
GM03228,Europe,Berlin,35,M,Premium,2023-12-23,In-Store,Fashion
GM03229,Central Asia,Bishkek,47,F,Budget,2020-08-24,In-Store,Electronics
GM03230,Europe,London,42,F,Budget,2022-11-22,In-Store,Electronics
GM03231,MENA,Cairo,36,F,Standard,2020-07-31,Call Center,Sports
GM03232,North America,Chicago,25,F,Standard,2021-01-13,In-Store,Fashion
GM03233,Europe,Amsterdam,45,F,Premium,2022-10-22,Online,Food & Grocery
GM03234,Central Asia,Tashkent,25,Other,Standard,2022-06-27,In-Store,Fashion
GM03235,MENA,Riyadh,48,M,Standard,2021-03-25,In-Store,Food & Grocery
GM03236,Europe,Paris,20,F,Budget,2021-07-22,In-Store,Electronics
GM03237,Europe,Warsaw,20,M,Standard,2023-12-21,In-Store,Food & Grocery
GM03238,Southeast Asia,Singapore,61,F,Standard,2022-03-23,Online,Electronics
GM03239,North America,Toronto,39,F,Standard,2020-10-05,Online,Beauty
GM03240,North America,New York,34,M,Premium,2020-08-01,Online,Sports
GM03241,MENA,Dubai,53,M,Budget,2023-08-01,In-Store,Fashion
GM03242,MENA,Cairo,34,F,Standard,2021-12-18,Online,Home & Garden
GM03243,MENA,Istanbul,31,M,Budget,2022-08-27,Mobile App,Sports
GM03244,North America,Toronto,68,M,Standard,2023-07-21,Online,Food & Grocery
GM03245,North America,New York,26,F,Standard,2022-10-31,Mobile App,Beauty
GM03246,Europe,Amsterdam,47,M,Premium,2022-05-20,Online,Sports
GM03247,MENA,Istanbul,38,F,Standard,2022-12-06,Online,Electronics
GM03248,MENA,Istanbul,29,F,Budget,2021-03-13,In-Store,Sports
GM03249,Southeast Asia,Bangkok,54,M,Budget,2021-11-01,Online,Food & Grocery
GM03250,North America,Chicago,49,M,Budget,2022-06-22,Mobile App,Sports
GM03251,MENA,Cairo,28,F,Standard,2023-12-21,Online,Sports
GM03252,Central Asia,Astana,37,F,Budget,2023-12-26,In-Store,Food & Grocery
GM03253,North America,Chicago,52,F,Budget,2023-02-27,Mobile App,Home & Garden
GM03254,Central Asia,Astana,70,F,Premium,2022-11-11,Online,Beauty
GM03255,Europe,Warsaw,64,F,Budget,2022-06-10,Online,Sports
GM03256,Europe,Warsaw,63,M,Standard,2021-01-23,Online,Sports
GM03257,North America,Toronto,28,M,Standard,2020-05-14,In-Store,Home & Garden
GM03258,Europe,London,69,M,Standard,2021-06-15,Online,Fashion
GM03259,MENA,Istanbul,25,M,Budget,2020-08-07,In-Store,Sports
GM03260,Southeast Asia,Bangkok,21,F,Premium,2020-11-28,Mobile App,Food & Grocery
GM03261,Europe,Berlin,44,F,Standard,2023-02-27,Mobile App,Food & Grocery
GM03262,MENA,Riyadh,61,M,Standard,2022-11-21,Online,Sports
GM03263,MENA,Riyadh,57,F,Standard,2023-12-19,Online,Fashion
GM03264,Central Asia,Almaty,55,M,Standard,2023-08-14,Online,Food & Grocery
GM03265,North America,New York,64,M,Premium,2020-12-22,In-Store,Sports
GM03266,Central Asia,Bishkek,47,F,Standard,2024-01-18,Online,Sports
GM03267,MENA,Dubai,61,M,Budget,2021-02-04,Mobile App,Sports
GM03268,North America,Chicago,65,M,Budget,2022-06-14,Mobile App,Beauty
GM03269,North America,Toronto,65,M,Budget,2022-09-16,Online,Food & Grocery
GM03270,North America,Toronto,44,M,Standard,2021-12-09,In-Store,Electronics
GM03271,Europe,Warsaw,38,F,Standard,2024-01-18,Online,Beauty
GM03272,Central Asia,Tashkent,69,F,Standard,2022-11-23,Online,Fashion
GM03273,North America,Los Angeles,37,M,Premium,2020-09-04,Online,Beauty
GM03274,MENA,Dubai,21,M,Budget,2022-08-03,Online,Beauty
GM03275,North America,New York,28,F,Premium,2020-02-11,In-Store,Home & Garden
GM03276,North America,Chicago,30,F,Budget,2022-03-11,In-Store,Fashion
GM03277,North America,Chicago,26,M,Premium,2020-05-02,Online,Fashion
GM03278,MENA,Cairo,21,M,Budget,2020-01-27,Call Center,Fashion
GM03279,Europe,Paris,29,F,Premium,2024-01-25,In-Store,Beauty
GM03280,North America,Chicago,26,F,Premium,2021-07-24,Online,Fashion
GM03281,MENA,Dubai,30,M,Standard,2023-03-16,Online,Food & Grocery
GM03282,Europe,Warsaw,65,F,Standard,2021-05-10,In-Store,Home & Garden
GM03283,Southeast Asia,Manila,43,M,Standard,2021-04-30,Call Center,Sports
GM03284,Southeast Asia,Singapore,55,F,Standard,2024-01-23,In-Store,Beauty
GM03285,MENA,Istanbul,59,F,Premium,2022-06-17,Mobile App,Sports
GM03286,Central Asia,Almaty,30,F,Budget,2021-12-11,In-Store,Sports
GM03287,MENA,Riyadh,56,M,Standard,2023-02-25,In-Store,Beauty
GM03288,North America,New York,45,M,Standard,2021-01-10,In-Store,Food & Grocery
GM03289,Southeast Asia,Singapore,36,M,Standard,2021-10-26,In-Store,Beauty
GM03290,Europe,Warsaw,41,F,Standard,2022-02-21,Online,Fashion
GM03291,Central Asia,Astana,36,M,Standard,2022-04-30,Mobile App,Home & Garden
GM03292,Southeast Asia,Jakarta,66,M,Standard,2023-01-11,Online,Beauty
GM03293,MENA,Cairo,30,M,Standard,2021-11-04,In-Store,Sports
GM03294,MENA,Istanbul,30,F,Standard,2023-01-31,In-Store,Beauty
GM03295,Southeast Asia,Jakarta,45,M,Standard,2020-12-27,In-Store,Home & Garden
GM03296,Central Asia,Bishkek,70,M,Standard,2021-11-14,Online,Electronics
GM03297,North America,Chicago,19,M,Standard,2023-07-03,In-Store,Food & Grocery
GM03298,Central Asia,Bishkek,27,F,Premium,2020-09-03,In-Store,Sports
GM03299,MENA,Dubai,39,F,Standard,2023-04-30,In-Store,Electronics
GM03300,North America,Toronto,30,F,Standard,2021-06-18,Mobile App,Electronics
GM03301,MENA,Cairo,26,F,Premium,2020-11-09,Mobile App,Home & Garden
GM03302,Southeast Asia,Manila,50,F,Standard,2023-07-23,Online,Food & Grocery
GM03303,North America,Toronto,31,M,Premium,2023-10-28,Call Center,Beauty
GM03304,Europe,Warsaw,65,F,Budget,2021-03-19,Mobile App,Electronics
GM03305,Europe,Warsaw,37,M,Standard,2022-05-18,Online,Fashion
GM03306,Europe,Amsterdam,32,M,Premium,2023-05-03,Online,Beauty
GM03307,MENA,Dubai,49,F,Premium,2023-07-05,Online,Food & Grocery
GM03308,Central Asia,Bishkek,50,M,Standard,2021-08-04,In-Store,Sports
GM03309,Europe,Paris,34,M,Standard,2022-05-20,Mobile App,Beauty
GM03310,MENA,Riyadh,41,M,Budget,2023-10-15,Mobile App,Home & Garden
GM03311,North America,New York,47,F,Budget,2021-07-01,Mobile App,Home & Garden
GM03312,North America,Chicago,30,M,Standard,2023-02-05,Online,Sports
GM03313,North America,Los Angeles,64,F,Premium,2022-11-13,In-Store,Sports
GM03314,Central Asia,Tashkent,65,F,Budget,2021-04-09,Online,Sports
GM03315,Europe,London,33,F,Budget,2022-11-11,Online,Home & Garden
GM03316,North America,Los Angeles,19,M,Standard,2021-05-16,In-Store,Food & Grocery
GM03317,MENA,Cairo,34,F,Standard,2022-04-30,Online,Food & Grocery
GM03318,Central Asia,Tashkent,49,M,Standard,2021-12-16,In-Store,Beauty
GM03319,North America,Los Angeles,60,M,Standard,2022-06-10,In-Store,Electronics
GM03320,North America,Chicago,25,M,Standard,2021-05-15,Mobile App,Electronics
GM03321,MENA,Dubai,69,F,Budget,2022-01-04,Online,Fashion
GM03322,Central Asia,Almaty,20,M,Standard,2021-08-15,Mobile App,Home & Garden
GM03323,North America,Toronto,29,M,Budget,2021-02-10,Call Center,Sports
GM03324,North America,Los Angeles,37,M,Premium,2023-09-15,Mobile App,Food & Grocery
GM03325,North America,Chicago,33,M,Standard,2021-12-03,Mobile App,Beauty
GM03326,North America,Los Angeles,31,F,Standard,2020-10-12,In-Store,Food & Grocery
GM03327,North America,Los Angeles,33,F,Premium,2020-05-26,In-Store,Home & Garden
GM03328,MENA,Istanbul,70,F,Standard,2022-03-04,Mobile App,Fashion
GM03329,Europe,Warsaw,66,M,Standard,2021-01-18,Mobile App,Food & Grocery
GM03330,North America,New York,60,M,Budget,2020-01-11,In-Store,Electronics
GM03331,North America,Toronto,66,F,Budget,2020-10-02,Mobile App,Beauty
GM03332,North America,Chicago,68,M,Standard,2022-06-04,In-Store,Electronics
GM03333,Europe,Berlin,71,F,Premium,2022-08-21,Online,Beauty
GM03334,Europe,Amsterdam,50,M,Standard,2020-10-29,In-Store,Sports
GM03335,Southeast Asia,Manila,47,F,Budget,2020-07-22,Online,Beauty
GM03336,North America,Los Angeles,29,M,Standard,2020-12-10,Online,Sports
GM03337,Southeast Asia,Singapore,32,M,Premium,2022-04-05,Online,Home & Garden
GM03338,North America,Toronto,35,F,Premium,2023-07-13,Online,Electronics
GM03339,North America,New York,45,F,Standard,2020-01-22,Mobile App,Beauty
GM03340,North America,Los Angeles,40,M,Premium,2022-04-18,In-Store,Beauty
GM03341,Southeast Asia,Manila,31,F,Budget,2021-06-19,Online,Fashion
GM03342,North America,Toronto,47,F,Budget,2023-01-24,In-Store,Electronics
GM03343,North America,New York,50,M,Standard,2022-09-07,Online,Home & Garden
GM03344,Europe,Berlin,62,M,Standard,2024-01-08,In-Store,Sports
GM03345,MENA,Riyadh,32,M,Standard,2020-09-19,In-Store,Home & Garden
GM03346,North America,Toronto,24,M,Budget,2021-08-06,Mobile App,Fashion
GM03347,Europe,London,32,F,Standard,2022-10-09,Online,Home & Garden
GM03348,Europe,Berlin,69,M,Standard,2021-01-17,In-Store,Sports
GM03349,Europe,London,59,M,Standard,2022-07-05,Mobile App,Electronics
GM03350,Europe,Amsterdam,63,M,Standard,2021-01-26,Call Center,Food & Grocery
GM03351,Europe,London,55,F,Standard,2022-06-07,Online,Fashion
GM03352,MENA,Cairo,63,M,Standard,2021-06-23,In-Store,Beauty
GM03353,Southeast Asia,Bangkok,71,M,Standard,2023-01-20,Online,Beauty
GM03354,MENA,Cairo,61,M,Standard,2021-07-19,In-Store,Electronics
GM03355,Europe,Paris,28,F,Standard,2023-03-28,Online,Food & Grocery
GM03356,Central Asia,Bishkek,46,M,Premium,2022-06-02,Mobile App,Home & Garden
GM03357,North America,Chicago,48,F,Standard,2020-08-15,Online,Beauty
GM03358,MENA,Dubai,42,M,Standard,2021-04-17,In-Store,Fashion
GM03359,North America,New York,69,M,Standard,2021-01-06,In-Store,Food & Grocery
GM03360,North America,Toronto,71,F,Budget,2023-10-31,Call Center,Sports
GM03361,North America,Los Angeles,41,M,Premium,2020-02-06,In-Store,Home & Garden
GM03362,Europe,Amsterdam,36,F,Standard,2021-11-21,Online,Food & Grocery
GM03363,North America,Chicago,19,F,Premium,2022-04-23,Online,Sports
GM03364,Europe,Berlin,39,F,Standard,2022-11-26,Online,Food & Grocery
GM03365,Southeast Asia,Manila,37,F,Standard,2020-04-10,Mobile App,Food & Grocery
GM03366,North America,Los Angeles,50,M,Standard,2023-04-28,In-Store,Home & Garden
GM03367,Europe,Paris,25,M,Standard,2021-10-19,In-Store,Fashion
GM03368,Europe,Berlin,42,F,Standard,2020-03-30,Online,Sports
GM03369,Europe,Paris,63,F,Budget,2022-10-26,Mobile App,Fashion
GM03370,North America,New York,26,F,Budget,2022-06-23,In-Store,Sports
GM03371,Europe,Paris,51,M,Budget,2023-03-08,Call Center,Home & Garden
GM03372,North America,New York,40,M,Budget,2020-04-04,In-Store,Fashion
GM03373,Europe,Amsterdam,22,F,Budget,2021-09-23,Online,Home & Garden
GM03374,North America,New York,42,M,Standard,2023-11-10,Online,Food & Grocery
GM03375,North America,Toronto,25,M,Premium,2020-05-02,Online,Food & Grocery
GM03376,North America,Toronto,33,M,Premium,2023-08-01,Mobile App,Home & Garden
GM03377,North America,Toronto,71,F,Standard,2020-12-31,Mobile App,Sports
GM03378,Europe,Berlin,65,M,Budget,2021-11-21,Online,Food & Grocery
GM03379,Central Asia,Almaty,62,F,Premium,2020-11-20,Online,Sports
GM03380,North America,Los Angeles,69,M,Standard,2021-02-10,Online,Fashion
GM03381,Europe,Amsterdam,32,F,Standard,2022-09-22,Mobile App,Beauty
GM03382,MENA,Dubai,18,F,Budget,2021-06-02,Online,Food & Grocery
GM03383,Central Asia,Astana,39,M,Standard,2022-06-14,Online,Food & Grocery
GM03384,Europe,Amsterdam,20,F,Budget,2020-03-17,Online,Electronics
GM03385,Central Asia,Almaty,55,M,Standard,2020-08-21,In-Store,Sports
GM03386,Southeast Asia,Bangkok,71,M,Standard,2022-04-09,Mobile App,Home & Garden
GM03387,Europe,Warsaw,31,F,Standard,2021-08-08,Mobile App,Electronics
GM03388,North America,New York,53,M,Standard,2021-04-28,Online,Fashion
GM03389,Central Asia,Almaty,35,M,Premium,2024-01-27,In-Store,Electronics
GM03390,North America,Los Angeles,64,M,Standard,2020-09-27,Online,Electronics
GM03391,Europe,Warsaw,58,M,Budget,2022-07-27,Call Center,Beauty
GM03392,Southeast Asia,Jakarta,35,F,Standard,2024-01-30,Online,Beauty
GM03393,Southeast Asia,Jakarta,20,M,Standard,2021-04-13,Online,Electronics
GM03394,Europe,Amsterdam,27,F,Standard,2021-09-23,In-Store,Beauty
GM03395,Southeast Asia,Manila,66,F,Standard,2021-06-30,Online,Beauty
GM03396,Southeast Asia,Jakarta,56,M,Premium,2021-12-19,Online,Electronics
GM03397,North America,Chicago,64,M,Standard,2022-10-04,In-Store,Sports
GM03398,North America,Los Angeles,18,F,Premium,2020-09-26,Mobile App,Beauty
GM03399,Europe,Berlin,44,M,Premium,2021-08-27,In-Store,Electronics
GM03400,North America,Chicago,44,M,Budget,2022-08-22,In-Store,Sports
GM03401,Central Asia,Tashkent,28,M,Premium,2021-01-12,In-Store,Food & Grocery
GM03402,Central Asia,Bishkek,66,F,Budget,2020-06-25,In-Store,Beauty
GM03403,Southeast Asia,Singapore,22,F,Standard,2020-09-30,In-Store,Electronics
GM03404,Europe,London,24,M,Budget,2021-09-28,In-Store,Beauty
GM03405,North America,Los Angeles,36,M,Premium,2020-01-27,Online,Sports
GM03406,North America,Los Angeles,46,F,Standard,2021-07-29,Online,Electronics
GM03407,Southeast Asia,Jakarta,32,F,Standard,2020-02-29,In-Store,Sports
GM03408,Southeast Asia,Singapore,52,F,Budget,2021-12-31,In-Store,Food & Grocery
GM03409,Europe,Amsterdam,64,F,Standard,2023-05-25,Mobile App,Home & Garden
GM03410,Central Asia,Astana,54,M,Standard,2021-10-22,Online,Fashion
GM03411,MENA,Cairo,29,F,Budget,2020-09-26,Online,Home & Garden
GM03412,Europe,Paris,47,M,Standard,2023-02-13,Online,Beauty
GM03413,Central Asia,Tashkent,37,M,Premium,2020-09-01,Online,Sports
GM03414,Europe,Paris,54,F,Standard,2021-10-21,Mobile App,Electronics
GM03415,North America,Los Angeles,20,M,Standard,2020-03-25,In-Store,Sports
GM03416,North America,Los Angeles,26,Other,Standard,2022-06-25,Mobile App,Beauty
GM03417,Europe,Berlin,58,M,Standard,2024-01-13,In-Store,Electronics
GM03418,North America,Toronto,56,F,Premium,2021-06-19,Mobile App,Home & Garden
GM03419,Europe,Warsaw,43,F,Standard,2020-03-29,Call Center,Sports
GM03420,Central Asia,Almaty,19,M,Budget,2021-07-02,In-Store,Fashion
GM03421,North America,New York,40,F,Standard,2022-05-03,Mobile App,Food & Grocery
GM03422,North America,Chicago,40,M,Standard,2022-06-13,In-Store,Food & Grocery
GM03423,North America,Los Angeles,38,F,Premium,2021-05-21,Mobile App,Beauty
GM03424,Central Asia,Almaty,33,M,Standard,2021-02-11,Mobile App,Beauty
GM03425,North America,New York,26,F,Premium,2023-07-18,Call Center,Sports
GM03426,North America,Chicago,30,M,Standard,2021-06-07,In-Store,Home & Garden
GM03427,North America,Los Angeles,45,M,Standard,2021-08-29,Mobile App,Home & Garden
GM03428,North America,Los Angeles,44,M,Budget,2022-09-29,In-Store,Fashion
GM03429,Southeast Asia,Manila,68,M,Premium,2021-03-23,Online,Fashion
GM03430,North America,Chicago,69,F,Standard,2021-06-26,Online,Sports
GM03431,North America,Chicago,34,F,Standard,2022-08-06,Mobile App,Electronics
GM03432,Southeast Asia,Singapore,55,F,Standard,2020-12-15,Online,Home & Garden
GM03433,North America,Toronto,53,M,Budget,2022-05-01,In-Store,Electronics
GM03434,MENA,Cairo,18,F,Standard,2020-11-23,Online,Electronics
GM03435,North America,Toronto,35,M,Premium,2023-08-02,Online,Sports
GM03436,MENA,Istanbul,68,F,Standard,2022-11-24,Mobile App,Fashion
GM03437,Europe,Paris,26,Other,Standard,2021-09-14,Mobile App,Electronics
GM03438,North America,Los Angeles,30,M,Premium,2021-05-02,In-Store,Sports
GM03439,Southeast Asia,Bangkok,57,M,Standard,2021-05-01,Online,Fashion
GM03440,Southeast Asia,Bangkok,62,M,Standard,2020-05-24,In-Store,Electronics
GM03441,Europe,Paris,32,F,Standard,2022-01-25,In-Store,Electronics
GM03442,MENA,Dubai,60,F,Premium,2020-05-25,Online,Fashion
GM03443,Europe,Amsterdam,61,F,Standard,2022-10-17,Online,Food & Grocery
GM03444,Southeast Asia,Bangkok,63,M,Standard,2022-04-07,In-Store,Fashion
GM03445,Southeast Asia,Jakarta,21,F,Standard,2021-09-18,Online,Beauty
GM03446,North America,Toronto,50,F,Budget,2023-07-19,In-Store,Beauty
GM03447,North America,Los Angeles,41,M,Premium,2021-06-17,Online,Sports
GM03448,North America,New York,53,F,Budget,2021-09-21,In-Store,Sports
GM03449,North America,Toronto,68,M,Standard,2022-05-30,Online,Home & Garden
GM03450,Central Asia,Tashkent,58,M,Budget,2023-01-23,Call Center,Beauty
GM03451,MENA,Riyadh,27,F,Standard,2024-01-10,In-Store,Fashion
GM03452,North America,Los Angeles,53,M,Standard,2021-02-18,Online,Beauty
GM03453,North America,Chicago,37,F,Budget,2020-09-13,In-Store,Food & Grocery
GM03454,MENA,Cairo,58,F,Budget,2023-07-09,Mobile App,Sports
GM03455,Southeast Asia,Jakarta,62,M,Standard,2020-03-27,Mobile App,Food & Grocery
GM03456,Europe,Paris,61,F,Premium,2022-06-23,Mobile App,Sports
GM03457,MENA,Cairo,28,F,Standard,2023-12-30,Online,Food & Grocery
GM03458,North America,Chicago,29,M,Budget,2021-07-23,In-Store,Sports
GM03459,North America,New York,35,M,Standard,2022-01-11,Mobile App,Fashion
GM03460,North America,Chicago,47,M,Standard,2020-04-17,In-Store,Food & Grocery
GM03461,Europe,London,61,M,Standard,2022-11-08,Mobile App,Electronics
GM03462,Europe,Warsaw,65,M,Budget,2023-10-20,Online,Sports
GM03463,North America,New York,54,M,Standard,2023-11-03,Online,Beauty
GM03464,North America,Chicago,37,M,Standard,2020-06-08,Mobile App,Electronics
GM03465,Europe,Berlin,42,F,Budget,2020-04-09,In-Store,Beauty
GM03466,North America,New York,29,M,Standard,2020-09-21,Online,Sports
GM03467,MENA,Istanbul,38,F,Standard,2022-01-19,Online,Fashion
GM03468,North America,Los Angeles,42,F,Standard,2022-12-08,Mobile App,Electronics
GM03469,North America,Chicago,28,F,Standard,2021-11-07,Online,Electronics
GM03470,Europe,London,26,M,Standard,2022-03-09,Online,Sports
GM03471,Central Asia,Almaty,67,F,Standard,2023-12-09,Online,Food & Grocery
GM03472,North America,Toronto,42,F,Standard,2022-12-18,Mobile App,Sports
GM03473,North America,Toronto,52,F,Standard,2020-07-01,Mobile App,Sports
GM03474,North America,Los Angeles,69,M,Standard,2021-10-20,In-Store,Home & Garden
GM03475,North America,Chicago,49,M,Standard,2024-01-10,In-Store,Fashion
GM03476,North America,Chicago,66,F,Standard,2023-08-17,Online,Food & Grocery
GM03477,Southeast Asia,Bangkok,31,M,Standard,2021-08-30,Online,Fashion
GM03478,MENA,Cairo,18,M,Standard,2023-10-09,Mobile App,Sports
GM03479,MENA,Riyadh,34,M,Standard,2023-05-21,Online,Home & Garden
GM03480,MENA,Dubai,42,F,Standard,2023-04-27,In-Store,Sports
GM03481,Europe,Amsterdam,25,Other,Budget,2021-10-04,In-Store,Sports
GM03482,North America,Los Angeles,22,M,Standard,2020-12-12,Online,Fashion
GM03483,Europe,Berlin,22,F,Standard,2022-03-22,In-Store,Home & Garden
GM03484,Southeast Asia,Jakarta,58,F,Standard,2022-03-11,In-Store,Fashion
GM03485,North America,New York,52,F,Standard,2023-03-06,Mobile App,Sports
GM03486,North America,New York,36,F,Standard,2022-11-19,Online,Beauty
GM03487,Europe,Amsterdam,40,F,Standard,2020-05-25,Online,Electronics
GM03488,Central Asia,Tashkent,26,F,Standard,2024-01-31,In-Store,Food & Grocery
GM03489,Central Asia,Almaty,71,M,Standard,2021-05-17,Call Center,Sports
GM03490,MENA,Riyadh,47,F,Standard,2022-03-09,Online,Food & Grocery
GM03491,Central Asia,Almaty,67,M,Premium,2022-08-25,Call Center,Home & Garden
GM03492,North America,Chicago,33,M,Standard,2023-04-29,Mobile App,Beauty
GM03493,Southeast Asia,Singapore,50,F,Premium,2021-04-15,Mobile App,Food & Grocery
GM03494,Southeast Asia,Bangkok,19,F,Budget,2021-11-20,Online,Food & Grocery
GM03495,North America,Chicago,31,F,Budget,2023-09-30,Online,Home & Garden
GM03496,Europe,Amsterdam,63,M,Budget,2020-01-01,Online,Sports
GM03497,Southeast Asia,Manila,18,M,Budget,2020-04-19,Online,Sports
GM03498,Southeast Asia,Manila,43,F,Standard,2022-06-12,Call Center,Electronics
GM03499,Europe,Amsterdam,42,M,Budget,2022-12-23,Online,Home & Garden
GM03500,North America,Chicago,33,F,Premium,2022-01-25,In-Store,Beauty
GM03501,Europe,London,32,M,Premium,2020-02-22,Online,Electronics
GM03502,North America,New York,43,M,Budget,2020-09-18,Mobile App,Home & Garden
GM03503,Southeast Asia,Bangkok,64,Other,Premium,2023-08-18,Online,Sports
GM03504,Central Asia,Tashkent,61,M,Budget,2022-06-04,Online,Electronics
GM03505,Southeast Asia,Singapore,33,M,Standard,2020-08-21,Online,Sports
GM03506,North America,Los Angeles,31,M,Budget,2020-03-13,Mobile App,Fashion
GM03507,Southeast Asia,Bangkok,46,F,Standard,2023-10-12,Online,Fashion
GM03508,MENA,Dubai,41,F,Standard,2022-08-08,Online,Electronics
GM03509,North America,New York,64,M,Premium,2021-04-28,Online,Electronics
GM03510,Central Asia,Almaty,32,M,Budget,2022-10-26,Call Center,Home & Garden
GM03511,Europe,Berlin,36,F,Premium,2022-05-26,In-Store,Beauty
GM03512,Central Asia,Tashkent,25,M,Standard,2022-05-08,Mobile App,Beauty
GM03513,Southeast Asia,Jakarta,51,F,Standard,2020-05-16,In-Store,Fashion
GM03514,North America,Toronto,19,M,Premium,2022-02-17,Online,Fashion
GM03515,Southeast Asia,Singapore,44,M,Standard,2023-11-28,In-Store,Fashion
GM03516,Southeast Asia,Manila,27,F,Premium,2021-09-19,Online,Sports
GM03517,Central Asia,Tashkent,52,M,Standard,2021-07-08,In-Store,Beauty
GM03518,MENA,Riyadh,40,F,Standard,2022-01-12,In-Store,Electronics
GM03519,Central Asia,Astana,66,M,Standard,2021-07-23,In-Store,Fashion
GM03520,Europe,London,25,M,Standard,2023-05-14,Online,Food & Grocery
GM03521,Europe,Paris,45,Other,Standard,2021-02-13,Online,Home & Garden
GM03522,MENA,Cairo,40,M,Standard,2022-11-25,Mobile App,Electronics
GM03523,Europe,Amsterdam,21,F,Budget,2020-08-17,Mobile App,Electronics
GM03524,Central Asia,Tashkent,31,M,Premium,2023-06-04,Online,Electronics
GM03525,Europe,Amsterdam,70,F,Premium,2020-09-18,Online,Beauty
GM03526,Europe,Berlin,59,F,Standard,2023-02-28,Mobile App,Fashion
GM03527,Southeast Asia,Jakarta,46,M,Standard,2022-06-10,Mobile App,Home & Garden
GM03528,North America,Chicago,18,F,Standard,2021-03-23,Call Center,Sports
GM03529,Southeast Asia,Jakarta,21,F,Standard,2020-07-04,Online,Home & Garden
GM03530,MENA,Riyadh,49,M,Budget,2023-04-24,In-Store,Home & Garden
GM03531,Europe,Berlin,50,F,Premium,2023-07-21,Online,Food & Grocery
GM03532,North America,Chicago,66,F,Standard,2020-12-17,In-Store,Home & Garden
GM03533,Europe,London,43,M,Standard,2023-12-07,Online,Sports
GM03534,Europe,Berlin,34,M,Standard,2023-03-20,Online,Home & Garden
GM03535,Europe,Berlin,56,M,Budget,2021-01-18,Online,Food & Grocery
GM03536,Europe,Berlin,40,M,Standard,2022-11-25,In-Store,Home & Garden
GM03537,Europe,Berlin,49,F,Budget,2020-11-21,In-Store,Fashion
GM03538,Europe,London,69,F,Standard,2021-04-09,In-Store,Food & Grocery
GM03539,North America,Toronto,32,F,Premium,2021-04-10,Mobile App,Fashion
GM03540,Central Asia,Astana,30,M,Premium,2023-01-23,Mobile App,Fashion
GM03541,Europe,Paris,19,M,Standard,2023-03-03,In-Store,Electronics
GM03542,North America,New York,36,F,Standard,2020-06-10,Call Center,Food & Grocery
GM03543,Europe,Amsterdam,41,F,Premium,2021-07-09,In-Store,Home & Garden
GM03544,Europe,Paris,62,F,Standard,2020-10-26,Online,Beauty
GM03545,Southeast Asia,Singapore,41,M,Standard,2020-12-21,Call Center,Beauty
GM03546,Europe,Warsaw,28,M,Premium,2023-06-17,Online,Beauty
GM03547,Central Asia,Astana,39,M,Standard,2021-07-17,In-Store,Sports
GM03548,MENA,Dubai,32,Other,Budget,2022-03-03,Online,Fashion
GM03549,Europe,London,27,M,Standard,2022-10-19,In-Store,Fashion
GM03550,North America,New York,58,F,Standard,2021-08-08,In-Store,Fashion
GM03551,North America,New York,44,F,Standard,2022-01-19,Online,Food & Grocery
GM03552,Europe,Amsterdam,26,M,Standard,2023-04-05,In-Store,Sports
GM03553,North America,Chicago,69,F,Standard,2020-05-19,Mobile App,Home & Garden
GM03554,MENA,Istanbul,45,F,Standard,2023-03-08,Online,Electronics
GM03555,Europe,London,18,F,Standard,2020-08-22,Online,Food & Grocery
GM03556,North America,Los Angeles,34,M,Standard,2022-10-23,Online,Fashion
GM03557,Europe,Amsterdam,48,M,Standard,2020-09-12,Mobile App,Home & Garden
GM03558,MENA,Riyadh,61,M,Premium,2021-01-05,Mobile App,Beauty
GM03559,Central Asia,Almaty,27,M,Budget,2020-10-04,Mobile App,Electronics
GM03560,MENA,Dubai,54,F,Standard,2021-05-30,Online,Beauty
GM03561,Europe,Paris,46,F,Standard,2022-06-22,Online,Home & Garden
GM03562,North America,Chicago,35,M,Standard,2023-05-20,Online,Home & Garden
GM03563,Central Asia,Astana,64,F,Budget,2023-05-24,Online,Beauty
GM03564,MENA,Cairo,55,F,Standard,2020-09-26,In-Store,Food & Grocery
GM03565,MENA,Riyadh,56,M,Standard,2021-04-20,Call Center,Electronics
GM03566,North America,Chicago,66,M,Budget,2022-07-16,Online,Beauty
GM03567,North America,New York,23,F,Standard,2020-03-04,Call Center,Beauty
GM03568,North America,New York,57,F,Premium,2021-04-04,Online,Food & Grocery
GM03569,North America,Los Angeles,29,F,Premium,2022-11-05,Mobile App,Beauty
GM03570,Southeast Asia,Singapore,70,M,Budget,2021-07-17,Online,Electronics
GM03571,Europe,London,31,M,Budget,2022-11-08,Mobile App,Sports
GM03572,MENA,Istanbul,61,M,Standard,2023-09-10,Online,Electronics
GM03573,North America,Toronto,27,F,Standard,2022-06-26,Mobile App,Food & Grocery
GM03574,Southeast Asia,Bangkok,71,F,Standard,2020-04-02,Online,Beauty
GM03575,Southeast Asia,Jakarta,37,M,Standard,2022-02-11,Online,Fashion
GM03576,MENA,Riyadh,32,F,Standard,2022-03-20,In-Store,Fashion
GM03577,Europe,Paris,48,F,Premium,2022-11-06,Online,Home & Garden
GM03578,MENA,Istanbul,24,F,Budget,2022-04-19,In-Store,Sports
GM03579,North America,Los Angeles,58,Other,Budget,2021-05-02,Call Center,Food & Grocery
GM03580,MENA,Riyadh,27,M,Standard,2023-01-22,In-Store,Home & Garden
GM03581,MENA,Dubai,27,F,Standard,2022-10-30,Mobile App,Home & Garden
GM03582,North America,Chicago,65,M,Premium,2022-01-18,Online,Fashion
GM03583,Europe,Berlin,56,M,Standard,2021-06-11,In-Store,Electronics
GM03584,Southeast Asia,Manila,45,F,Standard,2023-03-13,In-Store,Home & Garden
GM03585,MENA,Cairo,47,F,Standard,2021-07-07,Mobile App,Home & Garden
GM03586,Europe,Berlin,54,F,Standard,2021-05-29,Online,Sports
GM03587,MENA,Dubai,20,F,Standard,2024-02-02,In-Store,Fashion
GM03588,North America,New York,67,F,Budget,2021-01-11,Online,Electronics
GM03589,Europe,London,60,F,Premium,2021-04-28,Online,Sports
GM03590,Europe,London,32,M,Standard,2021-03-27,Online,Electronics
GM03591,Southeast Asia,Manila,38,F,Budget,2022-02-25,Online,Electronics
GM03592,Europe,Berlin,69,F,Standard,2023-01-03,Online,Home & Garden
GM03593,North America,New York,54,M,Standard,2022-11-29,Online,Sports
GM03594,North America,New York,29,M,Standard,2020-10-28,Mobile App,Home & Garden
GM03595,MENA,Dubai,21,F,Budget,2022-12-21,Online,Beauty
GM03596,North America,Los Angeles,64,F,Premium,2022-09-25,Mobile App,Electronics
GM03597,Europe,Berlin,26,F,Standard,2023-06-22,Online,Sports
GM03598,North America,Chicago,56,F,Premium,2020-01-18,Online,Fashion
GM03599,MENA,Cairo,59,M,Premium,2021-02-01,In-Store,Home & Garden
GM03600,North America,Los Angeles,45,F,Standard,2022-10-03,In-Store,Beauty
GM03601,Europe,Amsterdam,40,F,Premium,2021-08-16,In-Store,Food & Grocery
GM03602,North America,New York,62,F,Budget,2020-07-07,In-Store,Beauty
GM03603,Europe,London,57,F,Budget,2020-04-13,Online,Beauty
GM03604,Europe,Berlin,61,F,Standard,2023-09-29,In-Store,Home & Garden
GM03605,Europe,London,39,F,Standard,2023-10-26,In-Store,Fashion
GM03606,Europe,Paris,41,F,Standard,2020-02-02,Online,Sports
GM03607,North America,Los Angeles,68,M,Budget,2022-01-18,Mobile App,Electronics
GM03608,Europe,Paris,43,F,Standard,2021-01-08,Mobile App,Fashion
GM03609,Southeast Asia,Manila,47,M,Premium,2023-04-16,Online,Home & Garden
GM03610,Southeast Asia,Singapore,50,M,Budget,2022-11-01,Mobile App,Food & Grocery
GM03611,North America,New York,33,F,Standard,2022-01-10,Mobile App,Sports
GM03612,Europe,London,39,M,Standard,2022-06-08,In-Store,Electronics
GM03613,MENA,Dubai,66,F,Budget,2021-03-31,Online,Food & Grocery
GM03614,North America,Toronto,67,M,Budget,2020-09-05,Mobile App,Sports
GM03615,Europe,Berlin,60,M,Standard,2021-03-23,Online,Electronics
GM03616,Central Asia,Tashkent,35,F,Standard,2022-10-14,Online,Electronics
GM03617,North America,Los Angeles,24,M,Budget,2022-09-06,Online,Beauty
GM03618,North America,Chicago,67,F,Standard,2022-10-24,Mobile App,Food & Grocery
GM03619,North America,Los Angeles,43,M,Standard,2023-06-13,Mobile App,Food & Grocery
GM03620,Europe,London,25,M,Premium,2020-06-21,In-Store,Home & Garden
GM03621,North America,Los Angeles,23,M,Budget,2023-09-07,Call Center,Fashion
GM03622,Europe,Paris,47,M,Standard,2021-01-05,Online,Beauty
GM03623,Europe,Berlin,56,F,Premium,2022-03-01,Online,Beauty
GM03624,Southeast Asia,Singapore,40,M,Budget,2022-01-18,In-Store,Sports
GM03625,Europe,Amsterdam,49,F,Standard,2022-02-25,Call Center,Food & Grocery
GM03626,Europe,Amsterdam,39,F,Budget,2023-08-12,In-Store,Electronics
GM03627,Central Asia,Bishkek,59,F,Premium,2022-04-19,Online,Electronics
GM03628,Southeast Asia,Jakarta,60,F,Standard,2021-02-03,Online,Sports
GM03629,North America,Chicago,62,M,Standard,2022-12-17,Online,Food & Grocery
GM03630,North America,Chicago,26,M,Standard,2021-07-01,Online,Home & Garden
GM03631,North America,Chicago,48,F,Standard,2021-02-11,Online,Electronics
GM03632,Europe,Berlin,24,F,Budget,2021-10-02,Mobile App,Beauty
GM03633,MENA,Dubai,26,F,Standard,2020-03-04,In-Store,Beauty
GM03634,Europe,Berlin,30,F,Budget,2021-07-27,In-Store,Food & Grocery
GM03635,Central Asia,Astana,20,M,Premium,2021-02-23,Online,Electronics
GM03636,MENA,Riyadh,52,M,Standard,2020-05-25,Online,Electronics
GM03637,Southeast Asia,Singapore,50,F,Premium,2023-07-19,In-Store,Home & Garden
GM03638,Central Asia,Bishkek,38,F,Standard,2020-01-17,Mobile App,Food & Grocery
GM03639,Europe,Warsaw,48,M,Standard,2020-04-07,In-Store,Electronics
GM03640,Europe,Amsterdam,69,F,Budget,2021-03-27,Mobile App,Home & Garden
GM03641,Europe,Warsaw,51,M,Standard,2022-09-01,Mobile App,Beauty
GM03642,Southeast Asia,Manila,49,M,Standard,2022-06-16,Online,Home & Garden
GM03643,MENA,Riyadh,52,F,Standard,2022-10-12,Online,Electronics
GM03644,MENA,Istanbul,32,F,Premium,2023-06-20,In-Store,Fashion
GM03645,North America,Los Angeles,49,F,Premium,2021-04-23,In-Store,Food & Grocery
GM03646,Europe,Warsaw,23,M,Standard,2020-07-19,Online,Electronics
GM03647,MENA,Dubai,62,M,Standard,2024-02-05,In-Store,Fashion
GM03648,MENA,Riyadh,38,F,Budget,2020-06-27,In-Store,Beauty
GM03649,North America,Chicago,50,M,Standard,2021-05-22,Mobile App,Food & Grocery
GM03650,Southeast Asia,Manila,49,F,Standard,2021-03-28,Online,Sports
GM03651,North America,New York,69,F,Standard,2020-09-26,Online,Food & Grocery
GM03652,MENA,Istanbul,36,F,Budget,2023-06-11,In-Store,Beauty
GM03653,North America,Chicago,50,M,Standard,2021-04-30,In-Store,Beauty
GM03654,Europe,London,45,F,Standard,2021-07-31,In-Store,Beauty
GM03655,Central Asia,Astana,48,M,Standard,2020-12-03,Mobile App,Home & Garden
GM03656,Europe,Paris,38,M,Budget,2022-05-10,Mobile App,Beauty
GM03657,Europe,Paris,71,M,Standard,2022-01-26,In-Store,Sports
GM03658,MENA,Dubai,51,M,Standard,2022-01-26,Online,Electronics
GM03659,North America,Toronto,32,F,Standard,2024-01-11,In-Store,Fashion
GM03660,Southeast Asia,Jakarta,31,M,Standard,2021-08-06,In-Store,Food & Grocery
GM03661,MENA,Dubai,36,M,Standard,2023-10-12,Mobile App,Food & Grocery
GM03662,MENA,Istanbul,60,F,Premium,2022-12-08,Call Center,Beauty
GM03663,Central Asia,Almaty,32,M,Standard,2020-12-11,In-Store,Fashion
GM03664,Central Asia,Bishkek,23,F,Standard,2021-12-02,In-Store,Beauty
GM03665,North America,Los Angeles,69,M,Premium,2020-10-19,Online,Home & Garden
GM03666,MENA,Istanbul,26,M,Standard,2023-03-19,Online,Fashion
GM03667,North America,Toronto,54,F,Premium,2022-03-06,Online,Beauty
GM03668,Europe,Warsaw,37,M,Budget,2022-10-18,Online,Beauty
GM03669,Central Asia,Astana,51,F,Standard,2023-07-07,In-Store,Sports
GM03670,MENA,Dubai,55,M,Budget,2023-09-07,Online,Sports
GM03671,Europe,Berlin,43,M,Standard,2020-03-17,In-Store,Sports
GM03672,Central Asia,Bishkek,35,M,Budget,2023-02-07,In-Store,Home & Garden
GM03673,North America,Chicago,45,M,Standard,2022-03-27,In-Store,Fashion
GM03674,Central Asia,Almaty,68,M,Standard,2022-06-14,In-Store,Home & Garden
GM03675,North America,New York,26,F,Standard,2021-10-12,Online,Electronics
GM03676,Europe,Amsterdam,49,F,Standard,2021-06-30,Call Center,Beauty
GM03677,Europe,Paris,70,M,Standard,2023-12-17,Online,Beauty
GM03678,MENA,Riyadh,23,M,Standard,2021-01-28,Mobile App,Beauty
GM03679,North America,Los Angeles,31,F,Premium,2023-06-12,Online,Sports
GM03680,MENA,Cairo,45,F,Standard,2023-09-15,In-Store,Beauty
GM03681,North America,New York,41,F,Standard,2020-11-20,Online,Sports
GM03682,Europe,Warsaw,30,F,Premium,2020-05-30,Online,Electronics
GM03683,North America,Toronto,60,M,Standard,2022-05-28,In-Store,Home & Garden
GM03684,Europe,Warsaw,29,M,Standard,2022-11-21,Mobile App,Home & Garden
GM03685,North America,Chicago,68,F,Budget,2020-09-28,Online,Home & Garden
GM03686,North America,Chicago,36,F,Premium,2022-04-15,In-Store,Sports
GM03687,Southeast Asia,Bangkok,38,F,Standard,2021-01-02,Online,Food & Grocery
GM03688,MENA,Dubai,44,M,Budget,2023-09-01,Online,Food & Grocery
GM03689,Central Asia,Bishkek,36,Other,Standard,2021-08-12,Mobile App,Fashion
GM03690,Central Asia,Bishkek,41,F,Standard,2021-08-10,Mobile App,Food & Grocery
GM03691,North America,Chicago,43,M,Budget,2021-07-25,In-Store,Fashion
GM03692,MENA,Dubai,62,F,Standard,2023-10-23,Online,Electronics
GM03693,North America,Chicago,45,M,Standard,2020-03-20,Online,Fashion
GM03694,Europe,Amsterdam,63,M,Budget,2023-04-10,Call Center,Electronics
GM03695,Europe,Paris,35,M,Budget,2020-09-14,Online,Beauty
GM03696,Central Asia,Astana,61,M,Standard,2020-10-05,Mobile App,Home & Garden
GM03697,Southeast Asia,Manila,53,M,Premium,2021-05-18,Online,Food & Grocery
GM03698,North America,New York,59,F,Standard,2021-07-11,Call Center,Sports
GM03699,Southeast Asia,Singapore,46,M,Premium,2021-05-05,Online,Electronics
GM03700,Europe,Amsterdam,34,F,Premium,2021-07-19,Online,Food & Grocery
GM03701,North America,Chicago,21,M,Standard,2023-09-22,In-Store,Sports
GM03702,North America,New York,61,M,Budget,2021-06-04,Call Center,Sports
GM03703,Europe,Warsaw,62,F,Budget,2020-11-21,Call Center,Home & Garden
GM03704,North America,New York,46,F,Standard,2023-04-10,Mobile App,Beauty
GM03705,Southeast Asia,Singapore,21,F,Standard,2020-03-24,Mobile App,Beauty
GM03706,Southeast Asia,Jakarta,27,Other,Premium,2022-04-20,In-Store,Fashion
GM03707,North America,Toronto,42,M,Standard,2023-12-12,Mobile App,Food & Grocery
GM03708,Europe,Amsterdam,48,M,Premium,2023-09-24,Mobile App,Beauty
GM03709,Europe,Paris,20,F,Budget,2020-11-15,In-Store,Home & Garden
GM03710,Southeast Asia,Jakarta,64,Other,Premium,2020-10-30,In-Store,Food & Grocery
GM03711,Central Asia,Astana,19,F,Budget,2023-07-19,In-Store,Sports
GM03712,North America,Toronto,42,F,Standard,2021-11-20,In-Store,Electronics
GM03713,North America,Chicago,66,F,Standard,2023-02-11,Mobile App,Electronics
GM03714,North America,Los Angeles,23,M,Premium,2021-02-10,Online,Beauty
GM03715,Southeast Asia,Manila,43,F,Standard,2022-11-15,Online,Fashion
GM03716,Europe,Paris,25,F,Budget,2023-06-14,In-Store,Electronics
GM03717,Europe,Amsterdam,52,F,Standard,2023-08-26,Online,Fashion
GM03718,Central Asia,Astana,44,M,Standard,2021-11-14,In-Store,Electronics
GM03719,MENA,Dubai,42,M,Standard,2020-08-20,Mobile App,Fashion
GM03720,Europe,Berlin,35,M,Standard,2022-10-18,In-Store,Fashion
GM03721,Europe,London,71,M,Budget,2021-07-02,Mobile App,Sports
GM03722,North America,Los Angeles,18,F,Standard,2023-07-12,Online,Home & Garden
GM03723,Southeast Asia,Jakarta,65,M,Standard,2022-11-02,Mobile App,Electronics
GM03724,Europe,Paris,56,M,Standard,2021-05-10,In-Store,Food & Grocery
GM03725,MENA,Cairo,20,M,Standard,2023-09-01,Online,Beauty
GM03726,Southeast Asia,Singapore,21,F,Standard,2021-09-09,In-Store,Home & Garden
GM03727,Central Asia,Astana,58,F,Premium,2022-04-27,Call Center,Sports
GM03728,Central Asia,Almaty,54,M,Standard,2022-10-02,Online,Sports
GM03729,Europe,Amsterdam,68,M,Budget,2021-01-18,In-Store,Sports
GM03730,North America,Toronto,32,M,Standard,2022-10-13,Mobile App,Beauty
GM03731,Europe,Amsterdam,25,F,Premium,2021-10-03,Online,Electronics
GM03732,Southeast Asia,Singapore,55,M,Budget,2020-11-11,In-Store,Electronics
GM03733,MENA,Cairo,67,F,Standard,2020-09-12,In-Store,Fashion
GM03734,MENA,Riyadh,36,M,Standard,2021-03-16,Online,Fashion
GM03735,Europe,Berlin,64,M,Standard,2023-02-12,In-Store,Food & Grocery
GM03736,MENA,Dubai,43,F,Standard,2020-10-25,Online,Fashion
GM03737,North America,Chicago,56,M,Standard,2022-07-03,Mobile App,Beauty
GM03738,North America,Toronto,27,F,Standard,2023-02-21,Online,Home & Garden
GM03739,North America,Chicago,55,M,Standard,2020-09-12,Online,Electronics
GM03740,North America,Toronto,31,F,Standard,2021-10-12,In-Store,Fashion
GM03741,Southeast Asia,Jakarta,66,F,Budget,2020-02-16,Online,Beauty
GM03742,North America,New York,58,F,Premium,2022-06-21,Online,Beauty
GM03743,North America,Chicago,36,M,Budget,2021-04-07,Mobile App,Food & Grocery
GM03744,Central Asia,Astana,47,M,Standard,2023-10-05,Mobile App,Fashion
GM03745,Central Asia,Astana,22,M,Standard,2023-02-20,Mobile App,Food & Grocery
GM03746,Europe,Amsterdam,48,F,Standard,2020-01-31,In-Store,Sports
GM03747,North America,Chicago,24,F,Standard,2020-02-24,Mobile App,Sports
GM03748,MENA,Riyadh,36,M,Premium,2020-06-01,Mobile App,Sports
GM03749,MENA,Istanbul,48,M,Budget,2021-03-31,In-Store,Fashion
GM03750,Southeast Asia,Singapore,69,F,Premium,2020-10-12,Online,Beauty
GM03751,Southeast Asia,Singapore,56,M,Premium,2020-02-05,Online,Beauty
GM03752,Southeast Asia,Manila,41,M,Standard,2022-03-28,In-Store,Electronics
GM03753,Europe,Warsaw,51,M,Standard,2020-09-12,Mobile App,Sports
GM03754,North America,Chicago,40,F,Premium,2020-06-26,In-Store,Fashion
GM03755,Europe,Warsaw,65,F,Budget,2023-07-01,In-Store,Electronics
GM03756,Europe,Berlin,62,Other,Budget,2021-05-22,Online,Beauty
GM03757,Europe,Warsaw,57,M,Standard,2020-01-21,Online,Electronics
GM03758,Europe,Berlin,23,F,Standard,2020-03-15,In-Store,Sports
GM03759,MENA,Riyadh,55,F,Standard,2021-12-19,Call Center,Home & Garden
GM03760,North America,New York,58,M,Standard,2021-04-04,Online,Sports
GM03761,Central Asia,Bishkek,53,F,Standard,2023-04-16,Mobile App,Sports
GM03762,North America,Los Angeles,44,M,Budget,2023-11-06,Online,Fashion
GM03763,MENA,Istanbul,28,M,Budget,2022-11-26,In-Store,Home & Garden
GM03764,Europe,Amsterdam,22,M,Budget,2023-02-17,In-Store,Food & Grocery
GM03765,MENA,Riyadh,34,M,Standard,2021-09-21,Mobile App,Home & Garden
GM03766,Europe,Paris,69,F,Standard,2020-01-01,Online,Home & Garden
GM03767,North America,Chicago,24,M,Standard,2022-07-24,Online,Beauty
GM03768,MENA,Cairo,44,M,Standard,2020-11-06,Online,Electronics
GM03769,Europe,Paris,64,M,Standard,2023-05-16,Mobile App,Beauty
GM03770,Central Asia,Bishkek,32,F,Standard,2023-03-23,Online,Food & Grocery
GM03771,MENA,Riyadh,63,F,Standard,2022-01-31,Online,Home & Garden
GM03772,Southeast Asia,Bangkok,30,F,Budget,2021-11-13,In-Store,Fashion
GM03773,Europe,Amsterdam,28,F,Standard,2020-11-10,In-Store,Food & Grocery
GM03774,North America,Los Angeles,62,M,Budget,2020-11-02,Mobile App,Sports
GM03775,North America,Los Angeles,43,M,Premium,2021-09-10,Mobile App,Sports
GM03776,Southeast Asia,Bangkok,39,F,Premium,2023-01-25,In-Store,Beauty
GM03777,North America,Toronto,45,M,Budget,2020-01-07,Mobile App,Food & Grocery
GM03778,North America,Toronto,41,M,Standard,2022-11-01,Mobile App,Beauty
GM03779,North America,Los Angeles,46,F,Standard,2021-05-28,Online,Fashion
GM03780,Southeast Asia,Jakarta,26,M,Premium,2020-12-14,Mobile App,Sports
GM03781,MENA,Riyadh,59,M,Standard,2022-07-05,In-Store,Beauty
GM03782,Europe,Berlin,21,M,Standard,2022-10-27,In-Store,Electronics
GM03783,Central Asia,Tashkent,66,M,Budget,2021-05-14,In-Store,Beauty
GM03784,North America,New York,63,F,Budget,2021-04-19,In-Store,Beauty
GM03785,North America,Los Angeles,35,F,Standard,2021-06-07,Online,Home & Garden
GM03786,Central Asia,Bishkek,60,F,Standard,2022-12-16,Mobile App,Electronics
GM03787,North America,Chicago,33,F,Budget,2021-08-12,Mobile App,Electronics
GM03788,MENA,Cairo,50,M,Standard,2020-08-20,Mobile App,Fashion
GM03789,Central Asia,Bishkek,46,M,Standard,2022-03-01,Online,Home & Garden
GM03790,Southeast Asia,Singapore,56,M,Budget,2022-11-19,Call Center,Electronics
GM03791,Europe,Warsaw,27,M,Budget,2021-01-01,Online,Home & Garden
GM03792,Central Asia,Astana,26,Other,Budget,2020-02-25,Online,Home & Garden
GM03793,North America,New York,48,F,Standard,2020-01-10,Online,Sports
GM03794,North America,Chicago,45,M,Standard,2020-05-26,Online,Electronics
GM03795,Central Asia,Almaty,20,M,Budget,2020-12-29,In-Store,Sports
GM03796,North America,New York,71,M,Premium,2020-09-09,In-Store,Beauty
GM03797,MENA,Dubai,31,M,Budget,2022-07-28,Mobile App,Beauty
GM03798,Central Asia,Almaty,42,M,Premium,2023-06-30,Call Center,Sports
GM03799,Europe,Paris,32,F,Budget,2024-01-06,Mobile App,Beauty
GM03800,North America,Toronto,19,F,Standard,2022-01-05,In-Store,Sports
GM03801,Europe,Paris,41,F,Premium,2020-12-05,Mobile App,Fashion
GM03802,Southeast Asia,Jakarta,31,M,Standard,2023-10-08,Mobile App,Home & Garden
GM03803,North America,Toronto,65,M,Standard,2021-09-15,In-Store,Fashion
GM03804,Southeast Asia,Singapore,24,F,Standard,2021-12-05,Mobile App,Electronics
GM03805,Europe,Paris,53,F,Standard,2020-11-18,In-Store,Fashion
GM03806,Southeast Asia,Bangkok,67,F,Budget,2023-03-09,Online,Fashion
GM03807,MENA,Dubai,41,F,Standard,2022-05-10,In-Store,Beauty
GM03808,Europe,Paris,44,F,Standard,2024-01-08,In-Store,Food & Grocery
GM03809,Central Asia,Bishkek,54,F,Premium,2020-04-04,Mobile App,Food & Grocery
GM03810,Central Asia,Astana,55,M,Budget,2021-07-06,Online,Sports
GM03811,North America,Toronto,47,F,Premium,2023-12-14,In-Store,Electronics
GM03812,MENA,Istanbul,44,M,Standard,2022-02-28,Mobile App,Food & Grocery
GM03813,Europe,Berlin,56,M,Budget,2023-03-19,Call Center,Beauty
GM03814,North America,Los Angeles,32,F,Standard,2021-07-06,Online,Electronics
GM03815,Europe,London,43,M,Standard,2023-10-06,Online,Home & Garden
GM03816,North America,Chicago,18,M,Standard,2020-04-25,In-Store,Sports
GM03817,Europe,Amsterdam,21,M,Budget,2021-09-23,In-Store,Beauty
GM03818,North America,Chicago,46,M,Standard,2023-06-14,Online,Fashion
GM03819,North America,Los Angeles,18,M,Budget,2020-09-26,Online,Home & Garden
GM03820,MENA,Dubai,60,M,Budget,2022-05-10,Mobile App,Fashion
GM03821,Europe,London,67,M,Standard,2020-10-17,Mobile App,Food & Grocery
GM03822,Europe,Paris,63,M,Standard,2023-12-28,In-Store,Electronics
GM03823,North America,Toronto,39,Other,Standard,2020-01-09,In-Store,Home & Garden
GM03824,Europe,Warsaw,28,M,Standard,2021-09-21,In-Store,Beauty
GM03825,Europe,Amsterdam,27,M,Standard,2022-05-13,Online,Fashion
GM03826,Central Asia,Almaty,34,F,Budget,2021-04-19,In-Store,Food & Grocery
GM03827,MENA,Cairo,53,F,Standard,2021-06-20,Online,Fashion
GM03828,MENA,Riyadh,64,F,Standard,2021-11-15,In-Store,Electronics
GM03829,North America,Toronto,43,M,Standard,2022-10-31,Online,Electronics
GM03830,Europe,Paris,65,F,Standard,2021-09-04,In-Store,Food & Grocery
GM03831,MENA,Istanbul,38,F,Premium,2022-02-15,In-Store,Sports
GM03832,North America,Toronto,30,F,Standard,2023-09-12,Online,Food & Grocery
GM03833,North America,New York,26,F,Standard,2021-08-17,Online,Sports
GM03834,MENA,Riyadh,28,F,Standard,2020-10-02,Online,Food & Grocery
GM03835,MENA,Riyadh,28,F,Standard,2021-01-04,In-Store,Food & Grocery
GM03836,Europe,Warsaw,23,F,Standard,2020-12-10,Online,Electronics
GM03837,Southeast Asia,Singapore,18,M,Budget,2021-01-02,Online,Sports
GM03838,Central Asia,Bishkek,71,F,Budget,2023-08-27,In-Store,Food & Grocery
GM03839,Southeast Asia,Singapore,23,F,Standard,2021-12-31,Mobile App,Fashion
GM03840,North America,Chicago,30,M,Premium,2020-01-15,Online,Electronics
GM03841,MENA,Cairo,39,Other,Budget,2022-01-27,In-Store,Home & Garden
GM03842,Central Asia,Tashkent,48,M,Standard,2021-11-18,Mobile App,Electronics
GM03843,MENA,Riyadh,39,M,Standard,2020-01-04,Mobile App,Food & Grocery
GM03844,MENA,Riyadh,54,F,Premium,2023-10-31,Online,Beauty
GM03845,Europe,Warsaw,64,M,Premium,2023-10-24,Mobile App,Beauty
GM03846,North America,Los Angeles,44,M,Premium,2024-01-28,In-Store,Electronics
GM03847,Southeast Asia,Singapore,67,M,Premium,2021-06-16,Call Center,Home & Garden
GM03848,North America,Los Angeles,69,M,Budget,2022-09-12,In-Store,Electronics
GM03849,North America,Chicago,31,M,Standard,2023-03-06,Mobile App,Home & Garden
GM03850,Central Asia,Almaty,64,M,Standard,2022-04-13,Mobile App,Food & Grocery
GM03851,MENA,Dubai,22,M,Budget,2020-12-28,In-Store,Fashion
GM03852,Central Asia,Almaty,53,Other,Budget,2023-05-24,Mobile App,Fashion
GM03853,North America,Los Angeles,49,Other,Budget,2023-10-23,Online,Home & Garden
GM03854,Southeast Asia,Singapore,51,M,Budget,2020-04-26,Online,Sports
GM03855,North America,Los Angeles,24,F,Standard,2023-04-17,In-Store,Fashion
GM03856,Central Asia,Bishkek,59,M,Budget,2023-06-23,Mobile App,Beauty
GM03857,Europe,Warsaw,65,M,Standard,2020-05-07,In-Store,Electronics
GM03858,North America,Los Angeles,27,M,Premium,2023-10-13,In-Store,Food & Grocery
GM03859,MENA,Dubai,67,F,Standard,2020-03-18,In-Store,Sports
GM03860,North America,Los Angeles,34,F,Standard,2022-01-10,Online,Beauty
GM03861,North America,Toronto,47,M,Budget,2023-08-09,Online,Electronics
GM03862,North America,Toronto,38,M,Standard,2022-02-12,Mobile App,Beauty
GM03863,MENA,Dubai,30,M,Standard,2020-03-22,Call Center,Sports
GM03864,Europe,Warsaw,18,F,Premium,2020-12-07,Online,Home & Garden
GM03865,Central Asia,Almaty,18,F,Standard,2023-09-23,In-Store,Electronics
GM03866,Europe,Amsterdam,64,M,Premium,2022-03-29,Online,Beauty
GM03867,MENA,Istanbul,50,F,Standard,2021-07-31,Online,Food & Grocery
GM03868,North America,New York,55,M,Budget,2020-04-05,Online,Food & Grocery
GM03869,North America,Los Angeles,42,F,Standard,2023-03-14,In-Store,Beauty
GM03870,Central Asia,Almaty,43,F,Standard,2021-07-30,Online,Sports
GM03871,MENA,Riyadh,30,M,Standard,2021-06-04,Online,Sports
GM03872,Europe,Paris,45,F,Premium,2023-11-21,Mobile App,Food & Grocery
GM03873,Europe,Paris,50,F,Standard,2022-09-22,Call Center,Food & Grocery
GM03874,North America,Los Angeles,54,M,Premium,2020-12-22,Online,Sports
GM03875,Central Asia,Tashkent,58,M,Standard,2020-07-04,In-Store,Home & Garden
GM03876,MENA,Riyadh,47,F,Premium,2021-06-26,Online,Fashion
GM03877,Europe,Warsaw,66,M,Premium,2020-05-30,Mobile App,Beauty
GM03878,Southeast Asia,Manila,65,M,Standard,2023-09-04,In-Store,Home & Garden
GM03879,North America,New York,25,M,Standard,2022-12-18,Mobile App,Beauty
GM03880,Europe,London,66,F,Premium,2020-01-10,Online,Food & Grocery
GM03881,MENA,Cairo,64,F,Standard,2022-05-06,In-Store,Home & Garden
GM03882,North America,Chicago,18,F,Budget,2023-02-21,In-Store,Food & Grocery
GM03883,Southeast Asia,Bangkok,29,F,Standard,2020-12-21,Online,Food & Grocery
GM03884,Europe,Warsaw,22,M,Premium,2023-10-01,Online,Food & Grocery
GM03885,Southeast Asia,Bangkok,41,F,Standard,2022-03-04,In-Store,Electronics
GM03886,Southeast Asia,Singapore,23,F,Standard,2020-08-24,Mobile App,Fashion
GM03887,Southeast Asia,Jakarta,42,M,Premium,2020-11-28,Online,Food & Grocery
GM03888,North America,Chicago,18,M,Budget,2020-01-17,In-Store,Beauty
GM03889,North America,New York,42,M,Budget,2023-12-18,Online,Sports
GM03890,MENA,Istanbul,18,F,Budget,2020-11-19,Online,Fashion
GM03891,North America,Los Angeles,49,F,Budget,2020-01-23,In-Store,Beauty
GM03892,MENA,Cairo,59,F,Standard,2022-07-19,Online,Electronics
GM03893,North America,New York,59,Other,Standard,2021-04-03,In-Store,Food & Grocery
GM03894,MENA,Cairo,20,M,Standard,2024-01-23,Online,Beauty
GM03895,North America,Chicago,66,F,Budget,2021-06-04,In-Store,Beauty
GM03896,North America,Chicago,36,F,Standard,2021-12-19,In-Store,Beauty
GM03897,Europe,London,60,M,Standard,2021-07-10,Call Center,Fashion
GM03898,North America,Los Angeles,46,Other,Standard,2023-12-15,Online,Food & Grocery
GM03899,MENA,Riyadh,67,M,Budget,2021-02-06,Mobile App,Beauty
GM03900,North America,Los Angeles,19,F,Premium,2023-09-16,Online,Sports
GM03901,MENA,Dubai,26,F,Standard,2021-04-01,In-Store,Food & Grocery
GM03902,MENA,Dubai,34,F,Budget,2022-11-16,In-Store,Home & Garden
GM03903,Southeast Asia,Bangkok,63,F,Standard,2021-01-31,Online,Sports
GM03904,Europe,Warsaw,53,M,Budget,2023-04-26,In-Store,Electronics
GM03905,North America,New York,34,F,Standard,2020-05-19,Online,Fashion
GM03906,MENA,Dubai,66,M,Premium,2021-06-04,Online,Home & Garden
GM03907,MENA,Riyadh,29,F,Budget,2022-01-15,Online,Fashion
GM03908,Europe,Berlin,37,F,Standard,2020-04-01,Mobile App,Fashion
GM03909,North America,Chicago,67,F,Standard,2020-03-17,Mobile App,Beauty
GM03910,Europe,London,20,M,Standard,2022-05-01,Online,Sports
GM03911,Central Asia,Almaty,60,F,Standard,2023-06-21,In-Store,Home & Garden
GM03912,Europe,Warsaw,67,F,Standard,2022-04-24,Online,Beauty
GM03913,Central Asia,Bishkek,21,F,Standard,2021-10-28,Online,Home & Garden
GM03914,Southeast Asia,Singapore,34,M,Standard,2022-08-16,Mobile App,Food & Grocery
GM03915,Southeast Asia,Bangkok,67,M,Budget,2022-09-15,In-Store,Food & Grocery
GM03916,MENA,Dubai,54,M,Standard,2022-03-07,Online,Sports
GM03917,North America,Chicago,63,F,Standard,2020-03-28,Online,Beauty
GM03918,Europe,Paris,59,F,Standard,2022-07-03,Mobile App,Home & Garden
GM03919,North America,New York,32,Other,Standard,2023-08-10,Online,Food & Grocery
GM03920,North America,New York,50,M,Budget,2020-04-04,Online,Beauty
GM03921,Southeast Asia,Singapore,33,M,Premium,2023-06-30,In-Store,Fashion
GM03922,MENA,Dubai,28,F,Budget,2021-07-04,In-Store,Food & Grocery
GM03923,North America,Toronto,37,F,Standard,2021-02-02,In-Store,Electronics
GM03924,Europe,Paris,55,F,Standard,2022-02-05,Mobile App,Home & Garden
GM03925,Southeast Asia,Singapore,41,F,Premium,2022-12-13,Online,Food & Grocery
GM03926,Central Asia,Almaty,71,M,Standard,2020-08-30,Mobile App,Sports
GM03927,North America,Los Angeles,33,F,Standard,2023-02-07,Online,Home & Garden
GM03928,North America,Chicago,47,F,Standard,2021-09-15,In-Store,Electronics
GM03929,North America,Chicago,51,F,Standard,2021-12-01,Mobile App,Home & Garden
GM03930,Europe,Amsterdam,18,M,Budget,2023-05-29,In-Store,Home & Garden
GM03931,Southeast Asia,Manila,41,M,Standard,2021-07-17,Mobile App,Food & Grocery
GM03932,Europe,Amsterdam,41,M,Standard,2020-06-10,Mobile App,Home & Garden
GM03933,North America,Los Angeles,26,F,Standard,2020-02-04,Online,Sports
GM03934,Europe,London,39,M,Standard,2022-08-23,Mobile App,Electronics
GM03935,Europe,Amsterdam,29,M,Budget,2020-02-06,Mobile App,Food & Grocery
GM03936,MENA,Dubai,34,M,Standard,2022-04-25,In-Store,Electronics
GM03937,MENA,Dubai,42,F,Standard,2022-04-08,Online,Sports
GM03938,Europe,Warsaw,45,M,Standard,2021-09-14,Online,Home & Garden
GM03939,Europe,London,32,F,Standard,2023-10-25,Online,Home & Garden
GM03940,MENA,Dubai,47,M,Standard,2023-04-15,Online,Food & Grocery
GM03941,North America,New York,68,M,Premium,2021-06-04,In-Store,Electronics
GM03942,Southeast Asia,Jakarta,44,F,Budget,2023-07-22,Online,Home & Garden
GM03943,Central Asia,Astana,39,M,Standard,2020-04-14,Online,Fashion
GM03944,MENA,Cairo,27,M,Standard,2020-06-04,In-Store,Home & Garden
GM03945,Central Asia,Tashkent,48,M,Premium,2020-12-01,In-Store,Home & Garden
GM03946,Central Asia,Astana,44,F,Standard,2022-11-15,In-Store,Beauty
GM03947,North America,Los Angeles,29,F,Budget,2020-10-22,Mobile App,Electronics
GM03948,North America,Chicago,63,M,Budget,2023-10-10,Online,Electronics
GM03949,Europe,Amsterdam,48,M,Standard,2022-06-04,Online,Fashion
GM03950,Europe,Amsterdam,49,Other,Premium,2020-03-09,Online,Fashion
GM03951,Central Asia,Astana,49,F,Standard,2023-09-12,In-Store,Fashion
GM03952,North America,Chicago,58,M,Standard,2020-05-30,Online,Electronics
GM03953,Southeast Asia,Bangkok,62,F,Standard,2022-05-06,Mobile App,Beauty
GM03954,Europe,Warsaw,52,F,Budget,2021-07-30,Online,Beauty
GM03955,Europe,Berlin,70,F,Standard,2021-10-23,Mobile App,Sports
GM03956,Southeast Asia,Bangkok,63,M,Premium,2023-09-05,In-Store,Electronics
GM03957,Southeast Asia,Manila,38,M,Budget,2022-01-26,In-Store,Sports
GM03958,MENA,Cairo,27,M,Premium,2021-03-27,Mobile App,Home & Garden
GM03959,Central Asia,Almaty,33,F,Budget,2021-07-23,Mobile App,Fashion
GM03960,Central Asia,Tashkent,24,F,Standard,2023-02-09,In-Store,Sports
GM03961,North America,Los Angeles,21,M,Budget,2021-09-26,Mobile App,Food & Grocery
GM03962,MENA,Dubai,44,F,Premium,2024-01-25,In-Store,Sports
GM03963,Central Asia,Almaty,69,F,Premium,2020-12-27,Mobile App,Electronics
GM03964,North America,New York,42,Other,Standard,2020-07-21,Online,Fashion
GM03965,Central Asia,Astana,48,F,Standard,2021-05-01,Mobile App,Fashion
GM03966,North America,New York,28,Other,Standard,2020-01-04,Online,Beauty
GM03967,Europe,Warsaw,65,M,Budget,2023-02-26,Online,Sports
GM03968,Central Asia,Bishkek,37,F,Budget,2022-11-15,In-Store,Beauty
GM03969,North America,New York,53,F,Standard,2022-03-11,Online,Sports
GM03970,MENA,Cairo,71,M,Premium,2022-09-03,Online,Electronics
GM03971,Southeast Asia,Bangkok,71,M,Standard,2020-01-27,Online,Electronics
GM03972,MENA,Cairo,34,Other,Standard,2022-12-01,In-Store,Home & Garden
GM03973,Europe,Berlin,62,M,Standard,2022-08-22,Mobile App,Sports
GM03974,North America,Chicago,28,F,Budget,2020-03-04,In-Store,Sports
GM03975,Europe,Warsaw,47,M,Premium,2022-11-14,Mobile App,Fashion
GM03976,Southeast Asia,Bangkok,52,M,Standard,2020-03-12,In-Store,Fashion
GM03977,MENA,Riyadh,58,M,Premium,2022-06-18,Online,Beauty
GM03978,MENA,Riyadh,55,M,Budget,2020-09-24,Online,Home & Garden
GM03979,Central Asia,Almaty,39,F,Standard,2020-04-04,In-Store,Electronics
GM03980,MENA,Cairo,70,F,Standard,2021-01-29,Online,Sports
GM03981,North America,Toronto,60,M,Premium,2022-05-18,Online,Beauty
GM03982,North America,New York,65,M,Premium,2020-12-29,In-Store,Home & Garden
GM03983,Europe,Berlin,68,M,Premium,2023-08-31,In-Store,Fashion
GM03984,Europe,Warsaw,44,M,Standard,2020-04-26,Online,Home & Garden
GM03985,North America,New York,54,F,Standard,2020-06-12,Mobile App,Beauty
GM03986,Southeast Asia,Manila,63,M,Standard,2022-05-26,Mobile App,Electronics
GM03987,Central Asia,Astana,66,M,Budget,2022-02-28,Mobile App,Fashion
GM03988,MENA,Cairo,52,F,Standard,2021-07-30,Call Center,Food & Grocery
GM03989,Europe,London,21,M,Standard,2020-11-01,Online,Fashion
GM03990,Southeast Asia,Jakarta,33,M,Premium,2022-02-10,In-Store,Electronics
GM03991,Central Asia,Astana,33,M,Standard,2020-07-18,Mobile App,Fashion
GM03992,Europe,Berlin,38,F,Standard,2020-06-28,In-Store,Beauty
GM03993,North America,Chicago,43,F,Premium,2020-12-23,Mobile App,Fashion
GM03994,Central Asia,Tashkent,53,F,Premium,2022-01-09,In-Store,Sports
GM03995,MENA,Cairo,36,M,Budget,2023-06-29,In-Store,Home & Garden
GM03996,MENA,Riyadh,34,M,Budget,2023-08-15,Online,Beauty
GM03997,Europe,Berlin,62,F,Premium,2021-03-05,Call Center,Electronics
GM03998,MENA,Dubai,43,F,Standard,2022-10-24,Mobile App,Beauty
GM03999,MENA,Cairo,39,Other,Budget,2021-10-14,Mobile App,Sports
GM04000,Europe,Warsaw,45,M,Premium,2021-11-08,In-Store,Fashion
GM04001,North America,New York,18,M,Standard,2020-09-10,Online,Fashion
GM04002,North America,Toronto,61,F,Budget,2022-07-29,Online,Food & Grocery
GM04003,North America,Los Angeles,53,F,Budget,2023-01-24,Mobile App,Beauty
GM04004,Europe,Amsterdam,60,F,Standard,2020-06-15,Online,Fashion
GM04005,Europe,Amsterdam,54,F,Premium,2023-09-16,Online,Fashion
GM04006,Europe,Paris,19,F,Standard,2022-08-22,In-Store,Sports
GM04007,Europe,Warsaw,34,F,Budget,2022-05-03,In-Store,Electronics
GM04008,MENA,Cairo,57,F,Budget,2022-12-21,In-Store,Food & Grocery
GM04009,North America,Toronto,55,F,Standard,2020-06-22,In-Store,Food & Grocery
GM04010,Central Asia,Tashkent,38,F,Budget,2023-06-30,In-Store,Food & Grocery
GM04011,Central Asia,Tashkent,26,M,Standard,2024-01-24,Mobile App,Home & Garden
GM04012,MENA,Istanbul,30,M,Standard,2021-09-15,Online,Beauty
GM04013,North America,Toronto,28,F,Budget,2023-05-23,Online,Electronics
GM04014,Europe,London,33,M,Standard,2023-06-16,In-Store,Home & Garden
GM04015,North America,Los Angeles,33,F,Standard,2021-02-18,Call Center,Electronics
GM04016,Europe,Berlin,19,M,Standard,2022-01-08,Online,Beauty
GM04017,Southeast Asia,Bangkok,59,M,Standard,2021-11-05,Online,Food & Grocery
GM04018,Southeast Asia,Manila,61,F,Standard,2020-05-05,In-Store,Sports
GM04019,Europe,Paris,25,M,Standard,2022-07-29,In-Store,Sports
GM04020,Europe,Paris,60,M,Budget,2020-09-09,Call Center,Sports
GM04021,MENA,Riyadh,59,M,Standard,2020-07-15,Mobile App,Electronics
GM04022,Europe,Paris,30,F,Budget,2021-02-16,In-Store,Beauty
GM04023,North America,Chicago,34,M,Premium,2024-01-19,In-Store,Fashion
GM04024,North America,Chicago,56,F,Standard,2022-02-14,Online,Fashion
GM04025,North America,Chicago,41,M,Standard,2022-12-13,In-Store,Sports
GM04026,North America,Los Angeles,20,F,Budget,2023-09-24,Mobile App,Electronics
GM04027,MENA,Cairo,47,M,Premium,2023-10-14,Online,Fashion
GM04028,Europe,Amsterdam,69,M,Standard,2023-03-20,Online,Electronics
GM04029,North America,New York,30,M,Budget,2023-01-28,Mobile App,Beauty
GM04030,Europe,Berlin,36,M,Standard,2020-08-21,In-Store,Sports
GM04031,North America,New York,24,F,Budget,2022-12-21,In-Store,Home & Garden
GM04032,Europe,Paris,26,M,Budget,2020-07-14,Online,Sports
GM04033,Central Asia,Almaty,36,M,Standard,2021-06-25,In-Store,Home & Garden
GM04034,Southeast Asia,Bangkok,62,F,Premium,2023-02-03,Mobile App,Fashion
GM04035,Europe,Paris,71,M,Standard,2020-10-21,Online,Food & Grocery
GM04036,Southeast Asia,Singapore,57,M,Standard,2021-10-06,In-Store,Home & Garden
GM04037,Southeast Asia,Singapore,39,F,Budget,2024-01-14,Online,Food & Grocery
GM04038,North America,New York,35,F,Budget,2020-06-04,In-Store,Electronics
GM04039,North America,New York,40,M,Premium,2021-02-09,Mobile App,Food & Grocery
GM04040,North America,Chicago,19,M,Standard,2022-06-14,In-Store,Home & Garden
GM04041,Southeast Asia,Bangkok,67,F,Standard,2021-12-26,Mobile App,Fashion
GM04042,Europe,London,67,M,Premium,2022-01-07,Mobile App,Fashion
GM04043,MENA,Cairo,28,Other,Standard,2022-03-07,Mobile App,Sports
GM04044,North America,Chicago,48,M,Standard,2021-07-07,Mobile App,Fashion
GM04045,MENA,Riyadh,50,F,Standard,2021-01-09,Online,Electronics
GM04046,MENA,Cairo,31,M,Standard,2021-03-30,Mobile App,Home & Garden
GM04047,Europe,Amsterdam,33,F,Standard,2020-07-20,Online,Beauty
GM04048,North America,Toronto,28,M,Premium,2024-01-15,Online,Fashion
GM04049,Southeast Asia,Jakarta,50,F,Budget,2023-04-25,Online,Food & Grocery
GM04050,Europe,Berlin,24,M,Standard,2022-05-03,Online,Home & Garden
GM04051,Southeast Asia,Manila,48,M,Budget,2021-12-24,In-Store,Sports
GM04052,North America,New York,65,F,Standard,2023-10-23,In-Store,Beauty
GM04053,North America,Chicago,63,F,Budget,2020-12-05,Online,Sports
GM04054,North America,Los Angeles,64,F,Budget,2020-09-18,In-Store,Electronics
GM04055,North America,New York,31,M,Standard,2021-06-26,In-Store,Sports
GM04056,Central Asia,Almaty,45,F,Standard,2021-07-04,Mobile App,Home & Garden
GM04057,North America,Toronto,70,M,Budget,2023-08-22,Online,Beauty
GM04058,Central Asia,Almaty,60,Other,Standard,2021-09-29,Online,Sports
GM04059,Southeast Asia,Manila,33,F,Budget,2020-06-13,Online,Sports
GM04060,Southeast Asia,Bangkok,36,M,Budget,2022-01-27,Online,Food & Grocery
GM04061,Europe,Berlin,34,F,Standard,2021-09-12,In-Store,Food & Grocery
GM04062,Europe,Warsaw,43,F,Premium,2023-01-16,In-Store,Electronics
GM04063,North America,Toronto,23,M,Standard,2023-05-08,Online,Home & Garden
GM04064,Europe,Amsterdam,60,F,Budget,2023-07-18,Online,Sports
GM04065,Southeast Asia,Jakarta,66,M,Standard,2020-02-20,Online,Home & Garden
GM04066,Central Asia,Astana,26,F,Premium,2021-05-03,Call Center,Fashion
GM04067,Europe,Berlin,67,M,Standard,2020-07-16,Online,Electronics
GM04068,Southeast Asia,Manila,34,M,Standard,2022-11-12,Mobile App,Food & Grocery
GM04069,North America,Toronto,48,M,Standard,2021-10-26,Mobile App,Electronics
GM04070,North America,New York,29,F,Standard,2023-05-31,Online,Electronics
GM04071,Europe,Paris,40,F,Standard,2023-05-29,Call Center,Home & Garden
GM04072,North America,Los Angeles,71,Other,Premium,2021-10-24,Mobile App,Food & Grocery
GM04073,North America,Toronto,71,M,Budget,2020-09-22,In-Store,Food & Grocery
GM04074,North America,New York,22,M,Standard,2020-03-13,In-Store,Sports
GM04075,North America,Toronto,60,F,Budget,2020-03-17,In-Store,Sports
GM04076,North America,Los Angeles,53,F,Budget,2021-06-27,Online,Home & Garden
GM04077,MENA,Istanbul,53,M,Standard,2022-05-30,Online,Home & Garden
GM04078,Europe,Amsterdam,20,M,Standard,2021-03-10,Mobile App,Fashion
GM04079,North America,Chicago,41,F,Standard,2022-12-24,Mobile App,Beauty
GM04080,Europe,London,34,M,Standard,2020-12-22,Online,Beauty
GM04081,North America,New York,56,F,Standard,2022-07-24,Mobile App,Electronics
GM04082,Europe,Paris,43,F,Budget,2020-01-18,Mobile App,Sports
GM04083,North America,New York,21,F,Standard,2021-11-06,Online,Food & Grocery
GM04084,North America,Los Angeles,62,F,Budget,2021-07-28,In-Store,Electronics
GM04085,Europe,Paris,29,M,Premium,2022-01-20,In-Store,Food & Grocery
GM04086,Central Asia,Almaty,18,F,Premium,2023-12-30,Mobile App,Sports
GM04087,Europe,Amsterdam,38,F,Budget,2022-09-22,Mobile App,Sports
GM04088,North America,Chicago,36,M,Standard,2024-01-04,Online,Fashion
GM04089,North America,Los Angeles,38,F,Standard,2022-10-29,In-Store,Home & Garden
GM04090,Central Asia,Astana,69,M,Standard,2024-02-02,Mobile App,Home & Garden
GM04091,North America,Los Angeles,35,F,Standard,2021-09-23,Mobile App,Home & Garden
GM04092,Europe,Amsterdam,60,M,Standard,2023-10-03,Online,Beauty
GM04093,MENA,Riyadh,69,F,Premium,2021-01-06,In-Store,Home & Garden
GM04094,Southeast Asia,Manila,20,M,Standard,2022-08-27,Mobile App,Beauty
GM04095,Europe,Paris,66,M,Standard,2023-04-13,Online,Food & Grocery
GM04096,MENA,Cairo,61,Other,Budget,2023-02-27,In-Store,Electronics
GM04097,Central Asia,Bishkek,49,F,Standard,2023-08-09,Mobile App,Beauty
GM04098,Central Asia,Bishkek,27,M,Premium,2020-12-18,Online,Sports
GM04099,Europe,Warsaw,57,M,Standard,2020-08-11,Mobile App,Fashion
GM04100,Central Asia,Astana,32,M,Premium,2022-08-11,Online,Fashion
GM04101,North America,Toronto,22,F,Standard,2021-01-02,Online,Sports
GM04102,MENA,Istanbul,21,F,Premium,2023-01-18,Online,Food & Grocery
GM04103,MENA,Riyadh,45,F,Standard,2021-10-17,Online,Electronics
GM04104,Europe,Berlin,70,F,Premium,2022-12-31,Online,Fashion
GM04105,Europe,London,69,F,Standard,2021-03-08,In-Store,Sports
GM04106,North America,Los Angeles,68,M,Budget,2023-10-03,Online,Fashion
GM04107,Southeast Asia,Bangkok,70,M,Standard,2023-07-10,Mobile App,Beauty
GM04108,Central Asia,Almaty,21,F,Premium,2023-07-18,In-Store,Food & Grocery
GM04109,Southeast Asia,Bangkok,32,F,Standard,2021-05-23,In-Store,Fashion
GM04110,North America,Toronto,34,F,Standard,2021-05-22,In-Store,Food & Grocery
GM04111,North America,Los Angeles,61,F,Budget,2021-09-08,In-Store,Food & Grocery
GM04112,MENA,Dubai,20,F,Premium,2021-02-23,In-Store,Beauty
GM04113,Central Asia,Almaty,27,F,Budget,2022-12-31,Online,Food & Grocery
GM04114,Central Asia,Bishkek,64,M,Standard,2020-03-14,Mobile App,Beauty
GM04115,North America,Los Angeles,59,M,Standard,2021-07-27,In-Store,Fashion
GM04116,Europe,London,40,Other,Budget,2020-05-25,Online,Fashion
GM04117,Southeast Asia,Manila,35,F,Standard,2020-02-15,In-Store,Food & Grocery
GM04118,MENA,Istanbul,18,M,Budget,2023-02-02,In-Store,Beauty
GM04119,Europe,Amsterdam,52,M,Standard,2023-02-06,Online,Fashion
GM04120,North America,Toronto,70,M,Standard,2023-09-02,Mobile App,Food & Grocery
GM04121,Europe,Warsaw,48,M,Standard,2020-04-30,In-Store,Electronics
GM04122,MENA,Riyadh,61,F,Standard,2022-12-02,In-Store,Home & Garden
GM04123,North America,Chicago,18,M,Standard,2020-04-08,In-Store,Home & Garden
GM04124,Southeast Asia,Singapore,20,F,Standard,2021-12-06,Call Center,Sports
GM04125,North America,Toronto,20,M,Premium,2020-11-06,Online,Food & Grocery
GM04126,North America,New York,54,F,Standard,2023-05-22,In-Store,Home & Garden
GM04127,North America,Toronto,36,M,Standard,2024-01-26,Online,Electronics
GM04128,Southeast Asia,Bangkok,46,F,Budget,2021-02-26,Mobile App,Food & Grocery
GM04129,Europe,Berlin,42,F,Standard,2023-11-13,Online,Home & Garden
GM04130,Central Asia,Astana,50,F,Standard,2023-02-09,Online,Home & Garden
GM04131,Europe,Warsaw,53,M,Premium,2020-09-28,Mobile App,Electronics
GM04132,Europe,Berlin,46,M,Budget,2022-04-04,In-Store,Beauty
GM04133,North America,New York,43,M,Standard,2023-01-30,Online,Home & Garden
GM04134,North America,Toronto,21,M,Budget,2020-07-28,In-Store,Sports
GM04135,North America,Los Angeles,66,F,Budget,2022-01-08,Mobile App,Home & Garden
GM04136,Central Asia,Almaty,31,F,Standard,2022-03-03,Online,Home & Garden
GM04137,North America,Chicago,67,F,Standard,2022-11-11,Online,Electronics
GM04138,Europe,Warsaw,44,F,Budget,2022-01-29,Call Center,Electronics
GM04139,North America,New York,50,M,Premium,2020-06-07,In-Store,Food & Grocery
GM04140,North America,Los Angeles,39,M,Standard,2022-01-10,Online,Sports
GM04141,Europe,London,65,M,Budget,2020-12-08,Mobile App,Fashion
GM04142,Europe,Berlin,20,F,Standard,2023-11-24,In-Store,Electronics
GM04143,Central Asia,Bishkek,40,F,Budget,2024-01-17,Online,Fashion
GM04144,North America,Chicago,38,M,Budget,2021-11-29,Online,Sports
GM04145,Southeast Asia,Manila,58,M,Standard,2023-03-12,Online,Home & Garden
GM04146,North America,Toronto,40,F,Standard,2021-01-31,Mobile App,Food & Grocery
GM04147,Central Asia,Almaty,21,F,Standard,2021-06-19,Online,Home & Garden
GM04148,MENA,Istanbul,38,F,Premium,2020-05-20,Online,Food & Grocery
GM04149,North America,Toronto,54,M,Budget,2022-08-18,Mobile App,Fashion
GM04150,North America,Toronto,60,M,Budget,2020-08-27,Online,Sports
GM04151,Central Asia,Tashkent,48,Other,Standard,2020-10-18,In-Store,Sports
GM04152,Central Asia,Almaty,38,F,Standard,2022-03-27,Online,Electronics
GM04153,North America,Los Angeles,43,M,Premium,2020-03-22,In-Store,Fashion
GM04154,Europe,Amsterdam,58,F,Budget,2021-07-13,Online,Food & Grocery
GM04155,Europe,Warsaw,52,F,Standard,2022-05-19,Online,Electronics
GM04156,Central Asia,Astana,55,M,Budget,2020-06-19,In-Store,Fashion
GM04157,MENA,Riyadh,41,M,Standard,2022-09-03,In-Store,Electronics
GM04158,Southeast Asia,Manila,28,M,Budget,2021-08-02,In-Store,Electronics
GM04159,Southeast Asia,Manila,58,M,Standard,2021-06-09,In-Store,Sports
GM04160,North America,Toronto,46,F,Standard,2021-06-25,In-Store,Sports
GM04161,MENA,Dubai,64,M,Standard,2020-04-19,In-Store,Home & Garden
GM04162,Central Asia,Astana,20,F,Budget,2023-05-20,In-Store,Home & Garden
GM04163,MENA,Riyadh,18,Other,Standard,2024-01-01,In-Store,Sports
GM04164,MENA,Istanbul,69,M,Standard,2020-11-17,In-Store,Sports
GM04165,North America,Toronto,71,M,Premium,2022-06-18,In-Store,Electronics
GM04166,MENA,Dubai,36,F,Standard,2021-12-14,Online,Home & Garden
GM04167,Europe,Berlin,63,F,Standard,2020-03-24,Online,Sports
GM04168,Central Asia,Bishkek,66,F,Standard,2022-08-13,Online,Fashion
GM04169,Europe,Warsaw,39,M,Standard,2021-01-10,Mobile App,Fashion
GM04170,Central Asia,Astana,31,M,Standard,2022-12-12,Mobile App,Home & Garden
GM04171,Europe,Warsaw,66,F,Premium,2023-07-03,In-Store,Fashion
GM04172,Southeast Asia,Singapore,31,Other,Budget,2021-08-08,Online,Food & Grocery
GM04173,MENA,Dubai,61,M,Standard,2023-05-28,Online,Electronics
GM04174,MENA,Istanbul,33,F,Standard,2020-04-09,Mobile App,Home & Garden
GM04175,Southeast Asia,Bangkok,50,M,Premium,2020-05-08,Mobile App,Food & Grocery
GM04176,Southeast Asia,Singapore,30,Other,Standard,2022-07-06,Online,Sports
GM04177,North America,Chicago,55,F,Standard,2020-08-06,Mobile App,Food & Grocery
GM04178,North America,Chicago,66,M,Budget,2021-04-21,In-Store,Fashion
GM04179,Europe,Paris,29,F,Budget,2024-01-21,Online,Electronics
GM04180,Europe,London,68,M,Standard,2020-01-22,Mobile App,Sports
GM04181,MENA,Istanbul,55,M,Standard,2021-07-13,In-Store,Beauty
GM04182,North America,Toronto,56,M,Standard,2021-09-20,Mobile App,Electronics
GM04183,North America,Chicago,50,M,Budget,2022-10-15,Online,Fashion
GM04184,Europe,Amsterdam,50,M,Budget,2023-09-14,Online,Electronics
GM04185,Europe,Paris,46,F,Standard,2020-12-04,Online,Beauty
GM04186,North America,New York,22,F,Standard,2020-06-27,Online,Beauty
GM04187,Europe,Amsterdam,23,M,Budget,2021-02-24,In-Store,Electronics
GM04188,North America,Toronto,48,F,Standard,2022-10-03,Online,Sports
GM04189,North America,Los Angeles,33,F,Standard,2020-02-18,In-Store,Food & Grocery
GM04190,North America,Chicago,48,F,Budget,2022-02-05,Online,Sports
GM04191,North America,Toronto,42,F,Standard,2020-01-30,Mobile App,Beauty
GM04192,Southeast Asia,Singapore,65,M,Standard,2020-03-25,In-Store,Home & Garden
GM04193,MENA,Cairo,63,M,Budget,2022-02-27,In-Store,Home & Garden
GM04194,North America,Chicago,50,F,Standard,2020-11-24,Online,Sports
GM04195,North America,Los Angeles,30,M,Standard,2021-09-01,Online,Home & Garden
GM04196,Europe,Berlin,69,M,Standard,2021-03-09,Online,Sports
GM04197,Central Asia,Astana,27,M,Standard,2021-08-10,Online,Fashion
GM04198,Europe,London,41,M,Premium,2023-06-26,Online,Sports
GM04199,MENA,Dubai,27,M,Standard,2023-03-03,Online,Fashion
GM04200,North America,New York,58,F,Standard,2021-11-20,In-Store,Food & Grocery
GM04201,North America,Chicago,48,M,Budget,2023-10-20,Call Center,Beauty
GM04202,Europe,Berlin,30,F,Standard,2021-02-28,Online,Home & Garden
GM04203,Europe,Paris,20,F,Budget,2023-12-09,Mobile App,Food & Grocery
GM04204,Southeast Asia,Manila,67,M,Standard,2022-02-08,Online,Food & Grocery
GM04205,Central Asia,Tashkent,69,M,Budget,2021-05-26,In-Store,Beauty
GM04206,MENA,Dubai,51,M,Standard,2023-11-09,In-Store,Electronics
GM04207,North America,Toronto,66,M,Standard,2023-11-12,Mobile App,Electronics
GM04208,MENA,Istanbul,45,M,Standard,2022-10-08,Online,Food & Grocery
GM04209,Central Asia,Tashkent,36,M,Standard,2024-01-12,Online,Food & Grocery
GM04210,Central Asia,Tashkent,40,F,Standard,2021-07-17,Online,Beauty
GM04211,Central Asia,Bishkek,62,F,Standard,2020-10-29,In-Store,Sports
GM04212,North America,Los Angeles,49,M,Budget,2020-04-08,Mobile App,Sports
GM04213,MENA,Cairo,30,M,Budget,2023-08-22,Mobile App,Home & Garden
GM04214,Europe,Amsterdam,50,F,Budget,2021-07-10,Mobile App,Beauty
GM04215,North America,Toronto,51,F,Standard,2020-02-11,In-Store,Electronics
GM04216,North America,Chicago,50,F,Budget,2022-09-17,Mobile App,Beauty
GM04217,Central Asia,Bishkek,22,F,Budget,2021-04-12,In-Store,Beauty
GM04218,MENA,Riyadh,20,M,Standard,2021-03-15,Online,Home & Garden
GM04219,North America,Los Angeles,24,M,Standard,2020-11-22,Mobile App,Sports
GM04220,Europe,Warsaw,41,F,Standard,2021-07-22,Online,Food & Grocery
GM04221,Europe,Warsaw,39,M,Premium,2020-02-02,Online,Electronics
GM04222,North America,Chicago,62,Other,Premium,2021-02-15,Online,Home & Garden
GM04223,Southeast Asia,Jakarta,40,F,Premium,2022-03-22,In-Store,Electronics
GM04224,North America,Los Angeles,47,F,Standard,2023-02-11,In-Store,Electronics
GM04225,North America,Los Angeles,35,M,Standard,2021-05-22,Online,Sports
GM04226,North America,Chicago,49,F,Standard,2020-02-25,Mobile App,Food & Grocery
GM04227,Europe,Berlin,70,F,Budget,2023-10-07,Mobile App,Food & Grocery
GM04228,North America,New York,24,M,Budget,2023-09-14,Mobile App,Sports
GM04229,MENA,Riyadh,50,M,Budget,2021-06-29,In-Store,Home & Garden
GM04230,Europe,Amsterdam,22,F,Standard,2023-07-17,Mobile App,Fashion
GM04231,North America,Toronto,66,F,Standard,2020-07-14,Mobile App,Home & Garden
GM04232,North America,New York,45,M,Standard,2021-02-16,Online,Home & Garden
GM04233,Europe,Berlin,25,M,Standard,2021-09-28,Online,Fashion
GM04234,Southeast Asia,Manila,32,F,Standard,2023-01-07,In-Store,Electronics
GM04235,Central Asia,Tashkent,69,F,Standard,2023-01-11,Online,Beauty
GM04236,Europe,Warsaw,21,F,Budget,2022-01-11,Online,Fashion
GM04237,Central Asia,Astana,51,F,Premium,2020-05-16,In-Store,Beauty
GM04238,North America,Toronto,22,M,Premium,2021-06-22,Online,Electronics
GM04239,North America,Chicago,50,F,Premium,2021-11-19,Online,Fashion
GM04240,Europe,London,22,M,Standard,2021-12-19,In-Store,Sports
GM04241,North America,New York,55,F,Standard,2022-07-21,Mobile App,Home & Garden
GM04242,MENA,Riyadh,51,F,Standard,2020-11-01,Mobile App,Fashion
GM04243,North America,Chicago,43,M,Premium,2023-08-27,In-Store,Fashion
GM04244,MENA,Istanbul,18,M,Standard,2021-01-22,In-Store,Electronics
GM04245,MENA,Dubai,21,F,Premium,2021-12-25,Online,Sports
GM04246,Southeast Asia,Singapore,56,M,Standard,2022-07-03,Online,Fashion
GM04247,Europe,Paris,71,M,Premium,2021-07-02,Online,Sports
GM04248,Europe,Berlin,43,F,Budget,2021-05-20,Mobile App,Beauty
GM04249,North America,Los Angeles,50,M,Standard,2021-01-22,In-Store,Fashion
GM04250,Southeast Asia,Singapore,50,F,Standard,2020-10-19,Mobile App,Sports
GM04251,MENA,Dubai,25,M,Standard,2020-06-27,Mobile App,Home & Garden
GM04252,Central Asia,Bishkek,37,F,Standard,2021-11-02,Online,Electronics
GM04253,Europe,Amsterdam,33,M,Premium,2023-12-23,In-Store,Food & Grocery
GM04254,MENA,Cairo,38,M,Standard,2023-08-28,In-Store,Sports
GM04255,Europe,Warsaw,62,F,Standard,2020-03-20,In-Store,Electronics
GM04256,North America,New York,43,F,Standard,2022-11-03,In-Store,Food & Grocery
GM04257,Southeast Asia,Bangkok,40,M,Standard,2022-12-13,Call Center,Fashion
GM04258,MENA,Istanbul,35,M,Budget,2021-03-22,Mobile App,Fashion
GM04259,Europe,Amsterdam,48,F,Budget,2022-02-04,Mobile App,Beauty
GM04260,MENA,Dubai,69,F,Premium,2022-12-24,Online,Electronics
GM04261,Central Asia,Almaty,59,Other,Standard,2023-10-27,Online,Home & Garden
GM04262,Southeast Asia,Jakarta,29,Other,Premium,2021-05-17,Online,Home & Garden
GM04263,MENA,Riyadh,18,F,Standard,2021-07-23,Online,Sports
GM04264,MENA,Dubai,59,M,Standard,2020-04-05,In-Store,Home & Garden
GM04265,North America,Toronto,26,F,Premium,2023-07-07,In-Store,Food & Grocery
GM04266,MENA,Riyadh,20,F,Budget,2021-08-07,In-Store,Electronics
GM04267,North America,New York,68,M,Standard,2020-09-04,Mobile App,Fashion
GM04268,Central Asia,Tashkent,43,M,Standard,2020-05-06,Mobile App,Electronics
GM04269,North America,Toronto,26,M,Premium,2021-05-13,Online,Electronics
GM04270,Southeast Asia,Singapore,59,M,Standard,2020-02-15,Mobile App,Fashion
GM04271,North America,Toronto,68,M,Budget,2022-09-08,In-Store,Food & Grocery
GM04272,Southeast Asia,Singapore,33,F,Standard,2020-09-24,In-Store,Electronics
GM04273,Europe,Paris,41,F,Budget,2020-04-03,Mobile App,Home & Garden
GM04274,MENA,Istanbul,67,F,Premium,2022-01-05,Online,Sports
GM04275,North America,Los Angeles,31,M,Standard,2023-09-01,Mobile App,Sports
GM04276,North America,Chicago,20,M,Budget,2021-09-03,In-Store,Electronics
GM04277,MENA,Istanbul,51,F,Standard,2020-03-11,Mobile App,Food & Grocery
GM04278,Europe,Warsaw,50,M,Premium,2021-08-15,Call Center,Fashion
GM04279,Europe,Berlin,67,F,Standard,2021-03-24,In-Store,Beauty
GM04280,MENA,Dubai,41,Other,Standard,2023-10-22,Online,Food & Grocery
GM04281,Europe,London,26,M,Standard,2021-09-11,Online,Electronics
GM04282,North America,New York,30,M,Budget,2021-09-05,Online,Electronics
GM04283,Europe,Warsaw,19,M,Budget,2023-12-04,Online,Beauty
GM04284,Central Asia,Tashkent,24,F,Standard,2020-03-31,Mobile App,Sports
GM04285,North America,Los Angeles,65,F,Standard,2022-05-26,Online,Food & Grocery
GM04286,North America,Los Angeles,38,F,Standard,2021-06-11,Call Center,Sports
GM04287,Southeast Asia,Jakarta,36,M,Budget,2023-02-07,Mobile App,Beauty
GM04288,North America,Toronto,42,Other,Budget,2022-02-13,Online,Fashion
GM04289,Europe,Warsaw,64,M,Premium,2021-11-02,In-Store,Electronics
GM04290,North America,Toronto,39,M,Standard,2022-02-03,In-Store,Home & Garden
GM04291,MENA,Istanbul,28,F,Standard,2023-01-17,In-Store,Sports
GM04292,Central Asia,Bishkek,50,F,Standard,2023-07-19,In-Store,Sports
GM04293,North America,New York,49,M,Standard,2023-06-24,Online,Food & Grocery
GM04294,Southeast Asia,Jakarta,38,M,Standard,2020-12-26,In-Store,Sports
GM04295,MENA,Riyadh,56,M,Premium,2021-01-12,In-Store,Fashion
GM04296,Europe,Amsterdam,37,M,Budget,2023-05-14,Mobile App,Beauty
GM04297,Europe,Warsaw,25,M,Budget,2020-12-10,Mobile App,Fashion
GM04298,Europe,London,59,Other,Budget,2022-03-08,Online,Sports
GM04299,MENA,Dubai,54,F,Premium,2021-03-30,Online,Food & Grocery
GM04300,North America,Los Angeles,26,F,Standard,2022-06-26,Mobile App,Electronics
GM04301,Central Asia,Tashkent,42,F,Standard,2020-03-07,Call Center,Sports
GM04302,Southeast Asia,Singapore,42,F,Standard,2022-09-13,In-Store,Electronics
GM04303,North America,Los Angeles,50,F,Standard,2022-09-05,Online,Food & Grocery
GM04304,North America,Los Angeles,19,F,Budget,2020-02-12,Online,Electronics
GM04305,North America,Chicago,36,M,Premium,2020-08-16,Online,Sports
GM04306,Central Asia,Bishkek,63,F,Budget,2024-01-07,Online,Sports
GM04307,MENA,Istanbul,37,F,Budget,2020-08-21,In-Store,Electronics
GM04308,North America,Toronto,59,F,Budget,2023-05-07,In-Store,Fashion
GM04309,North America,Los Angeles,58,Other,Budget,2021-05-11,Online,Fashion
GM04310,North America,Chicago,59,M,Standard,2022-04-27,Online,Food & Grocery
GM04311,Europe,Amsterdam,46,F,Budget,2022-11-21,Online,Fashion
GM04312,Southeast Asia,Singapore,23,M,Standard,2023-07-11,Mobile App,Home & Garden
GM04313,Europe,Amsterdam,34,F,Budget,2020-04-22,In-Store,Electronics
GM04314,Southeast Asia,Singapore,42,M,Premium,2022-08-30,Call Center,Home & Garden
GM04315,Southeast Asia,Jakarta,55,M,Standard,2021-04-03,In-Store,Home & Garden
GM04316,Europe,London,21,M,Standard,2023-07-23,Online,Electronics
GM04317,North America,Chicago,47,F,Standard,2023-03-15,Online,Home & Garden
GM04318,Central Asia,Almaty,37,M,Standard,2023-10-12,In-Store,Food & Grocery
GM04319,MENA,Riyadh,20,F,Standard,2020-01-06,In-Store,Food & Grocery
GM04320,MENA,Cairo,40,M,Budget,2023-09-25,In-Store,Electronics
GM04321,North America,Chicago,68,F,Standard,2022-09-18,Mobile App,Beauty
GM04322,Southeast Asia,Jakarta,35,F,Standard,2021-05-08,Mobile App,Beauty
GM04323,North America,New York,43,M,Standard,2023-02-05,Online,Electronics
GM04324,MENA,Cairo,53,M,Standard,2020-03-11,Mobile App,Electronics
GM04325,North America,Toronto,25,F,Standard,2022-07-27,In-Store,Electronics
GM04326,Southeast Asia,Jakarta,34,F,Standard,2023-09-25,Online,Fashion
GM04327,Central Asia,Astana,48,F,Premium,2021-11-04,In-Store,Electronics
GM04328,Southeast Asia,Manila,54,M,Standard,2023-01-28,In-Store,Food & Grocery
GM04329,Central Asia,Tashkent,62,F,Standard,2023-09-12,Online,Food & Grocery
GM04330,North America,New York,50,Other,Standard,2022-11-22,In-Store,Sports
GM04331,Europe,Warsaw,44,M,Standard,2020-05-22,Online,Beauty
GM04332,Europe,Berlin,62,M,Budget,2023-06-21,Online,Beauty
GM04333,MENA,Istanbul,21,M,Standard,2022-01-05,Online,Electronics
GM04334,North America,Los Angeles,39,F,Standard,2021-12-26,Online,Beauty
GM04335,MENA,Cairo,43,F,Standard,2020-08-04,Online,Electronics
GM04336,Central Asia,Almaty,49,M,Standard,2021-03-09,Online,Electronics
GM04337,North America,Los Angeles,41,M,Standard,2022-04-13,Mobile App,Beauty
GM04338,Southeast Asia,Bangkok,63,M,Standard,2022-12-13,Online,Beauty
GM04339,MENA,Riyadh,52,M,Standard,2021-12-20,In-Store,Sports
GM04340,Europe,Amsterdam,54,M,Budget,2022-07-30,Online,Home & Garden
GM04341,MENA,Riyadh,49,Other,Standard,2022-06-25,Mobile App,Sports
GM04342,Central Asia,Almaty,24,M,Budget,2022-09-21,Online,Sports
GM04343,North America,Toronto,50,M,Standard,2023-03-20,Online,Beauty
GM04344,North America,Los Angeles,48,F,Standard,2020-02-24,Online,Food & Grocery
GM04345,North America,Toronto,29,F,Budget,2024-01-11,Call Center,Sports
GM04346,Europe,Berlin,28,F,Budget,2022-11-24,In-Store,Food & Grocery
GM04347,North America,Toronto,41,M,Standard,2022-05-10,Online,Beauty
GM04348,North America,Toronto,25,M,Budget,2022-10-03,Online,Fashion
GM04349,North America,Los Angeles,49,F,Standard,2023-02-16,Online,Electronics
GM04350,North America,Toronto,55,F,Standard,2023-05-05,Online,Home & Garden
GM04351,North America,New York,39,M,Premium,2021-07-19,Mobile App,Food & Grocery
GM04352,North America,New York,51,F,Premium,2022-02-09,In-Store,Fashion
GM04353,MENA,Dubai,36,F,Budget,2022-05-27,In-Store,Food & Grocery
GM04354,Southeast Asia,Manila,69,M,Premium,2022-04-03,Online,Electronics
GM04355,MENA,Dubai,37,F,Premium,2021-05-28,In-Store,Electronics
GM04356,North America,New York,31,F,Budget,2022-05-11,Online,Home & Garden
GM04357,Europe,Amsterdam,50,M,Premium,2021-02-25,Online,Sports
GM04358,North America,Los Angeles,27,F,Standard,2021-05-31,In-Store,Electronics
GM04359,North America,Los Angeles,33,F,Standard,2023-03-08,Online,Home & Garden
GM04360,Europe,Amsterdam,21,F,Standard,2021-12-05,In-Store,Food & Grocery
GM04361,Central Asia,Tashkent,44,M,Budget,2022-03-19,Mobile App,Food & Grocery
GM04362,North America,Chicago,45,M,Standard,2020-02-13,Online,Food & Grocery
GM04363,North America,Toronto,60,F,Standard,2022-05-07,Mobile App,Food & Grocery
GM04364,MENA,Cairo,33,M,Standard,2022-03-11,Online,Food & Grocery
GM04365,Europe,Amsterdam,69,M,Standard,2020-08-06,Online,Beauty
GM04366,North America,Toronto,50,M,Standard,2021-07-21,In-Store,Electronics
GM04367,Central Asia,Almaty,65,M,Budget,2022-06-26,In-Store,Electronics
GM04368,MENA,Dubai,36,Other,Standard,2020-09-14,Online,Sports
GM04369,Europe,Warsaw,38,M,Standard,2022-08-18,Mobile App,Sports
GM04370,Europe,Amsterdam,39,F,Premium,2023-11-01,Call Center,Beauty
GM04371,Europe,Amsterdam,26,M,Standard,2022-06-11,Online,Electronics
GM04372,MENA,Dubai,26,F,Premium,2020-10-15,Mobile App,Sports
GM04373,Central Asia,Tashkent,26,M,Standard,2024-02-02,In-Store,Home & Garden
GM04374,MENA,Istanbul,44,F,Budget,2022-08-29,Mobile App,Food & Grocery
GM04375,MENA,Riyadh,34,F,Standard,2020-04-12,Online,Food & Grocery
GM04376,MENA,Istanbul,61,M,Standard,2022-03-14,Mobile App,Electronics
GM04377,MENA,Dubai,62,F,Budget,2023-03-18,Online,Food & Grocery
GM04378,North America,Chicago,25,M,Standard,2023-01-12,Mobile App,Food & Grocery
GM04379,Europe,Paris,33,F,Standard,2022-11-15,In-Store,Home & Garden
GM04380,MENA,Dubai,35,Other,Standard,2023-04-13,Online,Fashion
GM04381,Central Asia,Astana,50,F,Premium,2023-12-16,Online,Beauty
GM04382,Central Asia,Almaty,18,F,Budget,2023-10-01,Mobile App,Sports
GM04383,North America,Chicago,29,M,Standard,2020-10-28,In-Store,Fashion
GM04384,North America,New York,23,M,Budget,2023-08-14,Online,Sports
GM04385,Southeast Asia,Jakarta,58,M,Premium,2023-03-04,In-Store,Fashion
GM04386,North America,Los Angeles,22,F,Standard,2022-12-14,Mobile App,Food & Grocery
GM04387,Southeast Asia,Jakarta,33,F,Premium,2020-02-25,Online,Sports
GM04388,Central Asia,Almaty,35,M,Premium,2022-10-11,Online,Beauty
GM04389,Central Asia,Tashkent,66,F,Standard,2021-01-08,Mobile App,Electronics
GM04390,Central Asia,Almaty,35,M,Standard,2022-04-10,Online,Home & Garden
GM04391,Europe,Paris,18,M,Budget,2022-07-08,Online,Fashion
GM04392,MENA,Istanbul,36,F,Standard,2023-09-24,Online,Home & Garden
GM04393,North America,Los Angeles,71,M,Standard,2021-04-01,Mobile App,Home & Garden
GM04394,Central Asia,Tashkent,25,F,Standard,2023-10-10,Online,Sports
GM04395,Southeast Asia,Bangkok,20,M,Standard,2020-05-11,In-Store,Electronics
GM04396,North America,Chicago,42,F,Standard,2021-05-07,Mobile App,Sports
GM04397,Europe,Amsterdam,22,M,Standard,2020-04-19,Online,Home & Garden
GM04398,Central Asia,Almaty,57,M,Premium,2021-08-04,Mobile App,Food & Grocery
GM04399,Europe,Amsterdam,36,F,Budget,2022-03-06,In-Store,Beauty
GM04400,Europe,Paris,35,F,Standard,2023-02-23,In-Store,Electronics
GM04401,Europe,Paris,67,M,Standard,2023-08-12,Online,Electronics
GM04402,MENA,Istanbul,70,M,Premium,2023-04-17,In-Store,Food & Grocery
GM04403,Europe,Paris,48,F,Standard,2022-03-20,Online,Home & Garden
GM04404,Europe,Amsterdam,50,M,Standard,2022-06-04,Online,Sports
GM04405,Southeast Asia,Bangkok,64,F,Standard,2023-05-05,Mobile App,Food & Grocery
GM04406,North America,Toronto,35,F,Standard,2022-02-11,Online,Beauty
GM04407,Southeast Asia,Bangkok,56,M,Budget,2023-01-29,Mobile App,Fashion
GM04408,Europe,London,33,M,Standard,2022-07-25,Online,Sports
GM04409,MENA,Cairo,33,F,Standard,2021-07-26,Online,Electronics
GM04410,North America,Toronto,64,M,Standard,2023-04-21,Mobile App,Food & Grocery
GM04411,Central Asia,Bishkek,55,F,Budget,2022-03-19,Online,Sports
GM04412,Central Asia,Bishkek,58,M,Premium,2022-05-28,Mobile App,Fashion
GM04413,North America,Toronto,24,F,Budget,2022-10-29,In-Store,Beauty
GM04414,North America,Toronto,31,M,Budget,2021-02-16,Online,Food & Grocery
GM04415,MENA,Riyadh,60,F,Standard,2022-04-09,In-Store,Beauty
GM04416,MENA,Istanbul,70,M,Budget,2021-07-19,Online,Fashion
GM04417,MENA,Dubai,65,M,Standard,2020-04-13,Online,Fashion
GM04418,Central Asia,Almaty,42,F,Standard,2023-02-23,Mobile App,Home & Garden
GM04419,Europe,Amsterdam,49,M,Standard,2021-11-07,Online,Electronics
GM04420,Europe,Amsterdam,55,M,Standard,2022-08-02,Online,Home & Garden
GM04421,Central Asia,Almaty,39,M,Premium,2020-09-26,Mobile App,Sports
GM04422,Southeast Asia,Jakarta,33,M,Standard,2021-04-10,Mobile App,Fashion
GM04423,North America,Chicago,69,F,Standard,2022-03-11,In-Store,Home & Garden
GM04424,North America,Los Angeles,46,F,Budget,2023-02-15,In-Store,Electronics
GM04425,Europe,Paris,33,M,Standard,2023-01-20,In-Store,Electronics
GM04426,MENA,Dubai,29,F,Standard,2022-10-01,In-Store,Fashion
GM04427,Europe,Amsterdam,34,F,Budget,2023-01-15,In-Store,Food & Grocery
GM04428,Central Asia,Astana,54,F,Standard,2020-08-21,Call Center,Home & Garden
GM04429,Europe,Berlin,44,M,Standard,2022-07-01,Online,Beauty
GM04430,North America,New York,42,F,Budget,2023-02-21,In-Store,Fashion
GM04431,North America,Toronto,30,F,Standard,2023-05-11,Mobile App,Sports
GM04432,MENA,Cairo,25,F,Standard,2022-11-21,In-Store,Home & Garden
GM04433,MENA,Istanbul,22,M,Standard,2020-12-22,Mobile App,Home & Garden
GM04434,Southeast Asia,Singapore,29,M,Budget,2024-01-26,Online,Fashion
GM04435,Central Asia,Bishkek,58,F,Standard,2022-08-21,Online,Food & Grocery
GM04436,Europe,Paris,20,M,Standard,2020-04-03,Mobile App,Home & Garden
GM04437,Europe,Paris,52,F,Budget,2023-12-02,Online,Home & Garden
GM04438,North America,Los Angeles,50,M,Standard,2023-01-28,Mobile App,Sports
GM04439,Southeast Asia,Jakarta,39,F,Budget,2020-08-31,Online,Food & Grocery
GM04440,Europe,Warsaw,67,F,Budget,2020-02-27,Mobile App,Sports
GM04441,Southeast Asia,Jakarta,61,F,Budget,2022-08-22,In-Store,Beauty
GM04442,North America,Los Angeles,26,F,Budget,2023-10-12,Online,Sports
GM04443,Europe,London,58,F,Standard,2020-11-15,In-Store,Beauty
GM04444,MENA,Istanbul,35,M,Budget,2022-11-08,In-Store,Sports
GM04445,MENA,Dubai,67,F,Standard,2020-12-22,Online,Beauty
GM04446,Southeast Asia,Jakarta,46,M,Standard,2020-04-26,In-Store,Food & Grocery
GM04447,Europe,Warsaw,56,F,Premium,2023-03-05,In-Store,Sports
GM04448,North America,Toronto,44,M,Budget,2020-10-22,Online,Sports
GM04449,Europe,Warsaw,53,F,Standard,2021-06-08,Mobile App,Fashion
GM04450,North America,Toronto,62,F,Budget,2023-01-29,Online,Sports
GM04451,MENA,Cairo,34,M,Premium,2023-11-04,Online,Beauty
GM04452,North America,Los Angeles,51,M,Budget,2023-03-24,In-Store,Fashion
GM04453,North America,Los Angeles,63,Other,Budget,2023-02-02,In-Store,Beauty
GM04454,North America,Chicago,20,M,Standard,2023-02-25,Mobile App,Sports
GM04455,Southeast Asia,Manila,22,M,Standard,2021-02-04,Online,Sports
GM04456,Central Asia,Astana,31,M,Standard,2022-01-08,Online,Beauty
GM04457,North America,Chicago,20,Other,Premium,2021-06-12,Online,Food & Grocery
GM04458,Europe,Warsaw,40,Other,Standard,2021-07-10,Mobile App,Food & Grocery
GM04459,MENA,Cairo,56,F,Standard,2021-07-03,In-Store,Food & Grocery
GM04460,MENA,Istanbul,47,F,Standard,2023-02-21,Mobile App,Home & Garden
GM04461,MENA,Riyadh,67,M,Premium,2020-12-25,Online,Fashion
GM04462,MENA,Riyadh,62,Other,Standard,2020-03-04,Mobile App,Fashion
GM04463,Southeast Asia,Jakarta,40,M,Premium,2022-02-03,In-Store,Food & Grocery
GM04464,Europe,Amsterdam,44,M,Budget,2022-02-12,Mobile App,Sports
GM04465,North America,Chicago,71,M,Standard,2021-09-15,Online,Fashion
GM04466,MENA,Dubai,27,F,Standard,2020-04-11,In-Store,Beauty
GM04467,Europe,London,42,F,Standard,2021-07-14,Mobile App,Sports
GM04468,Europe,Berlin,30,M,Standard,2023-07-24,In-Store,Fashion
GM04469,Southeast Asia,Jakarta,33,Other,Budget,2023-06-04,Online,Electronics
GM04470,Southeast Asia,Bangkok,58,M,Premium,2022-11-12,Call Center,Fashion
GM04471,Southeast Asia,Jakarta,51,M,Standard,2022-04-23,Online,Food & Grocery
GM04472,Southeast Asia,Jakarta,54,M,Budget,2022-12-23,Online,Beauty
GM04473,Europe,Paris,39,F,Standard,2023-03-26,In-Store,Fashion
GM04474,Europe,Paris,34,F,Premium,2023-11-14,In-Store,Home & Garden
GM04475,North America,Chicago,40,M,Premium,2023-03-18,Mobile App,Food & Grocery
GM04476,MENA,Cairo,71,F,Premium,2022-04-18,Online,Home & Garden
GM04477,MENA,Istanbul,53,M,Budget,2023-10-18,In-Store,Sports
GM04478,Europe,Paris,66,F,Standard,2021-11-11,In-Store,Home & Garden
GM04479,North America,Chicago,26,Other,Budget,2024-01-27,Online,Beauty
GM04480,North America,Chicago,69,M,Budget,2021-10-06,Mobile App,Electronics
GM04481,Europe,Berlin,19,F,Standard,2021-02-02,Mobile App,Electronics
GM04482,MENA,Riyadh,49,F,Premium,2021-02-08,In-Store,Sports
GM04483,North America,New York,67,M,Premium,2022-04-05,Online,Sports
GM04484,North America,Toronto,70,F,Standard,2023-03-01,Mobile App,Home & Garden
GM04485,Europe,Berlin,39,F,Standard,2023-05-05,Online,Beauty
GM04486,North America,Los Angeles,60,M,Standard,2021-10-08,Online,Home & Garden
GM04487,Central Asia,Astana,30,M,Standard,2020-02-04,Online,Beauty
GM04488,Europe,Berlin,25,M,Budget,2021-02-23,Online,Beauty
GM04489,North America,Toronto,18,F,Standard,2021-01-11,Mobile App,Electronics
GM04490,North America,Chicago,34,F,Standard,2023-11-23,In-Store,Beauty
GM04491,Europe,London,29,F,Budget,2020-08-07,Call Center,Fashion
GM04492,North America,New York,21,M,Premium,2021-11-27,Online,Beauty
GM04493,North America,New York,70,M,Standard,2020-12-07,In-Store,Electronics
GM04494,North America,Chicago,30,M,Premium,2022-01-22,Call Center,Food & Grocery
GM04495,North America,New York,48,F,Premium,2021-02-19,Mobile App,Home & Garden
GM04496,North America,New York,58,Other,Standard,2024-01-19,Mobile App,Beauty
GM04497,MENA,Istanbul,24,F,Standard,2023-08-13,Online,Fashion
GM04498,Europe,Warsaw,40,M,Standard,2022-07-26,Mobile App,Sports
GM04499,Europe,London,41,F,Budget,2023-09-16,Online,Home & Garden
GM04500,MENA,Dubai,22,F,Premium,2022-10-03,In-Store,Sports
GM04501,North America,Los Angeles,22,M,Standard,2021-11-10,In-Store,Fashion
GM04502,MENA,Riyadh,34,F,Premium,2023-09-24,In-Store,Electronics
GM04503,Europe,London,47,M,Standard,2022-01-17,Mobile App,Food & Grocery
GM04504,Central Asia,Bishkek,26,M,Standard,2022-03-16,In-Store,Electronics
GM04505,MENA,Cairo,23,M,Budget,2023-08-14,Online,Food & Grocery
GM04506,Europe,Berlin,42,M,Standard,2020-11-07,In-Store,Home & Garden
GM04507,North America,Toronto,36,M,Premium,2020-02-24,In-Store,Beauty
GM04508,Central Asia,Tashkent,33,M,Standard,2021-11-24,Online,Beauty
GM04509,North America,Chicago,38,M,Premium,2021-06-17,Online,Sports
GM04510,Southeast Asia,Bangkok,19,F,Standard,2020-04-14,Online,Electronics
GM04511,Europe,Berlin,27,Other,Standard,2023-04-13,In-Store,Beauty
GM04512,MENA,Riyadh,33,F,Premium,2020-10-20,Call Center,Food & Grocery
GM04513,Central Asia,Astana,54,M,Standard,2022-05-29,Online,Beauty
GM04514,North America,New York,32,M,Standard,2021-07-04,In-Store,Electronics
GM04515,North America,Los Angeles,30,M,Standard,2022-06-29,Mobile App,Electronics
GM04516,MENA,Cairo,30,M,Premium,2021-01-09,Online,Fashion
GM04517,MENA,Istanbul,49,F,Budget,2021-03-25,Mobile App,Sports
GM04518,Southeast Asia,Manila,62,F,Standard,2024-01-08,Online,Electronics
GM04519,Europe,Warsaw,64,F,Budget,2022-12-19,Mobile App,Fashion
GM04520,Central Asia,Tashkent,63,F,Standard,2023-11-16,Online,Electronics
GM04521,Southeast Asia,Manila,25,M,Standard,2022-03-22,Online,Home & Garden
GM04522,North America,Toronto,60,M,Standard,2021-01-24,Online,Food & Grocery
GM04523,Southeast Asia,Bangkok,35,F,Standard,2023-05-20,Online,Food & Grocery
GM04524,North America,Chicago,53,M,Premium,2021-10-28,Mobile App,Home & Garden
GM04525,North America,Chicago,43,M,Standard,2023-06-17,Online,Home & Garden
GM04526,MENA,Cairo,27,M,Budget,2023-02-19,In-Store,Electronics
GM04527,North America,Los Angeles,48,M,Standard,2023-06-30,Online,Beauty
GM04528,Southeast Asia,Manila,50,M,Premium,2020-05-20,Mobile App,Beauty
GM04529,North America,Toronto,46,F,Standard,2024-01-15,Mobile App,Home & Garden
GM04530,Europe,London,22,F,Budget,2022-05-23,In-Store,Sports
GM04531,Europe,Amsterdam,30,M,Standard,2023-03-22,Online,Food & Grocery
GM04532,Europe,Paris,18,M,Premium,2023-08-24,In-Store,Fashion
GM04533,Europe,Paris,40,F,Budget,2023-09-02,Online,Home & Garden
GM04534,Europe,Amsterdam,57,M,Standard,2023-08-12,Online,Food & Grocery
GM04535,North America,Los Angeles,20,M,Standard,2022-04-22,In-Store,Fashion
GM04536,North America,Toronto,20,M,Standard,2023-09-30,Call Center,Fashion
GM04537,MENA,Cairo,24,M,Budget,2021-08-19,Mobile App,Home & Garden
GM04538,North America,New York,53,F,Budget,2023-07-29,In-Store,Beauty
GM04539,Central Asia,Astana,52,F,Budget,2023-05-16,In-Store,Sports
GM04540,Central Asia,Almaty,32,M,Premium,2022-08-09,Call Center,Food & Grocery
GM04541,Europe,Paris,57,M,Budget,2021-07-05,In-Store,Home & Garden
GM04542,MENA,Cairo,20,M,Premium,2023-01-24,In-Store,Fashion
GM04543,Europe,Amsterdam,46,M,Standard,2024-01-15,Mobile App,Food & Grocery
GM04544,Europe,Warsaw,47,Other,Standard,2021-01-07,Online,Electronics
GM04545,MENA,Dubai,56,F,Standard,2021-10-09,Online,Electronics
GM04546,North America,Chicago,35,F,Standard,2023-01-01,In-Store,Food & Grocery
GM04547,Central Asia,Bishkek,28,F,Standard,2020-11-28,Online,Food & Grocery
GM04548,North America,Los Angeles,60,F,Budget,2021-01-27,Online,Fashion
GM04549,North America,New York,66,F,Standard,2023-02-03,In-Store,Home & Garden
GM04550,North America,Chicago,55,M,Standard,2023-01-29,In-Store,Beauty
GM04551,Southeast Asia,Jakarta,57,M,Budget,2023-10-14,Call Center,Home & Garden
GM04552,Central Asia,Almaty,18,F,Premium,2023-09-14,Online,Sports
GM04553,Europe,London,46,M,Standard,2021-01-29,Online,Food & Grocery
GM04554,Southeast Asia,Jakarta,27,Other,Standard,2020-02-04,Online,Electronics
GM04555,MENA,Riyadh,45,F,Standard,2020-06-05,In-Store,Fashion
GM04556,North America,Chicago,48,F,Standard,2022-06-22,Mobile App,Beauty
GM04557,North America,Chicago,36,M,Premium,2023-07-20,In-Store,Home & Garden
GM04558,North America,Chicago,20,F,Budget,2022-08-24,Online,Sports
GM04559,Southeast Asia,Bangkok,53,M,Premium,2021-01-30,In-Store,Home & Garden
GM04560,Southeast Asia,Bangkok,60,Other,Standard,2020-07-25,In-Store,Sports
GM04561,North America,Chicago,32,M,Premium,2021-09-12,Online,Home & Garden
GM04562,Europe,Amsterdam,50,F,Standard,2023-08-22,In-Store,Beauty
GM04563,Southeast Asia,Bangkok,58,F,Standard,2022-03-15,In-Store,Beauty
GM04564,Central Asia,Tashkent,60,M,Budget,2021-04-06,Call Center,Fashion
GM04565,Europe,London,68,M,Standard,2020-09-08,Mobile App,Beauty
GM04566,Southeast Asia,Manila,62,Other,Standard,2023-07-14,Mobile App,Sports
GM04567,Europe,Berlin,43,M,Budget,2022-05-16,Mobile App,Fashion
GM04568,Europe,Warsaw,33,F,Standard,2020-07-27,Mobile App,Beauty
GM04569,Europe,Warsaw,53,M,Standard,2022-08-12,Mobile App,Electronics
GM04570,Southeast Asia,Jakarta,50,F,Standard,2021-06-22,Online,Sports
GM04571,MENA,Cairo,37,F,Standard,2022-04-14,In-Store,Fashion
GM04572,North America,Los Angeles,30,M,Budget,2021-05-17,Mobile App,Sports
GM04573,Europe,Amsterdam,50,M,Premium,2022-08-13,In-Store,Fashion
GM04574,North America,Toronto,22,F,Standard,2021-05-28,Online,Sports
GM04575,North America,New York,54,M,Standard,2021-08-02,Online,Electronics
GM04576,Europe,Berlin,31,M,Budget,2023-03-17,Online,Beauty
GM04577,MENA,Riyadh,44,F,Budget,2022-04-19,Online,Home & Garden
GM04578,Europe,Paris,40,M,Standard,2022-09-12,Online,Home & Garden
GM04579,Southeast Asia,Singapore,31,M,Standard,2020-03-23,In-Store,Home & Garden
GM04580,North America,Chicago,57,F,Standard,2022-12-01,Mobile App,Fashion
GM04581,Southeast Asia,Manila,21,M,Standard,2020-06-04,Mobile App,Beauty
GM04582,Europe,Paris,56,M,Budget,2021-03-28,Mobile App,Food & Grocery
GM04583,North America,Chicago,69,M,Budget,2023-07-31,Mobile App,Fashion
GM04584,North America,Toronto,36,F,Budget,2023-04-26,In-Store,Fashion
GM04585,North America,Los Angeles,64,F,Premium,2021-09-08,Online,Fashion
GM04586,Southeast Asia,Singapore,71,F,Budget,2021-09-15,Online,Food & Grocery
GM04587,MENA,Riyadh,21,M,Budget,2024-02-06,Mobile App,Fashion
GM04588,Europe,London,47,M,Standard,2021-05-21,Online,Beauty
GM04589,North America,New York,36,M,Standard,2023-03-02,Mobile App,Home & Garden
GM04590,North America,Toronto,48,M,Budget,2023-07-18,Online,Sports
GM04591,North America,New York,48,F,Standard,2021-09-13,Mobile App,Fashion
GM04592,Europe,Paris,26,M,Budget,2023-01-01,In-Store,Beauty
GM04593,MENA,Cairo,70,M,Standard,2023-12-30,Mobile App,Electronics
GM04594,Europe,Berlin,30,M,Standard,2020-10-19,Online,Sports
GM04595,MENA,Istanbul,31,F,Budget,2021-10-16,Online,Fashion
GM04596,North America,New York,63,F,Standard,2022-07-25,In-Store,Fashion
GM04597,North America,Toronto,71,F,Budget,2022-01-26,Call Center,Sports
GM04598,Europe,London,27,F,Standard,2023-12-31,In-Store,Sports
GM04599,MENA,Riyadh,65,F,Standard,2022-09-22,Mobile App,Fashion
GM04600,Europe,London,48,M,Premium,2021-10-28,Mobile App,Beauty
GM04601,Europe,Amsterdam,54,M,Standard,2020-02-29,Mobile App,Electronics
GM04602,North America,Toronto,40,F,Standard,2020-11-22,In-Store,Beauty
GM04603,Southeast Asia,Jakarta,44,F,Budget,2023-04-20,Online,Food & Grocery
GM04604,MENA,Istanbul,23,F,Standard,2022-03-09,Online,Home & Garden
GM04605,North America,Los Angeles,43,F,Standard,2022-02-23,Call Center,Home & Garden
GM04606,Southeast Asia,Manila,19,F,Premium,2022-02-05,Call Center,Home & Garden
GM04607,North America,Los Angeles,62,F,Standard,2023-12-28,Mobile App,Fashion
GM04608,Europe,Amsterdam,30,F,Budget,2021-06-02,Online,Electronics
GM04609,Southeast Asia,Singapore,68,F,Standard,2021-09-29,Online,Electronics
GM04610,MENA,Cairo,67,M,Standard,2020-03-23,Call Center,Food & Grocery
GM04611,Europe,London,36,F,Standard,2020-01-28,Online,Fashion
GM04612,Central Asia,Almaty,18,F,Premium,2020-09-22,Mobile App,Fashion
GM04613,MENA,Dubai,57,M,Standard,2023-07-30,Online,Fashion
GM04614,Central Asia,Tashkent,49,F,Standard,2021-01-31,In-Store,Electronics
GM04615,Europe,Amsterdam,39,F,Standard,2022-08-19,Mobile App,Fashion
GM04616,Europe,London,65,M,Budget,2022-02-01,Online,Sports
GM04617,North America,Chicago,46,F,Budget,2022-09-06,Online,Sports
GM04618,Southeast Asia,Bangkok,19,M,Budget,2023-11-07,Call Center,Sports
GM04619,Europe,Berlin,57,F,Budget,2022-03-21,In-Store,Fashion
GM04620,Southeast Asia,Jakarta,55,F,Budget,2021-08-03,Mobile App,Sports
GM04621,Southeast Asia,Manila,65,M,Standard,2023-09-04,Mobile App,Food & Grocery
GM04622,North America,New York,28,M,Premium,2021-09-02,Online,Fashion
GM04623,Europe,London,34,F,Standard,2020-07-11,Online,Food & Grocery
GM04624,North America,Toronto,68,M,Budget,2020-08-14,In-Store,Sports
GM04625,Southeast Asia,Manila,60,M,Premium,2021-03-26,Online,Fashion
GM04626,North America,Chicago,25,F,Premium,2023-04-20,In-Store,Beauty
GM04627,Europe,Berlin,39,M,Premium,2022-07-20,Mobile App,Home & Garden
GM04628,MENA,Dubai,21,M,Standard,2023-09-12,Online,Beauty
GM04629,North America,Toronto,28,F,Standard,2021-10-16,In-Store,Home & Garden
GM04630,MENA,Istanbul,25,F,Standard,2020-07-21,Online,Home & Garden
GM04631,Central Asia,Astana,26,F,Premium,2021-02-05,Online,Sports
GM04632,Europe,Warsaw,43,F,Standard,2021-04-16,In-Store,Home & Garden
GM04633,North America,Toronto,19,M,Standard,2022-06-08,Mobile App,Home & Garden
GM04634,Southeast Asia,Manila,33,M,Standard,2020-06-27,Online,Beauty
GM04635,Europe,Amsterdam,48,M,Standard,2022-11-07,In-Store,Home & Garden
GM04636,Southeast Asia,Jakarta,23,F,Standard,2021-04-07,In-Store,Fashion
GM04637,Europe,Paris,70,F,Standard,2022-04-14,Online,Food & Grocery
GM04638,North America,Toronto,38,F,Standard,2021-08-31,In-Store,Food & Grocery
GM04639,North America,New York,43,F,Standard,2022-07-14,Mobile App,Fashion
GM04640,North America,New York,36,F,Budget,2023-11-27,In-Store,Sports
GM04641,Southeast Asia,Jakarta,45,M,Standard,2023-11-17,Online,Beauty
GM04642,Europe,Amsterdam,25,M,Premium,2022-07-24,In-Store,Electronics
GM04643,Southeast Asia,Jakarta,31,M,Budget,2020-10-26,In-Store,Food & Grocery
GM04644,Europe,Berlin,41,M,Standard,2020-12-16,Online,Beauty
GM04645,North America,Los Angeles,65,F,Premium,2020-07-05,Online,Food & Grocery
GM04646,North America,New York,61,M,Premium,2023-10-02,Online,Electronics
GM04647,North America,Toronto,54,F,Budget,2021-09-14,Online,Home & Garden
GM04648,Europe,London,43,F,Budget,2023-12-03,Online,Electronics
GM04649,Southeast Asia,Bangkok,48,M,Standard,2020-03-11,In-Store,Home & Garden
GM04650,Europe,Amsterdam,68,M,Standard,2023-09-12,Online,Food & Grocery
GM04651,Central Asia,Tashkent,49,M,Premium,2023-05-20,Mobile App,Beauty
GM04652,North America,New York,67,M,Standard,2020-11-04,In-Store,Beauty
GM04653,MENA,Riyadh,58,F,Premium,2023-02-05,Mobile App,Sports
GM04654,North America,Los Angeles,19,M,Standard,2020-06-25,In-Store,Food & Grocery
GM04655,MENA,Dubai,42,F,Premium,2021-03-02,Online,Sports
GM04656,Europe,Amsterdam,69,F,Standard,2022-01-09,In-Store,Food & Grocery
GM04657,North America,Toronto,61,F,Standard,2021-06-14,Mobile App,Home & Garden
GM04658,MENA,Dubai,19,F,Standard,2021-02-21,Online,Food & Grocery
GM04659,Europe,London,59,M,Premium,2020-09-04,Online,Food & Grocery
GM04660,North America,Chicago,18,M,Standard,2020-07-27,Online,Home & Garden
GM04661,MENA,Riyadh,53,M,Budget,2020-08-03,Online,Fashion
GM04662,North America,Los Angeles,29,M,Standard,2021-12-13,Online,Fashion
GM04663,MENA,Dubai,26,F,Standard,2021-03-13,Online,Food & Grocery
GM04664,North America,Toronto,53,F,Standard,2020-11-06,Online,Fashion
GM04665,North America,Toronto,58,M,Standard,2021-01-17,In-Store,Beauty
GM04666,North America,Chicago,45,M,Standard,2022-09-07,Online,Food & Grocery
GM04667,Central Asia,Astana,55,M,Budget,2023-07-18,In-Store,Electronics
GM04668,North America,Los Angeles,50,F,Premium,2020-04-30,In-Store,Home & Garden
GM04669,North America,New York,59,F,Premium,2021-02-10,In-Store,Sports
GM04670,North America,New York,63,F,Standard,2020-09-01,Online,Home & Garden
GM04671,Europe,Paris,39,F,Budget,2020-03-06,In-Store,Food & Grocery
GM04672,Southeast Asia,Bangkok,42,M,Budget,2022-07-30,Online,Electronics
GM04673,North America,New York,35,M,Standard,2020-08-15,In-Store,Home & Garden
GM04674,Central Asia,Almaty,23,M,Standard,2022-05-31,In-Store,Sports
GM04675,MENA,Istanbul,35,M,Standard,2020-05-16,Online,Sports
GM04676,Southeast Asia,Bangkok,69,F,Standard,2020-07-12,Online,Electronics
GM04677,Central Asia,Tashkent,33,F,Standard,2021-12-06,Online,Sports
GM04678,Southeast Asia,Jakarta,32,F,Budget,2021-10-19,Online,Beauty
GM04679,North America,Chicago,65,F,Standard,2021-10-18,Online,Sports
GM04680,North America,Toronto,25,M,Standard,2023-10-09,Call Center,Electronics
GM04681,Europe,London,30,M,Standard,2022-07-18,Online,Electronics
GM04682,Europe,Amsterdam,60,F,Standard,2021-07-09,In-Store,Home & Garden
GM04683,Southeast Asia,Jakarta,24,F,Standard,2023-03-26,In-Store,Sports
GM04684,Europe,Berlin,34,M,Standard,2022-08-15,In-Store,Sports
GM04685,North America,Los Angeles,67,F,Premium,2024-02-08,Mobile App,Food & Grocery
GM04686,MENA,Dubai,49,F,Premium,2022-11-05,Mobile App,Food & Grocery
GM04687,Europe,Amsterdam,39,M,Standard,2023-01-06,Mobile App,Electronics
GM04688,Central Asia,Bishkek,68,F,Budget,2020-02-21,Call Center,Food & Grocery
GM04689,MENA,Cairo,30,M,Standard,2021-05-28,Online,Home & Garden
GM04690,Southeast Asia,Manila,64,F,Standard,2022-01-13,In-Store,Home & Garden
GM04691,Europe,Berlin,40,F,Standard,2022-12-20,Mobile App,Beauty
GM04692,Europe,Warsaw,71,Other,Premium,2023-03-01,In-Store,Beauty
GM04693,Europe,Berlin,46,M,Budget,2023-11-06,Call Center,Electronics
GM04694,MENA,Cairo,39,M,Budget,2021-11-22,Online,Home & Garden
GM04695,MENA,Cairo,18,M,Premium,2021-06-26,In-Store,Home & Garden
GM04696,Southeast Asia,Manila,46,M,Standard,2021-02-13,Call Center,Beauty
GM04697,MENA,Cairo,65,F,Standard,2020-06-03,Online,Food & Grocery
GM04698,MENA,Riyadh,22,F,Budget,2021-09-24,Mobile App,Beauty
GM04699,Europe,London,52,M,Standard,2020-02-20,Online,Electronics
GM04700,Southeast Asia,Bangkok,27,M,Standard,2022-10-20,In-Store,Home & Garden
GM04701,Europe,Amsterdam,36,M,Standard,2022-09-20,Mobile App,Electronics
GM04702,Central Asia,Tashkent,54,M,Budget,2023-01-23,Online,Beauty
GM04703,North America,Los Angeles,24,M,Premium,2021-06-07,Online,Sports
GM04704,North America,Los Angeles,63,M,Standard,2020-12-20,Online,Beauty
GM04705,MENA,Istanbul,52,F,Premium,2022-12-04,Mobile App,Home & Garden
GM04706,MENA,Dubai,62,M,Budget,2022-03-12,Mobile App,Electronics
GM04707,North America,Chicago,30,F,Premium,2023-05-13,Online,Food & Grocery
GM04708,Europe,Berlin,27,F,Budget,2022-04-19,Online,Food & Grocery
GM04709,North America,New York,19,M,Standard,2023-12-25,Mobile App,Home & Garden
GM04710,North America,Los Angeles,23,F,Standard,2020-09-12,Mobile App,Beauty
GM04711,MENA,Riyadh,25,F,Budget,2020-09-04,Online,Beauty
GM04712,MENA,Cairo,53,F,Budget,2021-06-16,Online,Fashion
GM04713,Europe,London,42,M,Standard,2020-02-10,Mobile App,Beauty
GM04714,North America,Chicago,61,M,Premium,2024-01-22,In-Store,Home & Garden
GM04715,MENA,Riyadh,64,F,Standard,2022-02-28,Call Center,Electronics
GM04716,Europe,Warsaw,57,F,Standard,2023-07-24,In-Store,Electronics
GM04717,North America,Chicago,24,M,Standard,2020-07-13,In-Store,Fashion
GM04718,Southeast Asia,Bangkok,63,M,Standard,2022-12-30,In-Store,Food & Grocery
GM04719,MENA,Cairo,40,M,Premium,2023-07-17,Mobile App,Home & Garden
GM04720,Southeast Asia,Jakarta,36,M,Standard,2023-09-20,Online,Beauty
GM04721,Europe,Amsterdam,63,F,Standard,2020-11-03,Online,Sports
GM04722,Central Asia,Tashkent,39,M,Premium,2023-12-21,Online,Electronics
GM04723,Europe,London,30,M,Standard,2023-05-07,Mobile App,Home & Garden
GM04724,MENA,Dubai,38,F,Standard,2020-03-16,In-Store,Fashion
GM04725,Europe,Warsaw,18,M,Standard,2022-02-25,Online,Sports
GM04726,Central Asia,Astana,36,F,Premium,2022-03-05,In-Store,Food & Grocery
GM04727,Southeast Asia,Singapore,50,F,Standard,2020-08-17,Online,Home & Garden
GM04728,North America,Toronto,21,M,Standard,2020-03-25,Online,Beauty
GM04729,North America,Toronto,59,F,Standard,2023-03-31,Online,Food & Grocery
GM04730,Europe,London,20,F,Budget,2021-01-31,In-Store,Electronics
GM04731,Europe,Berlin,44,M,Standard,2023-10-26,Mobile App,Beauty
GM04732,Central Asia,Astana,69,M,Premium,2020-08-02,Mobile App,Fashion
GM04733,North America,Chicago,58,F,Standard,2022-10-21,Mobile App,Electronics
GM04734,Southeast Asia,Bangkok,52,F,Budget,2021-01-11,In-Store,Sports
GM04735,MENA,Dubai,45,F,Premium,2021-02-15,Mobile App,Electronics
GM04736,Central Asia,Astana,23,M,Budget,2022-03-10,Online,Beauty
GM04737,MENA,Istanbul,23,F,Standard,2023-05-08,Online,Food & Grocery
GM04738,Europe,Amsterdam,61,M,Budget,2023-04-21,Online,Home & Garden
GM04739,MENA,Cairo,40,F,Standard,2021-02-13,In-Store,Home & Garden
GM04740,North America,New York,50,F,Standard,2023-11-22,Online,Home & Garden
GM04741,North America,Los Angeles,33,F,Budget,2020-08-03,Online,Fashion
GM04742,Central Asia,Almaty,41,F,Standard,2022-01-21,In-Store,Fashion
GM04743,Central Asia,Astana,22,F,Premium,2020-12-14,Online,Home & Garden
GM04744,Southeast Asia,Singapore,58,F,Standard,2022-04-10,In-Store,Sports
GM04745,Europe,Berlin,59,M,Premium,2021-10-15,In-Store,Beauty
GM04746,Central Asia,Bishkek,30,F,Budget,2022-10-18,Online,Sports
GM04747,Europe,London,64,F,Standard,2022-11-30,Online,Home & Garden
GM04748,Central Asia,Bishkek,29,M,Budget,2020-01-03,Online,Beauty
GM04749,MENA,Dubai,22,F,Budget,2023-01-22,Online,Fashion
GM04750,North America,Los Angeles,54,M,Premium,2022-12-18,In-Store,Electronics
GM04751,Europe,Warsaw,48,F,Standard,2022-01-09,Mobile App,Electronics
GM04752,MENA,Istanbul,45,F,Budget,2021-02-10,Online,Beauty
GM04753,North America,Los Angeles,45,M,Standard,2020-01-18,Online,Sports
GM04754,MENA,Dubai,47,F,Budget,2022-01-20,Mobile App,Beauty
GM04755,Southeast Asia,Jakarta,35,M,Standard,2021-08-08,Online,Sports
GM04756,Southeast Asia,Singapore,61,F,Premium,2022-06-06,Online,Food & Grocery
GM04757,Central Asia,Astana,44,M,Budget,2020-11-27,In-Store,Sports
GM04758,North America,Los Angeles,52,M,Premium,2022-10-09,In-Store,Electronics
GM04759,MENA,Dubai,43,M,Premium,2020-06-17,In-Store,Fashion
GM04760,Southeast Asia,Bangkok,56,M,Standard,2022-02-14,Mobile App,Home & Garden
GM04761,MENA,Dubai,66,F,Budget,2022-04-28,Online,Fashion
GM04762,Southeast Asia,Singapore,68,F,Standard,2022-07-29,In-Store,Home & Garden
GM04763,North America,Toronto,35,M,Standard,2020-07-24,Online,Food & Grocery
GM04764,Europe,Warsaw,50,M,Standard,2021-06-04,Mobile App,Electronics
GM04765,MENA,Istanbul,42,M,Standard,2022-10-14,Mobile App,Home & Garden
GM04766,Southeast Asia,Bangkok,48,F,Standard,2023-10-01,Online,Food & Grocery
GM04767,Southeast Asia,Bangkok,54,F,Standard,2020-10-30,Online,Sports
GM04768,Central Asia,Almaty,19,M,Standard,2020-04-24,Online,Beauty
GM04769,North America,Toronto,50,F,Budget,2021-10-25,Online,Home & Garden
GM04770,Europe,Warsaw,56,M,Standard,2020-03-27,Online,Fashion
GM04771,Central Asia,Bishkek,60,F,Premium,2023-01-23,In-Store,Electronics
GM04772,MENA,Dubai,60,F,Budget,2022-01-12,Call Center,Electronics
GM04773,Europe,Warsaw,49,F,Standard,2021-03-03,Online,Food & Grocery
GM04774,North America,Los Angeles,35,F,Budget,2021-03-25,Online,Beauty
GM04775,Europe,Amsterdam,34,F,Premium,2022-02-24,Online,Sports
GM04776,North America,Chicago,51,F,Premium,2021-12-15,Online,Sports
GM04777,Central Asia,Astana,56,F,Standard,2020-01-02,Online,Electronics
GM04778,Europe,Berlin,24,M,Standard,2023-01-06,Mobile App,Sports
GM04779,Europe,Berlin,59,M,Standard,2023-09-09,Online,Food & Grocery
GM04780,Europe,Warsaw,71,M,Standard,2022-01-12,Call Center,Beauty
GM04781,Central Asia,Bishkek,70,F,Premium,2023-01-26,In-Store,Electronics
GM04782,Europe,Warsaw,52,M,Standard,2020-04-19,In-Store,Sports
GM04783,North America,Los Angeles,47,M,Standard,2021-11-09,Online,Home & Garden
GM04784,Europe,Berlin,29,M,Standard,2024-01-20,In-Store,Home & Garden
GM04785,MENA,Istanbul,52,M,Standard,2021-01-05,In-Store,Food & Grocery
GM04786,MENA,Cairo,28,F,Standard,2023-09-22,Online,Sports
GM04787,Southeast Asia,Jakarta,61,F,Standard,2022-06-08,Online,Home & Garden
GM04788,Southeast Asia,Jakarta,21,F,Standard,2021-08-21,Mobile App,Beauty
GM04789,MENA,Cairo,42,F,Standard,2022-11-11,Online,Fashion
GM04790,Europe,Amsterdam,65,F,Premium,2021-12-22,In-Store,Beauty
GM04791,Central Asia,Bishkek,49,F,Standard,2020-10-31,Online,Food & Grocery
GM04792,Southeast Asia,Jakarta,37,M,Budget,2022-07-12,Online,Beauty
GM04793,Central Asia,Almaty,67,F,Standard,2023-07-19,Online,Sports
GM04794,Europe,Warsaw,48,M,Premium,2022-04-15,Online,Beauty
GM04795,Europe,Warsaw,21,M,Budget,2021-03-21,In-Store,Sports
GM04796,Europe,Berlin,71,F,Standard,2022-07-20,In-Store,Electronics
GM04797,Europe,Amsterdam,55,M,Premium,2020-10-04,Mobile App,Sports
GM04798,North America,Los Angeles,70,M,Standard,2021-01-11,Mobile App,Food & Grocery
GM04799,Europe,Paris,64,M,Standard,2020-08-19,Online,Sports
GM04800,North America,Chicago,18,M,Standard,2021-08-14,In-Store,Electronics
GM04801,Europe,Amsterdam,20,M,Standard,2021-03-01,Mobile App,Fashion
GM04802,Central Asia,Bishkek,54,M,Standard,2022-12-14,In-Store,Food & Grocery
GM04803,Southeast Asia,Singapore,39,F,Premium,2021-03-16,In-Store,Electronics
GM04804,Europe,London,34,F,Standard,2020-02-03,Mobile App,Sports
GM04805,North America,Los Angeles,31,M,Standard,2020-11-24,Online,Food & Grocery
GM04806,MENA,Dubai,58,F,Standard,2022-04-24,Mobile App,Home & Garden
GM04807,Central Asia,Almaty,52,M,Premium,2021-03-29,Online,Sports
GM04808,Southeast Asia,Jakarta,30,M,Premium,2023-11-12,In-Store,Electronics
GM04809,Europe,London,52,M,Standard,2022-02-02,Online,Sports
GM04810,Southeast Asia,Jakarta,60,F,Budget,2023-12-24,Mobile App,Electronics
GM04811,Europe,Berlin,19,M,Standard,2024-02-08,In-Store,Beauty
GM04812,Southeast Asia,Bangkok,64,F,Standard,2023-02-22,In-Store,Fashion
GM04813,Central Asia,Tashkent,30,F,Premium,2021-06-06,Mobile App,Fashion
GM04814,MENA,Dubai,68,F,Standard,2021-04-26,Mobile App,Food & Grocery
GM04815,North America,Los Angeles,71,F,Premium,2020-11-12,Mobile App,Electronics
GM04816,Southeast Asia,Bangkok,33,F,Budget,2020-05-01,Online,Fashion
GM04817,Southeast Asia,Singapore,35,M,Standard,2021-08-03,Mobile App,Home & Garden
GM04818,North America,New York,24,M,Budget,2023-08-29,In-Store,Food & Grocery
GM04819,Southeast Asia,Manila,62,F,Standard,2021-05-01,In-Store,Home & Garden
GM04820,Europe,Paris,53,F,Budget,2022-11-01,Mobile App,Fashion
GM04821,Europe,Berlin,58,M,Standard,2020-05-04,Online,Electronics
GM04822,Europe,Berlin,47,M,Premium,2021-10-20,Online,Food & Grocery
GM04823,MENA,Cairo,59,M,Budget,2023-01-05,In-Store,Home & Garden
GM04824,MENA,Cairo,58,M,Standard,2021-08-02,Mobile App,Fashion
GM04825,MENA,Riyadh,24,M,Budget,2021-12-18,In-Store,Sports
GM04826,Europe,Berlin,32,F,Premium,2023-06-13,In-Store,Home & Garden
GM04827,North America,Los Angeles,57,F,Standard,2022-02-08,In-Store,Beauty
GM04828,Europe,Paris,36,F,Standard,2023-07-01,In-Store,Food & Grocery
GM04829,Europe,London,60,F,Premium,2022-06-22,Mobile App,Home & Garden
GM04830,MENA,Istanbul,54,F,Standard,2021-02-09,Online,Food & Grocery
GM04831,North America,Toronto,19,M,Standard,2023-06-20,In-Store,Fashion
GM04832,North America,New York,59,M,Premium,2024-01-24,Mobile App,Fashion
GM04833,North America,Los Angeles,65,F,Standard,2020-10-03,In-Store,Food & Grocery
GM04834,Europe,Amsterdam,30,F,Standard,2024-02-01,Online,Fashion
GM04835,MENA,Riyadh,57,M,Premium,2023-05-28,Online,Electronics
GM04836,Central Asia,Bishkek,58,Other,Standard,2023-06-02,Mobile App,Food & Grocery
GM04837,MENA,Dubai,60,M,Standard,2022-07-13,Online,Electronics
GM04838,MENA,Cairo,60,M,Standard,2023-01-29,Online,Food & Grocery
GM04839,Central Asia,Astana,48,M,Budget,2022-05-03,Online,Sports
GM04840,Europe,Warsaw,33,M,Standard,2021-05-21,In-Store,Sports
GM04841,Southeast Asia,Manila,59,F,Standard,2023-09-16,Mobile App,Home & Garden
GM04842,Southeast Asia,Singapore,61,F,Standard,2020-08-24,Mobile App,Fashion
GM04843,Europe,London,23,M,Budget,2022-09-20,Online,Sports
GM04844,Central Asia,Tashkent,45,F,Premium,2023-09-24,In-Store,Fashion
GM04845,Europe,Paris,49,F,Standard,2022-01-21,Mobile App,Home & Garden
GM04846,MENA,Istanbul,61,F,Standard,2021-05-20,Online,Electronics
GM04847,Southeast Asia,Manila,27,F,Standard,2020-06-13,Online,Sports
GM04848,Europe,London,67,M,Budget,2022-04-25,Mobile App,Beauty
GM04849,North America,Toronto,35,F,Budget,2021-12-28,In-Store,Beauty
GM04850,Central Asia,Astana,21,M,Budget,2023-05-26,In-Store,Beauty
GM04851,Southeast Asia,Manila,26,F,Standard,2021-01-10,Online,Beauty
GM04852,MENA,Dubai,24,M,Standard,2022-11-01,Mobile App,Beauty
GM04853,North America,Los Angeles,67,F,Budget,2023-12-26,In-Store,Beauty
GM04854,Europe,Warsaw,25,F,Standard,2020-03-23,Mobile App,Beauty
GM04855,North America,New York,60,M,Standard,2021-03-06,Call Center,Sports
GM04856,Europe,Paris,24,M,Standard,2021-04-22,Call Center,Beauty
GM04857,Europe,Warsaw,58,F,Standard,2022-02-21,Mobile App,Food & Grocery
GM04858,Southeast Asia,Bangkok,57,F,Standard,2021-01-03,Online,Food & Grocery
GM04859,Southeast Asia,Jakarta,20,M,Budget,2022-08-12,Mobile App,Beauty
GM04860,Southeast Asia,Bangkok,34,F,Premium,2020-05-20,Online,Home & Garden
GM04861,North America,Toronto,19,M,Premium,2021-12-20,Mobile App,Sports
GM04862,North America,New York,32,M,Standard,2024-01-19,Online,Food & Grocery
GM04863,Central Asia,Bishkek,63,M,Standard,2023-11-27,In-Store,Home & Garden
GM04864,Europe,Amsterdam,46,M,Premium,2022-10-12,Online,Fashion
GM04865,Europe,Warsaw,67,F,Standard,2020-10-14,Mobile App,Beauty
GM04866,North America,New York,65,F,Standard,2020-12-20,Online,Electronics
GM04867,Europe,Berlin,69,M,Budget,2020-12-08,In-Store,Beauty
GM04868,Europe,Amsterdam,39,F,Standard,2020-05-28,Mobile App,Beauty
GM04869,North America,Los Angeles,21,M,Budget,2020-07-28,In-Store,Home & Garden
GM04870,North America,Chicago,69,F,Standard,2023-02-09,Online,Fashion
GM04871,MENA,Riyadh,23,M,Standard,2021-10-15,In-Store,Home & Garden
GM04872,Europe,Berlin,55,F,Standard,2022-09-02,Online,Sports
GM04873,Europe,Paris,43,F,Premium,2021-06-19,In-Store,Fashion
GM04874,Europe,London,28,M,Standard,2022-12-08,Call Center,Food & Grocery
GM04875,Europe,Amsterdam,43,F,Standard,2020-11-26,In-Store,Fashion
GM04876,North America,New York,34,M,Premium,2020-12-30,Online,Fashion
GM04877,North America,Chicago,41,M,Standard,2020-01-11,Online,Home & Garden
GM04878,North America,Los Angeles,45,M,Standard,2023-04-26,Call Center,Beauty
GM04879,Europe,London,52,M,Standard,2021-05-23,Online,Beauty
GM04880,North America,Chicago,48,M,Premium,2021-08-02,In-Store,Beauty
GM04881,Europe,Warsaw,30,M,Premium,2024-01-08,In-Store,Beauty
GM04882,MENA,Istanbul,71,M,Standard,2023-01-18,Mobile App,Beauty
GM04883,North America,Toronto,52,M,Standard,2021-09-13,Mobile App,Sports
GM04884,Europe,Berlin,33,F,Standard,2022-06-19,Online,Electronics
GM04885,Central Asia,Bishkek,32,F,Premium,2024-01-11,In-Store,Food & Grocery
GM04886,Southeast Asia,Bangkok,60,M,Standard,2021-12-18,In-Store,Fashion
GM04887,Europe,Amsterdam,35,M,Budget,2022-11-21,Online,Electronics
GM04888,North America,Chicago,64,M,Standard,2020-11-22,Online,Sports
GM04889,Central Asia,Almaty,54,F,Budget,2020-03-14,In-Store,Beauty
GM04890,North America,Toronto,65,F,Premium,2020-09-07,Online,Sports
GM04891,Europe,Berlin,65,M,Budget,2021-03-25,Mobile App,Food & Grocery
GM04892,Central Asia,Astana,66,M,Standard,2022-06-24,Online,Food & Grocery
GM04893,North America,Los Angeles,58,M,Budget,2020-12-20,Online,Sports
GM04894,Europe,Amsterdam,44,M,Standard,2021-06-16,Online,Electronics
GM04895,MENA,Cairo,52,F,Standard,2020-10-22,Online,Fashion
GM04896,Central Asia,Astana,69,F,Standard,2020-10-24,In-Store,Home & Garden
GM04897,Europe,London,62,M,Standard,2023-09-13,Online,Home & Garden
GM04898,Europe,Amsterdam,71,F,Budget,2020-10-28,Mobile App,Food & Grocery
GM04899,Central Asia,Bishkek,52,M,Standard,2021-05-26,Call Center,Fashion
GM04900,Southeast Asia,Jakarta,45,M,Budget,2023-09-23,Mobile App,Beauty
GM04901,Central Asia,Tashkent,56,F,Standard,2021-08-07,Online,Sports
GM04902,MENA,Riyadh,55,F,Standard,2021-01-08,Mobile App,Beauty
GM04903,Europe,Paris,26,M,Premium,2023-01-22,Online,Food & Grocery
GM04904,Europe,Paris,29,M,Budget,2020-05-11,In-Store,Sports
GM04905,Southeast Asia,Singapore,32,F,Standard,2022-06-28,In-Store,Home & Garden
GM04906,Europe,Paris,38,F,Standard,2020-02-22,Online,Food & Grocery
GM04907,Southeast Asia,Bangkok,69,M,Standard,2020-08-16,Mobile App,Food & Grocery
GM04908,Europe,Paris,52,M,Standard,2021-10-01,Online,Fashion
GM04909,North America,Chicago,59,M,Budget,2023-05-20,In-Store,Electronics
GM04910,MENA,Riyadh,50,F,Premium,2022-03-07,Online,Food & Grocery
GM04911,Southeast Asia,Manila,68,F,Standard,2022-03-01,Mobile App,Electronics
GM04912,North America,New York,36,M,Premium,2021-05-09,Mobile App,Fashion
GM04913,MENA,Riyadh,40,F,Budget,2022-05-02,Online,Food & Grocery
GM04914,Europe,Berlin,30,F,Premium,2021-11-01,In-Store,Food & Grocery
GM04915,Europe,Paris,61,M,Premium,2023-06-10,Mobile App,Home & Garden
GM04916,Southeast Asia,Bangkok,18,M,Standard,2022-12-30,In-Store,Sports
GM04917,Europe,London,68,F,Standard,2020-07-07,In-Store,Electronics
GM04918,MENA,Dubai,46,F,Standard,2021-10-24,In-Store,Home & Garden
GM04919,North America,New York,41,F,Premium,2020-01-08,Online,Food & Grocery
GM04920,Europe,Berlin,33,F,Budget,2020-11-27,In-Store,Fashion
GM04921,Southeast Asia,Bangkok,42,M,Budget,2022-11-05,In-Store,Beauty
GM04922,North America,Los Angeles,40,M,Standard,2021-10-27,In-Store,Home & Garden
GM04923,North America,New York,45,F,Standard,2021-10-30,Mobile App,Home & Garden
GM04924,Southeast Asia,Jakarta,64,M,Standard,2023-01-21,Online,Beauty
GM04925,Central Asia,Astana,33,F,Standard,2023-07-09,Online,Food & Grocery
GM04926,Europe,Paris,60,F,Standard,2020-06-09,Online,Home & Garden
GM04927,MENA,Istanbul,55,F,Standard,2020-12-16,Online,Electronics
GM04928,Europe,Amsterdam,28,M,Standard,2023-04-12,Online,Food & Grocery
GM04929,North America,New York,20,F,Standard,2020-11-12,Call Center,Electronics
GM04930,Southeast Asia,Jakarta,32,F,Budget,2022-07-25,Online,Electronics
GM04931,MENA,Riyadh,18,F,Standard,2020-01-18,In-Store,Home & Garden
GM04932,Europe,Warsaw,24,F,Standard,2021-04-30,Online,Food & Grocery
GM04933,Southeast Asia,Bangkok,18,M,Premium,2021-01-01,In-Store,Home & Garden
GM04934,MENA,Riyadh,66,M,Standard,2020-12-16,Call Center,Home & Garden
GM04935,MENA,Cairo,49,M,Standard,2021-06-11,Online,Food & Grocery
GM04936,Europe,Warsaw,26,M,Standard,2022-05-21,Mobile App,Food & Grocery
GM04937,Southeast Asia,Manila,46,F,Budget,2023-12-29,Call Center,Food & Grocery
GM04938,North America,Toronto,43,F,Budget,2022-07-21,In-Store,Food & Grocery
GM04939,North America,New York,40,F,Standard,2020-09-26,Online,Fashion
GM04940,North America,Chicago,62,F,Standard,2022-05-20,In-Store,Food & Grocery
GM04941,Europe,Warsaw,60,M,Budget,2022-12-27,Mobile App,Beauty
GM04942,MENA,Dubai,46,Other,Standard,2022-11-19,Online,Food & Grocery
GM04943,North America,Los Angeles,69,M,Premium,2020-11-11,In-Store,Home & Garden
GM04944,Europe,Berlin,55,M,Standard,2022-01-06,Online,Beauty
GM04945,North America,New York,50,F,Premium,2020-06-12,Online,Sports
GM04946,Southeast Asia,Jakarta,24,F,Budget,2022-07-14,Mobile App,Electronics
GM04947,North America,Toronto,29,F,Standard,2020-11-15,In-Store,Fashion
GM04948,North America,Los Angeles,48,M,Standard,2022-11-03,Online,Beauty
GM04949,North America,New York,49,F,Premium,2020-10-05,In-Store,Electronics
GM04950,North America,Chicago,71,M,Standard,2021-03-07,Online,Fashion
GM04951,MENA,Dubai,37,M,Budget,2021-10-29,Online,Food & Grocery
GM04952,Central Asia,Astana,68,F,Premium,2021-09-25,In-Store,Electronics
GM04953,MENA,Istanbul,34,F,Standard,2023-07-10,In-Store,Home & Garden
GM04954,North America,Los Angeles,53,F,Budget,2021-06-05,Online,Home & Garden
GM04955,MENA,Cairo,20,F,Standard,2022-08-21,Online,Food & Grocery
GM04956,North America,New York,18,F,Standard,2023-04-10,In-Store,Electronics
GM04957,Europe,London,67,F,Standard,2020-12-23,Mobile App,Food & Grocery
GM04958,North America,Los Angeles,44,F,Standard,2022-11-02,Mobile App,Food & Grocery
GM04959,Europe,Amsterdam,70,F,Premium,2021-12-25,Online,Fashion
GM04960,North America,Toronto,64,F,Premium,2021-11-03,In-Store,Electronics
GM04961,MENA,Istanbul,57,Other,Standard,2020-08-19,Mobile App,Sports
GM04962,Europe,Warsaw,50,M,Budget,2024-02-08,In-Store,Food & Grocery
GM04963,Europe,London,37,F,Premium,2021-04-15,Mobile App,Fashion
GM04964,North America,Los Angeles,31,F,Standard,2023-03-29,Mobile App,Fashion
GM04965,MENA,Istanbul,53,M,Standard,2021-09-30,Online,Electronics
GM04966,Europe,Warsaw,22,F,Budget,2021-07-13,Online,Beauty
GM04967,Southeast Asia,Singapore,40,M,Standard,2023-07-08,Online,Food & Grocery
GM04968,North America,Toronto,62,F,Budget,2021-07-26,Online,Food & Grocery
GM04969,Southeast Asia,Bangkok,32,F,Premium,2021-08-24,Mobile App,Electronics
GM04970,MENA,Istanbul,23,M,Budget,2023-10-14,Mobile App,Beauty
GM04971,MENA,Dubai,50,M,Standard,2020-09-11,Online,Fashion
GM04972,Southeast Asia,Singapore,36,F,Standard,2021-08-24,In-Store,Home & Garden
GM04973,MENA,Riyadh,30,M,Standard,2020-10-06,In-Store,Food & Grocery
GM04974,North America,Los Angeles,46,M,Budget,2020-04-26,Online,Home & Garden
GM04975,Europe,Paris,23,M,Premium,2021-09-01,In-Store,Food & Grocery
GM04976,MENA,Istanbul,32,F,Premium,2023-03-31,Mobile App,Electronics
GM04977,Europe,Amsterdam,33,F,Standard,2022-05-01,Online,Food & Grocery
GM04978,Europe,Berlin,41,F,Budget,2020-10-24,Online,Beauty
GM04979,Central Asia,Astana,40,M,Budget,2022-07-04,Online,Food & Grocery
GM04980,Central Asia,Tashkent,65,F,Standard,2023-08-13,Online,Electronics
GM04981,Southeast Asia,Jakarta,27,F,Standard,2023-10-13,Online,Sports
GM04982,Europe,Paris,71,M,Premium,2021-06-01,In-Store,Electronics
GM04983,North America,Los Angeles,58,F,Budget,2021-01-12,In-Store,Electronics
GM04984,North America,Toronto,58,F,Budget,2021-03-01,Mobile App,Electronics
GM04985,North America,Los Angeles,66,F,Standard,2021-06-20,Online,Electronics
GM04986,Europe,London,34,M,Standard,2021-07-06,Online,Beauty
GM04987,North America,Los Angeles,66,M,Budget,2020-06-17,Mobile App,Food & Grocery
GM04988,North America,Chicago,61,M,Budget,2021-05-29,Mobile App,Beauty
GM04989,North America,New York,62,M,Standard,2023-10-19,Online,Beauty
GM04990,North America,Los Angeles,47,F,Standard,2021-03-05,Online,Sports
GM04991,Southeast Asia,Bangkok,61,M,Standard,2021-07-22,Mobile App,Sports
GM04992,North America,Toronto,63,F,Standard,2020-03-23,Online,Food & Grocery
GM04993,Europe,Paris,27,M,Standard,2020-11-25,Online,Food & Grocery
GM04994,North America,Chicago,36,M,Standard,2021-11-21,In-Store,Electronics
GM04995,Central Asia,Almaty,46,F,Standard,2023-03-02,Online,Beauty
GM04996,Southeast Asia,Singapore,19,M,Standard,2021-04-01,Online,Sports
GM04997,Central Asia,Bishkek,53,F,Standard,2020-12-18,In-Store,Home & Garden
GM04998,Europe,Warsaw,36,M,Standard,2020-12-09,Mobile App,Electronics
GM04999,North America,Toronto,24,M,Budget,2023-01-22,Mobile App,Fashion
GM05000,North America,Chicago,43,F,Standard,2023-11-06,Call Center,Beauty
