customer_id,recency,frequency,monetary,R,F,M,RFM_Score,RFM_Total,Segment,region,age,gender,segment,CLV,Churn_Probability
GM00001,97,16,6947.4400000000005,3,4,4,344,11,Potential Loyalists,MENA,68,F,Standard,4876.7,0.0018593764825962603
GM00002,224,3,1139.71,1,1,2,112,4,Lost,Southeast Asia,57,M,Standard,753.53,0.9852296532896095
GM00003,180,17,7262.89,2,4,4,244,10,At Risk,North America,24,F,Standard,4965.24,0.6019268943377178
GM00004,153,8,6020.04,2,3,4,234,9,Potential Loyalists,North America,49,F,Standard,4045.69,0.14983431202312933
GM00005,93,7,782.27,3,2,2,322,7,Potential Loyalists,Europe,65,F,Budget,547.28,0.0016726809104051531
GM00006,497,2,38.89,1,1,1,111,3,Lost,Europe,36,F,Budget,25.71,0.9999999999976428
GM00007,32,12,4310.47,4,3,3,433,10,Loyal Customers,Central Asia,23,M,Standard,2949.8,1.1304577505553548e-05
GM00008,299,5,915.0799999999999,1,2,2,122,5,Potential Loyalists,Southeast Asia,37,M,Budget,631.22,0.9999684125496
GM00009,81,17,20316.670000000002,3,4,5,345,12,Potential Loyalists,North America,44,F,Premium,13961.81,0.0005715422687655904
GM00010,31,31,43354.83,5,5,5,555,15,Champions,North America,70,M,Premium,29553.76,1.5990583778075313e-05
GM00011,158,3,498.64,2,1,1,211,4,Potential Loyalists,Central Asia,60,M,Budget,332.68,0.28891059656900087
GM00012,54,8,6242.49,4,3,4,434,11,Loyal Customers,Southeast Asia,54,M,Premium,3995.71,6.010669754159421e-05
GM00013,23,32,45600.55,5,5,5,555,15,Champions,North America,65,F,Premium,30830.41,8.258987069263049e-06
GM00014,112,18,5778.24,2,4,4,244,10,At Risk,Europe,24,M,Standard,3934.17,0.006029039200327147
GM00015,77,13,6399.13,3,4,4,344,11,Potential Loyalists,Europe,22,M,Standard,4311.35,0.0005053054992008374
GM00016,76,19,10445.960000000001,3,5,5,355,13,Champions,Europe,28,M,Standard,7091.95,0.0003325308583339862
GM00017,25,6,1539.4,5,2,2,522,9,Recent Customers,Europe,32,M,Standard,1070.82,6.216096578687912e-06
GM00018,36,15,7379.77,4,4,4,444,12,Loyal Customers,MENA,20,F,Standard,4989.96,1.2733206824476889e-05
GM00019,13,12,6093.530000000001,5,3,4,534,12,Loyal Customers,MENA,22,Other,Standard,3959.45,2.325979247581093e-06
GM00020,459,1,314.28,1,1,1,111,3,Lost,Europe,40,F,Budget,207.79,0.9999999999432201
GM00021,193,3,130.06,2,1,1,211,4,Potential Loyalists,North America,70,M,Budget,85.99,0.8833283002638621
GM00022,91,18,5054.17,3,4,3,343,10,Potential Loyalists,Europe,54,F,Standard,3497.1,0.0010406805909578532
GM00023,167,3,121.34,2,1,1,211,4,Potential Loyalists,Europe,26,F,Budget,77.51,0.46786081122937684
GM00024,15,17,6401.599999999999,5,4,4,544,13,Champions,Europe,32,M,Standard,4194.32,2.069079173948301e-06
GM00025,15,16,16434.13,5,4,5,545,14,Champions,MENA,20,F,Premium,10727.11,2.764588023137986e-06
GM00026,40,16,18566.41,4,4,5,445,13,Champions,North America,46,F,Premium,12301.9,2.2669292482481786e-05
GM00027,28,33,41560.07,5,5,5,555,15,Champions,Europe,23,F,Premium,27963.03,1.095926388517097e-05
GM00028,369,5,2249.63,1,2,2,122,5,Potential Loyalists,MENA,34,F,Standard,1532.31,0.9999998838643888
GM00029,34,33,39718.74,4,5,5,455,14,Champions,North America,43,M,Premium,26994.82,1.6936669554838905e-05
GM00030,63,15,6167.94,3,4,4,344,11,Potential Loyalists,Central Asia,38,M,Standard,4016.46,0.00012862119891909014
GM00031,84,17,27659.88,3,4,5,345,12,Potential Loyalists,North America,25,F,Premium,18444.01,0.0008807896234801086
GM00032,534,2,437.7,1,1,1,111,3,Lost,Europe,38,M,Budget,304.71,0.999999999999869
GM00033,63,16,7773.31,3,4,4,344,11,Potential Loyalists,Central Asia,28,M,Standard,5135.34,0.00011229258099474704
GM00034,180,5,460.11,2,2,1,221,5,Potential Loyalists,Southeast Asia,55,F,Budget,320.56,0.6677736042225393
GM00035,174,3,456.91,2,1,1,211,4,Potential Loyalists,Southeast Asia,25,F,Budget,289.98,0.563425320207424
GM00036,35,32,42828.06,4,5,5,455,14,Champions,North America,59,M,Premium,28354.3,1.9208913367132798e-05
GM00037,144,10,4003.25,2,3,3,233,8,Potential Loyalists,Europe,41,F,Standard,2705.15,0.09351373349154563
GM00038,23,26,27877.67,5,5,5,555,15,Champions,Central Asia,52,F,Premium,18937.08,6.4339814842183955e-06
GM00039,499,1,200.2,1,1,1,111,3,Lost,North America,31,F,Budget,132.36,0.9999999999976821
GM00040,74,16,7699.03,3,4,4,344,11,Potential Loyalists,MENA,31,M,Standard,4990.84,0.0002594915784497059
GM00041,19,31,41872.44,5,5,5,555,15,Champions,Europe,27,M,Premium,28810.9,5.709385986859736e-06
GM00042,38,34,40473.75,4,5,5,455,14,Champions,MENA,29,M,Premium,27404.82,2.3884867389329755e-05
GM00043,618,4,2003.45,1,1,2,112,4,Lost,Central Asia,55,M,Standard,1457.05,0.9999999999999998
GM00044,64,5,566.35,3,2,1,321,6,Potential Loyalists,Southeast Asia,61,M,Budget,390.03,0.00016556347123152155
GM00045,32,18,11187.79,4,4,5,445,13,Champions,Europe,63,M,Standard,7461.07,1.0061660094162677e-05
GM00046,216,1,160.93,1,1,1,111,3,Lost,North America,51,M,Budget,106.4,0.9775337913818637
GM00047,59,10,2768.73,3,3,2,332,8,Potential Loyalists,Europe,58,F,Standard,1882.74,8.617345727193842e-05
GM00048,170,9,12459.539999999999,2,3,5,235,10,Potential Loyalists,MENA,27,M,Premium,8317.98,0.4221321697594175
GM00049,144,3,294.47,2,1,1,211,4,Potential Loyalists,MENA,34,F,Budget,212.91,0.10796716147708685
GM00050,22,24,33996.26,5,5,5,555,15,Champions,Europe,34,F,Premium,22754.46,6.544957624444215e-06
GM00051,702,2,176.49,1,1,1,111,3,Lost,Southeast Asia,20,M,Budget,128.36,1.0
GM00052,136,6,2731.7599999999998,2,2,2,222,6,Potential Loyalists,North America,48,F,Standard,1863.65,0.06067227462213406
GM00053,14,18,22564.510000000002,5,4,5,545,14,Champions,Southeast Asia,68,F,Premium,15180.62,2.649138507398174e-06
GM00054,36,16,7572.9,4,4,4,444,12,Loyal Customers,Southeast Asia,18,M,Standard,5011.44,1.0958252784725988e-05
GM00055,17,2,170.55,5,1,1,511,7,Recent Customers,North America,29,F,Budget,115.11,4.3842708174633906e-06
GM00056,140,6,705.75,2,2,2,222,6,Potential Loyalists,Southeast Asia,56,M,Budget,464.18,0.06792135527938349
GM00057,20,13,15618.74,5,4,5,545,14,Champions,Central Asia,21,F,Premium,10165.81,4.577324621838626e-06
GM00058,16,18,20524.12,5,4,5,545,14,Champions,Europe,59,M,Premium,13860.85,3.1586833028347367e-06
GM00059,201,7,3001.57,1,2,3,123,6,Potential Loyalists,Central Asia,30,F,Standard,2157.96,0.9266456284159105
GM00060,288,3,2065.15,1,1,2,112,4,Lost,Europe,51,M,Standard,1377.72,0.9999214695745284
GM00061,51,9,3534.86,4,3,3,433,10,Loyal Customers,MENA,59,F,Standard,2360.5,5.718828291777956e-05
GM00062,65,27,39464.79,3,5,5,355,13,Champions,Europe,38,M,Premium,26970.86,0.00024608704244177425
GM00063,322,4,502.13,1,1,1,111,3,Lost,North America,39,F,Budget,349.28,0.9999952523358271
GM00064,229,4,2699.69,1,1,2,112,4,Lost,Europe,21,F,Standard,1891.17,0.9904077204773113
GM00065,538,2,219.79999999999998,1,1,1,111,3,Lost,Europe,35,M,Budget,155.74,0.9999999999999514
GM00066,35,4,875.48,4,1,2,412,7,Recent Customers,MENA,22,F,Standard,577.95,1.6219483693826296e-05
GM00067,30,17,5965.0599999999995,5,4,4,544,13,Champions,Europe,36,M,Standard,4220.65,7.81339927339918e-06
GM00068,400,3,651.21,1,1,1,111,3,Lost,North America,19,F,Budget,455.2,0.9999999949338447
GM00069,94,17,7901.63,3,4,4,344,11,Potential Loyalists,Central Asia,29,F,Standard,5565.2,0.0013836011353082626
GM00070,812,1,77.99,1,1,1,111,3,Lost,Southeast Asia,34,F,Budget,56.72,1.0
GM00071,237,1,27.88,1,1,1,111,3,Lost,North America,27,F,Budget,18.43,0.9964138850798017
GM00072,63,9,3853.79,3,3,3,333,9,Potential Loyalists,Europe,51,M,Standard,2445.45,0.00012803595464804148
GM00073,36,16,7359.29,4,4,4,444,12,Loyal Customers,Central Asia,23,M,Standard,4910.81,1.2998009133364199e-05
GM00074,21,28,39803.25,5,5,5,555,15,Champions,North America,25,M,Premium,27007.48,6.479956248937715e-06
GM00075,34,13,20058.14,4,4,5,445,13,Champions,North America,68,F,Premium,13359.0,1.1608596100665597e-05
GM00076,189,15,6827.6900000000005,2,4,4,244,10,At Risk,North America,28,M,Standard,4713.19,0.7496677915381829
GM00077,30,12,17001.53,5,3,5,535,13,Champions,North America,29,F,Premium,11164.58,8.659832743456651e-06
GM00078,71,16,8355.24,3,4,4,344,11,Potential Loyalists,Central Asia,26,F,Standard,5646.13,0.00023634643150468072
GM00079,29,14,6074.0599999999995,5,4,4,544,13,Champions,Europe,19,M,Standard,4139.82,8.719689576725867e-06
GM00080,20,13,5189.31,5,4,3,543,12,Loyal Customers,Central Asia,25,F,Standard,3389.1,3.615502027487895e-06
GM00081,194,5,1370.25,2,2,2,222,6,Potential Loyalists,Southeast Asia,28,M,Standard,946.26,0.8727425871578983
GM00082,26,38,43043.14,5,5,5,555,15,Champions,North America,70,M,Premium,29073.58,9.237273190271711e-06
GM00083,112,14,16082.07,2,4,5,245,11,At Risk,Europe,53,F,Premium,10902.98,0.006908077326340868
GM00084,208,3,671.01,1,1,2,112,4,Lost,Central Asia,27,M,Standard,448.54,0.9608068819817589
GM00085,285,5,2063.6800000000003,1,2,2,122,5,Potential Loyalists,Europe,38,M,Standard,1462.15,0.999909669305681
GM00086,115,6,3523.75,2,2,3,223,7,Potential Loyalists,Europe,37,F,Standard,2237.3,0.0112446430346691
GM00087,121,16,6899.219999999999,2,4,4,244,10,At Risk,North America,65,M,Standard,4652.81,0.011846668859820978
GM00088,818,1,59.35,1,1,1,111,3,Lost,North America,25,Other,Budget,43.16,1.0
GM00089,100,10,6210.63,3,3,4,334,10,Potential Loyalists,Southeast Asia,53,Other,Standard,4091.59,0.0025646289739610236
GM00090,160,9,3870.5699999999997,2,3,3,233,8,Potential Loyalists,MENA,46,M,Standard,2671.36,0.24954220948624004
GM00091,18,3,194.14999999999998,5,1,1,511,7,Recent Customers,Central Asia,59,M,Budget,120.98,5.567768946157957e-06
GM00092,363,4,507.64,1,1,1,111,3,Lost,North America,29,F,Budget,366.46,0.9999998823716961
GM00093,13,9,2348.88,5,3,2,532,10,Loyal Customers,North America,31,M,Standard,1631.9,2.107004575694284e-06
GM00094,42,13,4179.62,4,4,3,443,11,Loyal Customers,North America,65,M,Standard,2852.31,2.2887282315272816e-05
GM00095,67,26,31816.239999999998,3,5,5,355,13,Champions,North America,71,F,Premium,21978.0,0.00022131966127002985
GM00096,158,8,3529.92,2,3,3,233,8,Potential Loyalists,MENA,67,M,Standard,2379.4,0.25341450479725286
GM00097,206,3,504.35,1,1,1,111,3,Lost,MENA,38,F,Budget,333.45,0.9494376158842629
GM00098,203,15,6392.8099999999995,1,4,4,144,9,At Risk,MENA,39,M,Standard,4372.08,0.9169455967293404
GM00099,26,5,562.33,5,2,1,521,8,Recent Customers,Central Asia,38,M,Budget,372.69,8.669947657390893e-06
GM00100,126,6,2757.81,2,2,2,222,6,Potential Loyalists,Central Asia,61,M,Standard,1699.59,0.02959949661287486
GM00101,105,5,559.63,2,2,1,221,5,Potential Loyalists,Central Asia,67,F,Budget,391.71,0.004960358214452565
GM00102,260,7,3633.94,1,2,3,123,6,Potential Loyalists,North America,47,F,Standard,2542.37,0.9991455987063322
GM00103,17,29,31760.32,5,5,5,555,15,Champions,Europe,56,F,Premium,21574.79,4.068388134921402e-06
GM00104,33,19,8529.46,4,5,4,454,13,Champions,MENA,37,M,Standard,5609.4,8.952244141924247e-06
GM00105,16,19,10410.74,5,5,5,555,15,Champions,Southeast Asia,41,M,Standard,6846.72,2.052224965128687e-06
GM00106,24,20,24808.489999999998,5,5,5,555,15,Champions,Europe,40,M,Premium,17498.63,6.174499368967952e-06
GM00107,696,1,50.9,1,1,1,111,3,Lost,MENA,24,F,Budget,37.02,1.0
GM00108,136,6,2292.82,2,2,2,222,6,Potential Loyalists,North America,26,F,Standard,1537.68,0.045282884479700296
GM00109,852,1,47.34,1,1,1,111,3,Lost,Europe,18,F,Budget,34.43,1.0
GM00110,94,7,2656.15,3,2,2,322,7,Potential Loyalists,Central Asia,43,M,Standard,1858.96,0.0019427119101383698
GM00111,81,16,18017.66,3,4,5,345,12,Potential Loyalists,Europe,55,F,Premium,12538.14,0.0005843699454278628
GM00112,111,2,158.89,2,1,1,211,4,Potential Loyalists,Europe,55,M,Budget,95.5,0.009605689594601287
GM00113,93,14,5475.85,3,4,3,343,10,Potential Loyalists,Southeast Asia,71,F,Standard,3659.65,0.0012810938804466
GM00114,31,15,5840.3,5,4,4,544,13,Champions,North America,61,M,Standard,3880.56,7.808249563703665e-06
GM00115,112,19,5990.17,2,5,4,254,11,At Risk,North America,39,F,Standard,4032.05,0.005097800553889145
GM00116,56,12,9398.22,4,3,4,434,11,Loyal Customers,Southeast Asia,61,M,Standard,6300.91,6.252876302470667e-05
GM00117,280,1,72.54,1,1,1,111,3,Lost,North America,27,M,Budget,47.96,0.9998692912208561
GM00118,156,3,1022.25,2,1,2,212,5,Potential Loyalists,Europe,23,F,Standard,640.5,0.22896865519020218
GM00119,112,12,4561.31,2,3,3,233,8,Potential Loyalists,Southeast Asia,34,M,Standard,3115.55,0.005622058796638559
GM00120,271,1,31.33,1,1,1,111,3,Lost,MENA,68,M,Budget,20.71,0.9997756754437233
GM00121,54,36,38755.54,4,5,5,455,14,Champions,North America,67,F,Premium,26520.14,8.097428885203489e-05
GM00122,254,6,1927.62,1,2,2,122,5,Potential Loyalists,Southeast Asia,55,F,Standard,1321.59,0.9985953079042672
GM00123,138,5,197.62,2,2,1,221,5,Potential Loyalists,Europe,41,F,Budget,138.68,0.07496077050806561
GM00124,187,12,3047.46,2,3,3,233,8,Potential Loyalists,Central Asia,68,M,Standard,2104.61,0.7731998032480067
GM00125,451,5,509.46000000000004,1,2,1,121,4,Potential Loyalists,Europe,27,F,Budget,350.49,0.9999999998829969
GM00126,83,13,4455.23,3,4,3,343,10,Potential Loyalists,MENA,25,F,Standard,3073.12,0.0005383570339984288
GM00127,376,4,274.48,1,1,1,111,3,Lost,North America,38,M,Budget,199.62,0.9999999451554004
GM00128,306,7,663.22,1,2,1,121,4,Potential Loyalists,Southeast Asia,23,F,Budget,455.54,0.9999814970076675
GM00129,19,17,3877.2,5,4,3,543,12,Loyal Customers,Central Asia,38,M,Standard,2681.47,3.1163854673620992e-06
GM00130,25,30,35162.28,5,5,5,555,15,Champions,MENA,56,M,Premium,23562.89,7.713725080630613e-06
GM00131,27,8,4456.14,5,3,3,533,11,Loyal Customers,MENA,41,M,Standard,2937.46,8.19977112630296e-06
GM00132,30,8,3566.0,5,3,3,533,11,Loyal Customers,Europe,50,M,Standard,2383.26,9.344383636363687e-06
GM00133,102,4,1999.78,3,1,2,312,6,Potential Loyalists,Central Asia,35,F,Standard,1275.62,0.003885184375821745
GM00134,45,9,14801.8,4,3,5,435,12,Loyal Customers,Europe,45,F,Premium,10527.87,3.2380863798692397e-05
GM00135,89,11,4815.08,3,3,3,333,9,Potential Loyalists,Southeast Asia,69,F,Standard,3287.23,0.0011354523101869067
GM00136,372,1,85.74,1,1,1,111,3,Lost,Europe,49,F,Budget,56.69,0.9999999409736734
GM00137,39,10,3139.09,4,3,3,433,10,Loyal Customers,MENA,29,M,Standard,2113.3,1.895607890346746e-05
GM00138,103,5,1682.1,3,2,2,322,7,Potential Loyalists,North America,65,F,Standard,1079.91,0.004554551102536205
GM00139,44,19,22906.46,4,5,5,455,14,Champions,Europe,59,F,Premium,15274.13,3.37725902323127e-05
GM00140,147,7,1610.88,2,2,2,222,6,Potential Loyalists,Southeast Asia,44,M,Standard,1062.1,0.1077953389530817
GM00141,146,35,46125.24,2,5,5,255,12,At Risk,Southeast Asia,27,F,Premium,32149.03,0.15297290910201752
GM00142,32,19,26047.46,4,5,5,455,14,Champions,Europe,63,Other,Premium,17801.86,1.2393033056404405e-05
GM00143,570,5,534.54,1,2,1,121,4,Potential Loyalists,MENA,69,F,Budget,388.76,0.9999999999999922
GM00144,120,7,1049.8600000000001,2,2,2,222,6,Potential Loyalists,Europe,59,F,Budget,734.11,0.016892889774360625
GM00145,39,28,23824.42,4,5,5,455,14,Champions,Europe,49,M,Premium,16014.43,1.869604984664087e-05
GM00146,36,31,33011.75,4,5,5,455,14,Champions,Central Asia,59,M,Premium,22258.26,1.9119013727693964e-05
GM00147,124,5,3230.16,2,2,3,223,7,Potential Loyalists,North America,43,M,Standard,2120.18,0.017673531180733035
GM00148,32,3,877.31,4,1,2,412,7,Recent Customers,MENA,42,F,Standard,554.56,1.3118249440726265e-05
GM00149,188,9,4835.95,2,3,3,233,8,Potential Loyalists,Central Asia,28,F,Standard,3276.97,0.7831222619996765
GM00150,15,11,4788.41,5,3,3,533,11,Loyal Customers,Europe,40,Other,Standard,3218.55,2.979609514125106e-06
GM00151,17,10,3339.71,5,3,3,533,11,Loyal Customers,Southeast Asia,51,M,Standard,2256.93,2.7262982134001314e-06
GM00152,656,4,252.45,1,1,1,111,3,Lost,Europe,69,M,Budget,183.6,1.0
GM00153,30,16,9136.26,5,4,4,544,13,Champions,Europe,57,F,Standard,6333.97,9.266651506284601e-06
GM00154,335,10,6147.44,1,3,4,134,8,Potential Loyalists,MENA,40,F,Standard,4263.57,0.9999980355040025
GM00155,20,10,5531.07,5,3,3,533,11,Loyal Customers,Southeast Asia,46,M,Standard,3670.15,3.5346204888544726e-06
GM00156,88,6,703.82,3,2,2,322,7,Potential Loyalists,Europe,48,F,Budget,467.03,0.0012339752478573297
GM00157,62,4,377.69,3,1,1,311,5,Potential Loyalists,North America,24,F,Budget,242.05,0.00015138976980830836
GM00158,108,10,10953.87,2,3,5,235,10,Potential Loyalists,North America,57,F,Premium,7425.81,0.005134894984751898
GM00159,235,4,2575.29,1,1,2,112,4,Lost,Europe,50,F,Standard,1799.53,0.9939211702755296
GM00160,20,18,8772.81,5,4,4,544,13,Champions,North America,38,M,Standard,5953.93,3.486661047624176e-06
GM00161,63,19,25694.01,3,5,5,355,13,Champions,Europe,19,Other,Premium,17892.44,0.00016316126192250855
GM00162,26,7,3026.34,5,2,3,523,10,Recent Customers,North America,35,F,Standard,1999.42,7.75497927351544e-06
GM00163,16,9,4646.53,5,3,3,533,11,Loyal Customers,North America,64,M,Standard,3181.01,2.6269771683979985e-06
GM00164,22,11,4761.0,5,3,3,533,11,Loyal Customers,MENA,50,M,Standard,3223.67,4.164955613164802e-06
GM00165,64,17,9180.72,3,4,4,344,11,Potential Loyalists,Central Asia,54,F,Standard,6088.09,0.00013585797027936992
GM00166,15,6,1888.84,5,2,2,522,9,Recent Customers,North America,51,M,Standard,1293.75,2.868588401400414e-06
GM00167,117,5,472.95,2,2,1,221,5,Potential Loyalists,Europe,37,M,Budget,288.67,0.01328202315845328
GM00168,243,7,2105.38,1,2,2,122,5,Potential Loyalists,Europe,52,F,Standard,1493.76,0.9968149692265024
GM00169,223,8,2423.85,1,3,2,132,6,Potential Loyalists,Central Asia,68,M,Standard,1670.93,0.9877916465364183
GM00170,23,33,35051.95,5,5,5,555,15,Champions,North America,67,F,Premium,23602.63,5.678018910902967e-06
GM00171,40,35,42117.39,4,5,5,455,14,Champions,North America,71,M,Premium,29135.67,2.737068466021171e-05
GM00172,118,8,4727.01,2,3,3,233,8,Potential Loyalists,Central Asia,35,F,Standard,3240.8,0.011668041032684897
GM00173,26,38,42608.08,5,5,5,555,15,Champions,MENA,63,M,Premium,28693.06,8.718255027151242e-06
GM00174,20,32,41834.33,5,5,5,555,15,Champions,Europe,41,M,Premium,28328.02,6.410059391982582e-06
GM00175,21,8,9010.94,5,3,4,534,12,Loyal Customers,North America,25,M,Premium,5784.74,3.6538913248655276e-06
GM00176,60,15,9040.76,3,4,4,344,11,Potential Loyalists,Europe,47,F,Standard,6046.68,0.0001109045064626823
GM00177,53,19,6043.24,4,5,4,454,13,Champions,North America,61,F,Standard,4086.85,4.405605975722181e-05
GM00178,168,5,1010.62,2,2,2,222,6,Potential Loyalists,MENA,70,M,Standard,681.05,0.43905015971190087
GM00179,41,13,7171.05,4,4,4,444,12,Loyal Customers,Southeast Asia,27,F,Standard,4749.46,2.3535276335653725e-05
GM00180,50,25,32436.87,4,5,5,455,14,Champions,Europe,40,F,Premium,21733.98,6.190907270555309e-05
GM00181,24,10,4152.46,5,3,3,533,11,Loyal Customers,Europe,69,Other,Standard,2709.14,5.539760561126618e-06
GM00182,78,7,2237.2799999999997,3,2,2,322,7,Potential Loyalists,Central Asia,66,M,Standard,1509.43,0.0005216254086566826
GM00183,111,10,4386.09,2,3,3,233,8,Potential Loyalists,Southeast Asia,28,F,Standard,2896.43,0.005600802348340871
GM00184,371,2,171.3,1,1,1,111,3,Lost,Southeast Asia,19,M,Budget,113.26,0.9999999249472712
GM00185,136,6,662.75,2,2,1,221,5,Potential Loyalists,Europe,43,M,Budget,439.93,0.04998786234508302
GM00186,16,27,27407.68,5,5,5,555,15,Champions,North America,53,F,Premium,17967.18,2.848008606026492e-06
GM00187,394,3,448.25,1,1,1,111,3,Lost,North America,50,F,Budget,303.96,0.9999999875516224
GM00188,158,16,18893.65,2,4,5,245,11,At Risk,North America,64,M,Premium,12588.4,0.23887472887892927
GM00189,743,1,28.81,1,1,1,111,3,Lost,MENA,30,M,Budget,20.95,1.0
GM00190,84,9,4973.59,3,3,3,333,9,Potential Loyalists,Europe,57,F,Standard,3289.86,0.0007435205229357379
GM00191,40,5,3919.14,4,2,3,423,9,Recent Customers,Central Asia,42,F,Standard,2522.87,2.7720847910001586e-05
GM00192,42,39,44063.54,4,5,5,455,14,Champions,Southeast Asia,21,M,Premium,30009.73,3.0297399403039225e-05
GM00193,27,17,20633.34,5,4,5,545,14,Champions,Southeast Asia,59,F,Premium,13899.16,7.609620092574588e-06
GM00194,76,19,9326.14,3,5,4,354,12,Potential Loyalists,North America,36,M,Standard,6264.11,0.0003054569487637855
GM00195,355,5,588.91,1,2,1,121,4,Potential Loyalists,Europe,35,M,Budget,403.28,0.9999996565033203
GM00196,133,19,8476.56,2,5,4,254,11,At Risk,Europe,54,F,Standard,5714.18,0.030887063857541516
GM00197,44,13,5250.64,4,4,3,443,11,Loyal Customers,North America,47,M,Standard,3632.19,2.3367689515803874e-05
GM00198,421,4,707.24,1,1,2,112,4,Lost,Southeast Asia,36,M,Budget,497.95,0.9999999984435053
GM00199,123,13,4975.63,2,4,3,243,9,At Risk,Southeast Asia,40,F,Standard,3416.88,0.016005271372606353
GM00200,59,19,22046.14,3,5,5,355,13,Champions,North America,71,F,Premium,14685.57,0.00010752594095082625
GM00201,51,9,13888.23,4,3,5,435,12,Loyal Customers,North America,33,M,Premium,9316.85,4.801016118877595e-05
GM00202,56,5,1538.31,4,2,2,422,8,Recent Customers,Central Asia,18,F,Standard,976.55,9.798563857881985e-05
GM00203,85,9,4574.06,3,3,3,333,9,Potential Loyalists,Europe,29,F,Standard,3033.06,0.0007704340332484663
GM00204,187,10,16921.9,2,3,5,235,10,Potential Loyalists,Southeast Asia,41,M,Premium,11998.75,0.7373543341432254
GM00205,37,39,47786.81,4,5,5,455,14,Champions,North America,51,F,Premium,32765.34,2.4403594736386238e-05
GM00206,39,25,33648.21,4,5,5,455,14,Champions,Central Asia,70,M,Premium,22942.07,2.733256616035274e-05
GM00207,59,4,229.76,3,1,1,311,5,Potential Loyalists,Central Asia,25,M,Budget,156.78,0.00013726741756187264
GM00208,37,34,40356.69,4,5,5,455,14,Champions,North America,35,F,Premium,27650.51,2.04363863056891e-05
GM00209,39,18,6584.24,4,5,4,454,13,Champions,Central Asia,65,F,Standard,4580.61,1.939683552759682e-05
GM00210,257,3,2036.93,1,1,2,112,4,Lost,Europe,22,M,Standard,1346.73,0.998991610758961
GM00211,223,11,6792.2300000000005,1,3,4,134,8,Potential Loyalists,MENA,43,M,Standard,4629.41,0.9839368569992535
GM00212,27,18,35368.53,5,5,5,555,15,Champions,North America,47,F,Premium,24309.98,9.401344463044877e-06
GM00213,236,5,1534.55,1,2,2,122,5,Potential Loyalists,North America,71,M,Standard,1014.58,0.9946086835915195
GM00214,23,25,30728.46,5,5,5,555,15,Champions,Europe,30,M,Premium,20105.0,6.487013482898317e-06
GM00215,176,8,4853.02,2,3,3,233,8,Potential Loyalists,North America,36,M,Standard,3229.61,0.5303386645209788
GM00216,79,37,57432.37,3,5,5,355,13,Champions,Europe,46,F,Premium,39846.6,0.0011600791806430576
GM00217,126,18,8233.58,2,5,4,254,11,At Risk,Europe,20,M,Standard,5515.23,0.0163662220528131
GM00218,93,6,2631.95,3,2,2,322,7,Potential Loyalists,North America,43,M,Standard,1743.82,0.0018973408405607772
GM00219,42,17,7699.74,4,4,4,444,12,Loyal Customers,North America,57,F,Standard,5239.1,1.8559828760109946e-05
GM00220,115,11,6225.18,2,3,4,234,9,Potential Loyalists,North America,29,F,Standard,4177.2,0.008726047636966393
GM00221,33,12,2697.54,4,3,2,432,9,Loyal Customers,North America,19,F,Standard,1769.28,1.0246523101445172e-05
GM00222,345,6,847.9599999999999,1,2,2,122,5,Potential Loyalists,North America,28,M,Budget,574.56,0.9999992530079813
GM00223,103,15,6095.82,3,4,4,344,11,Potential Loyalists,Central Asia,61,F,Standard,4080.97,0.003215365993692349
GM00224,43,13,6717.53,4,4,4,444,12,Loyal Customers,Europe,45,M,Standard,4643.24,2.2945271473257673e-05
GM00225,562,1,325.24,1,1,1,111,3,Lost,Europe,35,M,Budget,236.54,0.9999999999999849
GM00226,13,12,6194.71,5,3,4,534,12,Loyal Customers,Europe,30,F,Standard,4173.95,2.0411808441718113e-06
GM00227,27,18,7513.34,5,5,4,554,14,Champions,Southeast Asia,54,M,Standard,5030.47,5.431823081447908e-06
GM00228,46,18,7474.59,4,5,4,454,13,Champions,MENA,39,M,Standard,4946.96,2.7222016879642904e-05
GM00229,38,31,47110.56,4,5,5,455,14,Champions,Southeast Asia,29,M,Premium,31145.3,2.770493681359363e-05
GM00230,23,36,36488.4,5,5,5,555,15,Champions,North America,19,M,Premium,24790.3,5.457606610529504e-06
GM00231,22,14,11455.04,5,4,5,545,14,Champions,North America,54,M,Premium,7539.74,5.237632422821274e-06
GM00232,31,19,26786.42,5,5,5,555,15,Champions,MENA,24,Other,Premium,18192.41,1.382762782067178e-05
GM00233,202,6,2345.88,1,2,2,122,5,Potential Loyalists,North America,43,M,Standard,1564.25,0.915543043237625
GM00234,259,1,6.0,1,1,1,111,3,Lost,MENA,43,M,Budget,3.97,0.9994457217078847
GM00235,203,14,4079.9,1,4,3,143,8,At Risk,Europe,41,M,Standard,2791.22,0.9050595769974781
GM00236,251,2,229.82,1,1,1,111,3,Lost,North America,29,F,Budget,151.95,0.9986281445193412
GM00237,344,5,158.51,1,2,1,121,4,Potential Loyalists,Europe,33,F,Budget,107.88,0.9999996011897617
GM00238,227,4,651.64,1,1,1,111,3,Lost,Central Asia,40,M,Budget,455.67,0.9914910820704351
GM00239,425,2,226.51,1,1,1,111,3,Lost,North America,57,F,Budget,151.71,0.9999999994659505
GM00240,138,6,2400.06,2,2,2,222,6,Potential Loyalists,Europe,26,M,Standard,1706.79,0.06072060694188804
GM00241,35,19,24050.96,4,5,5,455,14,Champions,Southeast Asia,49,M,Premium,15893.51,1.3606311877858615e-05
GM00242,32,14,4690.96,4,4,3,443,11,Loyal Customers,Southeast Asia,32,M,Standard,3196.76,7.582174250119499e-06
GM00243,60,11,3851.72,3,3,3,333,9,Potential Loyalists,Southeast Asia,54,M,Standard,2566.83,0.00010689262332736403
GM00244,17,7,454.02,5,2,1,521,8,Recent Customers,MENA,30,M,Budget,305.09,3.686547582629414e-06
GM00245,363,1,36.93,1,1,1,111,3,Lost,Central Asia,22,F,Budget,24.42,0.9999998788255042
GM00246,13,19,8564.08,5,5,4,554,14,Champions,Southeast Asia,28,M,Standard,5688.24,1.6661147514118878e-06
GM00247,94,7,1916.12,3,2,2,322,7,Potential Loyalists,MENA,27,F,Standard,1245.0,0.0019038897925710532
GM00248,17,36,48366.299999999996,5,5,5,555,15,Champions,Southeast Asia,69,M,Premium,31639.53,5.5207422304522694e-06
GM00249,55,20,20254.81,4,5,5,455,14,Champions,Southeast Asia,30,M,Premium,14128.75,6.756067356185077e-05
GM00250,53,10,4779.42,4,3,3,433,10,Loyal Customers,Southeast Asia,58,M,Standard,3161.46,5.732811340999267e-05
GM00251,16,5,3505.5,5,2,3,523,10,Recent Customers,Europe,70,F,Standard,2231.59,4.008346089193192e-06
GM00252,429,1,33.72,1,1,1,111,3,Lost,MENA,63,M,Budget,22.29,0.9999999998352296
GM00253,51,16,9608.64,4,4,4,444,12,Loyal Customers,Southeast Asia,67,F,Standard,6481.67,4.441354435364538e-05
GM00254,182,4,517.25,2,1,1,211,4,Potential Loyalists,Europe,32,M,Budget,332.23,0.7299960885031173
GM00255,224,4,2025.3600000000001,1,1,2,112,4,Lost,Europe,59,M,Standard,1339.08,0.98621578649565
GM00256,15,4,679.26,5,1,2,512,8,Recent Customers,North America,24,M,Budget,483.9,3.506591622774163e-06
GM00257,52,31,32984.68,4,5,5,455,14,Champions,Southeast Asia,57,M,Premium,22832.04,5.512656485566819e-05
GM00258,119,7,1072.0,2,2,2,222,6,Potential Loyalists,North America,45,M,Budget,718.93,0.012754931751125732
GM00259,158,10,5306.75,2,3,3,233,8,Potential Loyalists,North America,49,M,Standard,3406.23,0.20471913055874816
GM00260,22,20,25108.39,5,5,5,555,15,Champions,Central Asia,52,F,Premium,16586.25,6.414626640773564e-06
GM00261,37,13,22445.53,4,4,5,445,13,Champions,North America,32,M,Premium,15857.14,1.8219720914457985e-05
GM00262,184,7,348.34000000000003,2,2,1,221,5,Potential Loyalists,Southeast Asia,65,F,Budget,242.22,0.7267692155276835
GM00263,21,38,48556.25,5,5,5,555,15,Champions,Europe,53,M,Premium,32550.17,7.900697790725623e-06
GM00264,70,18,7538.84,3,5,4,354,12,Potential Loyalists,MENA,38,F,Standard,5257.37,0.00017008915137048923
GM00265,30,18,9207.57,5,5,4,554,14,Champions,Southeast Asia,23,F,Standard,6336.98,6.321076550632871e-06
GM00266,15,11,4900.179999999999,5,3,3,533,11,Loyal Customers,North America,18,M,Standard,3249.62,2.5455434206882926e-06
GM00267,40,6,1024.29,4,2,2,422,8,Recent Customers,North America,21,M,Budget,694.84,2.248374061938945e-05
GM00268,35,9,4729.8099999999995,4,3,3,433,10,Loyal Customers,North America,28,F,Standard,3204.83,1.2713850127067226e-05
GM00269,13,13,7667.429999999999,5,4,4,544,13,Champions,Europe,61,F,Standard,5088.11,2.3101692614875506e-06
GM00270,158,4,431.27,2,1,1,211,4,Potential Loyalists,Europe,43,M,Budget,274.59,0.2755487293287115
GM00271,98,7,616.4100000000001,3,2,1,321,6,Potential Loyalists,North America,54,M,Budget,413.45,0.0027641916074368253
GM00272,90,6,1021.14,3,2,2,322,7,Potential Loyalists,North America,40,F,Budget,675.56,0.0013114722827935132
GM00273,186,5,1674.97,2,2,2,222,6,Potential Loyalists,Southeast Asia,46,M,Standard,1113.49,0.7535736114759872
GM00274,137,6,2709.3199999999997,2,2,2,222,6,Potential Loyalists,Southeast Asia,38,F,Standard,1861.66,0.045884065579105696
GM00275,126,17,8793.55,2,4,4,244,10,At Risk,MENA,65,M,Standard,6103.12,0.017744634060773024
GM00276,231,7,2737.1,1,2,2,122,5,Potential Loyalists,MENA,62,M,Standard,1898.33,0.9921850678330817
GM00277,15,38,48835.7,5,5,5,555,15,Champions,North America,62,F,Premium,33262.26,4.218819033457805e-06
GM00278,24,7,932.1,5,2,2,522,9,Recent Customers,North America,66,F,Standard,645.23,6.169695889642851e-06
GM00279,53,29,33962.95,4,5,5,455,14,Champions,North America,44,M,Premium,23149.64,7.649884891928556e-05
GM00280,299,4,788.0799999999999,1,1,2,112,4,Lost,North America,56,M,Standard,546.27,0.9999781411650444
GM00281,315,6,1190.54,1,2,2,122,5,Potential Loyalists,Southeast Asia,57,F,Budget,828.95,0.9999910995060164
GM00282,19,24,29247.31,5,5,5,555,15,Champions,Europe,30,F,Premium,19872.33,4.716253891898214e-06
GM00283,31,16,6846.39,5,4,4,544,13,Champions,MENA,40,M,Standard,4673.8,8.294930886246491e-06
GM00284,458,4,492.96000000000004,1,1,1,111,3,Lost,Central Asia,33,F,Budget,354.7,0.9999999999557923
GM00285,321,5,2863.76,1,2,2,122,5,Potential Loyalists,North America,47,F,Standard,1986.49,0.999993946602652
GM00286,437,5,2250.86,1,2,2,122,5,Potential Loyalists,Central Asia,21,F,Standard,1627.27,0.999999999577557
GM00287,38,7,1206.29,4,2,2,422,8,Recent Customers,MENA,57,F,Budget,813.66,1.9074223393504566e-05
GM00288,141,2,108.27,2,1,1,211,4,Potential Loyalists,MENA,33,M,Budget,65.08,0.16568952540919377
GM00289,266,3,1528.77,1,1,2,112,4,Lost,Europe,48,F,Standard,1025.37,0.9996809581354291
GM00290,13,35,50225.42,5,5,5,555,15,Champions,North America,70,F,Premium,33787.33,3.917278059157328e-06
GM00291,17,22,24548.309999999998,5,5,5,555,15,Champions,Central Asia,59,M,Premium,16101.71,3.736823789963823e-06
GM00292,15,16,7129.84,5,4,4,544,13,Champions,Central Asia,42,M,Standard,4743.99,2.319202108297163e-06
GM00293,26,14,7874.530000000001,5,4,4,544,13,Champions,North America,61,M,Standard,5271.59,5.295661617295933e-06
GM00294,153,6,3234.46,2,2,3,223,7,Potential Loyalists,Europe,29,F,Standard,2218.4,0.1701620659433944
GM00295,88,5,1153.3200000000002,3,2,2,322,7,Potential Loyalists,Europe,43,M,Standard,759.21,0.0011891391420889889
GM00296,54,36,37215.5,4,5,5,455,14,Champions,MENA,54,F,Premium,25305.64,7.539943603231129e-05
GM00297,42,11,4849.46,4,3,3,433,10,Loyal Customers,North America,65,F,Standard,3283.89,3.162342513058214e-05
GM00298,199,3,618.78,1,1,1,111,3,Lost,Europe,50,F,Standard,409.11,0.9177140734894954
GM00299,142,14,5172.99,2,4,3,243,9,At Risk,North America,45,F,Standard,3434.75,0.06080967225579512
GM00300,165,5,2818.44,2,2,2,222,6,Potential Loyalists,Central Asia,26,Other,Standard,1905.94,0.38121468628977845
GM00301,89,13,5451.650000000001,3,4,3,343,10,Potential Loyalists,Central Asia,29,M,Standard,3767.25,0.0009690336958885453
GM00302,55,7,2678.63,4,2,2,422,8,Recent Customers,MENA,22,F,Standard,1843.0,8.099240222061883e-05
GM00303,115,4,3065.01,2,1,3,213,6,Potential Loyalists,MENA,71,M,Standard,2083.32,0.008543409494100655
GM00304,242,6,2266.51,1,2,2,122,5,Potential Loyalists,North America,69,F,Standard,1561.13,0.9965641796112833
GM00305,13,26,43393.5,5,5,5,555,15,Champions,North America,71,M,Premium,29291.33,3.90827155896288e-06
GM00306,393,3,493.59,1,1,1,111,3,Lost,Southeast Asia,45,Other,Standard,326.34,0.9999999907656699
GM00307,46,32,30088.99,4,5,5,455,14,Champions,MENA,52,F,Premium,20076.17,3.490420029137087e-05
GM00308,76,10,12240.59,3,3,5,335,11,Potential Loyalists,Europe,22,F,Premium,8348.47,0.0003891686633678483
GM00309,144,11,4921.35,2,3,3,233,8,Potential Loyalists,North America,51,M,Standard,3337.85,0.07998181166374088
GM00310,50,12,4981.43,4,3,3,433,10,Loyal Customers,Europe,63,M,Standard,3415.55,4.7253538405346026e-05
GM00311,257,4,1276.7,1,1,2,112,4,Lost,MENA,51,F,Standard,852.64,0.9989927509754396
GM00312,62,12,7473.02,3,3,4,334,10,Potential Loyalists,Central Asia,30,M,Standard,5084.89,0.00012731441937569897
GM00313,433,3,1184.27,1,1,2,112,4,Lost,Central Asia,56,F,Standard,782.99,0.9999999994210893
GM00314,183,4,448.37,2,1,1,211,4,Potential Loyalists,Southeast Asia,59,M,Budget,305.92,0.7307245690999264
GM00315,130,22,30961.079999999998,2,5,5,255,12,At Risk,North America,62,F,Premium,21213.75,0.03624829521288793
GM00316,18,16,4122.74,5,4,3,543,12,Loyal Customers,North America,65,M,Standard,2761.27,3.072431133653505e-06
GM00317,215,6,739.9499999999999,1,2,2,122,5,Potential Loyalists,MENA,31,F,Budget,533.06,0.9706893778583225
GM00318,89,3,324.2,3,1,1,311,5,Potential Loyalists,Europe,28,F,Budget,220.1,0.0015074451295141408
GM00319,32,39,47740.24,4,5,5,455,14,Champions,Europe,59,M,Premium,32283.01,1.6099593936132436e-05
GM00320,42,10,5125.31,4,3,3,433,10,Loyal Customers,Europe,55,M,Standard,3461.43,2.4824776101152967e-05
GM00321,26,23,23992.68,5,5,5,555,15,Champions,MENA,21,M,Premium,16453.27,6.361800368531355e-06
GM00322,82,7,2259.9700000000003,3,2,2,322,7,Potential Loyalists,North America,70,F,Standard,1575.4,0.000609729941595807
GM00323,120,10,4256.56,2,3,3,233,8,Potential Loyalists,North America,50,F,Standard,2747.1,0.011431201126933695
GM00324,43,15,9908.52,4,4,4,444,12,Loyal Customers,Europe,24,F,Standard,6712.33,2.3753795814286788e-05
GM00325,153,16,7870.43,2,4,4,244,10,At Risk,Southeast Asia,58,F,Standard,5341.31,0.14656646518608898
GM00326,93,16,6727.93,3,4,4,344,11,Potential Loyalists,North America,25,M,Standard,4259.72,0.0012250475603594738
GM00327,53,16,6996.12,4,4,4,444,12,Loyal Customers,North America,54,M,Standard,4787.3,4.367763557498468e-05
GM00328,851,1,108.37,1,1,1,111,3,Lost,North America,68,M,Budget,78.81,1.0
GM00329,30,1,20.58,5,1,1,511,7,Recent Customers,MENA,27,M,Budget,12.37,1.4635733704479389e-05
GM00330,17,22,27031.32,5,5,5,555,15,Champions,Europe,60,Other,Premium,18062.13,3.648083404018395e-06
GM00331,141,14,4993.27,2,4,3,243,9,At Risk,Europe,32,F,Standard,3482.92,0.06421412600870735
GM00332,33,12,3812.54,4,3,3,433,10,Loyal Customers,North America,55,M,Standard,2534.67,1.1255856741834721e-05
GM00333,43,18,9960.58,4,5,4,454,13,Champions,Central Asia,32,F,Standard,6632.24,2.5286722914734908e-05
GM00334,47,6,765.78,4,2,2,422,8,Recent Customers,Central Asia,22,F,Budget,501.75,4.56092999276985e-05
GM00335,29,6,406.98,5,2,1,521,8,Recent Customers,Central Asia,46,M,Budget,284.84,1.1124229204959968e-05
GM00336,136,13,6932.2699999999995,2,4,4,244,10,At Risk,Central Asia,36,M,Standard,4843.91,0.050208222913944306
GM00337,73,13,5802.03,3,4,4,344,11,Potential Loyalists,Southeast Asia,71,M,Standard,3994.57,0.0002634675769693357
GM00338,114,12,6511.71,2,3,4,234,9,Potential Loyalists,North America,68,F,Standard,4362.42,0.00818843755092997
GM00339,60,17,8664.0,3,4,4,344,11,Potential Loyalists,MENA,27,F,Standard,5862.64,8.684254232499109e-05
GM00340,112,35,33992.85,2,5,5,255,12,At Risk,Central Asia,29,F,Premium,22757.27,0.00799793941050029
GM00341,115,10,3392.21,2,3,3,233,8,Potential Loyalists,MENA,71,M,Standard,2335.98,0.008321378226094028
GM00342,109,23,25195.1,2,5,5,255,12,At Risk,MENA,21,M,Premium,16933.22,0.005916376075916781
GM00343,88,16,6091.12,3,4,4,344,11,Potential Loyalists,Europe,48,F,Standard,4200.85,0.0008534303157274334
GM00344,23,16,7869.23,5,4,4,544,13,Champions,MENA,35,F,Standard,5414.96,3.8900725436336e-06
GM00345,301,2,148.47,1,1,1,111,3,Lost,MENA,33,F,Budget,98.16,0.999978443023939
GM00346,99,15,7125.8,3,4,4,344,11,Potential Loyalists,North America,57,F,Standard,5003.7,0.0020663710977639
GM00347,163,8,5053.469999999999,2,3,3,233,8,Potential Loyalists,North America,53,M,Standard,3504.06,0.2791672956485207
GM00348,21,12,16509.93,5,3,5,535,13,Champions,Central Asia,42,F,Premium,11345.51,4.4760347922213195e-06
GM00349,27,14,7079.62,5,4,4,544,13,Champions,MENA,40,F,Standard,4679.6,5.63353626421465e-06
GM00350,53,17,6650.13,4,4,4,444,12,Loyal Customers,North America,29,M,Standard,4669.85,4.498381319261415e-05
GM00351,20,19,8469.68,5,5,4,554,14,Champions,MENA,51,F,Standard,5823.3,2.9780042042912295e-06
GM00352,134,5,418.57,2,2,1,221,5,Potential Loyalists,Southeast Asia,53,M,Budget,272.82,0.04835914944458331
GM00353,38,17,6481.55,4,4,4,444,12,Loyal Customers,North America,54,M,Standard,4373.55,1.3003930989482806e-05
GM00354,197,10,1815.91,2,3,2,232,7,Potential Loyalists,Europe,20,M,Standard,1287.94,0.9005289484408612
GM00355,84,11,3445.49,3,3,3,333,9,Potential Loyalists,Central Asia,26,M,Standard,2338.41,0.0007207959652108664
GM00356,128,6,513.74,2,2,1,221,5,Potential Loyalists,North America,70,M,Budget,335.7,0.028452028707393884
GM00357,59,7,1315.93,3,2,2,322,7,Potential Loyalists,Central Asia,35,M,Budget,895.52,0.00013386646088996924
GM00358,137,9,5763.3099999999995,2,3,4,234,9,Potential Loyalists,North America,60,F,Standard,3873.96,0.050796401741745996
GM00359,70,9,5458.51,3,3,3,333,9,Potential Loyalists,Southeast Asia,52,M,Standard,3616.45,0.00020377497609811506
GM00360,37,10,3264.99,4,3,3,433,10,Loyal Customers,North America,51,M,Standard,2082.7,1.490493196886443e-05
GM00361,20,21,29107.61,5,5,5,555,15,Champions,MENA,58,M,Premium,19697.91,5.293567762274334e-06
GM00362,29,13,4513.84,5,4,3,543,12,Loyal Customers,North America,31,F,Standard,3005.02,7.086036366132775e-06
GM00363,52,15,5047.81,4,4,3,443,11,Loyal Customers,MENA,21,M,Standard,3285.71,4.852835741895427e-05
GM00364,21,37,49908.43,5,5,5,555,15,Champions,MENA,46,M,Premium,33967.69,7.838605173732466e-06
GM00365,33,27,36368.5,4,5,5,455,14,Champions,Southeast Asia,58,F,Premium,24799.14,1.4695018195233503e-05
GM00366,32,15,9373.88,4,4,4,444,12,Loyal Customers,MENA,62,F,Standard,6138.44,1.1493391958716248e-05
GM00367,768,2,63.57000000000001,1,1,1,111,3,Lost,Southeast Asia,67,F,Budget,46.23,1.0
GM00368,240,5,3416.4500000000003,1,2,3,123,6,Potential Loyalists,Southeast Asia,32,F,Standard,2357.53,0.9951182549259661
GM00369,17,14,7078.860000000001,5,4,4,544,13,Champions,Europe,45,M,Standard,4738.52,3.433535335388439e-06
GM00370,416,3,2125.32,1,1,2,112,4,Lost,Central Asia,59,F,Standard,1405.17,0.9999999976139471
GM00371,95,10,4338.19,3,3,3,333,9,Potential Loyalists,Central Asia,33,M,Standard,2992.48,0.0017308164981569597
GM00372,97,15,7843.28,3,4,4,344,11,Potential Loyalists,Central Asia,29,M,Standard,5354.41,0.0019223447634696875
GM00373,83,14,4259.48,3,4,3,343,10,Potential Loyalists,Central Asia,69,M,Standard,2831.5,0.0006729916118495859
GM00374,36,32,49632.29,4,5,5,455,14,Champions,North America,22,F,Premium,33410.84,2.7299238537459534e-05
GM00375,38,8,3572.6099999999997,4,3,3,433,10,Loyal Customers,Central Asia,51,M,Standard,2373.4,1.9155274701339657e-05
GM00376,164,7,3079.4300000000003,2,2,3,223,7,Potential Loyalists,Europe,59,F,Standard,2062.84,0.37778082539371277
GM00377,61,7,3295.25,3,2,3,323,8,Potential Loyalists,North America,18,F,Standard,2110.02,0.00011109015084762796
GM00378,279,2,312.66,1,1,1,111,3,Lost,Central Asia,56,M,Budget,206.72,0.9998766043946385
GM00379,19,29,31604.63,5,5,5,555,15,Champions,North America,49,F,Premium,21555.31,3.854105135272666e-06
GM00380,158,7,1500.7,2,2,2,222,6,Potential Loyalists,Europe,43,F,Standard,1017.51,0.2563655055773481
GM00381,28,6,2342.45,5,2,2,522,9,Recent Customers,Central Asia,34,F,Standard,1631.86,8.500776302260852e-06
GM00382,455,3,432.69,1,1,1,111,3,Lost,North America,65,M,Budget,306.39,0.9999999999103948
GM00383,36,16,6681.98,4,4,4,444,12,Loyal Customers,North America,44,F,Standard,4504.92,1.1838651660293555e-05
GM00384,66,3,1713.48,3,1,2,312,6,Potential Loyalists,Southeast Asia,41,M,Standard,1228.76,0.00015399471065092482
GM00385,317,6,734.3499999999999,1,2,2,122,5,Potential Loyalists,North America,52,F,Budget,505.46,0.9999937671997086
GM00386,175,3,906.24,2,1,2,212,5,Potential Loyalists,North America,63,F,Standard,627.17,0.5894242508392532
GM00387,136,6,2183.45,2,2,2,222,6,Potential Loyalists,Europe,59,M,Standard,1564.88,0.052494823059450975
GM00388,480,4,1892.32,1,1,2,112,4,Lost,Europe,71,F,Standard,1292.8,0.9999999999901861
GM00389,119,2,317.73,2,1,1,211,4,Potential Loyalists,North America,56,F,Budget,200.32,0.015849984593989144
GM00390,40,18,22690.07,4,5,5,455,14,Champions,North America,43,F,Premium,15425.75,2.09839234550198e-05
GM00391,50,19,7065.79,4,5,4,454,13,Champions,Southeast Asia,66,M,Standard,4775.55,3.053529841990134e-05
GM00392,73,17,6035.38,3,4,4,344,11,Potential Loyalists,MENA,55,M,Standard,4070.57,0.0002506908958241222
GM00393,47,5,2759.14,4,2,2,422,8,Recent Customers,MENA,40,F,Standard,1785.45,3.5517700146083626e-05
GM00394,51,13,6117.12,4,4,4,444,12,Loyal Customers,North America,39,F,Standard,4028.37,4.332875726058283e-05
GM00395,37,6,2549.89,4,2,2,422,8,Recent Customers,Europe,21,F,Standard,1651.4,2.126049324602014e-05
GM00396,16,25,30613.0,5,5,5,555,15,Champions,Southeast Asia,66,M,Premium,21123.45,3.4159417841887195e-06
GM00397,49,4,670.8000000000001,4,1,2,412,7,Recent Customers,Southeast Asia,26,M,Standard,454.45,5.248831317352638e-05
GM00398,148,16,7652.39,2,4,4,244,10,At Risk,MENA,21,F,Standard,5234.59,0.10598315476266525
GM00399,40,3,74.58,4,1,1,411,6,Recent Customers,North America,24,F,Budget,48.0,3.0174158970314773e-05
GM00400,113,15,6835.85,2,4,4,244,10,At Risk,North America,40,M,Standard,4589.59,0.006058140196860026
GM00401,103,3,198.76,3,1,1,311,5,Potential Loyalists,Central Asia,19,F,Budget,129.51,0.005450762579177102
GM00402,205,5,2090.54,1,2,2,122,5,Potential Loyalists,Southeast Asia,66,F,Standard,1417.41,0.9310983728223698
GM00403,80,18,22336.27,3,5,5,355,13,Champions,MENA,41,M,Premium,15495.83,0.0005827692596438306
GM00404,122,9,3333.67,2,3,3,233,8,Potential Loyalists,North America,57,M,Standard,2268.51,0.015148719230722545
GM00405,49,32,28366.22,4,5,5,455,14,Champions,Europe,48,M,Premium,18904.74,4.293494446501526e-05
GM00406,212,3,102.83000000000001,1,1,1,111,3,Lost,Southeast Asia,64,F,Budget,69.41,0.96614379872735
GM00407,85,5,727.32,3,2,2,322,7,Potential Loyalists,MENA,48,M,Budget,497.75,0.0009733079943680974
GM00408,272,3,1565.02,1,1,2,112,4,Lost,Central Asia,64,M,Standard,1091.98,0.9997203167592378
GM00409,348,3,1453.84,1,1,2,112,4,Lost,Southeast Asia,57,F,Standard,1029.64,0.9999993410680043
GM00410,103,14,4721.61,3,4,3,343,10,Potential Loyalists,Central Asia,65,M,Standard,3129.17,0.003909694400524439
GM00411,65,11,4046.35,3,3,3,333,9,Potential Loyalists,Europe,68,M,Standard,2766.93,0.00017874046819730584
GM00412,194,7,2936.55,2,2,3,223,7,Potential Loyalists,Southeast Asia,60,M,Standard,2049.37,0.8289149728271656
GM00413,338,9,5223.97,1,3,3,133,7,Potential Loyalists,Southeast Asia,51,F,Standard,3700.63,0.9999984669503633
GM00414,532,4,2386.34,1,1,2,112,4,Lost,North America,41,F,Standard,1675.54,0.9999999999998335
GM00415,87,10,8407.11,3,3,4,334,10,Potential Loyalists,North America,66,M,Premium,5667.91,0.0009620864199633647
GM00416,531,2,27.95,1,1,1,111,3,Lost,MENA,43,F,Budget,18.48,0.9999999999998532
GM00417,73,7,772.6,3,2,2,322,7,Potential Loyalists,Europe,33,F,Budget,524.67,0.00040081044358133196
GM00418,161,16,4208.42,2,4,3,243,9,At Risk,Europe,64,M,Standard,2819.98,0.23324436229674755
GM00419,404,5,767.92,1,2,2,122,5,Potential Loyalists,North America,30,M,Budget,536.02,0.9999999954759906
GM00420,26,4,1832.02,5,1,2,512,8,Recent Customers,North America,32,M,Standard,1142.62,6.84318882790754e-06
GM00421,42,26,25837.53,4,5,5,455,14,Champions,North America,44,M,Premium,17467.17,2.4081536023086654e-05
GM00422,32,6,3107.49,4,2,3,423,9,Recent Customers,North America,21,F,Standard,1939.8,9.533876263939015e-06
GM00423,54,6,1614.5700000000002,4,2,2,422,8,Recent Customers,Central Asia,33,F,Standard,1139.74,7.366338923543054e-05
GM00424,27,17,7439.65,5,4,4,544,13,Champions,MENA,47,M,Standard,4989.64,5.932303947562329e-06
GM00425,64,7,705.22,3,2,2,322,7,Potential Loyalists,Central Asia,61,M,Budget,480.86,0.00021190069600228546
GM00426,456,2,252.06,1,1,1,111,3,Lost,MENA,47,M,Budget,171.42,0.9999999999244118
GM00427,87,10,3642.3500000000004,3,3,3,333,9,Potential Loyalists,MENA,53,F,Standard,2422.15,0.0008423289199285782
GM00428,180,5,465.61,2,2,1,221,5,Potential Loyalists,Southeast Asia,20,M,Budget,313.27,0.6712014145313538
GM00429,93,14,15063.72,3,4,5,345,12,Potential Loyalists,Europe,39,F,Premium,10015.95,0.0018043841365244068
GM00430,23,13,19060.13,5,4,5,545,14,Champions,Central Asia,66,M,Premium,13016.75,5.553819958789187e-06
GM00431,52,8,2479.37,4,3,2,432,9,Loyal Customers,Europe,39,F,Standard,1701.4,7.124532890032368e-05
GM00432,30,8,4687.34,5,3,3,533,11,Loyal Customers,North America,67,F,Standard,3046.09,1.01538004256223e-05
GM00433,96,3,902.44,3,1,2,312,6,Potential Loyalists,North America,67,M,Standard,567.56,0.003155193170075601
GM00434,223,3,778.15,1,1,2,112,4,Lost,Central Asia,66,F,Standard,554.52,0.9873671033602512
GM00435,81,11,4696.51,3,3,3,333,9,Potential Loyalists,Central Asia,29,Other,Standard,3131.95,0.0005606578303368057
GM00436,100,15,18462.14,3,4,5,345,12,Potential Loyalists,North America,38,M,Premium,12741.1,0.0024068156559822226
GM00437,23,6,2303.97,5,2,2,522,9,Recent Customers,Central Asia,21,F,Standard,1600.42,5.7891855344410355e-06
GM00438,51,37,41392.99,4,5,5,455,14,Champions,North America,48,M,Premium,27974.22,6.233415880758193e-05
GM00439,59,37,47812.83,3,5,5,355,13,Champions,North America,61,F,Premium,32234.97,0.00016039641749036212
GM00440,55,13,6254.41,4,4,4,444,12,Loyal Customers,Central Asia,48,M,Standard,4393.59,6.686458551068154e-05
GM00441,74,10,4872.9,3,3,3,333,9,Potential Loyalists,Central Asia,40,F,Standard,3339.33,0.00030851497055783513
GM00442,530,1,37.6,1,1,1,111,3,Lost,Southeast Asia,71,F,Budget,24.86,0.9999999999998246
GM00443,114,12,13150.380000000001,2,3,5,235,10,Potential Loyalists,MENA,70,F,Premium,8888.21,0.00885033344046428
GM00444,49,21,24961.43,4,5,5,455,14,Champions,MENA,37,F,Premium,16737.63,5.322992749453224e-05
GM00445,87,19,8889.95,3,5,4,354,12,Potential Loyalists,North America,32,F,Standard,5895.46,0.0007319154962696991
GM00446,213,5,2464.28,1,2,2,122,5,Potential Loyalists,Southeast Asia,40,M,Standard,1697.35,0.9620679170664918
GM00447,97,24,36502.84,3,5,5,355,13,Champions,Southeast Asia,45,F,Premium,24818.19,0.0027211741457450088
GM00448,93,16,21153.3,3,4,5,345,12,Potential Loyalists,North America,33,F,Premium,14790.46,0.0014694908307797427
GM00449,492,7,433.06,1,2,1,121,4,Potential Loyalists,MENA,54,F,Budget,298.83,0.9999999999948121
GM00450,127,3,549.8,2,1,1,211,4,Potential Loyalists,Central Asia,38,F,Standard,342.32,0.03376378492193401
GM00451,108,13,6447.83,2,4,4,244,10,At Risk,North America,32,F,Standard,4386.33,0.004612190820487103
GM00452,175,7,4003.99,2,2,3,223,7,Potential Loyalists,North America,34,F,Standard,2781.63,0.5118588587560272
GM00453,200,14,5423.15,1,4,3,143,8,At Risk,MENA,67,M,Standard,3767.34,0.8902358214797346
GM00454,103,13,7168.54,3,4,4,344,11,Potential Loyalists,Southeast Asia,54,M,Standard,4863.49,0.0028010247507757125
GM00455,118,14,6397.87,2,4,4,244,10,At Risk,Central Asia,30,M,Standard,4274.47,0.010434177576302574
GM00456,31,3,260.27,5,1,1,511,7,Recent Customers,MENA,36,M,Budget,181.1,2.110529415642175e-05
GM00457,24,30,36266.36,5,5,5,555,15,Champions,Central Asia,47,F,Premium,25010.49,7.895463183889153e-06
GM00458,105,3,235.82999999999998,2,1,1,211,4,Potential Loyalists,MENA,62,M,Budget,158.68,0.00810660434227443
GM00459,28,37,39199.76,5,5,5,555,15,Champions,Central Asia,35,M,Premium,26524.88,9.908041843373192e-06
GM00460,23,18,7029.72,5,5,4,554,14,Champions,Central Asia,31,Other,Standard,4647.08,4.084172633263294e-06
GM00461,82,18,26600.87,3,5,5,355,13,Champions,Central Asia,53,M,Premium,17949.67,0.0007771781830114406
GM00462,66,25,34506.12,3,5,5,355,13,Champions,North America,53,M,Premium,23506.45,0.00021090424671199026
GM00463,295,3,106.79,1,1,1,111,3,Lost,North America,37,M,Budget,70.6,0.999958973631571
GM00464,106,3,1462.91,2,1,2,212,5,Potential Loyalists,North America,69,M,Standard,894.91,0.004352535848245043
GM00465,126,9,12593.25,2,3,5,235,10,Potential Loyalists,Southeast Asia,36,F,Premium,8302.88,0.018455597168886922
GM00466,450,2,156.28,1,1,1,111,3,Lost,MENA,62,F,Budget,113.33,0.9999999998812292
GM00467,102,6,778.6199999999999,3,2,2,322,7,Potential Loyalists,Europe,61,F,Budget,543.69,0.00390816191724001
GM00468,47,5,921.1,4,2,2,422,8,Recent Customers,Southeast Asia,24,M,Budget,611.32,4.065006771362067e-05
GM00469,255,4,244.26999999999998,1,1,1,111,3,Lost,Europe,61,F,Budget,165.33,0.9993041031523693
GM00470,39,17,6861.39,4,4,4,444,12,Loyal Customers,Southeast Asia,70,M,Standard,4766.34,1.6086615432737695e-05
GM00471,277,6,605.13,1,2,1,121,4,Potential Loyalists,Central Asia,21,M,Budget,407.4,0.999840497881398
GM00472,96,16,9790.86,3,4,4,344,11,Potential Loyalists,Southeast Asia,51,M,Standard,6486.51,0.0014459979932608942
GM00473,529,2,187.38,1,1,1,111,3,Lost,Central Asia,19,M,Budget,128.52,0.9999999999998079
GM00474,112,5,800.2,2,2,2,222,6,Potential Loyalists,Southeast Asia,22,M,Budget,520.99,0.007533674596444382
GM00475,101,16,4410.400000000001,3,4,3,343,10,Potential Loyalists,MENA,27,M,Standard,2891.77,0.0026367986389645914
GM00476,169,3,405.13,2,1,1,211,4,Potential Loyalists,Southeast Asia,49,Other,Budget,290.95,0.5836487233697824
GM00477,163,11,5454.59,2,3,3,233,8,Potential Loyalists,Central Asia,59,M,Standard,3713.39,0.31185404775515
GM00478,94,11,4263.26,3,3,3,333,9,Potential Loyalists,North America,58,M,Standard,2853.82,0.0014573078175639266
GM00479,16,35,35521.54,5,5,5,555,15,Champions,Southeast Asia,30,M,Premium,23612.07,2.957557803062891e-06
GM00480,382,7,1181.01,1,2,2,122,5,Potential Loyalists,MENA,56,F,Budget,830.84,0.999999968071423
GM00481,55,12,5776.93,4,3,4,434,11,Loyal Customers,North America,22,M,Standard,4001.36,6.423907787504518e-05
GM00482,20,7,2928.67,5,2,3,523,10,Recent Customers,North America,27,F,Standard,1998.77,4.6914796395763985e-06
GM00483,131,17,7485.56,2,4,4,244,10,At Risk,MENA,27,F,Standard,5231.87,0.029957209098295114
GM00484,469,2,586.4,1,1,1,111,3,Lost,North America,55,M,Budget,406.7,0.9999999999714861
GM00485,70,9,4807.59,3,3,3,333,9,Potential Loyalists,North America,44,M,Standard,3184.06,0.00020643278210018078
GM00486,52,6,576.76,4,2,1,421,7,Recent Customers,Southeast Asia,68,M,Budget,374.21,6.12668013091144e-05
GM00487,40,7,709.09,4,2,2,422,8,Recent Customers,Central Asia,38,F,Budget,482.64,2.5056596807096464e-05
GM00488,491,3,1871.27,1,1,2,112,4,Lost,Europe,25,M,Standard,1285.19,0.9999999999936084
GM00489,32,3,1453.2800000000002,4,1,2,412,7,Recent Customers,Southeast Asia,18,M,Standard,911.25,1.0730241453302538e-05
GM00490,213,4,613.86,1,1,1,111,3,Lost,Southeast Asia,45,M,Standard,405.86,0.9700025133451826
GM00491,611,1,212.22,1,1,1,111,3,Lost,MENA,66,F,Budget,154.34,0.9999999999999998
GM00492,241,4,386.84000000000003,1,1,1,111,3,Lost,North America,56,M,Budget,269.59,0.9964937196356269
GM00493,49,5,2521.41,4,2,2,422,8,Recent Customers,Europe,31,M,Standard,1685.2,4.782958054915456e-05
GM00494,225,5,942.6600000000001,1,2,2,122,5,Potential Loyalists,Europe,38,F,Budget,653.13,0.9881548155245303
GM00495,464,3,725.17,1,1,2,112,4,Lost,MENA,47,F,Standard,479.45,0.9999999999575673
GM00496,19,14,6889.09,5,4,4,544,13,Champions,Europe,38,F,Standard,4689.3,3.550551982112334e-06
GM00497,18,6,456.75,5,2,1,521,8,Recent Customers,North America,66,M,Budget,290.64,3.972661456208553e-06
GM00498,55,17,22477.71,4,4,5,445,13,Champions,Central Asia,26,F,Premium,15322.06,8.65858650244682e-05
GM00499,262,5,660.05,1,2,1,121,4,Potential Loyalists,Southeast Asia,34,F,Budget,461.61,0.9992692766890653
GM00500,53,6,2145.85,4,2,2,422,8,Recent Customers,Southeast Asia,22,M,Standard,1465.69,9.004222646083933e-05
GM00501,26,6,1036.42,5,2,2,522,9,Recent Customers,North America,48,F,Budget,644.0,7.290405939372405e-06
GM00502,24,14,23045.55,5,4,5,545,14,Champions,MENA,69,M,Premium,15624.82,5.688801485714816e-06
GM00503,304,4,2397.4,1,1,2,112,4,Lost,Europe,57,F,Standard,1733.53,0.9999840165185095
GM00504,130,6,988.04,2,2,2,222,6,Potential Loyalists,North America,55,M,Budget,678.56,0.038606869437781514
GM00505,49,18,10493.98,4,5,5,455,14,Champions,North America,60,F,Premium,7071.1,4.046528987660654e-05
GM00506,170,11,12378.17,2,3,5,235,10,Potential Loyalists,Europe,36,M,Premium,8324.89,0.43936054412730247
GM00507,35,4,262.35,4,1,1,411,6,Recent Customers,Southeast Asia,53,F,Budget,177.88,1.434631126297749e-05
GM00508,55,13,7103.95,4,4,4,444,12,Loyal Customers,North America,67,M,Standard,4724.75,6.0239908663881304e-05
GM00509,21,3,256.90999999999997,5,1,1,511,7,Recent Customers,Southeast Asia,50,F,Budget,162.07,5.057789380835226e-06
GM00510,79,16,21212.13,3,4,5,345,12,Potential Loyalists,North America,30,F,Premium,14520.29,0.0006204278798854815
GM00511,418,7,2793.39,1,2,2,122,5,Potential Loyalists,North America,31,M,Standard,1981.4,0.9999999979954732
GM00512,541,1,209.01,1,1,1,111,3,Lost,MENA,50,F,Budget,138.19,0.9999999999999294
GM00513,51,12,4360.49,4,3,3,433,10,Loyal Customers,Southeast Asia,46,Other,Standard,2917.84,4.190647830990482e-05
GM00514,213,3,758.12,1,1,2,112,4,Lost,Southeast Asia,60,M,Standard,548.31,0.9665204000012104
GM00515,28,17,6696.66,5,4,4,544,13,Champions,Central Asia,66,M,Standard,4337.05,6.338722126015931e-06
GM00516,112,5,501.48,2,2,1,221,5,Potential Loyalists,Central Asia,53,F,Budget,338.79,0.009033341880476173
GM00517,16,16,7731.24,5,4,4,544,13,Champions,MENA,61,M,Standard,5181.41,2.249065379011632e-06
GM00518,47,17,9595.21,4,4,4,444,12,Loyal Customers,North America,27,M,Standard,6409.33,2.9839106301442326e-05
GM00519,14,14,17529.72,5,4,5,545,14,Champions,Southeast Asia,48,M,Premium,11809.17,2.149130383589361e-06
GM00520,75,19,6935.79,3,5,4,354,12,Potential Loyalists,Europe,23,M,Standard,4877.45,0.00024951505217493246
GM00521,90,7,2823.2200000000003,3,2,2,322,7,Potential Loyalists,North America,18,M,Standard,1893.67,0.00120353810601387
GM00522,345,6,3625.02,1,2,3,123,6,Potential Loyalists,MENA,24,M,Standard,2556.02,0.9999991785419244
GM00523,52,7,4301.54,4,2,3,423,9,Recent Customers,Southeast Asia,44,F,Standard,2969.25,5.8178369516367446e-05
GM00524,87,8,8249.68,3,3,4,334,10,Potential Loyalists,North America,38,F,Premium,5714.76,0.0008032500951405842
GM00525,68,26,36812.99,3,5,5,355,13,Champions,North America,45,M,Premium,25016.5,0.00026057654732024066
GM00526,63,10,5594.86,3,3,3,333,9,Potential Loyalists,MENA,33,F,Standard,3869.07,0.0001209294529406906
GM00527,323,10,3350.66,1,3,3,133,7,Potential Loyalists,MENA,63,F,Standard,2349.75,0.9999946253099258
GM00528,53,7,714.15,4,2,2,422,8,Recent Customers,Europe,40,F,Budget,444.63,7.576293723112234e-05
GM00529,173,10,5848.7,2,3,4,234,9,Potential Loyalists,Central Asia,69,M,Standard,4061.14,0.5415029590916179
GM00530,68,22,21020.54,3,5,5,355,13,Champions,Southeast Asia,37,M,Premium,13962.61,0.00020820718089049504
GM00531,13,12,5195.34,5,3,3,533,11,Loyal Customers,North America,55,F,Standard,3535.37,1.9930307741283156e-06
GM00532,42,11,9173.83,4,3,4,434,11,Loyal Customers,Southeast Asia,71,F,Premium,6247.4,2.2121209898822407e-05
GM00533,77,5,326.72,3,2,1,321,6,Potential Loyalists,Southeast Asia,42,F,Budget,212.29,0.0005036873828744363
GM00534,249,5,551.6999999999999,1,2,1,121,4,Potential Loyalists,North America,45,F,Budget,383.93,0.9981817364104322
GM00535,53,3,681.8199999999999,4,1,2,412,7,Recent Customers,North America,22,M,Standard,448.19,6.581043850989086e-05
GM00536,204,13,6952.34,1,4,4,144,9,At Risk,Southeast Asia,38,F,Standard,4814.74,0.9095992169414884
GM00537,74,13,7838.59,3,4,4,344,11,Potential Loyalists,North America,35,M,Standard,5168.21,0.0002666039410702599
GM00538,157,18,10274.93,2,5,5,255,12,At Risk,Europe,64,M,Standard,7118.2,0.18746557981701006
GM00539,108,5,619.37,2,2,1,221,5,Potential Loyalists,MENA,23,F,Budget,432.02,0.00633524823637982
GM00540,65,25,28297.559999999998,3,5,5,355,13,Champions,Europe,46,M,Premium,19080.63,0.00017909195207171298
GM00541,47,6,3191.36,4,2,3,423,9,Recent Customers,Southeast Asia,36,M,Standard,2278.07,3.50833344284322e-05
GM00542,26,14,3450.6,5,4,3,543,12,Loyal Customers,North America,50,F,Standard,2278.41,5.7378769147633584e-06
GM00543,134,7,2603.07,2,2,2,222,6,Potential Loyalists,Europe,18,M,Standard,1712.66,0.05311569861314716
GM00544,326,12,6089.35,1,3,4,134,8,Potential Loyalists,North America,62,Other,Standard,4264.29,0.9999960632015794
GM00545,102,5,611.14,3,2,1,321,6,Potential Loyalists,North America,20,Other,Budget,399.91,0.0038483078115459685
GM00546,43,21,23160.72,4,5,5,455,14,Champions,Europe,59,F,Premium,15609.58,2.5810363316869992e-05
GM00547,34,17,5035.0,4,4,3,443,11,Loyal Customers,Central Asia,38,M,Standard,3377.04,1.0300762045437697e-05
GM00548,145,4,2509.69,2,1,2,212,5,Potential Loyalists,North America,52,M,Standard,1623.92,0.12427667823156689
GM00549,49,8,4321.42,4,3,3,433,10,Loyal Customers,MENA,58,M,Standard,3026.75,4.18484792877448e-05
GM00550,648,5,1231.8400000000001,1,2,2,122,5,Potential Loyalists,North America,57,M,Standard,895.88,1.0
GM00551,50,35,47865.85,4,5,5,455,14,Champions,MENA,20,M,Premium,33059.1,7.989449984861747e-05
GM00552,23,17,20019.09,5,4,5,545,14,Champions,Southeast Asia,42,Other,Premium,13878.94,5.343376803135638e-06
GM00553,53,20,31989.42,4,5,5,455,14,Champions,North America,62,M,Premium,21931.88,7.373254332005528e-05
GM00554,358,3,691.0999999999999,1,1,2,112,4,Lost,North America,55,F,Budget,466.33,0.9999997479114442
GM00555,93,18,8584.0,3,5,4,354,12,Potential Loyalists,Southeast Asia,62,M,Standard,5871.88,0.0010233656124375462
GM00556,203,3,755.35,1,1,2,112,4,Lost,MENA,37,F,Budget,523.01,0.935875058779863
GM00557,26,19,5582.26,5,5,3,553,13,Champions,Europe,69,F,Standard,3775.51,4.7172824323573415e-06
GM00558,86,8,3578.84,3,3,3,333,9,Potential Loyalists,Central Asia,61,M,Standard,2453.71,0.0008992957802300579
GM00559,50,18,6774.3,4,5,4,454,13,Champions,North America,62,M,Standard,4495.66,3.796915778300518e-05
GM00560,35,5,466.09,4,2,1,421,7,Recent Customers,North America,51,F,Budget,297.36,1.4869401223508283e-05
GM00561,31,18,8600.01,5,5,4,554,14,Champions,North America,38,F,Standard,5815.02,8.343027414869983e-06
GM00562,49,18,7605.97,4,5,4,454,13,Champions,Europe,65,F,Standard,5170.37,3.208103640834197e-05
GM00563,208,15,27994.4,1,4,5,145,10,At Risk,Europe,40,M,Premium,19644.53,0.9524035592325818
GM00564,30,17,5952.68,5,4,4,544,13,Champions,Central Asia,23,M,Standard,4055.94,6.7810585382486875e-06
GM00565,37,7,4546.14,4,2,3,423,9,Recent Customers,Europe,68,F,Standard,3226.98,1.6755026731745203e-05
GM00566,107,4,568.33,2,1,1,211,4,Potential Loyalists,North America,70,F,Budget,367.11,0.007960872495148328
GM00567,33,15,8710.27,4,4,4,444,12,Loyal Customers,MENA,30,M,Standard,5807.53,1.115821943859973e-05
GM00568,71,11,2861.08,3,3,2,332,8,Potential Loyalists,MENA,66,F,Standard,1881.46,0.00023591617096595143
GM00569,270,5,1125.68,1,2,2,122,5,Potential Loyalists,Southeast Asia,40,M,Standard,772.54,0.999629809547564
GM00570,44,11,3365.55,4,3,3,433,10,Loyal Customers,Europe,26,M,Standard,2231.08,3.079168506048022e-05
GM00571,44,19,22873.19,4,5,5,455,14,Champions,MENA,34,M,Premium,14988.72,2.8039561699587996e-05
GM00572,66,7,572.75,3,2,1,321,6,Potential Loyalists,North America,19,M,Budget,366.59,0.00017938827566631852
GM00573,46,17,9754.53,4,4,4,444,12,Loyal Customers,MENA,36,F,Standard,6687.48,2.9350076094377132e-05
GM00574,705,1,22.49,1,1,1,111,3,Lost,North America,36,M,Budget,16.36,1.0
GM00575,192,1,114.07,2,1,1,211,4,Potential Loyalists,Southeast Asia,24,M,Budget,75.42,0.8662148056495192
GM00576,540,3,2840.69,1,1,2,112,4,Lost,Southeast Asia,71,F,Standard,2022.25,0.9999999999998606
GM00577,55,16,5682.69,4,4,3,443,11,Loyal Customers,Europe,59,F,Standard,3846.35,5.8279055499595177e-05
GM00578,67,34,35299.24,3,5,5,355,13,Champions,Southeast Asia,59,F,Premium,23518.14,0.0001950113767007833
GM00579,444,1,292.7,1,1,1,111,3,Lost,MENA,37,F,Budget,193.52,0.9999999997935329
GM00580,212,6,1365.71,1,2,2,122,5,Potential Loyalists,Europe,26,M,Standard,917.01,0.9635971715738774
GM00581,379,4,1940.09,1,1,2,112,4,Lost,MENA,34,F,Standard,1297.1,0.9999999512466798
GM00582,32,12,3789.4500000000003,4,3,3,433,10,Loyal Customers,Southeast Asia,44,F,Standard,2522.7,1.0982125393517876e-05
GM00583,128,18,6507.1,2,5,4,254,11,At Risk,MENA,64,F,Standard,4361.57,0.01814127602296076
GM00584,123,5,3655.25,2,2,3,223,7,Potential Loyalists,Europe,19,M,Standard,2450.15,0.01679970998702746
GM00585,129,18,6690.990000000001,2,5,4,254,11,At Risk,North America,53,M,Standard,4581.96,0.02262065008354225
GM00586,178,5,468.2,2,2,1,221,5,Potential Loyalists,Europe,36,F,Budget,322.05,0.7162172505846984
GM00587,53,2,268.45,4,1,1,411,6,Recent Customers,Central Asia,34,M,Budget,166.58,9.129638820557122e-05
GM00588,17,14,5643.19,5,4,3,543,12,Loyal Customers,Europe,22,F,Standard,3829.53,3.0105205627014602e-06
GM00589,40,17,7915.87,4,4,4,444,12,Loyal Customers,Europe,56,F,Standard,5395.32,1.6874076215105517e-05
GM00590,112,2,143.72,2,1,1,211,4,Potential Loyalists,Europe,35,F,Budget,86.38,0.009560099751804715
GM00591,142,25,33272.68,2,5,5,255,12,At Risk,Europe,70,F,Premium,22565.38,0.11072216707718639
GM00592,274,4,717.8,1,1,2,112,4,Lost,North America,71,F,Budget,501.97,0.999780011943956
GM00593,24,18,8467.45,5,5,4,554,14,Champions,Europe,24,M,Standard,5653.92,4.7517374953584854e-06
GM00594,66,9,3525.08,3,3,3,333,9,Potential Loyalists,Europe,34,F,Standard,2410.35,0.00019832522050492412
GM00595,212,11,5264.650000000001,1,3,3,133,7,Potential Loyalists,Southeast Asia,56,F,Standard,3552.23,0.9513124109140492
GM00596,144,6,2163.39,2,2,2,222,6,Potential Loyalists,MENA,53,M,Standard,1476.91,0.09488456884741635
GM00597,128,4,467.55,2,1,1,211,4,Potential Loyalists,North America,57,M,Budget,319.54,0.03167832992052376
GM00598,20,34,40697.14,5,5,5,555,15,Champions,Europe,62,M,Premium,27728.45,5.748188094605128e-06
GM00599,198,14,4071.76,1,4,3,143,8,At Risk,Europe,21,F,Standard,2849.74,0.8907515735636717
GM00600,156,5,807.41,2,2,2,222,6,Potential Loyalists,Central Asia,55,M,Standard,565.01,0.24495202769100244
GM00601,469,4,884.71,1,1,2,112,4,Lost,Europe,42,F,Budget,611.66,0.9999999999726783
GM00602,94,3,2018.9299999999998,3,1,2,312,6,Potential Loyalists,Europe,22,M,Standard,1271.14,0.001648631372599439
GM00603,14,2,137.37,5,1,1,511,7,Recent Customers,Europe,47,M,Budget,82.57,4.140100230203702e-06
GM00604,308,4,1581.7,1,1,2,112,4,Lost,Central Asia,29,F,Standard,1141.66,0.9999840053915074
GM00605,18,38,44021.04,5,5,5,555,15,Champions,Europe,21,M,Premium,29265.49,5.769719824927678e-06
GM00606,67,4,360.37,3,1,1,311,5,Potential Loyalists,MENA,41,F,Budget,246.11,0.00023024667312200245
GM00607,40,38,46955.54,4,5,5,455,14,Champions,Europe,46,F,Premium,31853.47,3.093562822284139e-05
GM00608,172,5,2505.38,2,2,2,222,6,Potential Loyalists,Europe,26,F,Standard,1732.18,0.4912594801886406
GM00609,68,20,20434.79,3,5,5,355,13,Champions,MENA,21,M,Premium,13608.17,0.0002159711397253371
GM00610,17,16,4226.11,5,4,3,543,12,Loyal Customers,North America,68,F,Standard,2969.49,2.3937958338020236e-06
GM00611,123,4,981.86,2,1,2,212,5,Potential Loyalists,Central Asia,41,F,Standard,647.64,0.022778942402056607
GM00612,156,10,4814.7,2,3,3,233,8,Potential Loyalists,North America,31,F,Standard,3261.21,0.1829809329068228
GM00613,163,14,5888.3,2,4,4,244,10,At Risk,North America,22,F,Standard,3997.48,0.28884465431959355
GM00614,90,6,2509.36,3,2,2,322,7,Potential Loyalists,Central Asia,35,F,Standard,1650.78,0.0012409458340452012
GM00615,62,15,7130.34,3,4,4,344,11,Potential Loyalists,Southeast Asia,59,F,Standard,4864.76,9.979590013943878e-05
GM00616,86,16,7625.69,3,4,4,344,11,Potential Loyalists,Southeast Asia,36,F,Standard,5068.97,0.0007100981279631177
GM00617,499,2,157.07,1,1,1,111,3,Lost,Central Asia,29,M,Budget,103.85,0.9999999999977545
GM00618,129,2,288.92,2,1,1,211,4,Potential Loyalists,Europe,35,M,Budget,180.56,0.039653328471991565
GM00619,87,26,29655.24,3,5,5,355,13,Champions,North America,34,M,Premium,20063.25,0.0009882865237020185
GM00620,25,19,19975.81,5,5,5,555,15,Champions,North America,47,M,Premium,13264.06,5.702269875426121e-06
GM00621,180,4,532.48,2,1,1,211,4,Potential Loyalists,Europe,41,M,Budget,359.33,0.6982273022410064
GM00622,64,5,1765.82,3,2,2,322,7,Potential Loyalists,Europe,28,M,Standard,1146.41,0.00020686790539053922
GM00623,45,4,2124.86,4,1,2,412,7,Recent Customers,MENA,52,F,Standard,1458.68,3.2533071235745955e-05
GM00624,470,2,180.03,1,1,1,111,3,Lost,MENA,40,M,Budget,122.69,0.9999999999764184
GM00625,25,19,8235.77,5,5,4,554,14,Champions,North America,34,F,Standard,5554.63,4.326837190262696e-06
GM00626,42,10,3433.17,4,3,3,433,10,Loyal Customers,Europe,18,M,Standard,2323.51,2.3302636948272163e-05
GM00627,68,7,354.28,3,2,1,321,6,Potential Loyalists,MENA,32,M,Budget,237.57,0.0002192242932715117
GM00628,208,5,1346.44,1,2,2,122,5,Potential Loyalists,North America,49,M,Standard,890.21,0.949880156878149
GM00629,14,10,9381.88,5,3,4,534,12,Loyal Customers,Central Asia,26,M,Premium,6085.27,2.486415017757342e-06
GM00630,80,31,42325.03,3,5,5,355,13,Champions,Europe,32,F,Premium,29589.62,0.0008682408338307595
GM00631,19,13,5125.4400000000005,5,4,3,543,12,Loyal Customers,North America,45,F,Standard,3499.42,2.7464294117792107e-06
GM00632,99,7,614.99,3,2,1,321,6,Potential Loyalists,Southeast Asia,41,M,Budget,403.95,0.002361806717283209
GM00633,41,8,3722.0,4,3,3,433,10,Loyal Customers,MENA,52,M,Standard,2401.37,2.5404925337520047e-05
GM00634,58,21,25344.88,3,5,5,355,13,Champions,MENA,39,M,Premium,17279.71,9.90507690085067e-05
GM00635,19,3,221.33,5,1,1,511,7,Recent Customers,Central Asia,44,F,Budget,138.84,5.596609166991352e-06
GM00636,35,33,37435.9,4,5,5,455,14,Champions,MENA,36,F,Premium,25990.86,1.7284980580256597e-05
GM00637,32,39,50174.81,4,5,5,455,14,Champions,MENA,62,F,Premium,34116.7,1.7052736805710542e-05
GM00638,18,12,4966.68,5,3,3,533,11,Loyal Customers,Europe,29,F,Standard,3117.07,3.1799617753824036e-06
GM00639,326,9,3591.81,1,3,3,133,7,Potential Loyalists,Europe,37,F,Standard,2453.65,0.9999964633842343
GM00640,128,18,8442.8,2,5,4,254,11,At Risk,MENA,18,M,Standard,5671.9,0.019294414780245638
GM00641,443,5,768.75,1,2,2,122,5,Potential Loyalists,Central Asia,38,M,Budget,539.89,0.9999999997864097
GM00642,524,5,471.44000000000005,1,2,1,121,4,Potential Loyalists,Europe,66,F,Budget,337.16,0.9999999999996967
GM00643,27,18,9603.66,5,5,4,554,14,Champions,Europe,62,F,Standard,6464.66,6.085571341091477e-06
GM00644,68,14,5743.72,3,4,4,344,11,Potential Loyalists,Europe,18,F,Standard,3920.4,0.0001825764918305556
GM00645,93,16,7719.45,3,4,4,344,11,Potential Loyalists,Central Asia,27,F,Standard,5164.31,0.0015652311411720465
GM00646,211,4,3579.1,1,1,3,113,5,Lost,Southeast Asia,64,M,Standard,2457.29,0.9495691521703838
GM00647,51,34,35388.77,4,5,5,455,14,Champions,North America,49,F,Premium,23654.3,5.804770286120182e-05
GM00648,774,1,0.0,1,1,1,111,3,Lost,North America,56,F,Budget,0.0,1.0
GM00649,62,25,23998.3,3,5,5,355,13,Champions,North America,39,M,Premium,16279.88,0.00011903109223560862
GM00650,15,26,34694.26,5,5,5,555,15,Champions,MENA,35,F,Premium,22696.08,3.3997534343194016e-06
GM00651,40,16,6236.12,4,4,4,444,12,Loyal Customers,Central Asia,65,F,Standard,4273.79,1.9388613537058928e-05
GM00652,100,19,7277.12,3,5,4,354,12,Potential Loyalists,MENA,63,M,Standard,5065.2,0.001842721365844696
GM00653,77,19,20337.75,3,5,5,355,13,Champions,North America,49,M,Premium,14024.38,0.0004266587426798698
GM00654,24,15,10190.42,5,4,5,545,14,Champions,North America,44,M,Premium,6742.16,5.3634986647522235e-06
GM00655,84,13,5240.05,3,4,3,343,10,Potential Loyalists,MENA,45,F,Standard,3641.66,0.0006090178439126061
GM00656,188,4,390.13,2,1,1,211,4,Potential Loyalists,Europe,35,M,Standard,257.94,0.8174972503450054
GM00657,86,12,8020.97,3,3,4,334,10,Potential Loyalists,Europe,56,F,Standard,5469.75,0.0008724676811767211
GM00658,72,13,4160.28,3,4,3,343,10,Potential Loyalists,Europe,66,F,Standard,2797.19,0.0003129806547756694
GM00659,83,14,6775.88,3,4,4,344,11,Potential Loyalists,North America,46,M,Standard,4575.34,0.0006001788202188295
GM00660,57,6,303.08,4,2,1,421,7,Recent Customers,North America,35,F,Budget,202.65,8.541699469021294e-05
GM00661,36,18,7084.48,4,5,4,454,13,Champions,Europe,61,Other,Standard,4790.38,1.2493531752994228e-05
GM00662,197,10,14113.34,2,3,5,235,10,Potential Loyalists,Southeast Asia,25,M,Premium,9909.41,0.8608081759212495
GM00663,18,7,4949.61,5,2,3,523,10,Recent Customers,North America,71,M,Standard,3368.5,3.267956487047566e-06
GM00664,18,8,5471.02,5,3,3,533,11,Loyal Customers,Europe,48,F,Standard,3725.82,3.309936199884293e-06
GM00665,194,19,22166.22,2,5,5,255,12,At Risk,Central Asia,51,F,Premium,15380.43,0.8744170794889911
GM00666,139,17,6882.82,2,4,4,244,10,At Risk,Europe,24,M,Standard,4697.72,0.04907317736296893
GM00667,51,15,19903.1,4,4,5,445,13,Champions,Europe,53,M,Premium,13046.95,5.849858044859336e-05
GM00668,57,20,15148.53,4,5,5,455,14,Champions,Europe,35,M,Premium,10389.47,7.700869840979707e-05
GM00669,17,17,7806.08,5,4,4,544,13,Champions,Europe,55,Other,Standard,5295.33,3.289637919321871e-06
GM00670,68,8,4642.37,3,3,3,333,9,Potential Loyalists,Europe,26,M,Standard,3204.47,0.00018690130999451078
GM00671,51,6,581.11,4,2,1,421,7,Recent Customers,Europe,26,F,Budget,385.12,6.038042498839989e-05
GM00672,214,4,2467.75,1,1,2,112,4,Lost,Southeast Asia,63,F,Standard,1774.15,0.966321150019068
GM00673,85,3,1179.1,3,1,2,312,6,Potential Loyalists,Central Asia,25,M,Standard,762.51,0.0009870484776472702
GM00674,106,10,5267.3,2,3,3,233,8,Potential Loyalists,MENA,68,F,Standard,3515.97,0.004664391437266385
GM00675,57,10,4610.86,4,3,3,433,10,Loyal Customers,MENA,52,M,Standard,3039.55,7.935348568369855e-05
GM00676,137,11,15513.57,2,3,5,235,10,Potential Loyalists,Southeast Asia,35,F,Premium,10794.94,0.04398842517494031
GM00677,226,1,158.62,1,1,1,111,3,Lost,Central Asia,22,M,Budget,104.87,0.9907832796669003
GM00678,119,4,899.85,2,1,2,212,5,Potential Loyalists,MENA,31,F,Budget,601.94,0.020180196534637734
GM00679,18,31,30790.93,5,5,5,555,15,Champions,Southeast Asia,45,F,Premium,20317.1,3.1127104663232095e-06
GM00680,142,27,27935.82,2,5,5,255,12,At Risk,Southeast Asia,47,M,Premium,19225.87,0.06801297366126244
GM00681,105,31,40467.93,2,5,5,255,12,At Risk,North America,21,M,Premium,27812.83,0.005807512729549869
GM00682,23,10,3696.8300000000004,5,3,3,533,11,Loyal Customers,Europe,56,M,Standard,2341.69,4.988357440941068e-06
GM00683,44,13,7351.34,4,4,4,444,12,Loyal Customers,Europe,37,M,Standard,4774.86,3.031774762598586e-05
GM00684,305,1,145.22,1,1,1,111,3,Lost,North America,42,F,Budget,96.01,0.9999844310421938
GM00685,128,1,41.3,2,1,1,211,4,Potential Loyalists,Southeast Asia,45,F,Budget,24.82,0.02950012513739758
GM00686,40,19,8378.14,4,5,4,454,13,Champions,North America,29,M,Standard,5471.21,1.4271290440715704e-05
GM00687,296,11,6520.92,1,3,4,134,8,Potential Loyalists,North America,19,F,Standard,4466.43,0.9999471797021418
GM00688,106,7,4124.43,2,2,3,223,7,Potential Loyalists,Europe,60,F,Standard,2787.1,0.005300927263758329
GM00689,36,10,4697.45,4,3,3,433,10,Loyal Customers,North America,31,F,Standard,3165.96,1.2457062420425666e-05
GM00690,42,18,9226.94,4,5,4,454,13,Champions,Europe,39,M,Standard,6094.51,2.068340285350696e-05
GM00691,522,3,609.77,1,1,1,111,3,Lost,Europe,48,M,Standard,412.45,0.9999999999996367
GM00692,53,4,2503.59,4,1,2,412,7,Recent Customers,MENA,40,M,Standard,1722.06,7.920077799155192e-05
GM00693,31,16,9458.96,5,4,4,544,13,Champions,MENA,65,F,Standard,6173.38,8.249064384153184e-06
GM00694,61,14,7960.4800000000005,3,4,4,344,11,Potential Loyalists,Europe,37,M,Standard,5244.27,0.00010266789814959923
GM00695,78,13,6827.69,3,4,4,344,11,Potential Loyalists,Central Asia,55,M,Standard,4638.15,0.00043840841289444687
GM00696,56,9,4221.98,4,3,3,433,10,Loyal Customers,North America,21,M,Standard,2886.17,7.29811110151529e-05
GM00697,48,11,6623.15,4,3,4,434,11,Loyal Customers,Europe,32,F,Standard,4489.74,4.1466151617475464e-05
GM00698,48,9,4598.22,4,3,3,433,10,Loyal Customers,North America,41,M,Standard,3097.13,3.311393991662404e-05
GM00699,114,6,4063.68,2,2,3,223,7,Potential Loyalists,Europe,42,M,Standard,2765.43,0.008398048008140337
GM00700,41,13,5180.5599999999995,4,4,3,443,11,Loyal Customers,MENA,18,M,Standard,3382.13,1.8588913346018624e-05
GM00701,15,26,27245.36,5,5,5,555,15,Champions,MENA,24,M,Premium,18869.43,3.219081780284574e-06
GM00702,40,19,7486.46,4,5,4,454,13,Champions,Central Asia,48,F,Standard,5181.62,1.7766466269580846e-05
GM00703,355,3,2319.83,1,1,2,112,4,Lost,Europe,29,M,Standard,1662.62,0.9999996425055927
GM00704,98,4,482.55000000000007,3,1,1,311,5,Potential Loyalists,Europe,59,M,Budget,308.87,0.0029830214379571508
GM00705,49,16,7539.3,4,4,4,444,12,Loyal Customers,Central Asia,22,F,Standard,5110.47,3.619423987503739e-05
GM00706,123,5,2286.59,2,2,2,222,6,Potential Loyalists,Southeast Asia,61,M,Standard,1593.22,0.022137429274804554
GM00707,48,15,8087.139999999999,4,4,4,444,12,Loyal Customers,Europe,67,M,Standard,5609.07,3.470827185445204e-05
GM00708,76,31,43710.590000000004,3,5,5,355,13,Champions,North America,59,F,Premium,29429.96,0.0005867382285244607
GM00709,597,1,87.73,1,1,1,111,3,Lost,Europe,55,M,Budget,63.8,0.9999999999999993
GM00710,177,17,5822.02,2,4,4,244,10,At Risk,North America,29,M,Standard,4095.21,0.4871694144648776
GM00711,57,17,5694.61,4,4,3,443,11,Loyal Customers,North America,56,M,Standard,3812.27,6.181776913164971e-05
GM00712,100,17,8384.21,3,4,4,344,11,Potential Loyalists,North America,35,F,Standard,5687.8,0.002020609587371311
GM00713,16,9,3427.24,5,3,3,533,11,Loyal Customers,MENA,19,F,Standard,2206.08,2.876812660477828e-06
GM00714,186,6,908.31,2,2,2,222,6,Potential Loyalists,MENA,27,F,Budget,641.06,0.7621202795644261
GM00715,26,6,2752.3,5,2,2,522,9,Recent Customers,Europe,32,F,Standard,1783.34,6.760830919271644e-06
GM00716,68,16,6504.55,3,4,4,344,11,Potential Loyalists,Southeast Asia,47,M,Standard,4462.58,0.00015666823360116426
GM00717,20,3,276.99,5,1,1,511,7,Recent Customers,North America,61,M,Budget,166.49,6.12857258876753e-06
GM00718,35,2,244.17000000000002,4,1,1,411,6,Recent Customers,Southeast Asia,34,F,Budget,169.31,1.7592476416591863e-05
GM00719,55,12,13919.26,4,3,5,435,12,Loyal Customers,Europe,21,F,Premium,9465.8,6.603754168290225e-05
GM00720,46,19,24977.74,4,5,5,455,14,Champions,North America,24,M,Premium,17413.83,3.592724461206997e-05
GM00721,31,24,33282.28,5,5,5,555,15,Champions,Southeast Asia,58,F,Premium,22054.09,1.2146941239760061e-05
GM00722,96,11,4169.42,3,3,3,333,9,Potential Loyalists,Europe,48,M,Standard,2806.69,0.001941470639717179
GM00723,27,7,788.76,5,2,2,522,9,Recent Customers,Central Asia,68,M,Budget,512.95,8.5834406650154e-06
GM00724,55,14,4972.15,4,4,3,443,11,Loyal Customers,North America,56,M,Standard,3440.5,6.409484691188868e-05
GM00725,151,6,1898.29,2,2,2,222,6,Potential Loyalists,North America,51,M,Standard,1261.42,0.15363229870814496
GM00726,71,4,301.4,3,1,1,311,5,Potential Loyalists,North America,23,F,Budget,198.39,0.0003043879437918551
GM00727,65,19,7576.89,3,5,4,354,12,Potential Loyalists,Europe,67,F,Standard,5227.49,0.00013202595276810795
GM00728,20,15,8704.67,5,4,4,544,13,Champions,North America,55,M,Standard,6092.71,3.4375684144236227e-06
GM00729,110,7,651.16,2,2,1,221,5,Potential Loyalists,Europe,62,M,Budget,446.94,0.007551808100667581
GM00730,42,6,795.2,4,2,2,422,8,Recent Customers,Europe,68,F,Budget,552.24,3.068859558092702e-05
GM00731,193,5,366.65,2,2,1,221,5,Potential Loyalists,Europe,51,M,Budget,248.73,0.8695961314424009
GM00732,67,11,4349.7699999999995,3,3,3,333,9,Potential Loyalists,North America,61,F,Standard,2848.57,0.00016101041903944724
GM00733,156,5,494.37,2,2,1,221,5,Potential Loyalists,North America,32,M,Budget,318.73,0.23906590988061943
GM00734,23,39,41320.76,5,5,5,555,15,Champions,MENA,31,F,Premium,27830.32,5.795098818392601e-06
GM00735,23,18,5423.62,5,5,3,553,13,Champions,Europe,23,M,Standard,3608.81,4.052811317987392e-06
GM00736,186,3,432.31,2,1,1,211,4,Potential Loyalists,Southeast Asia,67,M,Budget,304.25,0.845329385232038
GM00737,148,13,6572.16,2,4,4,244,10,At Risk,MENA,54,M,Standard,4408.76,0.10811359427910049
GM00738,292,5,622.53,1,2,1,121,4,Potential Loyalists,North America,67,M,Budget,431.67,0.9999425109024569
GM00739,249,10,3900.72,1,3,3,133,7,Potential Loyalists,MENA,49,M,Standard,2717.43,0.9980940305159153
GM00740,39,23,32316.97,4,5,5,455,14,Champions,MENA,20,F,Premium,22149.67,2.527389290859329e-05
GM00741,161,4,501.97,2,1,1,211,4,Potential Loyalists,MENA,20,M,Budget,336.52,0.33603094287353696
GM00742,32,30,29982.440000000002,4,5,5,455,14,Champions,Europe,39,M,Premium,20552.89,1.1953462689344104e-05
GM00743,122,4,3968.19,2,1,3,213,6,Potential Loyalists,North America,39,F,Standard,2631.01,0.01942742296854417
GM00744,42,35,38433.49,4,5,5,455,14,Champions,MENA,27,F,Premium,26222.31,2.9184817829324238e-05
GM00745,652,2,31.87,1,1,1,111,3,Lost,Europe,68,F,Budget,23.18,1.0
GM00746,135,9,3361.47,2,3,3,233,8,Potential Loyalists,Southeast Asia,20,F,Standard,2306.73,0.05255309402294583
GM00747,366,5,2128.83,1,2,2,122,5,Potential Loyalists,MENA,29,M,Standard,1518.28,0.9999998548296525
GM00748,85,16,16114.73,3,4,5,345,12,Potential Loyalists,MENA,46,F,Premium,10951.2,0.0008176323388040126
GM00749,445,2,278.89,1,1,1,111,3,Lost,Southeast Asia,65,F,Budget,200.61,0.9999999998074229
GM00750,101,11,7214.45,3,3,4,334,10,Potential Loyalists,North America,34,F,Standard,4815.39,0.0031336687436488314
GM00751,23,4,2120.77,5,1,2,512,8,Recent Customers,Central Asia,24,M,Standard,1418.07,5.357739538130882e-06
GM00752,22,19,8383.11,5,5,4,554,14,Champions,Southeast Asia,30,M,Standard,5669.52,3.616840705603355e-06
GM00753,34,3,1544.3000000000002,4,1,2,412,7,Recent Customers,North America,19,M,Standard,984.45,1.2820363944476087e-05
GM00754,58,33,41386.95,3,5,5,355,13,Champions,Europe,21,F,Premium,27926.82,0.00013620831298992501
GM00755,275,7,3877.95,1,2,3,123,6,Potential Loyalists,Europe,27,F,Standard,2705.4,0.9997362363175637
GM00756,87,11,4354.3,3,3,3,333,9,Potential Loyalists,North America,56,F,Standard,2948.17,0.0009428202580762609
GM00757,106,7,793.04,2,2,2,222,6,Potential Loyalists,North America,41,M,Budget,544.46,0.004488785193024422
GM00758,167,5,859.0699999999999,2,2,2,222,6,Potential Loyalists,MENA,34,F,Budget,565.58,0.4326469356102148
GM00759,25,9,3030.99,5,3,3,533,11,Loyal Customers,Southeast Asia,69,F,Standard,1970.87,5.101986144084569e-06
GM00760,13,30,41997.46,5,5,5,555,15,Champions,North America,23,M,Premium,27745.71,3.4457275766906647e-06
GM00761,343,3,601.38,1,1,1,111,3,Lost,Europe,36,F,Budget,427.89,0.9999991933208209
GM00762,13,32,35831.23,5,5,5,555,15,Champions,Europe,22,M,Premium,23537.27,2.910405321339422e-06
GM00763,59,16,22270.7,3,4,5,345,12,Potential Loyalists,Europe,49,F,Premium,14728.01,0.00011220584471996779
GM00764,138,5,807.54,2,2,2,222,6,Potential Loyalists,North America,27,F,Standard,527.34,0.0628694001535659
GM00765,186,11,4675.76,2,3,3,233,8,Potential Loyalists,Central Asia,26,F,Standard,3183.43,0.7773374189887536
GM00766,261,1,47.55,1,1,1,111,3,Lost,North America,44,F,Budget,31.44,0.9994104538801041
GM00767,31,10,3645.26,5,3,3,533,11,Loyal Customers,North America,30,F,Standard,2474.87,8.712256774102097e-06
GM00768,30,20,25793.989999999998,5,5,5,555,15,Champions,Southeast Asia,36,F,Premium,17825.38,9.65047977208009e-06
GM00769,61,18,8496.08,3,5,4,354,12,Potential Loyalists,Europe,38,M,Standard,5675.19,9.998949076060512e-05
GM00770,54,13,5868.2699999999995,4,4,4,444,12,Loyal Customers,North America,41,F,Standard,3900.09,5.268307011054519e-05
GM00771,622,5,2108.3,1,2,2,122,5,Potential Loyalists,Central Asia,55,M,Standard,1533.31,1.0
GM00772,419,6,3768.29,1,2,3,123,6,Potential Loyalists,North America,21,M,Standard,2711.93,0.9999999976934564
GM00773,212,6,509.85,1,2,1,121,4,Potential Loyalists,Europe,41,F,Budget,338.71,0.9666213787094045
GM00774,124,2,262.42,2,1,1,211,4,Potential Loyalists,MENA,52,F,Budget,173.5,0.02493726574700368
GM00775,228,1,313.99,1,1,1,111,3,Lost,North America,20,M,Budget,207.6,0.9903944545993296
GM00776,39,4,387.94,4,1,1,411,6,Recent Customers,Europe,21,M,Budget,250.12,2.4930092578302544e-05
GM00777,13,39,44866.11,5,5,5,555,15,Champions,Europe,54,M,Premium,30920.54,3.1595537990913737e-06
GM00778,46,18,8964.58,4,5,4,454,13,Champions,North America,57,M,Standard,6175.48,2.6016002587439723e-05
GM00779,71,16,6308.09,3,4,4,344,11,Potential Loyalists,North America,65,M,Standard,4351.36,0.00024242581342816266
GM00780,104,6,1896.1,2,2,2,222,6,Potential Loyalists,North America,71,F,Standard,1286.5,0.003709235446752701
GM00781,107,2,182.65,2,1,1,211,4,Potential Loyalists,North America,52,M,Budget,109.78,0.00603621542128442
GM00782,204,2,328.76,1,1,1,111,3,Lost,MENA,48,M,Budget,217.36,0.9467974767728693
GM00783,40,9,4520.620000000001,4,3,3,433,10,Loyal Customers,Europe,61,M,Standard,3138.45,2.0252914965029406e-05
GM00784,13,31,35331.82,5,5,5,555,15,Champions,Europe,42,Other,Premium,24039.7,3.202657813700623e-06
GM00785,213,5,723.94,1,2,2,122,5,Potential Loyalists,Europe,57,M,Budget,499.35,0.9699521161785459
GM00786,380,2,110.5,1,1,1,111,3,Lost,Southeast Asia,30,M,Budget,78.09,0.999999959342902
GM00787,62,13,16818.829999999998,3,4,5,345,12,Potential Loyalists,North America,21,M,Premium,11479.62,0.00010318485792304923
GM00788,48,7,917.1,4,2,2,422,8,Recent Customers,MENA,63,F,Budget,622.83,4.66938431056661e-05
GM00789,16,18,6851.360000000001,5,5,4,554,14,Champions,MENA,31,F,Standard,4733.53,2.165810109645683e-06
GM00790,221,12,22087.89,1,3,5,135,9,Potential Loyalists,Southeast Asia,30,M,Premium,14889.09,0.9797432097516615
GM00791,116,11,5254.22,2,3,3,233,8,Potential Loyalists,Europe,44,M,Standard,3482.85,0.010030930447568103
GM00792,111,3,814.02,2,1,2,212,5,Potential Loyalists,North America,23,M,Standard,548.71,0.007200206870471783
GM00793,202,17,15185.16,1,4,5,145,10,At Risk,MENA,34,F,Premium,10463.66,0.9058829238530447
GM00794,116,15,7301.1,2,4,4,244,10,At Risk,North America,53,F,Standard,4925.05,0.00791937292438217
GM00795,744,1,152.63,1,1,1,111,3,Lost,Central Asia,57,M,Budget,111.0,1.0
GM00796,257,6,1199.98,1,2,2,122,5,Potential Loyalists,Southeast Asia,66,M,Standard,812.16,0.9989918221292449
GM00797,109,9,1500.21,2,3,2,232,7,Potential Loyalists,Southeast Asia,52,M,Standard,1011.92,0.005074765168187239
GM00798,81,8,3111.5099999999998,3,3,3,333,9,Potential Loyalists,North America,34,M,Standard,2143.79,0.0006104417134469815
GM00799,16,38,42647.22,5,5,5,555,15,Champions,North America,58,F,Premium,29156.56,3.9865721019991105e-06
GM00800,320,3,1594.35,1,1,2,112,4,Lost,Southeast Asia,19,M,Standard,1093.7,0.9999935548019451
GM00801,281,5,2135.95,1,2,2,122,5,Potential Loyalists,North America,30,M,Standard,1491.59,0.9998383565194491
GM00802,63,10,4248.58,3,3,3,333,9,Potential Loyalists,Europe,69,M,Standard,2962.48,0.00013563352636817376
GM00803,31,31,50341.69,5,5,5,555,15,Champions,North America,19,F,Premium,33441.45,1.909526176927899e-05
GM00804,204,10,4733.360000000001,1,3,3,133,7,Potential Loyalists,North America,69,F,Standard,3218.64,0.9268902357231933
GM00805,51,16,8312.699999999999,4,4,4,444,12,Loyal Customers,MENA,45,M,Standard,5661.13,4.315385986215413e-05
GM00806,280,6,663.59,1,2,1,121,4,Potential Loyalists,North America,60,M,Budget,448.07,0.9999027222502177
GM00807,15,37,46570.93,5,5,5,555,15,Champions,Southeast Asia,43,M,Premium,30617.17,3.99476561699579e-06
GM00808,33,10,3612.9300000000003,4,3,3,433,10,Loyal Customers,Southeast Asia,39,F,Standard,2538.29,1.067328759186987e-05
GM00809,55,23,26368.04,4,5,5,455,14,Champions,MENA,64,M,Premium,17965.31,7.541974183097144e-05
GM00810,72,14,7808.58,3,4,4,344,11,Potential Loyalists,Central Asia,60,F,Standard,5379.63,0.0002489193531054195
GM00811,48,17,26529.72,4,4,5,445,13,Champions,Southeast Asia,20,F,Premium,18471.35,4.524071334644434e-05
GM00812,20,3,344.63,5,1,1,511,7,Recent Customers,North America,52,F,Budget,233.55,5.486326048225111e-06
GM00813,571,1,221.68,1,1,1,111,3,Lost,Europe,29,M,Budget,161.22,0.9999999999999931
GM00814,74,12,4883.79,3,3,3,333,9,Potential Loyalists,Southeast Asia,41,F,Standard,3327.38,0.00027507718397646073
GM00815,116,21,29856.69,2,5,5,255,12,At Risk,Southeast Asia,22,F,Premium,21593.85,0.011795843778688586
GM00816,58,6,4749.7,3,2,3,323,8,Potential Loyalists,MENA,37,M,Standard,3152.24,8.022706756572996e-05
GM00817,71,4,572.24,3,1,1,311,5,Potential Loyalists,North America,56,M,Budget,397.08,0.00034407194557693944
GM00818,30,32,36992.64,5,5,5,555,15,Champions,MENA,56,M,Premium,24793.84,1.1624080522468007e-05
GM00819,71,18,8147.01,3,5,4,354,12,Potential Loyalists,Central Asia,30,M,Standard,5644.5,0.00021197093785503502
GM00820,215,6,496.02,1,2,1,121,4,Potential Loyalists,Europe,58,M,Budget,349.43,0.9790198543632075
GM00821,179,4,664.07,2,1,1,211,4,Potential Loyalists,North America,70,F,Budget,452.66,0.7552819558397853
GM00822,798,1,79.89,1,1,1,111,3,Lost,Central Asia,62,M,Budget,58.1,1.0
GM00823,593,1,93.24,1,1,1,111,3,Lost,Europe,29,F,Budget,67.81,0.9999999999999989
GM00824,185,4,419.66999999999996,2,1,1,211,4,Potential Loyalists,MENA,30,M,Budget,283.3,0.7438945607977537
GM00825,60,6,920.45,3,2,2,322,7,Potential Loyalists,MENA,27,Other,Standard,624.9,0.00013792940530653642
GM00826,48,9,1979.6100000000001,4,3,2,432,9,Loyal Customers,Southeast Asia,50,M,Standard,1315.66,3.402578538351167e-05
GM00827,213,4,391.27,1,1,1,111,3,Lost,Europe,57,F,Budget,274.82,0.9714239805820721
GM00828,14,15,6608.150000000001,5,4,4,544,13,Champions,Europe,71,M,Standard,4297.74,2.0870037580402467e-06
GM00829,13,5,683.69,5,2,2,522,9,Recent Customers,North America,33,M,Budget,465.27,3.2013998641086793e-06
GM00830,29,37,46577.44,5,5,5,555,15,Champions,MENA,62,F,Premium,32519.6,1.4384076280104864e-05
GM00831,14,6,1445.6599999999999,5,2,2,522,9,Recent Customers,Europe,52,M,Standard,929.64,2.9493800007996965e-06
GM00832,19,19,6586.05,5,5,4,554,14,Champions,MENA,20,F,Standard,4422.98,2.9300349281106627e-06
GM00833,50,16,7913.19,4,4,4,444,12,Loyal Customers,Europe,22,F,Standard,5369.62,3.87720613877975e-05
GM00834,60,3,1318.8899999999999,3,1,2,312,6,Potential Loyalists,Europe,43,M,Standard,858.79,0.00011847412228376697
GM00835,187,7,3241.4100000000003,2,2,3,223,7,Potential Loyalists,MENA,28,F,Standard,2254.75,0.7525275536733096
GM00836,36,34,42616.48,4,5,5,455,14,Champions,MENA,24,F,Premium,28656.83,2.3195161096360932e-05
GM00837,64,8,2881.14,3,3,2,332,8,Potential Loyalists,Southeast Asia,70,M,Standard,1921.51,0.0001361251150239947
GM00838,70,13,5306.7300000000005,3,4,3,343,10,Potential Loyalists,Europe,27,F,Standard,3563.03,0.0002203897576980588
GM00839,97,9,2285.79,3,3,2,332,8,Potential Loyalists,North America,59,F,Standard,1572.22,0.0023293318894282017
GM00840,161,6,1009.83,2,2,2,222,6,Potential Loyalists,North America,69,M,Standard,698.89,0.2955643765130788
GM00841,130,7,2808.28,2,2,2,222,6,Potential Loyalists,Central Asia,51,M,Standard,1840.61,0.032317982561164416
GM00842,240,3,391.07,1,1,1,111,3,Lost,North America,20,F,Budget,258.56,0.996666176047957
GM00843,33,5,660.04,4,2,1,421,7,Recent Customers,Europe,25,M,Budget,420.55,1.4681210624731486e-05
GM00844,557,1,135.09,1,1,1,111,3,Lost,Southeast Asia,48,M,Budget,98.25,0.9999999999999787
GM00845,216,2,105.38,1,1,1,111,3,Lost,Europe,28,M,Budget,69.67,0.9793952531502701
GM00846,62,5,2668.48,3,2,2,322,7,Potential Loyalists,MENA,62,F,Standard,1801.88,0.00014998363477280964
GM00847,246,3,62.94,1,1,1,111,3,Lost,Central Asia,24,M,Budget,41.61,0.9982242522042495
GM00848,24,3,223.72,5,1,1,511,7,Recent Customers,Southeast Asia,62,M,Budget,141.48,7.073972956203019e-06
GM00849,908,1,198.23,1,1,1,111,3,Lost,MENA,19,F,Budget,144.17,1.0
GM00850,30,25,36280.83,5,5,5,555,15,Champions,North America,23,M,Premium,24347.56,1.1526887005248051e-05
GM00851,191,6,433.08,2,2,1,221,5,Potential Loyalists,Central Asia,58,F,Budget,289.0,0.8443936612228322
GM00852,61,15,5477.64,3,4,3,343,10,Potential Loyalists,North America,49,Other,Standard,3759.81,8.93558657550478e-05
GM00853,825,1,132.71,1,1,1,111,3,Lost,Europe,37,F,Budget,96.52,1.0
GM00854,76,9,9413.4,3,3,4,334,10,Potential Loyalists,Southeast Asia,51,F,Premium,6407.6,0.00040425619988371074
GM00855,39,17,3943.6000000000004,4,4,3,443,11,Loyal Customers,Europe,67,M,Standard,2738.83,1.540845444166629e-05
GM00856,58,12,4736.66,3,3,3,333,9,Potential Loyalists,Europe,33,F,Standard,3209.49,0.00010158925895012593
GM00857,122,10,5795.66,2,3,4,234,9,Potential Loyalists,Central Asia,42,M,Standard,3829.79,0.01802927286858256
GM00858,13,32,36375.26,5,5,5,555,15,Champions,MENA,29,M,Premium,24656.26,2.628352438717603e-06
GM00859,146,4,475.11,2,1,1,211,4,Potential Loyalists,North America,24,M,Budget,330.69,0.12231326413357818
GM00860,14,22,34579.76,5,5,5,555,15,Champions,Central Asia,56,M,Premium,23294.98,3.994899029637557e-06
GM00861,91,14,5792.08,3,4,4,344,11,Potential Loyalists,North America,34,F,Standard,3846.95,0.0012041606323078653
GM00862,49,11,19096.28,4,3,5,435,12,Loyal Customers,MENA,62,M,Premium,12479.64,5.2104415269477986e-05
GM00863,24,19,5792.62,5,5,4,554,14,Champions,MENA,28,F,Standard,3904.18,4.066407321434433e-06
GM00864,141,16,8213.85,2,4,4,244,10,At Risk,MENA,23,F,Standard,5482.47,0.0555430986262194
GM00865,97,11,5566.87,3,3,3,333,9,Potential Loyalists,MENA,40,F,Standard,3689.71,0.0018741511229144491
GM00866,80,17,11007.24,3,4,5,345,12,Potential Loyalists,North America,44,M,Standard,7373.52,0.00047823617042088817
GM00867,197,11,8090.18,2,3,4,234,9,Potential Loyalists,Europe,63,F,Standard,5470.24,0.894426196548246
GM00868,52,25,29048.510000000002,4,5,5,455,14,Champions,Europe,23,M,Premium,19488.73,6.648169399296577e-05
GM00869,186,17,26867.5,2,4,5,245,11,At Risk,Southeast Asia,55,M,Premium,18405.0,0.7551496832513473
GM00870,24,13,5254.04,5,4,3,543,12,Loyal Customers,Southeast Asia,19,Other,Standard,3425.26,4.683708217611795e-06
GM00871,52,7,536.22,4,2,1,421,7,Recent Customers,MENA,39,M,Budget,363.07,7.594511225466155e-05
GM00872,114,5,2661.0,2,2,2,222,6,Potential Loyalists,Europe,37,M,Standard,1712.36,0.008808411180485646
GM00873,57,13,6483.47,4,4,4,444,12,Loyal Customers,North America,42,F,Standard,4394.54,7.577538771221583e-05
GM00874,13,14,5924.71,5,4,4,544,13,Champions,MENA,32,M,Standard,3972.43,2.193181840880393e-06
GM00875,111,13,6533.96,2,4,4,244,10,At Risk,Central Asia,66,F,Standard,4461.18,0.005792670122391876
GM00876,29,22,30094.72,5,5,5,555,15,Champions,Europe,46,M,Premium,20556.92,1.0523144851538268e-05
GM00877,22,23,27628.26,5,5,5,555,15,Champions,North America,25,M,Premium,18306.45,5.028447141170788e-06
GM00878,236,13,3854.66,1,4,3,143,8,At Risk,North America,54,M,Standard,2694.92,0.9936007717444217
GM00879,21,15,7267.81,5,4,4,544,13,Champions,Central Asia,66,M,Standard,4972.12,4.828268638135966e-06
GM00880,33,38,41553.72,4,5,5,455,14,Champions,Europe,69,M,Premium,28434.44,1.5749331646473238e-05
GM00881,137,5,2048.45,2,2,2,222,6,Potential Loyalists,Europe,50,F,Standard,1475.41,0.05856149991829013
GM00882,74,6,1242.4099999999999,3,2,2,322,7,Potential Loyalists,North America,39,F,Budget,832.75,0.00033045892340554945
GM00883,182,4,811.8499999999999,2,1,2,212,5,Potential Loyalists,Central Asia,67,F,Standard,501.93,0.7931460424524952
GM00884,36,5,2279.7,4,2,2,422,8,Recent Customers,Central Asia,64,M,Standard,1600.17,1.7106677164276454e-05
GM00885,303,3,528.9399999999999,1,1,1,111,3,Lost,North America,22,F,Budget,372.11,0.9999783439932765
GM00886,471,2,673.9300000000001,1,1,2,112,4,Lost,Europe,56,F,Budget,464.52,0.9999999999870794
GM00887,19,14,6225.2699999999995,5,4,4,544,13,Champions,North America,35,F,Standard,4003.17,3.065737072455742e-06
GM00888,71,19,9304.28,3,5,4,354,12,Potential Loyalists,Europe,55,M,Standard,6199.9,0.00022434124918195111
GM00889,23,32,31570.32,5,5,5,555,15,Champions,Central Asia,71,F,Premium,21291.5,6.402917433414263e-06
GM00890,188,9,3178.4,2,3,3,233,8,Potential Loyalists,Europe,70,F,Standard,2175.29,0.7607966106488662
GM00891,160,9,3800.2,2,3,3,233,8,Potential Loyalists,North America,54,M,Standard,2656.2,0.25252272916277
GM00892,73,21,28170.96,3,5,5,355,13,Champions,Southeast Asia,47,F,Premium,18985.9,0.0003276515377447689
GM00893,42,12,4317.54,4,3,3,433,10,Loyal Customers,North America,68,M,Standard,2828.36,2.771326719974343e-05
GM00894,211,13,14664.53,1,4,5,145,10,At Risk,MENA,48,F,Premium,10253.6,0.9593578428860124
GM00895,63,16,9193.88,3,4,4,344,11,Potential Loyalists,North America,27,F,Standard,6277.59,0.00010597648331840928
GM00896,160,14,5357.06,2,4,3,243,9,At Risk,Europe,32,F,Standard,3655.66,0.25672154209837134
GM00897,80,9,3127.28,3,3,3,333,9,Potential Loyalists,Europe,59,M,Standard,2015.65,0.0006203876498042607
GM00898,28,21,27902.0,5,5,5,555,15,Champions,Southeast Asia,65,M,Premium,18426.01,1.0608268866916267e-05
GM00899,42,21,20949.13,4,5,5,455,14,Champions,Central Asia,61,F,Premium,14120.27,2.629013226408091e-05
GM00900,78,12,4278.9,3,3,3,333,9,Potential Loyalists,Central Asia,35,M,Standard,2880.1,0.00046469448528623587
GM00901,52,1,40.86,4,1,1,411,6,Recent Customers,Europe,40,M,Budget,24.56,8.170690153208066e-05
GM00902,66,13,16865.82,3,4,5,345,12,Potential Loyalists,Central Asia,50,F,Premium,11363.81,0.00018332982312802294
GM00903,94,8,3169.81,3,3,3,333,9,Potential Loyalists,Europe,33,F,Standard,2173.41,0.0018989604429628661
GM00904,314,2,345.38,1,1,1,111,3,Lost,North America,71,M,Budget,228.35,0.9999922345407819
GM00905,41,39,40375.11,4,5,5,455,14,Champions,MENA,55,M,Premium,26885.64,2.5709288876821228e-05
GM00906,257,3,237.08999999999997,1,1,1,111,3,Lost,Southeast Asia,52,M,Budget,160.33,0.9991793784352743
GM00907,189,5,1134.46,2,2,2,222,6,Potential Loyalists,North America,51,F,Standard,778.77,0.8063541366600852
GM00908,142,18,9950.84,2,5,4,254,11,At Risk,Europe,45,F,Standard,6806.42,0.05809619038879605
GM00909,30,17,7560.77,5,4,4,544,13,Champions,Europe,19,F,Standard,5184.73,8.936830165311298e-06
GM00910,98,8,5657.139999999999,3,3,3,333,9,Potential Loyalists,MENA,47,F,Standard,3881.42,0.0023451885095549657
GM00911,13,10,3465.02,5,3,3,533,11,Loyal Customers,North America,30,F,Standard,2207.16,2.256180036530977e-06
GM00912,776,1,45.59,1,1,1,111,3,Lost,Europe,58,F,Budget,33.16,1.0
GM00913,128,12,4234.61,2,3,3,233,8,Potential Loyalists,North America,33,M,Standard,2888.04,0.02353292571712038
GM00914,32,8,2773.83,4,3,2,432,9,Loyal Customers,MENA,22,F,Standard,1910.33,1.192894333576192e-05
GM00915,66,7,759.0999999999999,3,2,2,322,7,Potential Loyalists,North America,45,M,Budget,489.59,0.0001781380122417313
GM00916,78,12,6866.87,3,3,4,334,10,Potential Loyalists,MENA,70,F,Standard,4728.72,0.00039899402589257905
GM00917,88,10,4046.96,3,3,3,333,9,Potential Loyalists,Europe,56,F,Standard,2711.97,0.0009537951816566859
GM00918,57,12,5528.37,4,3,3,433,10,Loyal Customers,Southeast Asia,62,M,Standard,3537.6,7.657962342567007e-05
GM00919,56,2,323.39,4,1,1,411,6,Recent Customers,North America,37,F,Budget,194.37,9.052371311504752e-05
GM00920,183,7,3917.2799999999997,2,2,3,223,7,Potential Loyalists,Europe,41,M,Standard,2732.3,0.7022412714972107
GM00921,15,17,6285.71,5,4,4,544,13,Champions,Southeast Asia,44,F,Standard,4178.59,2.2743263884608287e-06
GM00922,256,6,530.63,1,2,1,121,4,Potential Loyalists,MENA,47,M,Budget,350.83,0.998986092909654
GM00923,21,13,5809.139999999999,5,4,4,544,13,Champions,Southeast Asia,62,F,Standard,3891.31,3.7543178453258405e-06
GM00924,92,27,31452.63,3,5,5,355,13,Champions,North America,44,M,Premium,21546.69,0.0015869861971242393
GM00925,338,4,2383.1800000000003,1,1,2,112,4,Lost,MENA,43,M,Standard,1588.5,0.99999851977661
GM00926,485,9,6193.58,1,3,4,134,8,Potential Loyalists,Central Asia,24,M,Standard,4251.49,0.9999999999901572
GM00927,54,15,6612.06,4,4,4,444,12,Loyal Customers,Europe,59,M,Standard,4498.08,6.01482243664694e-05
GM00928,17,7,488.63,5,2,1,521,8,Recent Customers,MENA,64,M,Budget,318.24,4.299027661767843e-06
GM00929,341,5,1990.51,1,2,2,122,5,Potential Loyalists,North America,70,F,Standard,1333.1,0.9999990084627782
GM00930,211,13,4993.51,1,4,3,143,8,At Risk,Europe,55,M,Standard,3487.64,0.9468597484123333
GM00931,202,8,3567.0699999999997,1,3,3,133,7,Potential Loyalists,Europe,22,M,Standard,2541.11,0.9278981238151266
GM00932,119,26,25740.31,2,5,5,255,12,At Risk,North America,40,M,Premium,17169.27,0.012494196895589576
GM00933,70,10,3051.37,3,3,3,333,9,Potential Loyalists,Southeast Asia,45,F,Standard,2081.4,0.00019284184407034096
GM00934,68,4,775.04,3,1,2,312,6,Potential Loyalists,MENA,51,F,Budget,496.12,0.0002605244370545323
GM00935,218,17,7760.16,1,4,4,144,9,At Risk,Europe,70,F,Standard,5263.11,0.971523243963084
GM00936,38,18,22551.75,4,5,5,455,14,Champions,Europe,32,F,Premium,15160.9,2.2149518791329365e-05
GM00937,34,12,2921.06,4,3,3,433,10,Loyal Customers,Central Asia,49,M,Standard,2026.71,1.1476312222444989e-05
GM00938,283,4,1448.0900000000001,1,1,2,112,4,Lost,Southeast Asia,43,M,Standard,1007.26,0.9998762401644384
GM00939,87,1,0.0,3,1,1,311,5,Potential Loyalists,Central Asia,65,M,Budget,0.0,0.001761154486574591
GM00940,863,1,47.13,1,1,1,111,3,Lost,North America,48,F,Budget,34.28,1.0
GM00941,19,12,7386.9,5,3,4,534,12,Loyal Customers,Europe,36,Other,Standard,4964.28,3.842869590960607e-06
GM00942,231,6,790.75,1,2,2,122,5,Potential Loyalists,North America,26,F,Budget,549.74,0.9925838361444569
GM00943,100,15,5976.08,3,4,4,344,11,Potential Loyalists,North America,46,M,Standard,4006.78,0.002709631209914814
GM00944,41,18,8723.95,4,5,4,454,13,Champions,North America,71,M,Standard,5934.31,1.9365374385071327e-05
GM00945,80,5,4449.04,3,2,3,323,8,Potential Loyalists,Europe,68,M,Standard,2878.95,0.0004750575523073217
GM00946,69,9,8798.46,3,3,4,334,10,Potential Loyalists,Central Asia,56,F,Premium,6139.25,0.00022155350505073193
GM00947,291,2,300.04,1,1,1,111,3,Lost,Europe,21,M,Budget,213.63,0.9999739443098277
GM00948,103,24,31592.05,3,5,5,355,13,Champions,Southeast Asia,20,F,Premium,21587.91,0.0036721373635040795
GM00949,45,3,605.05,4,1,1,411,6,Recent Customers,Southeast Asia,46,M,Standard,372.45,3.5923326938493844e-05
GM00950,245,2,221.44,1,1,1,111,3,Lost,North America,69,F,Budget,146.41,0.9979251945343106
GM00951,102,4,845.28,3,1,2,312,6,Potential Loyalists,North America,28,F,Standard,581.37,0.0036660884561426537
GM00952,68,6,468.2,3,2,1,321,6,Potential Loyalists,North America,50,F,Budget,307.39,0.00024197776605597597
GM00953,124,19,8738.15,2,5,4,254,11,At Risk,Europe,55,F,Standard,6001.26,0.014500798927038585
GM00954,16,10,2677.54,5,3,2,532,10,Loyal Customers,Southeast Asia,28,F,Standard,1745.73,3.0051216586479423e-06
GM00955,216,2,341.35,1,1,1,111,3,Lost,MENA,44,F,Budget,225.69,0.9772215987702291
GM00956,39,30,28158.829999999998,4,5,5,455,14,Champions,MENA,50,F,Premium,19161.6,2.071248491094594e-05
GM00957,673,1,54.19,1,1,1,111,3,Lost,MENA,38,F,Budget,39.41,1.0
GM00958,91,11,5675.58,3,3,3,333,9,Potential Loyalists,Central Asia,56,Other,Standard,4011.47,0.001233364437043767
GM00959,520,1,116.71,1,1,1,111,3,Lost,Europe,48,F,Budget,77.16,0.9999999999996325
GM00960,42,35,53394.32,4,5,5,455,14,Champions,North America,55,F,Premium,35672.58,4.8534221581036464e-05
GM00961,83,6,2085.52,3,2,2,322,7,Potential Loyalists,Central Asia,63,F,Standard,1438.46,0.0009031432838595702
GM00962,192,2,182.48000000000002,2,1,1,211,4,Potential Loyalists,North America,19,M,Budget,120.65,0.9237947297384854
GM00963,143,17,6252.07,2,4,4,244,10,At Risk,Europe,44,M,Standard,4380.68,0.06927459450006242
GM00964,402,4,1617.93,1,1,2,112,4,Lost,MENA,53,F,Standard,1176.68,0.99999999288119
GM00965,218,6,603.6800000000001,1,2,1,121,4,Potential Loyalists,Europe,28,F,Budget,416.44,0.9841372213124324
GM00966,47,10,2484.18,4,3,2,432,9,Loyal Customers,Europe,64,F,Standard,1668.53,4.049387530668974e-05
GM00967,41,3,277.82,4,1,1,411,6,Recent Customers,North America,35,M,Budget,166.98,2.7762718006622605e-05
GM00968,47,15,7320.7,4,4,4,444,12,Loyal Customers,Europe,18,F,Standard,5009.2,3.3217867720911777e-05
GM00969,34,30,40788.39,4,5,5,455,14,Champions,North America,52,F,Premium,27712.07,1.7295564011322502e-05
GM00970,23,39,49281.15,5,5,5,555,15,Champions,MENA,52,M,Premium,32540.8,8.077917418999991e-06
GM00971,18,19,7181.29,5,5,4,554,14,Champions,North America,48,F,Standard,4724.74,2.521778903102207e-06
GM00972,50,13,12560.57,4,4,5,445,13,Champions,Southeast Asia,45,F,Premium,8219.23,3.7019800530630384e-05
GM00973,116,15,6228.09,2,4,4,244,10,At Risk,North America,56,M,Standard,4204.62,0.007905724739599341
GM00974,46,32,46958.13,4,5,5,455,14,Champions,Europe,18,F,Premium,31821.76,6.340623826345907e-05
GM00975,13,35,45184.159999999996,5,5,5,555,15,Champions,Central Asia,42,F,Premium,30485.58,3.892711687672253e-06
GM00976,23,15,18670.83,5,4,5,545,14,Champions,Europe,60,M,Premium,12847.43,5.176141634146542e-06
GM00977,109,4,264.15000000000003,2,1,1,211,4,Potential Loyalists,North America,55,M,Budget,165.25,0.006666519112454369
GM00978,18,17,5476.76,5,4,3,543,12,Loyal Customers,Central Asia,37,Other,Standard,3624.44,3.02653120953157e-06
GM00979,77,13,5723.43,3,4,4,344,11,Potential Loyalists,MENA,20,M,Standard,3715.72,0.00037551164035305295
GM00980,302,1,262.62,1,1,1,111,3,Lost,North America,68,M,Budget,173.63,0.9999790151586165
GM00981,23,24,25808.96,5,5,5,555,15,Champions,Europe,19,M,Premium,17562.33,5.707382727481172e-06
GM00982,293,7,769.25,1,2,2,122,5,Potential Loyalists,North America,35,F,Budget,552.26,0.9999563276169495
GM00983,80,15,6821.57,3,4,4,344,11,Potential Loyalists,Central Asia,61,F,Standard,4649.46,0.0005011992300601824
GM00984,14,24,28098.52,5,5,5,555,15,Champions,Central Asia,27,F,Premium,18428.99,3.1076140926372195e-06
GM00985,139,15,8339.68,2,4,4,244,10,At Risk,North America,22,M,Standard,5627.32,0.04808436857752185
GM00986,24,2,209.32,5,1,1,511,7,Recent Customers,MENA,26,F,Budget,138.39,8.610241835140677e-06
GM00987,294,4,864.99,1,1,2,112,4,Lost,North America,19,M,Standard,612.52,0.9999491476357865
GM00988,79,6,933.71,3,2,2,322,7,Potential Loyalists,MENA,51,M,Budget,653.05,0.0005724928984753447
GM00989,36,35,49133.13,4,5,5,455,14,Champions,Europe,55,M,Premium,33374.13,2.8756504129879972e-05
GM00990,82,8,4549.87,3,3,3,333,9,Potential Loyalists,North America,48,M,Standard,3124.9,0.0005819930947984414
GM00991,99,15,27405.13,3,4,5,345,12,Potential Loyalists,North America,27,F,Premium,17773.36,0.0026142092078044695
GM00992,33,9,4856.3099999999995,4,3,3,433,10,Loyal Customers,North America,67,F,Standard,3244.85,1.1315205126891526e-05
GM00993,44,11,5050.86,4,3,3,433,10,Loyal Customers,Europe,29,M,Standard,3393.17,2.8155086279416778e-05
GM00994,98,7,408.14,3,2,1,321,6,Potential Loyalists,North America,53,F,Budget,265.86,0.00253904583954373
GM00995,86,15,19429.46,3,4,5,345,12,Potential Loyalists,Europe,71,F,Premium,13083.14,0.0008761204563972707
GM00996,99,4,539.23,3,1,1,311,5,Potential Loyalists,Central Asia,38,F,Standard,369.24,0.0033444087968867355
GM00997,85,10,4268.53,3,3,3,333,9,Potential Loyalists,Southeast Asia,66,M,Standard,2950.63,0.0007438600359882184
GM00998,265,3,521.11,1,1,1,111,3,Lost,Europe,64,F,Budget,363.23,0.9995671570640564
GM00999,31,4,862.86,5,1,2,512,8,Recent Customers,Southeast Asia,23,M,Budget,543.58,1.0882530476765202e-05
GM01000,166,3,288.0,2,1,1,211,4,Potential Loyalists,MENA,65,F,Budget,188.7,0.44165370946146976
GM01001,329,4,106.07,1,1,1,111,3,Lost,Europe,66,M,Budget,71.35,0.9999979343502771
GM01002,786,1,54.52,1,1,1,111,3,Lost,MENA,20,F,Budget,39.65,1.0
GM01003,231,5,926.11,1,2,2,122,5,Potential Loyalists,Southeast Asia,27,M,Budget,643.65,0.9919722630951736
GM01004,21,15,4903.91,5,4,3,543,12,Loyal Customers,North America,22,M,Standard,3313.89,3.570943884757931e-06
GM01005,44,30,37480.54,4,5,5,455,14,Champions,North America,63,F,Premium,24962.58,3.4219186073997985e-05
GM01006,24,8,1730.07,5,3,2,532,10,Loyal Customers,North America,43,F,Standard,1160.82,5.427990893933909e-06
GM01007,83,10,4899.75,3,3,3,333,9,Potential Loyalists,North America,38,F,Standard,3293.15,0.0006429204351311798
GM01008,56,8,4160.87,4,3,3,433,10,Loyal Customers,North America,62,F,Standard,2603.27,8.612623215642261e-05
GM01009,180,3,2334.7000000000003,2,1,2,212,5,Potential Loyalists,Europe,43,M,Standard,1464.27,0.6388903000064579
GM01010,55,8,2781.7999999999997,4,3,2,432,9,Loyal Customers,MENA,55,F,Standard,1867.33,6.405902627070958e-05
GM01011,300,1,33.19,1,1,1,111,3,Lost,Europe,61,M,Budget,21.94,0.9999799871309074
GM01012,79,15,24637.61,3,4,5,345,12,Potential Loyalists,Southeast Asia,43,M,Premium,16638.89,0.0005170395578453452
GM01013,102,6,221.37,3,2,1,321,6,Potential Loyalists,Southeast Asia,25,F,Budget,156.05,0.003770776612378185
GM01014,434,4,2273.38,1,1,2,112,4,Lost,Central Asia,22,F,Standard,1571.63,0.9999999994416777
GM01015,770,3,188.79,1,1,1,111,3,Lost,North America,32,F,Budget,137.3,1.0
GM01016,784,1,234.44,1,1,1,111,3,Lost,Southeast Asia,33,F,Budget,170.5,1.0
GM01017,401,1,73.02,1,1,1,111,3,Lost,Europe,18,F,Budget,48.28,0.9999999938496877
GM01018,108,17,5883.93,2,4,4,244,10,At Risk,North America,33,M,Standard,3922.84,0.00351412248944986
GM01019,372,5,1838.43,1,2,2,122,5,Potential Loyalists,Southeast Asia,54,M,Standard,1232.96,0.9999999289855063
GM01020,55,18,10686.91,4,5,5,455,14,Champions,Central Asia,20,F,Standard,7323.35,7.269504446409612e-05
GM01021,170,2,375.23,2,1,1,211,4,Potential Loyalists,North America,69,M,Budget,231.82,0.5151082067821452
GM01022,548,2,231.13,1,1,1,111,3,Lost,Europe,64,M,Budget,168.09,0.9999999999999607
GM01023,23,6,818.44,5,2,2,522,9,Recent Customers,Southeast Asia,48,M,Budget,537.82,5.861463526972967e-06
GM01024,43,11,15081.15,4,3,5,435,12,Loyal Customers,Southeast Asia,30,F,Premium,10362.12,2.7242890947102337e-05
GM01025,206,17,5863.71,1,4,4,144,9,At Risk,Southeast Asia,33,M,Standard,4039.89,0.9169379813369954
GM01026,59,7,3064.21,3,2,3,323,8,Potential Loyalists,MENA,60,F,Standard,2199.01,0.00012145840451700879
GM01027,15,24,26032.739999999998,5,5,5,555,15,Champions,Southeast Asia,38,F,Premium,17594.2,2.5361000694600718e-06
GM01028,15,14,5120.15,5,4,3,543,12,Loyal Customers,North America,19,M,Standard,3435.8,2.4516006654970725e-06
GM01029,28,11,10453.04,5,3,5,535,13,Champions,Europe,71,F,Premium,6556.94,8.925451284322993e-06
GM01030,36,7,899.0799999999999,4,2,2,422,8,Recent Customers,North America,44,F,Budget,609.39,1.5937342950502e-05
GM01031,129,5,2612.05,2,2,2,222,6,Potential Loyalists,Central Asia,55,F,Standard,1677.4,0.03253176790734572
GM01032,45,13,3840.16,4,4,3,443,11,Loyal Customers,North America,43,F,Standard,2555.14,2.991512667123885e-05
GM01033,391,3,176.43,1,1,1,111,3,Lost,Europe,55,M,Budget,121.91,0.9999999860042144
GM01034,235,13,6905.74,1,4,4,144,9,At Risk,Europe,63,F,Standard,4821.37,0.9929951334360027
GM01035,30,27,37136.17,5,5,5,555,15,Champions,Central Asia,42,M,Premium,25120.91,1.3103219802496069e-05
GM01036,728,3,1487.96,1,1,2,112,4,Lost,North America,28,F,Standard,1082.15,1.0
GM01037,16,14,19608.79,5,4,5,545,14,Champions,Europe,25,F,Premium,13154.74,3.93171162794823e-06
GM01038,16,22,33385.479999999996,5,5,5,555,15,Champions,North America,25,F,Premium,23197.0,4.150153084968245e-06
GM01039,39,27,32220.27,4,5,5,455,14,Champions,Central Asia,50,M,Premium,22325.38,2.4763494748993008e-05
GM01040,85,8,3726.19,3,3,3,333,9,Potential Loyalists,Europe,70,M,Standard,2462.21,0.0008799964781398618
GM01041,24,15,13513.2,5,4,5,545,14,Champions,MENA,24,M,Premium,9230.46,5.595186904945353e-06
GM01042,53,13,4082.42,4,4,3,443,11,Loyal Customers,North America,55,M,Standard,2832.41,4.8080129153989804e-05
GM01043,757,1,117.02,1,1,1,111,3,Lost,Europe,38,M,Budget,85.11,1.0
GM01044,33,13,5068.34,4,4,3,443,11,Loyal Customers,North America,25,F,Standard,3384.08,1.1730871905544916e-05
GM01045,624,1,247.6,1,1,1,111,3,Lost,Southeast Asia,68,M,Budget,180.07,1.0
GM01046,140,19,6614.9400000000005,2,5,4,254,11,At Risk,North America,71,Other,Standard,4708.75,0.04727012566428847
GM01047,177,4,2118.83,2,1,2,212,5,Potential Loyalists,Europe,38,M,Standard,1413.91,0.6917518642120803
GM01048,289,1,166.08,1,1,1,111,3,Lost,Central Asia,37,F,Budget,109.8,0.9999477418171566
GM01049,124,20,24163.35,2,5,5,255,12,At Risk,Southeast Asia,25,F,Premium,16522.05,0.019404490126516526
GM01050,115,14,15547.39,2,4,5,245,11,At Risk,Central Asia,63,F,Premium,10343.48,0.009851210816610043
GM01051,27,19,8395.96,5,5,4,554,14,Champions,Southeast Asia,48,F,Standard,5750.34,5.403994363409306e-06
GM01052,35,15,4935.14,4,4,3,443,11,Loyal Customers,MENA,67,M,Standard,3363.34,1.090254589746369e-05
GM01053,46,7,674.8700000000001,4,2,2,422,8,Recent Customers,Southeast Asia,46,F,Budget,455.22,3.570914435987798e-05
GM01054,130,6,396.56,2,2,1,221,5,Potential Loyalists,North America,65,M,Budget,254.88,0.0334266551312931
GM01055,44,7,3037.12,4,2,3,423,9,Recent Customers,Southeast Asia,26,M,Standard,2028.39,2.497289251906207e-05
GM01056,57,12,5347.98,4,3,3,433,10,Loyal Customers,Europe,32,F,Standard,3537.6,7.157918384914397e-05
GM01057,63,11,3532.13,3,3,3,333,9,Potential Loyalists,North America,47,F,Standard,2267.46,0.0001222354409058649
GM01058,30,4,479.81,5,1,1,511,7,Recent Customers,MENA,43,F,Budget,312.58,1.1642475399669768e-05
GM01059,198,6,414.11,1,2,1,121,4,Potential Loyalists,MENA,27,M,Budget,295.29,0.8973272696370336
GM01060,122,7,1408.5,2,2,2,222,6,Potential Loyalists,North America,46,M,Budget,984.01,0.0274325800290769
GM01061,51,18,6252.4400000000005,4,5,4,454,13,Champions,Southeast Asia,71,M,Standard,4255.18,3.246900952822446e-05
GM01062,72,6,939.21,3,2,2,322,7,Potential Loyalists,Southeast Asia,33,M,Budget,603.99,0.0004024164278195501
GM01063,287,5,5383.8099999999995,1,2,3,123,6,Potential Loyalists,North America,53,M,Standard,3828.18,0.9998839398244517
GM01064,341,3,1352.33,1,1,2,112,4,Lost,MENA,37,M,Standard,921.04,0.9999989870227698
GM01065,79,5,444.03,3,2,1,321,6,Potential Loyalists,MENA,62,M,Budget,311.22,0.000779293282553779
GM01066,23,19,27364.38,5,5,5,555,15,Champions,North America,71,F,Premium,18001.15,6.217215605143528e-06
GM01067,33,7,1025.46,4,2,2,422,8,Recent Customers,Europe,54,M,Budget,677.55,1.6971093351267855e-05
GM01068,42,12,15274.82,4,3,5,435,12,Loyal Customers,Central Asia,39,F,Premium,10290.45,2.6462216603236722e-05
GM01069,195,2,19.38,2,1,1,211,4,Potential Loyalists,Europe,24,M,Budget,12.81,0.9030304332966645
GM01070,85,15,4505.31,3,4,3,343,10,Potential Loyalists,Europe,40,F,Standard,3210.6,0.0007183793730661173
GM01071,71,13,6598.12,3,4,4,344,11,Potential Loyalists,Europe,58,F,Standard,4502.22,0.00024982759553342123
GM01072,421,4,1245.3000000000002,1,1,2,112,4,Lost,Europe,57,M,Standard,899.77,0.9999999985559276
GM01073,22,15,7105.9,5,4,4,544,13,Champions,Central Asia,46,F,Standard,4647.55,4.281270636479693e-06
GM01074,27,18,7040.49,5,5,4,554,14,Champions,Central Asia,33,M,Standard,4845.19,5.348777529468942e-06
GM01075,194,10,4690.99,2,3,3,233,8,Potential Loyalists,Southeast Asia,55,F,Standard,3339.74,0.8286333582425807
GM01076,53,26,38644.409999999996,4,5,5,455,14,Champions,MENA,45,M,Premium,26630.73,8.411128079675965e-05
GM01077,80,23,35617.97,3,5,5,355,13,Champions,MENA,65,Other,Premium,24417.57,0.0008119815129327022
GM01078,51,9,7580.42,4,3,4,434,11,Loyal Customers,North America,55,M,Premium,5084.11,5.334650484703129e-05
GM01079,106,3,1447.02,2,1,2,212,5,Potential Loyalists,Europe,48,M,Standard,940.13,0.005055495040878652
GM01080,207,4,405.16,1,1,1,111,3,Lost,Southeast Asia,31,F,Budget,267.87,0.9518850571381394
GM01081,56,1,101.32,4,1,1,411,6,Recent Customers,North America,70,M,Budget,60.9,9.476160939013439e-05
GM01082,23,18,7736.36,5,5,4,554,14,Champions,Central Asia,50,F,Standard,5158.48,5.3169630387134246e-06
GM01083,198,6,4391.5,1,2,3,123,6,Potential Loyalists,MENA,26,M,Standard,3014.31,0.879201572115555
GM01084,276,5,1202.05,1,2,2,122,5,Potential Loyalists,Southeast Asia,44,F,Budget,844.9,0.9997848811648326
GM01085,94,16,6785.04,3,4,4,344,11,Potential Loyalists,Southeast Asia,41,M,Standard,4491.65,0.0012680698764585359
GM01086,192,13,6078.09,2,4,4,244,10,At Risk,MENA,30,F,Standard,4111.67,0.8124617396291207
GM01087,32,16,7584.11,4,4,4,444,12,Loyal Customers,North America,43,F,Standard,5220.64,9.651482488661823e-06
GM01088,21,39,44712.16,5,5,5,555,15,Champions,Europe,46,M,Premium,29618.81,6.25995158711806e-06
GM01089,29,29,42314.94,5,5,5,555,15,Champions,Southeast Asia,68,M,Premium,28370.15,1.2613011484259425e-05
GM01090,54,22,19722.69,4,5,5,455,14,Champions,Europe,66,M,Premium,13823.32,6.506807059144073e-05
GM01091,193,11,3088.55,2,3,3,233,8,Potential Loyalists,Southeast Asia,60,Other,Standard,2145.08,0.8123985277340349
GM01092,16,24,29859.46,5,5,5,555,15,Champions,North America,45,M,Premium,20208.28,3.1513801552468107e-06
GM01093,32,27,38355.88,4,5,5,455,14,Champions,North America,45,M,Premium,26344.21,1.5420751838784956e-05
GM01094,26,12,4979.36,5,3,3,533,11,Loyal Customers,MENA,25,M,Standard,3347.22,6.658526930685821e-06
GM01095,31,24,33398.78,5,5,5,555,15,Champions,Europe,40,M,Premium,22969.96,1.295378693909531e-05
GM01096,43,12,13348.53,4,3,5,435,12,Loyal Customers,Europe,46,F,Premium,9166.35,2.399928743170833e-05
GM01097,341,1,112.11,1,1,1,111,3,Lost,Europe,22,F,Budget,74.12,0.9999991658978117
GM01098,19,35,64538.58,5,5,5,555,15,Champions,Europe,59,F,Premium,43613.02,1.3579689306138474e-05
GM01099,135,6,3170.8,2,2,3,223,7,Potential Loyalists,North America,24,F,Standard,2144.91,0.04182049052563923
GM01100,19,19,9587.82,5,5,4,554,14,Champions,Europe,59,F,Standard,6326.96,2.9678056973675945e-06
GM01101,48,15,7946.9400000000005,4,4,4,444,12,Loyal Customers,Central Asia,53,M,Standard,5339.71,3.6359041571465646e-05
GM01102,155,14,5185.25,2,4,3,243,9,At Risk,Southeast Asia,58,M,Standard,3539.18,0.15213761312222485
GM01103,21,17,8566.21,5,4,4,544,13,Champions,Southeast Asia,44,F,Standard,5788.36,3.1780610261694155e-06
GM01104,141,3,384.21,2,1,1,211,4,Potential Loyalists,Southeast Asia,63,F,Budget,239.72,0.09191690720764416
GM01105,261,3,1681.2399999999998,1,1,2,112,4,Lost,Southeast Asia,19,F,Standard,1155.48,0.9990627757670627
GM01106,319,2,174.71,1,1,1,111,3,Lost,Europe,42,M,Budget,115.51,0.9999954598869604
GM01107,185,6,3224.85,2,2,3,223,7,Potential Loyalists,MENA,26,M,Standard,2150.19,0.7264161231476111
GM01108,48,5,798.21,4,2,2,422,8,Recent Customers,North America,70,M,Budget,479.77,5.6789759582052626e-05
GM01109,147,3,132.79000000000002,2,1,1,211,4,Potential Loyalists,North America,44,F,Budget,85.64,0.1402433119294401
GM01110,115,3,670.63,2,1,1,211,4,Potential Loyalists,Europe,18,F,Budget,431.13,0.011671171094768234
GM01111,142,16,7088.49,2,4,4,244,10,At Risk,North America,40,F,Standard,4711.77,0.056754760540704746
GM01112,71,14,7941.34,3,4,4,344,11,Potential Loyalists,Europe,27,M,Standard,5339.7,0.00023309795890778717
GM01113,77,7,1109.51,3,2,2,322,7,Potential Loyalists,Europe,59,F,Budget,714.66,0.0005045067866372067
GM01114,441,1,55.76,1,1,1,111,3,Lost,MENA,69,M,Budget,36.87,0.9999999999401503
GM01115,142,6,864.6099999999999,2,2,2,222,6,Potential Loyalists,North America,42,M,Budget,572.71,0.07843200292931013
GM01116,362,4,1293.25,1,1,2,112,4,Lost,North America,71,F,Standard,863.49,0.9999998131919394
GM01117,105,5,616.77,2,2,1,221,5,Potential Loyalists,Central Asia,20,M,Budget,411.72,0.00521541942957906
GM01118,220,4,2206.88,1,1,2,112,4,Lost,Southeast Asia,23,M,Standard,1553.62,0.9758400915840809
GM01119,146,5,2949.12,2,2,3,223,7,Potential Loyalists,Europe,23,F,Standard,1911.17,0.10033431902092303
GM01120,13,12,10141.72,5,3,5,535,13,Champions,Europe,70,F,Premium,6653.29,2.1985650747103097e-06
GM01121,177,3,1054.9499999999998,2,1,2,212,5,Potential Loyalists,Southeast Asia,19,M,Standard,740.81,0.612394395474247
GM01122,316,5,710.1099999999999,1,2,2,122,5,Potential Loyalists,Southeast Asia,35,F,Budget,511.28,0.9999919884616982
GM01123,48,16,22177.89,4,4,5,445,13,Champions,Southeast Asia,40,M,Premium,15041.42,3.9961209102899796e-05
GM01124,513,6,2138.2599999999998,1,2,2,122,5,Potential Loyalists,North America,19,F,Standard,1524.49,0.9999999999989384
GM01125,45,10,3386.25,4,3,3,433,10,Loyal Customers,North America,29,F,Standard,2357.69,3.6378966717335525e-05
GM01126,23,11,14395.22,5,3,5,535,13,Champions,North America,39,F,Premium,9659.8,4.4330361245983575e-06
GM01127,55,11,1810.93,4,3,2,432,9,Loyal Customers,Central Asia,54,F,Standard,1251.7,6.619083783838271e-05
GM01128,21,15,5232.75,5,4,3,543,12,Loyal Customers,MENA,37,M,Standard,3478.34,4.217391429209427e-06
GM01129,24,24,27652.95,5,5,5,555,15,Champions,MENA,56,M,Premium,18948.6,6.405584724936095e-06
GM01130,28,3,197.6,5,1,1,511,7,Recent Customers,Europe,41,M,Budget,118.77,1.8244259518071177e-05
GM01131,351,2,436.04999999999995,1,1,1,111,3,Lost,North America,65,M,Budget,288.3,0.9999997821597718
GM01132,29,19,10328.27,5,5,5,555,15,Champions,MENA,37,F,Standard,6662.33,6.5431071733105915e-06
GM01133,113,9,10585.69,2,3,5,235,10,Potential Loyalists,Central Asia,18,M,Premium,7291.48,0.00783631443510798
GM01134,20,5,2448.78,5,2,2,522,9,Recent Customers,Europe,18,M,Standard,1530.29,4.259176661402638e-06
GM01135,32,18,8383.99,4,5,4,454,13,Champions,North America,34,M,Standard,5745.62,8.356941993817257e-06
GM01136,47,19,12269.01,4,5,5,455,14,Champions,Central Asia,18,Other,Standard,8082.73,3.142736248170711e-05
GM01137,39,22,25259.52,4,5,5,455,14,Champions,Southeast Asia,70,M,Premium,16899.53,2.1287475261008823e-05
GM01138,203,10,4114.42,1,3,3,133,7,Potential Loyalists,MENA,69,F,Standard,2937.34,0.9149257751500063
GM01139,215,6,809.95,1,2,2,122,5,Potential Loyalists,MENA,62,M,Budget,545.29,0.9740650031008188
GM01140,100,8,2922.56,3,3,3,333,9,Potential Loyalists,North America,47,M,Standard,1910.71,0.0025881643166489636
GM01141,171,5,3411.39,2,2,3,223,7,Potential Loyalists,North America,58,F,Standard,2324.75,0.41253370564402475
GM01142,164,2,78.15,2,1,1,211,4,Potential Loyalists,Europe,64,F,Budget,49.34,0.45190335386681957
GM01143,63,15,5969.06,3,4,4,344,11,Potential Loyalists,North America,20,F,Standard,3879.59,0.0001216954734468965
GM01144,26,8,2793.17,5,3,2,532,10,Loyal Customers,North America,63,F,Standard,1846.3,7.3903355963098135e-06
GM01145,40,14,5773.78,4,4,4,444,12,Loyal Customers,Europe,28,M,Standard,3902.86,1.9376191725890507e-05
GM01146,16,4,469.62,5,1,1,511,7,Recent Customers,Southeast Asia,41,M,Budget,301.55,3.1894943009783105e-06
GM01147,175,8,3116.57,2,3,3,233,8,Potential Loyalists,North America,39,F,Standard,2189.37,0.5304453972543689
GM01148,126,6,325.21000000000004,2,2,1,221,5,Potential Loyalists,North America,61,M,Budget,209.71,0.02579206754026426
GM01149,64,6,3155.7,3,2,3,323,8,Potential Loyalists,Southeast Asia,62,F,Standard,2027.53,0.00013296865423682654
GM01150,76,12,2935.46,3,3,3,333,9,Potential Loyalists,Southeast Asia,43,F,Standard,2059.83,0.00031948849821268637
GM01151,60,14,7759.1,3,4,4,344,11,Potential Loyalists,North America,30,M,Standard,5227.93,9.818639037212399e-05
GM01152,189,10,3971.32,2,3,3,233,8,Potential Loyalists,North America,18,F,Standard,2711.16,0.7636116743171494
GM01153,336,5,704.27,1,2,2,122,5,Potential Loyalists,North America,41,M,Budget,479.29,0.9999987435380289
GM01154,19,16,4961.59,5,4,3,543,12,Loyal Customers,North America,27,M,Standard,3409.63,2.723652017815084e-06
GM01155,150,13,5532.16,2,4,3,243,9,At Risk,North America,52,M,Standard,3868.08,0.1183805866322356
GM01156,105,17,6045.71,2,4,4,244,10,At Risk,North America,41,F,Standard,4156.53,0.0037359410102318726
GM01157,169,5,779.81,2,2,2,222,6,Potential Loyalists,Europe,45,M,Budget,510.0,0.4655592409098417
GM01158,119,29,37093.99,2,5,5,255,12,At Risk,Southeast Asia,53,F,Premium,25682.65,0.016979075611729094
GM01159,77,5,1058.69,3,2,2,322,7,Potential Loyalists,Southeast Asia,33,F,Budget,722.07,0.0004129250146854256
GM01160,67,7,2123.88,3,2,2,322,7,Potential Loyalists,Central Asia,57,F,Standard,1437.18,0.0002104576882440438
GM01161,25,34,46762.82,5,5,5,555,15,Champions,North America,33,F,Premium,30701.91,1.0500711758600877e-05
GM01162,44,4,2068.34,4,1,2,412,7,Recent Customers,Europe,34,M,Standard,1279.71,2.8778665069319645e-05
GM01163,203,6,2615.68,1,2,2,122,5,Potential Loyalists,Europe,68,M,Standard,1809.43,0.9253689153290673
GM01164,172,9,4533.28,2,3,3,233,8,Potential Loyalists,North America,71,M,Standard,3067.45,0.46323247515336524
GM01165,305,7,2169.96,1,2,2,122,5,Potential Loyalists,Europe,32,F,Standard,1460.46,0.9999793337191284
GM01166,93,20,22691.85,3,5,5,355,13,Champions,North America,33,Other,Premium,15643.41,0.0013754047742845108
GM01167,74,6,233.55,3,2,1,321,6,Potential Loyalists,North America,32,F,Budget,154.41,0.0005205893304856405
GM01168,15,36,48785.2,5,5,5,555,15,Champions,MENA,51,F,Premium,33295.68,4.803520595333923e-06
GM01169,143,3,2292.67,2,1,2,212,5,Potential Loyalists,Central Asia,28,F,Standard,1478.52,0.08482160399413628
GM01170,91,11,4790.17,3,3,3,333,9,Potential Loyalists,Europe,18,M,Standard,3243.77,0.0011918470980557677
GM01171,155,5,2239.29,2,2,2,222,6,Potential Loyalists,North America,32,F,Standard,1499.31,0.2838051194755915
GM01172,116,5,1777.25,2,2,2,222,6,Potential Loyalists,Southeast Asia,43,F,Standard,1168.73,0.009327089874696971
GM01173,37,16,7341.95,4,4,4,444,12,Loyal Customers,North America,68,M,Standard,5003.05,1.3722502774801054e-05
GM01174,23,15,8419.81,5,4,4,544,13,Champions,Europe,21,F,Standard,5811.01,4.671781464010279e-06
GM01175,134,17,6971.4800000000005,2,4,4,244,10,At Risk,North America,60,M,Standard,4686.28,0.029694233417316942
GM01176,123,11,11508.32,2,3,5,235,10,Potential Loyalists,MENA,22,F,Premium,8032.44,0.016360762880224457
GM01177,67,4,1590.37,3,1,2,312,6,Potential Loyalists,North America,52,F,Standard,1050.18,0.00020186644451562362
GM01178,33,11,7232.97,4,3,4,434,11,Loyal Customers,Central Asia,30,F,Standard,5055.45,1.1537984641234575e-05
GM01179,15,29,37222.42,5,5,5,555,15,Champions,North America,27,M,Premium,25060.22,3.368333809301882e-06
GM01180,44,15,7930.37,4,4,4,444,12,Loyal Customers,MENA,28,F,Standard,5336.55,2.290588481799452e-05
GM01181,26,18,6437.01,5,5,4,554,14,Champions,Southeast Asia,35,F,Standard,4317.07,4.167672842215917e-06
GM01182,18,12,6281.05,5,3,4,534,12,Loyal Customers,Europe,51,M,Standard,4431.47,3.038758039073364e-06
GM01183,178,13,6517.26,2,4,4,244,10,At Risk,North America,56,F,Standard,4351.68,0.5625285754193217
GM01184,193,7,3116.6,2,2,3,223,7,Potential Loyalists,Southeast Asia,58,F,Standard,2106.77,0.8459077759643934
GM01185,26,19,11892.289999999999,5,5,5,555,15,Champions,Central Asia,59,F,Standard,8069.76,5.991865986690331e-06
GM01186,35,23,28804.03,4,5,5,455,14,Champions,Southeast Asia,67,M,Premium,19585.33,1.5170100089570525e-05
GM01187,71,5,2111.61,3,2,2,322,7,Potential Loyalists,North America,40,F,Standard,1505.38,0.00032350500114309156
GM01188,103,6,1770.88,3,2,2,322,7,Potential Loyalists,Central Asia,24,F,Standard,1171.07,0.003865037972849078
GM01189,44,3,168.69,4,1,1,411,6,Recent Customers,Europe,56,M,Standard,122.68,4.366357753885585e-05
GM01190,134,7,4999.52,2,2,3,223,7,Potential Loyalists,North America,20,M,Standard,3487.94,0.049392684921562784
GM01191,175,11,3340.37,2,3,3,233,8,Potential Loyalists,Central Asia,29,F,Standard,2294.11,0.5677175830457836
GM01192,420,3,151.0,1,1,1,111,3,Lost,North America,24,F,Standard,109.82,0.9999999985599319
GM01193,19,14,7804.879999999999,5,4,4,544,13,Champions,Europe,66,F,Standard,5197.15,3.5505060063983716e-06
GM01194,559,3,1720.06,1,1,2,112,4,Lost,North America,43,M,Standard,1250.95,0.999999999999974
GM01195,111,17,7083.63,2,4,4,244,10,At Risk,Central Asia,50,M,Standard,4795.44,0.0052172149056187115
GM01196,74,9,4367.42,3,3,3,333,9,Potential Loyalists,Southeast Asia,54,M,Standard,2868.09,0.00027789765948388405
GM01197,26,37,53364.06,5,5,5,555,15,Champions,Southeast Asia,65,M,Premium,36241.52,1.229040276502941e-05
GM01198,115,25,30775.88,2,5,5,255,12,At Risk,Southeast Asia,32,F,Premium,20565.91,0.010088788541141586
GM01199,21,18,9754.13,5,5,4,554,14,Champions,North America,19,F,Standard,6550.87,3.2666639199476927e-06
GM01200,121,6,480.38,2,2,1,221,5,Potential Loyalists,Europe,58,F,Budget,303.73,0.018887232156009712
GM01201,79,4,1146.18,3,1,2,312,6,Potential Loyalists,North America,24,M,Standard,736.48,0.0004857625035832444
GM01202,34,16,19477.600000000002,4,4,5,445,13,Champions,Central Asia,49,F,Premium,12736.55,1.4074178778194708e-05
GM01203,309,7,347.79999999999995,1,2,1,121,4,Potential Loyalists,Central Asia,21,M,Budget,234.77,0.9999869742584396
GM01204,718,1,200.62,1,1,1,111,3,Lost,Europe,37,M,Budget,145.91,1.0
GM01205,540,7,595.44,1,2,1,121,4,Potential Loyalists,MENA,67,F,Budget,433.05,0.9999999999999203
GM01206,40,13,4638.38,4,4,3,443,11,Loyal Customers,North America,70,F,Standard,3040.57,1.9463812262258197e-05
GM01207,101,5,499.86,3,2,1,321,6,Potential Loyalists,North America,53,F,Budget,343.5,0.003295340582602665
GM01208,182,20,26025.29,2,5,5,255,12,At Risk,MENA,49,M,Premium,17551.76,0.7144466881586273
GM01209,39,14,18294.61,4,4,5,445,13,Champions,Europe,45,F,Premium,12483.61,2.119445291599234e-05
GM01210,87,15,19158.72,3,4,5,345,12,Potential Loyalists,Southeast Asia,30,F,Premium,12774.35,0.0010169166619329914
GM01211,95,9,3662.17,3,3,3,333,9,Potential Loyalists,MENA,18,F,Standard,2522.92,0.001762621587755462
GM01212,57,17,20716.13,4,4,5,445,13,Champions,MENA,52,M,Premium,13822.78,8.67270655234184e-05
GM01213,265,13,5268.87,1,4,3,143,8,At Risk,Europe,65,F,Standard,3701.23,0.9993985767073791
GM01214,18,15,5076.77,5,4,3,543,12,Loyal Customers,North America,47,F,Standard,3601.67,2.6501545727219076e-06
GM01215,77,14,6558.04,3,4,4,344,11,Potential Loyalists,North America,71,F,Standard,4316.25,0.00038068480816348297
GM01216,133,7,806.94,2,2,2,222,6,Potential Loyalists,Europe,53,M,Budget,572.63,0.04262846860641407
GM01217,73,31,37541.61,3,5,5,355,13,Champions,Central Asia,42,M,Premium,25528.22,0.00044855831915603634
GM01218,15,3,1539.44,5,1,2,512,8,Recent Customers,North America,33,M,Standard,1023.84,4.210909431806345e-06
GM01219,389,2,430.85999999999996,1,1,1,111,3,Lost,North America,36,M,Budget,305.17,0.9999999899491862
GM01220,82,30,38680.11,3,5,5,355,13,Champions,Europe,18,F,Premium,26331.52,0.0009524867713878459
GM01221,118,3,733.72,2,1,2,212,5,Potential Loyalists,Southeast Asia,22,M,Standard,491.3,0.01816081923305334
GM01222,725,2,50.31,1,1,1,111,3,Lost,Europe,68,M,Budget,36.59,1.0
GM01223,184,7,440.06,2,2,1,221,5,Potential Loyalists,MENA,39,M,Budget,291.62,0.7866945317329482
GM01224,55,4,858.09,4,1,2,412,7,Recent Customers,Southeast Asia,41,M,Budget,538.13,7.888093900258688e-05
GM01225,70,7,3728.62,3,2,3,323,8,Potential Loyalists,MENA,60,M,Standard,2547.73,0.00023554913494079274
GM01226,117,16,5829.76,2,4,4,244,10,At Risk,North America,62,F,Standard,3872.84,0.0078066226708329205
GM01227,140,13,12110.27,2,4,5,245,11,At Risk,MENA,69,F,Premium,8142.47,0.06210236536665879
GM01228,37,7,2604.8,4,2,2,422,8,Recent Customers,Europe,54,M,Standard,1705.34,2.037190749104153e-05
GM01229,28,23,30559.11,5,5,5,555,15,Champions,Southeast Asia,70,M,Premium,20768.88,8.707053387212585e-06
GM01230,28,8,5451.1,5,3,3,533,11,Loyal Customers,MENA,53,M,Standard,3519.65,9.036344104290104e-06
GM01231,174,4,394.52,2,1,1,211,4,Potential Loyalists,Southeast Asia,53,M,Budget,251.29,0.5602882961111545
GM01232,119,19,5779.82,2,5,4,254,11,At Risk,Europe,21,F,Standard,3877.25,0.009645769891140878
GM01233,39,9,3726.3599999999997,4,3,3,433,10,Loyal Customers,Europe,53,F,Standard,2585.82,2.0366237336188216e-05
GM01234,283,3,482.1,1,1,1,111,3,Lost,Central Asia,69,F,Standard,318.74,0.9999118965461036
GM01235,192,9,3914.01,2,3,3,233,8,Potential Loyalists,North America,70,F,Standard,2749.24,0.8435907278703177
GM01236,424,3,647.0799999999999,1,1,1,111,3,Lost,Europe,35,M,Budget,448.1,0.9999999989371149
GM01237,91,5,2849.33,3,2,2,322,7,Potential Loyalists,Southeast Asia,67,F,Standard,1804.1,0.00155033570608268
GM01238,224,7,3781.71,1,2,3,123,6,Potential Loyalists,MENA,33,F,Standard,2623.59,0.9842874946869342
GM01239,46,8,2830.08,4,3,2,432,9,Loyal Customers,Southeast Asia,58,F,Standard,1918.75,2.8647689634210796e-05
GM01240,40,32,42796.45,4,5,5,455,14,Champions,Europe,35,M,Premium,29209.46,2.996886481570882e-05
GM01241,194,16,7358.21,2,4,4,244,10,At Risk,Southeast Asia,39,F,Standard,5172.19,0.8008882331927452
GM01242,370,1,264.04,1,1,1,111,3,Lost,North America,19,F,Budget,174.57,0.9999999111442369
GM01243,129,12,18334.27,2,3,5,235,10,Potential Loyalists,North America,38,F,Premium,12812.23,0.02577223952771918
GM01244,45,23,17094.41,4,5,5,455,14,Champions,North America,53,M,Premium,11544.18,3.0063832709927037e-05
GM01245,36,20,32072.899999999998,4,5,5,455,14,Champions,North America,61,F,Premium,21435.08,1.7322670393852974e-05
GM01246,141,6,445.3,2,2,1,221,5,Potential Loyalists,North America,56,F,Budget,302.54,0.08185768866225868
GM01247,192,9,3239.09,2,3,3,233,8,Potential Loyalists,Europe,64,F,Standard,2141.55,0.8297818028142184
GM01248,14,16,7771.929999999999,5,4,4,544,13,Champions,Central Asia,56,F,Standard,5263.36,2.2293529858626283e-06
GM01249,92,12,6012.75,3,3,4,334,10,Potential Loyalists,Southeast Asia,46,F,Standard,4135.69,0.00136520457213402
GM01250,111,1,100.28,2,1,1,211,4,Potential Loyalists,North America,71,M,Budget,60.27,0.009431926046175034
GM01251,101,4,318.43,3,1,1,311,5,Potential Loyalists,North America,43,F,Budget,213.19,0.0034503142275615884
GM01252,204,2,239.76999999999998,1,1,1,111,3,Lost,MENA,38,M,Budget,158.53,0.9465874953625432
GM01253,305,4,597.89,1,1,1,111,3,Lost,Central Asia,34,F,Budget,406.71,0.9999827537246606
GM01254,14,12,3416.0,5,3,3,533,11,Loyal Customers,Europe,33,M,Standard,2292.02,2.175259212794267e-06
GM01255,70,16,5443.97,3,4,3,343,10,Potential Loyalists,North America,48,F,Standard,3744.6,0.0001629886743552704
GM01256,213,4,510.2,1,1,1,111,3,Lost,MENA,68,F,Budget,346.1,0.9736219306908823
GM01257,375,1,24.08,1,1,1,111,3,Lost,Europe,26,F,Budget,15.92,0.9999999545302108
GM01258,43,34,32824.99,4,5,5,455,14,Champions,MENA,48,F,Premium,22070.73,2.5367678402479178e-05
GM01259,14,31,42604.44,5,5,5,555,15,Champions,Central Asia,31,F,Premium,28880.37,4.266410373592875e-06
GM01260,287,4,725.34,1,1,2,112,4,Lost,North America,66,F,Budget,499.05,0.9999441342558348
GM01261,36,17,7663.37,4,4,4,444,12,Loyal Customers,Europe,54,M,Standard,5210.47,1.2345340742277252e-05
GM01262,131,5,190.76999999999998,2,2,1,221,5,Potential Loyalists,North America,19,M,Budget,122.19,0.050495048211301956
GM01263,23,15,4834.360000000001,5,4,3,543,12,Loyal Customers,Europe,69,M,Standard,3309.45,4.095076553147622e-06
GM01264,81,17,23261.9,3,4,5,345,12,Potential Loyalists,MENA,65,M,Premium,15608.67,0.0006055330871421256
GM01265,20,30,32888.26,5,5,5,555,15,Champions,Central Asia,63,F,Premium,22043.03,5.502196823525557e-06
GM01266,45,31,29124.16,4,5,5,455,14,Champions,Central Asia,31,F,Premium,19411.76,2.871289205927522e-05
GM01267,200,9,3523.9,1,3,3,133,7,Potential Loyalists,MENA,50,F,Standard,2532.85,0.9185642074813498
GM01268,139,5,1827.8600000000001,2,2,2,222,6,Potential Loyalists,MENA,52,M,Standard,1202.74,0.062091049707546156
GM01269,85,7,1880.62,3,2,2,322,7,Potential Loyalists,North America,56,M,Standard,1240.86,0.0008200811053384248
GM01270,63,5,710.97,3,2,2,322,7,Potential Loyalists,Europe,64,F,Budget,482.87,0.00020938855208785332
GM01271,355,10,2623.65,1,3,2,132,6,Potential Loyalists,North America,68,F,Standard,1873.1,0.9999995824657455
GM01272,242,9,4080.19,1,3,3,133,7,Potential Loyalists,Southeast Asia,37,M,Standard,2825.7,0.9957262823729242
GM01273,16,15,7973.99,5,4,4,544,13,Champions,North America,19,F,Standard,5378.32,2.849225383119098e-06
GM01274,99,14,8021.49,3,4,4,344,11,Potential Loyalists,Central Asia,68,F,Standard,5374.72,0.0023980125897106004
GM01275,95,15,8614.2,3,4,4,344,11,Potential Loyalists,MENA,58,M,Standard,5908.52,0.0019382964655455153
GM01276,51,15,21520.38,4,4,5,445,13,Champions,Central Asia,36,F,Premium,14664.7,6.134047448666114e-05
GM01277,27,23,24101.57,5,5,5,555,15,Champions,Europe,54,M,Premium,16307.53,7.794415933914672e-06
GM01278,197,12,14479.35,2,3,5,235,10,Potential Loyalists,Southeast Asia,35,F,Premium,9766.24,0.8555139849945328
GM01279,42,39,56912.28,4,5,5,455,14,Champions,Europe,33,M,Premium,38004.86,5.186600399358088e-05
GM01280,113,13,6496.06,2,4,4,244,10,At Risk,MENA,21,M,Standard,4404.13,0.006972052510416133
GM01281,187,7,2709.6,2,2,2,222,6,Potential Loyalists,North America,29,F,Standard,1943.57,0.7933600110513122
GM01282,228,6,1141.16,1,2,2,122,5,Potential Loyalists,North America,46,M,Budget,801.89,0.9902548886694207
GM01283,38,5,704.2,4,2,2,422,8,Recent Customers,North America,24,F,Budget,445.9,2.050244085817159e-05
GM01284,61,3,211.59,3,1,1,311,5,Potential Loyalists,Central Asia,31,M,Budget,131.89,0.00016642676093811868
GM01285,166,2,57.76,2,1,1,211,4,Potential Loyalists,Europe,29,M,Budget,38.19,0.47778815920780643
GM01286,157,12,5705.68,2,3,3,233,8,Potential Loyalists,MENA,52,M,Standard,3984.76,0.2009577673130963
GM01287,55,10,5779.57,4,3,4,434,11,Loyal Customers,Central Asia,22,F,Standard,3936.23,6.549611392303984e-05
GM01288,81,24,29207.66,3,5,5,355,13,Champions,Europe,34,F,Premium,20238.25,0.0006295851108638379
GM01289,376,3,511.81,1,1,1,111,3,Lost,Central Asia,59,M,Budget,363.51,0.9999999529553512
GM01290,63,7,830.47,3,2,2,322,7,Potential Loyalists,Central Asia,49,F,Budget,559.51,0.00018278478070360215
GM01291,126,2,123.34,2,1,1,211,4,Potential Loyalists,MENA,27,F,Budget,81.73,0.02825849010286029
GM01292,114,11,5910.66,2,3,4,234,9,Potential Loyalists,Europe,60,F,Standard,3944.21,0.007267483408162694
GM01293,910,1,164.87,1,1,1,111,3,Lost,North America,34,F,Budget,119.91,1.0
GM01294,29,36,45398.67,5,5,5,555,15,Champions,North America,22,F,Premium,31015.34,1.3887356714851882e-05
GM01295,101,34,50708.9,3,5,5,355,13,Champions,North America,62,F,Premium,34801.54,0.005191573840102315
GM01296,796,2,128.59,1,1,1,111,3,Lost,Europe,59,M,Budget,93.52,1.0
GM01297,22,13,6311.33,5,4,4,544,13,Champions,Europe,26,M,Standard,4396.88,4.2628606720882896e-06
GM01298,80,2,449.97,3,1,1,311,5,Potential Loyalists,Central Asia,66,M,Budget,316.59,0.0015129081787039163
GM01299,35,19,29682.27,4,5,5,455,14,Champions,North America,50,M,Premium,20344.43,1.502092110395111e-05
GM01300,247,4,183.95000000000002,1,1,1,111,3,Lost,North America,53,F,Budget,130.79,0.9982595973325741
GM01301,55,11,6328.9400000000005,4,3,4,434,11,Loyal Customers,Central Asia,53,M,Standard,4201.38,6.578727167169926e-05
GM01302,290,5,618.1800000000001,1,2,1,121,4,Potential Loyalists,Southeast Asia,35,M,Budget,430.15,0.9999407128094949
GM01303,658,2,157.9,1,1,1,111,3,Lost,Central Asia,26,F,Budget,114.84,1.0
GM01304,420,2,91.42,1,1,1,111,3,Lost,MENA,46,M,Budget,60.44,0.9999999985561274
GM01305,91,8,2374.56,3,3,2,332,8,Potential Loyalists,North America,67,M,Standard,1607.45,0.0011592256711783608
GM01306,45,6,1480.67,4,2,2,422,8,Recent Customers,Southeast Asia,31,M,Budget,994.61,3.1596041623363665e-05
GM01307,130,12,13304.97,2,3,5,235,10,Potential Loyalists,North America,42,F,Premium,8712.11,0.02763428192817648
GM01308,133,17,15166.32,2,4,5,245,11,At Risk,North America,32,M,Premium,10531.57,0.03690002587766016
GM01309,147,14,6331.639999999999,2,4,4,244,10,At Risk,Europe,23,M,Standard,4364.5,0.10561080253070493
GM01310,98,7,775.27,3,2,2,322,7,Potential Loyalists,North America,59,F,Budget,552.31,0.00240642840134148
GM01311,35,19,6978.58,4,5,4,454,13,Champions,Central Asia,46,F,Standard,4748.95,1.1584734629545594e-05
GM01312,133,5,695.61,2,2,2,222,6,Potential Loyalists,Southeast Asia,32,F,Budget,484.59,0.04062422797376412
GM01313,95,16,7985.9,3,4,4,344,11,Potential Loyalists,MENA,46,F,Standard,5366.48,0.0014782808189028563
GM01314,97,4,1664.3899999999999,3,1,2,312,6,Potential Loyalists,North America,21,M,Standard,1039.8,0.002272043601935478
GM01315,459,2,78.57,1,1,1,111,3,Lost,MENA,35,M,Budget,51.95,0.9999999999470734
GM01316,30,37,50236.549999999996,5,5,5,555,15,Champions,North America,67,M,Premium,34773.49,1.552406665390446e-05
GM01317,106,2,443.97,2,1,1,211,4,Potential Loyalists,MENA,66,M,Budget,290.08,0.006361873453852287
GM01318,29,10,4802.04,5,3,3,533,11,Loyal Customers,North America,61,M,Standard,3145.9,9.020859391533389e-06
GM01319,40,10,2946.06,4,3,3,433,10,Loyal Customers,Central Asia,56,M,Standard,1901.91,1.902776149043726e-05
GM01320,118,10,3434.09,2,3,3,233,8,Potential Loyalists,Central Asia,33,F,Standard,2391.27,0.011342703241343328
GM01321,245,9,12044.63,1,3,5,135,9,Potential Loyalists,Europe,28,F,Premium,8127.69,0.9969626331292262
GM01322,47,14,6094.24,4,4,4,444,12,Loyal Customers,Europe,31,M,Standard,3979.62,3.2286943148807556e-05
GM01323,24,39,52964.21,5,5,5,555,15,Champions,Southeast Asia,20,F,Premium,36010.83,9.411692093354066e-06
GM01324,14,17,6262.09,5,4,4,544,13,Champions,Europe,68,M,Standard,4170.62,2.110546268724748e-06
GM01325,13,27,36792.82,5,5,5,555,15,Champions,Southeast Asia,67,M,Premium,23927.07,3.069682233854195e-06
GM01326,197,3,677.21,2,1,2,212,5,Potential Loyalists,Europe,59,F,Standard,447.74,0.8965477299655517
GM01327,75,5,688.96,3,2,2,322,7,Potential Loyalists,Europe,55,M,Budget,477.52,0.00045943121189600676
GM01328,103,4,1785.48,3,1,2,312,6,Potential Loyalists,North America,62,M,Standard,1234.49,0.0034435267363229615
GM01329,37,5,410.84000000000003,4,2,1,421,7,Recent Customers,North America,59,M,Budget,262.2,1.8484529069101204e-05
GM01330,39,10,4667.6,4,3,3,433,10,Loyal Customers,MENA,35,F,Standard,3102.58,1.771782052631165e-05
GM01331,109,6,3399.54,2,2,3,223,7,Potential Loyalists,North America,37,F,Standard,2399.47,0.00501128703782058
GM01332,74,19,10354.48,3,5,5,355,13,Champions,North America,65,M,Standard,7037.72,0.0003005297819792653
GM01333,303,6,2309.63,1,2,2,122,5,Potential Loyalists,Europe,42,F,Standard,1594.63,0.9999757446775501
GM01334,51,16,9072.77,4,4,4,444,12,Loyal Customers,Southeast Asia,55,F,Standard,6239.74,3.9761179307097755e-05
GM01335,44,17,12504.3,4,4,5,445,13,Champions,Southeast Asia,30,F,Premium,8376.87,2.5110184777132267e-05
GM01336,60,5,315.64,3,2,1,321,6,Potential Loyalists,North America,21,F,Budget,208.16,0.0001593168871333201
GM01337,13,6,384.49,5,2,1,521,8,Recent Customers,Europe,31,M,Budget,254.1,3.4601733172721013e-06
GM01338,20,13,5693.93,5,4,3,543,12,Loyal Customers,North America,50,M,Standard,3827.17,3.317555202234696e-06
GM01339,121,4,759.6,2,1,2,212,5,Potential Loyalists,Central Asia,45,F,Budget,488.71,0.018178921510157247
GM01340,169,11,17100.89,2,3,5,235,10,Potential Loyalists,Central Asia,69,F,Premium,11487.53,0.45512357375161633
GM01341,69,13,5382.73,3,4,3,343,10,Potential Loyalists,Europe,54,F,Standard,3623.95,0.0001933107478033913
GM01342,25,37,44601.19,5,5,5,555,15,Champions,MENA,25,F,Premium,30545.84,9.200756700634224e-06
GM01343,553,2,311.75,1,1,1,111,3,Lost,Southeast Asia,61,F,Budget,226.73,0.9999999999999667
GM01344,248,6,841.69,1,2,2,122,5,Potential Loyalists,North America,51,F,Budget,596.94,0.9983878779754392
GM01345,173,7,643.25,2,2,1,221,5,Potential Loyalists,North America,61,F,Budget,446.72,0.5726852462311851
GM01346,38,17,17756.96,4,4,5,445,13,Champions,MENA,22,F,Premium,11834.46,1.67665866369768e-05
GM01347,134,9,3276.5600000000004,2,3,3,233,8,Potential Loyalists,Europe,71,F,Standard,2207.56,0.04130504782764769
GM01348,33,9,4862.23,4,3,3,433,10,Loyal Customers,MENA,22,M,Standard,3283.44,1.1098995064383003e-05
GM01349,38,38,35836.58,4,5,5,455,14,Champions,Southeast Asia,48,M,Premium,23807.22,1.644359232940441e-05
GM01350,292,7,3077.41,1,2,3,123,6,Potential Loyalists,Central Asia,62,F,Standard,2133.59,0.9999431001669691
GM01351,59,20,23168.32,3,5,5,355,13,Champions,Southeast Asia,26,F,Premium,15572.6,0.00010080003838858048
GM01352,24,8,10248.74,5,3,5,535,13,Champions,North America,59,F,Premium,6744.99,4.2632583929358005e-06
GM01353,23,16,6149.21,5,4,4,544,13,Champions,MENA,49,F,Standard,4156.93,4.33751566573583e-06
GM01354,95,11,5440.48,3,3,3,333,9,Potential Loyalists,North America,50,M,Standard,3753.86,0.0018128894194323077
GM01355,16,33,34564.18,5,5,5,555,15,Champions,MENA,20,M,Premium,23192.48,3.6211873944950776e-06
GM01356,47,30,30251.49,4,5,5,455,14,Champions,Southeast Asia,47,F,Premium,20303.05,3.963088227410441e-05
GM01357,195,15,9939.47,2,4,4,244,10,At Risk,Southeast Asia,67,M,Standard,6899.65,0.8240034731950756
GM01358,103,12,3722.98,3,3,3,333,9,Potential Loyalists,MENA,29,M,Standard,2519.33,0.003080638942537366
GM01359,60,9,4967.15,3,3,3,333,9,Potential Loyalists,Europe,46,M,Standard,3325.33,9.965802194063167e-05
GM01360,14,18,8030.36,5,5,4,554,14,Champions,North America,20,M,Standard,5431.21,1.8845972377543349e-06
GM01361,249,4,2260.38,1,1,2,112,4,Lost,Southeast Asia,43,F,Standard,1494.47,0.998595849531904
GM01362,25,19,8177.63,5,5,4,554,14,Champions,Europe,47,M,Standard,5613.82,5.06474408598259e-06
GM01363,56,4,396.91999999999996,4,1,1,411,6,Recent Customers,North America,26,F,Budget,266.49,9.04404328665554e-05
GM01364,59,11,4305.76,3,3,3,333,9,Potential Loyalists,North America,43,M,Standard,2931.19,9.257397307825577e-05
GM01365,39,26,31772.010000000002,4,5,5,455,14,Champions,North America,19,F,Premium,21382.19,2.5855817851184954e-05
GM01366,40,10,10317.16,4,3,5,435,12,Loyal Customers,Europe,20,M,Premium,7305.05,1.9091067321878514e-05
GM01367,93,7,603.45,3,2,1,321,6,Potential Loyalists,North America,63,F,Budget,381.93,0.0015937002689045683
GM01368,190,13,11920.44,2,4,5,245,11,At Risk,Southeast Asia,21,F,Premium,8338.74,0.7789853439448826
GM01369,34,11,11325.24,4,3,5,435,12,Loyal Customers,Europe,42,M,Premium,7594.66,1.3225534897421005e-05
GM01370,20,27,32331.71,5,5,5,555,15,Champions,Europe,68,F,Premium,21738.68,5.370480955267174e-06
GM01371,238,11,4182.15,1,3,3,133,7,Potential Loyalists,Southeast Asia,30,F,Standard,2838.36,0.9940141682772894
GM01372,13,8,2468.9900000000002,5,3,2,532,10,Loyal Customers,Europe,56,M,Standard,1659.32,2.381204431846244e-06
GM01373,173,2,288.1,2,1,1,211,4,Potential Loyalists,Southeast Asia,61,M,Budget,199.9,0.5694972374355681
GM01374,655,1,268.83,1,1,1,111,3,Lost,MENA,52,F,Budget,195.51,1.0
GM01375,134,3,866.84,2,1,2,212,5,Potential Loyalists,Europe,40,F,Standard,561.56,0.05124849525868999
GM01376,14,10,4861.16,5,3,3,533,11,Loyal Customers,Southeast Asia,26,M,Standard,3027.91,2.1051331460953134e-06
GM01377,33,4,1957.9,4,1,2,412,7,Recent Customers,MENA,19,M,Standard,1235.22,1.185208723081117e-05
GM01378,24,27,32828.06,5,5,5,555,15,Champions,MENA,71,F,Premium,21824.36,7.699937635532104e-06
GM01379,44,19,22811.91,4,5,5,455,14,Champions,Europe,58,F,Premium,15452.08,3.4817622183765455e-05
GM01380,22,21,29957.87,5,5,5,555,15,Champions,North America,61,F,Premium,20163.18,6.02867123325354e-06
GM01381,41,8,11117.59,4,3,5,435,12,Loyal Customers,Europe,48,M,Premium,7341.15,2.264844403351763e-05
GM01382,66,19,6842.1,3,5,4,354,12,Potential Loyalists,MENA,61,F,Standard,4616.3,0.0001482330664292722
GM01383,63,7,1971.83,3,2,2,322,7,Potential Loyalists,Southeast Asia,64,M,Standard,1329.98,0.00012635709196720684
GM01384,141,7,590.8199999999999,2,2,1,221,5,Potential Loyalists,Europe,19,M,Budget,414.86,0.09490500552686461
GM01385,157,6,927.8,2,2,2,222,6,Potential Loyalists,North America,49,F,Standard,639.92,0.22336778074436361
GM01386,59,4,453.35,3,1,1,311,5,Potential Loyalists,Europe,35,Other,Budget,286.33,0.00013890154460242203
GM01387,43,12,5512.03,4,3,3,433,10,Loyal Customers,North America,30,M,Standard,3737.1,2.5480744434329854e-05
GM01388,100,9,3757.34,3,3,3,333,9,Potential Loyalists,Europe,63,M,Standard,2449.54,0.0027672680442117157
GM01389,18,11,5157.81,5,3,3,533,11,Loyal Customers,Southeast Asia,22,F,Standard,3324.38,3.24217298075913e-06
GM01390,38,36,41419.8,4,5,5,455,14,Champions,MENA,59,F,Premium,27460.56,2.3097283916845294e-05
GM01391,53,13,18396.69,4,4,5,445,13,Champions,Europe,61,F,Premium,12527.45,6.340127611077615e-05
GM01392,115,2,463.77,2,1,1,211,4,Potential Loyalists,Central Asia,27,F,Budget,305.83,0.04291425209123095
GM01393,83,5,264.29,3,2,1,321,6,Potential Loyalists,Europe,60,M,Budget,175.31,0.0008801215185472049
GM01394,35,17,26631.67,4,4,5,445,13,Champions,MENA,42,Other,Premium,17911.63,1.6336698582980025e-05
GM01395,74,18,20180.09,3,5,5,355,13,Champions,Europe,51,F,Premium,13534.37,0.0003572925629662102
GM01396,189,3,915.06,2,1,2,212,5,Potential Loyalists,North America,54,F,Standard,605.0,0.8209599023755725
GM01397,38,28,33712.54,4,5,5,455,14,Champions,MENA,47,F,Premium,23968.91,2.4047612292424904e-05
GM01398,267,3,1017.38,1,1,2,112,4,Lost,Europe,24,F,Standard,674.91,0.9996072098111294
GM01399,54,18,20782.13,4,5,5,455,14,Champions,North America,23,M,Premium,14690.21,5.925989729012239e-05
GM01400,17,3,1753.19,5,1,2,512,8,Recent Customers,North America,71,M,Standard,1134.99,3.1085908118067455e-06
GM01401,46,9,5807.23,4,3,4,434,11,Loyal Customers,Europe,20,F,Standard,4009.39,3.257600426750113e-05
GM01402,138,13,7540.14,2,4,4,244,10,At Risk,Europe,30,M,Standard,5142.67,0.04915781337449963
GM01403,66,12,11165.09,3,3,5,335,11,Potential Loyalists,Central Asia,20,M,Premium,7548.2,0.00019320569454082926
GM01404,15,17,8214.4,5,4,4,544,13,Champions,North America,43,F,Standard,5429.7,2.058656483553411e-06
GM01405,55,5,597.63,4,2,1,421,7,Recent Customers,North America,41,F,Budget,404.0,0.0001377926485482678
GM01406,84,9,3484.42,3,3,3,333,9,Potential Loyalists,MENA,70,M,Standard,2370.33,0.0006825356356406549
GM01407,368,3,490.97,1,1,1,111,3,Lost,North America,23,F,Budget,333.99,0.9999999011195013
GM01408,206,7,869.51,1,2,2,122,5,Potential Loyalists,North America,60,F,Budget,603.28,0.9409824250014354
GM01409,77,5,995.19,3,2,2,322,7,Potential Loyalists,North America,66,F,Budget,616.34,0.0004224377590839362
GM01410,287,2,288.73,1,1,1,111,3,Lost,Southeast Asia,59,F,Budget,190.9,0.9999143827925367
GM01411,84,14,6474.0599999999995,3,4,4,344,11,Potential Loyalists,Europe,29,M,Standard,4488.88,0.0006969744541834702
GM01412,451,1,176.56,1,1,1,111,3,Lost,Central Asia,66,M,Budget,116.73,0.9999999998719964
GM01413,83,13,16879.52,3,4,5,345,12,Potential Loyalists,Europe,53,M,Premium,11246.61,0.000727159793969695
GM01414,34,13,8425.25,4,4,4,444,12,Loyal Customers,Central Asia,19,F,Standard,5717.65,1.3925056974492052e-05
GM01415,458,1,238.14,1,1,1,111,3,Lost,MENA,28,F,Budget,157.45,0.9999999999378708
GM01416,740,1,118.9,1,1,1,111,3,Lost,Southeast Asia,56,F,Budget,86.47,1.0
GM01417,459,2,274.12,1,1,1,111,3,Lost,Central Asia,51,F,Budget,189.05,0.9999999999479592
GM01418,53,1,360.03,4,1,1,411,6,Recent Customers,Europe,43,F,Budget,216.4,8.20849187000799e-05
GM01419,78,2,127.8,3,1,1,311,5,Potential Loyalists,MENA,35,F,Budget,84.81,0.0006584241091436705
GM01420,16,19,10303.64,5,5,5,555,15,Champions,Southeast Asia,38,M,Standard,6907.03,2.0562973649029535e-06
GM01421,38,6,665.66,4,2,1,421,7,Recent Customers,Europe,53,M,Budget,437.3,2.0529891375329437e-05
GM01422,93,17,9689.34,3,4,4,344,11,Potential Loyalists,MENA,57,F,Standard,6551.57,0.0013464787259707947
GM01423,448,3,483.67,1,1,1,111,3,Lost,Central Asia,69,M,Budget,340.45,0.9999999998627
GM01424,32,7,274.06,4,2,1,421,7,Recent Customers,Europe,63,M,Budget,183.72,1.5664132692126046e-05
GM01425,216,5,496.65,1,2,1,121,4,Potential Loyalists,Southeast Asia,61,F,Budget,328.36,0.9748415497687515
GM01426,275,7,2436.8,1,2,2,122,5,Potential Loyalists,Southeast Asia,39,M,Standard,1688.44,0.9997754258336847
GM01427,104,12,4334.79,2,3,3,233,8,Potential Loyalists,Central Asia,70,F,Standard,3097.94,0.004175813752919803
GM01428,41,21,22579.46,4,5,5,455,14,Champions,Southeast Asia,47,M,Premium,14747.43,2.0447089841055073e-05
GM01429,169,2,49.0,2,1,1,211,4,Potential Loyalists,North America,67,M,Budget,31.54,0.5028232150563677
GM01430,27,13,4997.92,5,4,3,543,12,Loyal Customers,Southeast Asia,60,M,Standard,3535.14,5.81961591813113e-06
GM01431,22,7,4262.43,5,2,3,523,10,Recent Customers,MENA,47,F,Standard,2733.56,4.4322061750634256e-06
GM01432,13,33,38830.81,5,5,5,555,15,Champions,MENA,25,M,Premium,25988.98,3.133813163393899e-06
GM01433,182,2,178.08,2,1,1,211,4,Potential Loyalists,MENA,51,F,Budget,113.21,0.7429974607343535
GM01434,608,4,602.21,1,1,1,111,3,Lost,North America,64,F,Budget,437.97,0.9999999999999998
GM01435,209,7,1013.12,1,2,2,122,5,Potential Loyalists,Europe,26,F,Budget,703.22,0.9528402187044929
GM01436,14,14,6699.81,5,4,4,544,13,Champions,Central Asia,68,M,Standard,4320.43,2.1593728900442674e-06
GM01437,115,8,3421.35,2,3,3,233,8,Potential Loyalists,Europe,37,M,Standard,2321.08,0.010907020706799324
GM01438,189,5,1636.83,2,2,2,222,6,Potential Loyalists,North America,57,F,Standard,1134.86,0.8055711620655703
GM01439,44,35,37778.88,4,5,5,455,14,Champions,Europe,42,F,Premium,25714.57,3.611986373533246e-05
GM01440,186,1,0.0,2,1,1,211,4,Potential Loyalists,North America,36,Other,Budget,0.0,0.8302222497849715
GM01441,35,18,15938.42,4,5,5,455,14,Champions,Southeast Asia,22,M,Premium,11071.29,1.174133402946792e-05
GM01442,75,7,2572.11,3,2,2,322,7,Potential Loyalists,Central Asia,28,F,Standard,1839.19,0.0004207815287941448
GM01443,29,5,2817.2,5,2,2,522,9,Recent Customers,North America,32,M,Standard,1924.16,8.307579806073338e-06
GM01444,338,8,3402.1,1,3,3,133,7,Potential Loyalists,MENA,25,M,Standard,2308.15,0.9999984739894331
GM01445,115,5,623.69,2,2,1,221,5,Potential Loyalists,Southeast Asia,36,M,Budget,435.96,0.010475591032918613
GM01446,41,39,33150.53,4,5,5,455,14,Champions,Europe,40,M,Premium,22153.34,2.1491102261499353e-05
GM01447,71,7,717.0999999999999,3,2,2,322,7,Potential Loyalists,North America,44,F,Budget,454.87,0.00025405536614986053
GM01448,40,17,21745.04,4,4,5,445,13,Champions,North America,57,M,Premium,14677.32,2.281657273202249e-05
GM01449,40,35,44591.7,4,5,5,455,14,Champions,Southeast Asia,49,F,Premium,29847.32,3.016481406371937e-05
GM01450,58,17,9696.42,3,4,4,344,11,Potential Loyalists,North America,43,M,Standard,6527.13,7.71288370198412e-05
GM01451,16,36,45698.67,5,5,5,555,15,Champions,MENA,44,F,Premium,30523.25,4.721713913392935e-06
GM01452,762,2,338.06,1,1,1,111,3,Lost,North America,36,M,Budget,245.86,1.0
GM01453,69,10,2828.81,3,3,2,332,8,Potential Loyalists,Southeast Asia,67,M,Standard,1857.24,0.0002479181648350393
GM01454,56,31,42843.61,4,5,5,455,14,Champions,North America,59,M,Premium,29293.76,0.0001252436707069722
GM01455,43,31,44348.67,4,5,5,455,14,Champions,Central Asia,46,M,Premium,30435.92,4.906140228403944e-05
GM01456,86,7,2004.73,3,2,2,322,7,Potential Loyalists,Southeast Asia,56,F,Standard,1273.13,0.0009701852423976626
GM01457,113,5,1163.36,2,2,2,222,6,Potential Loyalists,North America,58,M,Budget,758.15,0.01122695774357867
GM01458,214,4,1800.9,1,1,2,112,4,Lost,North America,50,F,Standard,1273.3,0.9647016159506708
GM01459,47,11,3914.56,4,3,3,433,10,Loyal Customers,Europe,36,M,Standard,2605.95,3.6482935258691945e-05
GM01460,101,2,264.44,3,1,1,311,5,Potential Loyalists,North America,54,F,Budget,158.94,0.004051938463374881
GM01461,27,17,8247.6,5,4,4,544,13,Champions,MENA,36,F,Standard,5541.9,5.646221910065781e-06
GM01462,44,7,3576.4900000000002,4,2,3,423,9,Recent Customers,North America,50,M,Standard,2467.73,3.118749408724783e-05
GM01463,16,10,6626.06,5,3,4,534,12,Loyal Customers,Central Asia,64,M,Standard,4651.82,3.4032240632494788e-06
GM01464,77,13,4897.05,3,4,3,343,10,Potential Loyalists,North America,33,M,Standard,3309.98,0.00033819849636406444
GM01465,27,15,7325.5,5,4,4,544,13,Champions,Southeast Asia,40,F,Standard,5073.28,6.0103386165397796e-06
GM01466,59,17,9743.59,3,4,4,344,11,Potential Loyalists,Central Asia,24,M,Standard,6561.49,0.00010763216994116326
GM01467,244,1,144.17,1,1,1,111,3,Lost,Southeast Asia,43,F,Budget,95.32,0.9974795728385224
GM01468,81,9,4782.9,3,3,3,333,9,Potential Loyalists,MENA,49,F,Premium,3140.94,0.0006156184574949843
GM01469,46,1,11.08,4,1,1,411,6,Recent Customers,Southeast Asia,29,F,Budget,6.66,5.043077693649445e-05
GM01470,89,9,4398.58,3,3,3,333,9,Potential Loyalists,North America,25,F,Standard,3025.02,0.0009601426865176073
GM01471,169,4,2206.38,2,1,2,212,5,Potential Loyalists,North America,22,F,Standard,1491.15,0.4163039205954974
GM01472,38,29,29546.420000000002,4,5,5,455,14,Champions,North America,59,M,Premium,20322.27,1.7373040200321646e-05
GM01473,31,8,6832.6,5,3,4,534,12,Loyal Customers,Southeast Asia,45,F,Standard,4460.92,7.843265716071734e-06
GM01474,813,1,63.21,1,1,1,111,3,Lost,MENA,70,F,Budget,45.97,1.0
GM01475,224,6,1271.18,1,2,2,122,5,Potential Loyalists,Europe,22,M,Standard,894.37,0.9858917362081971
GM01476,16,32,47620.340000000004,5,5,5,555,15,Champions,North America,66,F,Premium,33160.22,6.035489081152702e-06
GM01477,16,4,1647.27,5,1,2,512,8,Recent Customers,North America,43,M,Standard,1091.61,3.0709165753331992e-06
GM01478,42,28,34189.88,4,5,5,455,14,Champions,North America,22,F,Premium,23282.82,2.839575331685723e-05
GM01479,34,4,655.37,4,1,1,411,6,Recent Customers,North America,39,F,Budget,462.07,1.4699456422900335e-05
GM01480,171,5,273.24,2,2,1,221,5,Potential Loyalists,MENA,32,M,Budget,186.31,0.5771615468087686
GM01481,31,38,44395.22,5,5,5,555,15,Champions,North America,30,F,Premium,29886.32,1.2018547047221865e-05
GM01482,102,4,209.33,3,1,1,311,5,Potential Loyalists,Europe,45,M,Budget,133.35,0.004248146617511105
GM01483,529,4,623.09,1,1,1,111,3,Lost,MENA,50,M,Budget,437.74,0.9999999999997748
GM01484,286,7,1503.52,1,2,2,122,5,Potential Loyalists,Central Asia,60,M,Standard,1053.81,0.9999066716314721
GM01485,25,9,2567.75,5,3,2,532,10,Loyal Customers,Europe,40,F,Standard,1669.52,6.8875712829709095e-06
GM01486,141,12,5073.91,2,3,3,233,8,Potential Loyalists,Europe,50,M,Standard,3444.88,0.06928902515663307
GM01487,24,19,9820.4,5,5,4,554,14,Champions,MENA,60,M,Standard,6811.03,4.824070118629331e-06
GM01488,78,8,3350.64,3,3,3,333,9,Potential Loyalists,North America,35,F,Standard,2154.91,0.00040179179698793336
GM01489,36,9,5807.33,4,3,4,434,11,Loyal Customers,MENA,67,M,Standard,3952.04,1.370462046919856e-05
GM01490,200,5,1838.9499999999998,1,2,2,122,5,Potential Loyalists,MENA,70,M,Standard,1300.42,0.9286221733378985
GM01491,29,16,17036.989999999998,5,4,5,545,14,Champions,Europe,47,M,Premium,11107.12,1.0791101221842715e-05
GM01492,27,3,90.81,5,1,1,511,7,Recent Customers,MENA,43,M,Budget,55.67,1.0207624350716949e-05
GM01493,24,6,2275.87,5,2,2,522,9,Recent Customers,Europe,33,M,Standard,1517.22,7.806950415625587e-06
GM01494,194,5,2313.5,2,2,2,222,6,Potential Loyalists,Central Asia,30,M,Standard,1654.89,0.8516772499434156
GM01495,55,6,886.77,4,2,2,422,8,Recent Customers,North America,56,Other,Budget,613.6,8.110343403537689e-05
GM01496,28,14,6338.900000000001,5,4,4,544,13,Champions,North America,50,F,Standard,4339.89,6.22353808875441e-06
GM01497,195,7,1508.9,2,2,2,222,6,Potential Loyalists,North America,43,M,Standard,997.62,0.8624264680346077
GM01498,103,4,352.1,3,1,1,311,5,Potential Loyalists,MENA,65,M,Budget,224.08,0.004320750836081942
GM01499,118,7,391.11,2,2,1,221,5,Potential Loyalists,MENA,18,M,Budget,260.3,0.012751224516939712
GM01500,69,10,10734.19,3,3,5,335,11,Potential Loyalists,Southeast Asia,66,F,Premium,6910.42,0.0001881885251360353
GM01501,89,17,7777.46,3,4,4,344,11,Potential Loyalists,MENA,55,M,Standard,5152.8,0.0008691110645633466
GM01502,249,3,424.15999999999997,1,1,1,111,3,Lost,MENA,19,M,Budget,292.84,0.9985286549095087
GM01503,231,6,4053.12,1,2,3,123,6,Potential Loyalists,Central Asia,66,F,Standard,2698.89,0.9934875405954259
GM01504,145,3,877.1899999999999,2,1,2,212,5,Potential Loyalists,Europe,23,M,Standard,606.25,0.10771939055828582
GM01505,63,30,29911.31,3,5,5,355,13,Champions,MENA,63,M,Premium,20708.7,0.0001390210267557117
GM01506,34,14,13914.64,4,4,5,445,13,Champions,MENA,67,F,Premium,9696.63,1.2770545010655746e-05
GM01507,28,10,4171.45,5,3,3,533,11,Loyal Customers,North America,55,F,Standard,2770.07,7.413440950266784e-06
GM01508,181,4,890.77,2,1,2,212,5,Potential Loyalists,MENA,59,M,Budget,566.2,0.7131947334446117
GM01509,244,5,539.33,1,2,1,121,4,Potential Loyalists,North America,41,F,Budget,382.71,0.9974540730810445
GM01510,791,1,80.31,1,1,1,111,3,Lost,North America,35,M,Budget,58.41,1.0
GM01511,14,19,7900.32,5,5,4,554,14,Champions,North America,44,F,Standard,5234.37,1.8779793704190558e-06
GM01512,87,17,22910.8,3,4,5,345,12,Potential Loyalists,North America,58,F,Premium,15756.17,0.0010736543694364249
GM01513,633,1,225.73,1,1,1,111,3,Lost,Southeast Asia,25,F,Budget,164.17,1.0
GM01514,23,10,3510.21,5,3,3,533,11,Loyal Customers,Central Asia,45,F,Standard,2377.76,5.252814136233547e-06
GM01515,70,16,7159.38,3,4,4,344,11,Potential Loyalists,Europe,27,F,Standard,4733.05,0.00019006417181354214
GM01516,57,4,621.95,4,1,1,411,6,Recent Customers,Central Asia,34,F,Budget,405.69,0.00011020975222691696
GM01517,16,18,10465.52,5,5,5,555,15,Champions,North America,46,F,Standard,7123.23,2.34006844430513e-06
GM01518,39,15,6343.64,4,4,4,444,12,Loyal Customers,Southeast Asia,23,M,Standard,4459.08,1.5323123478260818e-05
GM01519,97,2,512.1800000000001,3,1,1,311,5,Potential Loyalists,Europe,31,M,Budget,326.45,0.002950030885056191
GM01520,772,1,0.0,1,1,1,111,3,Lost,Southeast Asia,39,F,Budget,0.0,1.0
GM01521,49,37,40764.21,4,5,5,455,14,Champions,Central Asia,71,F,Premium,27289.93,5.7927460940979e-05
GM01522,81,7,921.46,3,2,2,322,7,Potential Loyalists,Southeast Asia,23,M,Budget,605.67,0.0005758039270129264
GM01523,51,6,2595.6800000000003,4,2,2,422,8,Recent Customers,Europe,43,F,Standard,1774.73,5.709387009858423e-05
GM01524,57,18,6739.68,4,5,4,454,13,Champions,Central Asia,56,F,Standard,4578.43,6.629672592996877e-05
GM01525,25,3,237.5,5,1,1,511,7,Recent Customers,MENA,29,Other,Budget,172.73,9.145507575628656e-06
GM01526,295,5,707.1500000000001,1,2,2,122,5,Potential Loyalists,Europe,52,F,Budget,480.03,0.999958526352841
GM01527,48,13,4767.08,4,4,3,443,11,Loyal Customers,Europe,31,M,Standard,3228.13,3.8655737722477346e-05
GM01528,206,7,3362.08,1,2,3,123,6,Potential Loyalists,Europe,39,M,Standard,2334.58,0.9423999941055682
GM01529,14,32,41331.12,5,5,5,555,15,Champions,North America,68,M,Premium,27004.94,3.2658650821239083e-06
GM01530,24,8,3018.06,5,3,3,533,11,Loyal Customers,MENA,40,M,Standard,1955.03,5.01264679224772e-06
GM01531,20,18,17873.13,5,5,5,555,15,Champions,Europe,65,F,Premium,12073.61,4.236860289230476e-06
GM01532,58,13,6198.62,3,4,4,344,11,Potential Loyalists,North America,24,F,Standard,4204.02,7.345010954345654e-05
GM01533,20,18,26048.3,5,5,5,555,15,Champions,North America,57,F,Premium,17190.47,4.098957419426352e-06
GM01534,30,15,7102.98,5,4,4,544,13,Champions,Europe,67,F,Standard,4760.14,8.533539674721791e-06
GM01535,27,31,37061.98,5,5,5,555,15,Champions,MENA,42,M,Premium,25462.23,8.97551344064094e-06
GM01536,17,7,1136.59,5,2,2,522,9,Recent Customers,Europe,30,M,Budget,727.9,3.903033320065792e-06
GM01537,65,17,10337.23,3,4,5,345,12,Potential Loyalists,Europe,38,M,Standard,7149.73,0.0001598291695265656
GM01538,144,6,2366.7,2,2,2,222,6,Potential Loyalists,North America,58,M,Standard,1595.98,0.09066260731025133
GM01539,710,2,385.61,1,1,1,111,3,Lost,Europe,27,F,Budget,280.44,1.0
GM01540,36,15,7746.07,4,4,4,444,12,Loyal Customers,MENA,70,M,Standard,5327.45,1.5797391107718174e-05
GM01541,17,15,7001.59,5,4,4,544,13,Champions,North America,26,M,Standard,4830.3,2.7333969071545986e-06
GM01542,49,32,45872.39,4,5,5,455,14,Champions,Central Asia,32,M,Premium,30549.47,7.875698312321973e-05
GM01543,26,11,6656.88,5,3,4,534,12,Loyal Customers,North America,69,F,Standard,4439.7,6.384370363482814e-06
GM01544,195,4,934.96,2,1,2,212,5,Potential Loyalists,Europe,19,M,Standard,631.76,0.934817561211628
GM01545,49,7,492.48,4,2,1,421,7,Recent Customers,Southeast Asia,42,F,Budget,325.21,4.388411248946231e-05
GM01546,225,6,2029.58,1,2,2,122,5,Potential Loyalists,MENA,30,M,Standard,1439.13,0.9890428061688257
GM01547,170,14,5108.59,2,4,3,243,9,At Risk,North America,51,F,Standard,3598.47,0.4140548517078425
GM01548,296,10,6007.13,1,3,4,134,8,Potential Loyalists,North America,68,M,Standard,4139.77,0.9999531084807969
GM01549,140,9,4200.15,2,3,3,233,8,Potential Loyalists,Central Asia,51,F,Standard,2947.47,0.0712207814604152
GM01550,252,5,450.09000000000003,1,2,1,121,4,Potential Loyalists,North America,52,F,Budget,304.52,0.998651122118146
GM01551,45,22,30180.81,4,5,5,455,14,Champions,Southeast Asia,55,F,Premium,20575.4,3.687528324037961e-05
GM01552,116,14,5389.99,2,4,3,243,9,At Risk,North America,20,F,Standard,3719.46,0.009045383805966327
GM01553,17,12,15414.95,5,3,5,535,13,Champions,North America,59,M,Premium,10272.27,3.658399162651258e-06
GM01554,215,9,4964.0199999999995,1,3,3,133,7,Potential Loyalists,Southeast Asia,23,M,Standard,3422.06,0.9671867994732689
GM01555,100,6,862.1400000000001,3,2,2,322,7,Potential Loyalists,Europe,65,M,Budget,558.77,0.003501577680120248
GM01556,42,12,6285.7,4,3,4,434,11,Loyal Customers,Europe,66,F,Standard,4329.5,2.9267842469088635e-05
GM01557,449,4,350.55,1,1,1,111,3,Lost,North America,36,M,Budget,246.44,0.9999999998508806
GM01558,19,8,4542.99,5,3,3,533,11,Loyal Customers,MENA,20,M,Standard,3118.7,3.579155711860389e-06
GM01559,261,4,92.44,1,1,1,111,3,Lost,North America,35,F,Budget,64.41,0.9993408384289392
GM01560,111,2,155.16,2,1,1,211,4,Potential Loyalists,Southeast Asia,56,F,Budget,102.22,0.00816313842472591
GM01561,27,31,36583.69,5,5,5,555,15,Champions,Europe,26,M,Premium,24613.01,9.710963878964078e-06
GM01562,66,19,8895.78,3,5,4,354,12,Potential Loyalists,Europe,69,F,Standard,5779.6,0.0001412238029609982
GM01563,41,13,5661.33,4,4,3,443,11,Loyal Customers,North America,29,F,Standard,3932.29,1.9038642217436674e-05
GM01564,42,36,35538.16,4,5,5,455,14,Champions,Europe,22,M,Premium,24365.44,2.761380919692151e-05
GM01565,111,5,2329.83,2,2,2,222,6,Potential Loyalists,North America,20,M,Standard,1586.07,0.006320139220627014
GM01566,73,3,1634.04,3,1,2,312,6,Potential Loyalists,MENA,28,F,Standard,1092.52,0.0003065202858033136
GM01567,182,2,122.5,2,1,1,211,4,Potential Loyalists,North America,47,F,Budget,84.89,0.7423004973896885
GM01568,41,17,7603.25,4,4,4,444,12,Loyal Customers,Central Asia,21,M,Standard,5047.47,1.7769884983552744e-05
GM01569,348,7,1115.48,1,2,2,122,5,Potential Loyalists,North America,22,M,Budget,807.66,0.9999993673592572
GM01570,33,2,328.39,4,1,1,411,6,Recent Customers,MENA,18,F,Budget,212.72,2.969926691249439e-05
GM01571,66,6,947.74,3,2,2,322,7,Potential Loyalists,North America,44,F,Budget,606.41,0.0002013650729063584
GM01572,13,14,4373.97,5,4,3,543,12,Loyal Customers,Europe,45,F,Standard,2871.16,2.2255910065538186e-06
GM01573,358,3,2323.54,1,1,2,112,4,Lost,North America,46,M,Standard,1605.51,0.9999996940667529
GM01574,145,6,2939.44,2,2,3,223,7,Potential Loyalists,Southeast Asia,35,M,Standard,2025.64,0.09757517223280723
GM01575,106,4,2095.25,2,1,2,212,5,Potential Loyalists,Europe,29,F,Standard,1442.18,0.005849504695047861
GM01576,166,7,2466.6,2,2,2,222,6,Potential Loyalists,Central Asia,30,M,Standard,1636.15,0.3747648629282074
GM01577,243,3,177.69,1,1,1,111,3,Lost,Central Asia,58,Other,Budget,125.51,0.9978444348799428
GM01578,373,4,2929.7000000000003,1,1,3,113,5,Lost,North America,19,F,Standard,1995.16,0.9999999155644501
GM01579,107,16,6326.87,2,4,4,244,10,At Risk,North America,54,M,Standard,4195.05,0.0042805297596253825
GM01580,577,1,161.79,1,1,1,111,3,Lost,MENA,62,F,Budget,117.67,0.9999999999999962
GM01581,53,16,17490.76,4,4,5,445,13,Champions,Europe,33,M,Premium,11884.31,6.912877571721943e-05
GM01582,61,13,4864.51,3,4,3,343,10,Potential Loyalists,MENA,65,F,Standard,3221.91,0.00010229364591295191
GM01583,522,5,339.79,1,2,1,121,4,Potential Loyalists,North America,41,M,Budget,247.12,0.999999999999617
GM01584,22,32,38411.21,5,5,5,555,15,Champions,MENA,52,M,Premium,26280.66,6.54335520251424e-06
GM01585,124,11,2688.45,2,3,2,232,7,Potential Loyalists,Southeast Asia,39,F,Standard,1777.37,0.017989763742633724
GM01586,85,13,4916.19,3,4,3,343,10,Potential Loyalists,Europe,53,F,Standard,3507.94,0.0006969408180227747
GM01587,88,5,475.39,3,2,1,321,6,Potential Loyalists,North America,28,M,Budget,314.64,0.0014895931189546976
GM01588,57,19,8316.34,4,5,4,454,13,Champions,MENA,63,F,Standard,5643.31,6.0000065992787605e-05
GM01589,265,3,768.61,1,1,2,112,4,Lost,MENA,46,M,Standard,533.98,0.9995516474521673
GM01590,24,18,9075.1,5,5,4,554,14,Champions,North America,52,M,Standard,5942.39,4.209432931633319e-06
GM01591,52,18,15554.93,4,5,5,455,14,Champions,North America,65,M,Premium,10529.66,5.8824860706264525e-05
GM01592,49,15,8391.73,4,4,4,444,12,Loyal Customers,Southeast Asia,71,M,Standard,5736.38,3.537831799581487e-05
GM01593,225,10,3798.21,1,3,3,133,7,Potential Loyalists,Europe,32,M,Standard,2604.24,0.9866098916335901
GM01594,44,19,10293.13,4,5,5,455,14,Champions,Central Asia,48,M,Standard,6865.04,2.6707100193412825e-05
GM01595,23,8,3506.81,5,3,3,533,11,Loyal Customers,North America,59,M,Standard,2368.63,5.827998214204229e-06
GM01596,65,17,7787.32,3,4,4,344,11,Potential Loyalists,North America,58,M,Standard,5572.76,0.00012489386311468007
GM01597,178,3,1042.03,2,1,2,212,5,Potential Loyalists,Europe,60,M,Standard,702.71,0.661479357583262
GM01598,24,6,1874.16,5,2,2,522,9,Recent Customers,Central Asia,33,F,Standard,1274.77,6.532865508632038e-06
GM01599,168,16,5216.17,2,4,3,243,9,At Risk,Central Asia,27,M,Standard,3624.08,0.37606891984233787
GM01600,46,27,29307.98,4,5,5,455,14,Champions,Southeast Asia,66,F,Premium,19851.94,3.692290033171526e-05
GM01601,689,4,559.29,1,1,1,111,3,Lost,Europe,49,F,Budget,406.76,1.0
GM01602,747,1,66.57,1,1,1,111,3,Lost,Europe,68,F,Budget,48.41,1.0
GM01603,131,17,6934.42,2,4,4,244,10,At Risk,Europe,19,F,Standard,4560.53,0.02988151640586978
GM01604,137,10,3079.69,2,3,3,233,8,Potential Loyalists,Europe,41,F,Standard,2186.22,0.053316723263475724
GM01605,126,18,7270.63,2,5,4,254,11,At Risk,Central Asia,40,M,Standard,4875.63,0.01722508231320091
GM01606,113,5,2040.4099999999999,2,2,2,222,6,Potential Loyalists,MENA,19,F,Standard,1426.39,0.009721492921981295
GM01607,28,8,2706.43,5,3,2,532,10,Loyal Customers,Central Asia,55,F,Standard,1794.42,8.148651025306925e-06
GM01608,64,32,33497.020000000004,3,5,5,355,13,Champions,North America,48,F,Premium,23039.43,0.00017091320619714505
GM01609,95,13,4334.59,3,4,3,343,10,Potential Loyalists,Europe,68,F,Standard,2875.83,0.0017314626568855768
GM01610,78,24,21727.88,3,5,5,355,13,Champions,MENA,57,M,Premium,14786.83,0.00052084965280521
GM01611,34,19,7222.66,4,5,4,454,13,Champions,Southeast Asia,43,F,Standard,4804.42,8.995996995522565e-06
GM01612,128,6,570.17,2,2,1,221,5,Potential Loyalists,North America,46,F,Budget,379.26,0.027075758362594123
GM01613,62,14,7121.74,3,4,4,344,11,Potential Loyalists,MENA,20,M,Standard,4856.54,0.0001064148136791257
GM01614,52,21,22850.56,4,5,5,455,14,Champions,Europe,31,M,Premium,15038.95,6.265892666602134e-05
GM01615,46,4,418.22,4,1,1,411,6,Recent Customers,Europe,42,F,Budget,280.07,4.124468704855462e-05
GM01616,313,2,128.05,1,1,1,111,3,Lost,North America,65,F,Budget,88.5,0.9999903166849357
GM01617,64,4,327.36,3,1,1,311,5,Potential Loyalists,Southeast Asia,18,F,Budget,214.43,0.00016560725201316523
GM01618,51,6,2818.06,4,2,2,422,8,Recent Customers,North America,70,F,Standard,1819.71,6.46972049565428e-05
GM01619,59,8,5729.610000000001,3,3,4,334,10,Potential Loyalists,North America,20,M,Premium,3607.92,9.306317665638738e-05
GM01620,304,3,469.21000000000004,1,1,1,111,3,Lost,North America,71,M,Budget,323.86,0.9999818519001192
GM01621,155,13,4007.56,2,4,3,243,9,At Risk,MENA,43,M,Standard,2834.84,0.17543192640190408
GM01622,520,2,414.18,1,1,1,111,3,Lost,Central Asia,35,M,Budget,281.29,0.9999999999996152
GM01623,137,16,5987.67,2,4,4,244,10,At Risk,North America,26,M,Standard,3991.97,0.03639294288361756
GM01624,401,3,1076.55,1,1,2,112,4,Lost,Southeast Asia,55,M,Standard,749.41,0.999999990776333
GM01625,54,7,579.53,4,2,1,421,7,Recent Customers,Europe,40,F,Budget,401.17,7.900330434351385e-05
GM01626,161,14,8553.8,2,4,4,244,10,At Risk,North America,38,F,Standard,5753.86,0.24597190482738757
GM01627,169,9,7242.41,2,3,4,234,9,Potential Loyalists,Europe,18,M,Premium,4913.12,0.45695023015386504
GM01628,36,15,6256.02,4,4,4,444,12,Loyal Customers,MENA,38,M,Standard,4258.09,1.278536127160929e-05
GM01629,331,3,1256.34,1,1,2,112,4,Lost,Central Asia,44,M,Standard,910.8,0.999997858527798
GM01630,53,20,14141.74,4,5,5,455,14,Champions,MENA,59,F,Premium,9571.59,5.9178719277408096e-05
GM01631,17,8,3474.3999999999996,5,3,3,533,11,Loyal Customers,North America,23,M,Standard,2168.68,4.202024257375053e-06
GM01632,93,16,8042.03,3,4,4,344,11,Potential Loyalists,Europe,61,M,Standard,5364.63,0.0014757553251931244
GM01633,50,6,1437.33,4,2,2,422,8,Recent Customers,North America,53,F,Budget,964.53,4.975077166475774e-05
GM01634,123,6,1965.78,2,2,2,222,6,Potential Loyalists,North America,45,F,Standard,1356.59,0.01738088767323259
GM01635,545,3,242.38,1,1,1,111,3,Lost,Southeast Asia,62,M,Budget,172.47,0.99999999999996
GM01636,121,14,13260.02,2,4,5,245,11,At Risk,Europe,34,M,Premium,8898.32,0.015059300600697908
GM01637,59,11,4253.61,3,3,3,333,9,Potential Loyalists,MENA,57,M,Standard,2949.01,8.888050417530211e-05
GM01638,39,8,9611.74,4,3,4,434,11,Loyal Customers,Europe,69,F,Premium,6470.83,2.410084536342972e-05
GM01639,31,16,5712.81,5,4,3,543,12,Loyal Customers,Southeast Asia,20,F,Standard,3855.98,7.675456009489553e-06
GM01640,308,4,326.46000000000004,1,1,1,111,3,Lost,Southeast Asia,29,M,Budget,223.2,0.9999861347084879
GM01641,52,3,468.7,4,1,1,411,6,Recent Customers,MENA,56,F,Budget,332.0,0.00010824349312976684
GM01642,100,4,2323.58,3,1,2,312,6,Potential Loyalists,North America,29,M,Standard,1424.37,0.003664297611050626
GM01643,23,19,6605.78,5,5,4,554,14,Champions,MENA,19,M,Standard,4288.36,4.574179745449674e-06
GM01644,18,4,366.94,5,1,1,511,7,Recent Customers,North America,63,M,Budget,236.95,4.5088268890864325e-06
GM01645,165,3,200.04999999999998,2,1,1,211,4,Potential Loyalists,Central Asia,39,F,Budget,125.82,0.4224248415275126
GM01646,244,3,306.46,1,1,1,111,3,Lost,North America,40,M,Budget,205.08,0.9974608135049104
GM01647,58,16,5503.45,3,4,3,343,10,Potential Loyalists,Europe,47,M,Standard,3679.74,8.248987636759113e-05
GM01648,856,2,480.25,1,1,1,111,3,Lost,North America,22,M,Budget,349.27,1.0
GM01649,22,13,18107.93,5,4,5,545,14,Champions,North America,26,M,Premium,11881.22,4.822780452453145e-06
GM01650,95,8,2571.33,3,3,2,332,8,Potential Loyalists,North America,38,F,Standard,1784.53,0.0016562679248751406
GM01651,37,23,28367.16,4,5,5,455,14,Champions,Central Asia,28,M,Premium,18765.76,2.0598809493209577e-05
GM01652,23,10,3592.4700000000003,5,3,3,533,11,Loyal Customers,Europe,22,M,Standard,2496.81,4.879348739883439e-06
GM01653,169,4,254.89,2,1,1,211,4,Potential Loyalists,Europe,52,F,Budget,170.91,0.49878575341159215
GM01654,596,1,133.77,1,1,1,111,3,Lost,Europe,44,F,Budget,97.29,0.9999999999999993
GM01655,17,7,1115.02,5,2,2,522,9,Recent Customers,Central Asia,66,F,Budget,682.63,3.7882636668250126e-06
GM01656,74,10,3370.4,3,3,3,333,9,Potential Loyalists,Southeast Asia,19,F,Standard,2221.45,0.00027652842144393217
GM01657,68,17,7806.7,3,4,4,344,11,Potential Loyalists,North America,41,M,Standard,5175.74,0.00015540493835960453
GM01658,569,4,2158.29,1,1,2,112,4,Lost,Europe,48,F,Standard,1569.67,0.99999999999999
GM01659,148,8,5011.33,2,3,3,233,8,Potential Loyalists,MENA,50,F,Standard,3387.44,0.11835738120514439
GM01660,255,6,678.75,1,2,2,122,5,Potential Loyalists,MENA,56,M,Budget,474.36,0.9988416397637527
GM01661,180,12,6183.4400000000005,2,3,4,234,9,Potential Loyalists,North America,47,F,Standard,4091.35,0.629627758173965
GM01662,313,3,693.62,1,1,2,112,4,Lost,MENA,63,M,Standard,494.91,0.9999898916583214
GM01663,144,10,3577.4700000000003,2,3,3,233,8,Potential Loyalists,Southeast Asia,54,Other,Standard,2341.58,0.07838770932683607
GM01664,308,5,416.42,1,2,1,121,4,Potential Loyalists,MENA,68,F,Budget,293.93,0.9999895831504242
GM01665,90,4,1841.53,3,1,2,312,6,Potential Loyalists,Southeast Asia,45,F,Standard,1227.27,0.0012379531652218843
GM01666,127,10,5330.99,2,3,3,233,8,Potential Loyalists,Southeast Asia,48,F,Standard,3559.64,0.019784232745599123
GM01667,115,3,593.4699999999999,2,1,1,211,4,Potential Loyalists,Europe,28,F,Budget,391.47,0.011221273214626359
GM01668,43,17,4398.71,4,4,3,443,11,Loyal Customers,Southeast Asia,40,M,Standard,3028.55,1.9311951121072426e-05
GM01669,529,1,137.08,1,1,1,111,3,Lost,Central Asia,19,M,Budget,90.63,0.9999999999998179
GM01670,59,13,4925.11,3,4,3,343,10,Potential Loyalists,North America,57,M,Standard,3290.16,7.361655829091223e-05
GM01671,188,9,4254.27,2,3,3,233,8,Potential Loyalists,MENA,58,M,Standard,2934.49,0.787780193289934
GM01672,35,1,164.63,4,1,1,411,6,Recent Customers,Southeast Asia,44,F,Budget,98.95,1.821180417440225e-05
GM01673,19,19,9204.92,5,5,4,554,14,Champions,Southeast Asia,52,M,Standard,6085.52,2.7776705125520265e-06
GM01674,27,17,7166.21,5,4,4,544,13,Champions,North America,19,M,Standard,4744.03,5.3871490439574985e-06
GM01675,14,6,3180.77,5,2,3,523,10,Recent Customers,North America,56,F,Standard,2076.34,2.933012278580786e-06
GM01676,166,6,3085.69,2,2,3,223,7,Potential Loyalists,Europe,54,F,Standard,2103.47,0.3887806239668761
GM01677,125,4,2826.71,2,1,2,212,5,Potential Loyalists,Central Asia,38,M,Standard,1975.4,0.021742109140859306
GM01678,136,15,16830.95,2,4,5,245,11,At Risk,MENA,22,M,Premium,11546.03,0.04528288719972667
GM01679,370,2,97.02,1,1,1,111,3,Lost,Europe,69,M,Budget,66.16,0.9999999166594354
GM01680,161,2,123.03999999999999,2,1,1,211,4,Potential Loyalists,North America,62,F,Budget,77.52,0.3411425757432073
GM01681,22,39,49010.77,5,5,5,555,15,Champions,Europe,38,M,Premium,32772.35,7.652126387030047e-06
GM01682,109,10,4692.58,2,3,3,233,8,Potential Loyalists,Southeast Asia,46,F,Standard,3245.17,0.004565697353483816
GM01683,160,9,5348.36,2,3,3,233,8,Potential Loyalists,North America,37,M,Standard,3570.92,0.26421735238438465
GM01684,83,15,19581.64,3,4,5,345,12,Potential Loyalists,North America,55,M,Premium,13462.34,0.0007655602619363503
GM01685,105,18,8739.48,2,5,4,254,11,At Risk,Europe,37,F,Standard,6087.88,0.003052512033466552
GM01686,173,18,8052.36,2,5,4,254,11,At Risk,Southeast Asia,67,M,Standard,5495.46,0.44649906498081215
GM01687,62,8,3852.0099999999998,3,3,3,333,9,Potential Loyalists,Southeast Asia,42,M,Standard,2536.03,0.00011870518822064779
GM01688,159,13,7719.44,2,4,4,244,10,At Risk,MENA,19,M,Standard,5229.51,0.2145657428321853
GM01689,107,4,2352.1800000000003,2,1,2,212,5,Potential Loyalists,North America,49,F,Standard,1597.9,0.004845223248895265
GM01690,333,5,492.5,1,2,1,121,4,Potential Loyalists,North America,43,F,Budget,357.32,0.9999980026249307
GM01691,589,3,220.88,1,1,1,111,3,Lost,Europe,23,M,Budget,160.64,0.9999999999999984
GM01692,23,19,7570.45,5,5,4,554,14,Champions,MENA,58,M,Standard,5141.41,3.780677896965821e-06
GM01693,608,1,156.29,1,1,1,111,3,Lost,MENA,20,M,Budget,113.67,0.9999999999999996
GM01694,97,7,2480.53,3,2,2,322,7,Potential Loyalists,Europe,50,F,Standard,1692.41,0.002271520438245974
GM01695,196,1,81.2,2,1,1,211,4,Potential Loyalists,Europe,18,F,Budget,53.69,0.9040846165782762
GM01696,16,13,7154.6,5,4,4,544,13,Champions,Central Asia,68,F,Standard,4717.04,3.2858885118000126e-06
GM01697,32,4,446.95,4,1,1,411,6,Recent Customers,Central Asia,22,F,Budget,297.8,1.3782665504607429e-05
GM01698,86,8,3116.69,3,3,3,333,9,Potential Loyalists,Europe,30,M,Standard,2091.37,0.0008336215945880905
GM01699,61,8,2919.51,3,3,3,333,9,Potential Loyalists,Southeast Asia,36,M,Standard,2010.82,0.00010594493641594817
GM01700,68,11,4489.93,3,3,3,333,9,Potential Loyalists,MENA,29,M,Standard,2916.08,0.0002010755816337749
GM01701,21,19,7621.99,5,5,4,554,14,Champions,Southeast Asia,65,M,Standard,5205.54,2.9368380031237514e-06
GM01702,127,8,2631.75,2,3,2,232,7,Potential Loyalists,MENA,42,M,Standard,1836.98,0.023926536857954567
GM01703,306,3,2234.0699999999997,1,1,2,112,4,Lost,Europe,68,F,Standard,1526.09,0.99998693571287
GM01704,103,3,606.87,3,1,1,311,5,Potential Loyalists,MENA,52,F,Budget,407.86,0.004280493049214468
GM01705,69,10,4017.09,3,3,3,333,9,Potential Loyalists,MENA,29,F,Standard,2708.22,0.0001944036040174573
GM01706,75,12,2805.56,3,3,2,332,8,Potential Loyalists,Central Asia,47,M,Standard,1827.21,0.0003545455844033211
GM01707,208,5,1557.29,1,2,2,122,5,Potential Loyalists,North America,22,F,Standard,1066.48,0.9462481244890301
GM01708,46,7,761.23,4,2,2,422,8,Recent Customers,Europe,51,F,Budget,499.04,3.744937252978554e-05
GM01709,115,3,202.29,2,1,1,211,4,Potential Loyalists,North America,39,F,Budget,147.12,0.012607868338273496
GM01710,248,5,591.51,1,2,1,121,4,Potential Loyalists,North America,56,M,Budget,415.02,0.9985299282177093
GM01711,15,19,7240.15,5,5,4,554,14,Champions,Europe,30,M,Standard,4807.49,2.1303300951362967e-06
GM01712,29,13,3153.63,5,4,3,543,12,Loyal Customers,Central Asia,64,M,Standard,2155.7,8.425274161783724e-06
GM01713,82,28,31053.82,3,5,5,355,13,Champions,North America,71,M,Premium,21281.98,0.0007304777310231916
GM01714,222,8,3212.48,1,3,3,133,7,Potential Loyalists,MENA,20,F,Standard,2252.23,0.9797439680598324
GM01715,29,37,49324.9,5,5,5,555,15,Champions,Central Asia,70,M,Premium,33061.24,1.667256570315689e-05
GM01716,163,7,3516.1499999999996,2,2,3,223,7,Potential Loyalists,Southeast Asia,37,M,Standard,2369.4,0.3243235144986596
GM01717,112,6,1816.18,2,2,2,222,6,Potential Loyalists,Central Asia,48,F,Standard,1176.04,0.008245360365274703
GM01718,47,18,8892.25,4,5,4,454,13,Champions,North America,22,F,Standard,6052.92,2.7697220868246722e-05
GM01719,76,11,7312.5,3,3,4,334,10,Potential Loyalists,Southeast Asia,41,M,Standard,4961.5,0.000321980461778163
GM01720,209,5,797.55,1,2,2,122,5,Potential Loyalists,Europe,57,F,Budget,550.51,0.9596346987505903
GM01721,45,36,36390.46,4,5,5,455,14,Champions,Europe,71,M,Premium,25151.18,3.4514132729897814e-05
GM01722,202,6,1186.1100000000001,1,2,2,122,5,Potential Loyalists,Europe,50,M,Budget,784.2,0.9184419928532316
GM01723,44,28,35114.76,4,5,5,455,14,Champions,Europe,25,M,Premium,23698.23,3.6676073347335806e-05
GM01724,70,33,37288.67,3,5,5,355,13,Champions,Central Asia,41,F,Premium,25787.9,0.0002959815982207974
GM01725,33,22,30230.04,4,5,5,455,14,Champions,North America,67,F,Premium,20948.23,1.4844112574718872e-05
GM01726,300,4,940.3100000000001,1,1,2,112,4,Lost,Central Asia,37,M,Budget,670.46,0.9999820555892479
GM01727,22,8,3171.1400000000003,5,3,3,533,11,Loyal Customers,MENA,33,F,Standard,2074.84,4.578234657831445e-06
GM01728,118,5,301.61,2,2,1,221,5,Potential Loyalists,Southeast Asia,67,M,Budget,205.43,0.013378370574300991
GM01729,289,4,1568.25,1,1,2,112,4,Lost,North America,69,F,Standard,1097.91,0.9999225859334094
GM01730,28,16,16581.99,5,4,5,545,14,Champions,North America,29,M,Premium,10821.93,7.755031287552355e-06
GM01731,41,15,7320.52,4,4,4,444,12,Loyal Customers,Europe,30,M,Standard,4956.66,2.1645957501354822e-05
GM01732,74,19,20880.870000000003,3,5,5,355,13,Champions,North America,62,F,Premium,14504.2,0.00036944551146779703
GM01733,27,6,1190.03,5,2,2,522,9,Recent Customers,MENA,59,F,Budget,777.36,7.459191133331525e-06
GM01734,39,23,28011.16,4,5,5,455,14,Champions,MENA,56,M,Premium,19008.15,2.3346322894996886e-05
GM01735,377,4,1879.5300000000002,1,1,2,112,4,Lost,Europe,42,M,Standard,1344.21,0.9999999451918044
GM01736,801,1,80.12,1,1,1,111,3,Lost,Southeast Asia,63,M,Budget,58.27,1.0
GM01737,55,6,544.7,4,2,1,421,7,Recent Customers,MENA,49,M,Budget,380.02,8.173462622055066e-05
GM01738,22,17,5203.37,5,4,3,543,12,Loyal Customers,Europe,41,F,Standard,3478.33,3.2732143898021976e-06
GM01739,222,2,55.4,1,1,1,111,3,Lost,Europe,65,F,Budget,36.63,0.9887436941475356
GM01740,40,8,9410.25,4,3,4,434,11,Loyal Customers,MENA,64,M,Premium,6114.84,1.7345756641869074e-05
GM01741,92,7,657.43,3,2,1,321,6,Potential Loyalists,North America,61,M,Budget,421.35,0.0022012226396006334
GM01742,102,15,4159.37,3,4,3,343,10,Potential Loyalists,North America,26,F,Standard,2835.61,0.0033714963930109474
GM01743,20,26,31868.47,5,5,5,555,15,Champions,North America,57,M,Premium,22193.08,4.687397652191035e-06
GM01744,124,9,6082.8,2,3,4,234,9,Potential Loyalists,Central Asia,67,F,Standard,4275.05,0.020067721764483567
GM01745,18,27,31824.48,5,5,5,555,15,Champions,MENA,40,M,Premium,21776.43,3.787015632035777e-06
GM01746,280,6,3042.4900000000002,1,2,3,123,6,Potential Loyalists,MENA,67,F,Standard,2035.4,0.999875945626131
GM01747,62,5,2112.41,3,2,2,322,7,Potential Loyalists,Central Asia,30,F,Standard,1493.69,0.00013551677453061046
GM01748,55,17,7688.78,4,4,4,444,12,Loyal Customers,Europe,49,F,Standard,5147.73,5.921159024445236e-05
GM01749,492,4,655.2,1,1,1,111,3,Lost,North America,67,F,Budget,474.44,0.9999999999952038
GM01750,38,20,24699.75,4,5,5,455,14,Champions,Europe,32,M,Premium,16727.5,2.1679546346998408e-05
GM01751,48,18,7220.07,4,5,4,454,13,Champions,MENA,53,F,Standard,4951.42,2.9576043821572594e-05
GM01752,67,14,7287.25,3,4,4,344,11,Potential Loyalists,Europe,66,F,Standard,4953.21,0.00016171395238686196
GM01753,22,5,358.88,5,2,1,521,8,Recent Customers,Central Asia,22,M,Budget,236.0,6.4069511345452595e-06
GM01754,37,9,3029.79,4,3,3,433,10,Loyal Customers,Europe,39,M,Standard,2104.6,1.7559786414307178e-05
GM01755,108,9,2713.66,2,3,2,232,7,Potential Loyalists,Southeast Asia,33,M,Standard,1861.46,0.005320115707209043
GM01756,133,5,3002.11,2,2,3,223,7,Potential Loyalists,North America,58,M,Standard,2002.23,0.0342441315028771
GM01757,222,8,2684.05,1,3,2,132,6,Potential Loyalists,Southeast Asia,27,M,Standard,1882.8,0.9827604031914974
GM01758,35,15,21260.96,4,4,5,445,13,Champions,MENA,41,F,Premium,14306.95,1.4437639957085155e-05
GM01759,598,4,2273.3,1,1,2,112,4,Lost,Central Asia,35,M,Standard,1653.31,0.9999999999999993
GM01760,82,35,40617.95,3,5,5,355,13,Champions,MENA,66,F,Premium,27200.47,0.000830354586502515
GM01761,78,10,5287.639999999999,3,3,3,333,9,Potential Loyalists,MENA,35,M,Standard,3617.69,0.0004196177550580113
GM01762,59,19,6259.96,3,5,4,354,12,Potential Loyalists,North America,24,M,Standard,4214.84,7.133692031052413e-05
GM01763,108,6,2565.94,2,2,2,222,6,Potential Loyalists,Central Asia,21,F,Standard,1598.26,0.005759587261092794
GM01764,33,33,47949.87,4,5,5,455,14,Champions,MENA,43,F,Premium,31487.4,2.147519387341712e-05
GM01765,244,4,457.95,1,1,1,111,3,Lost,Europe,22,M,Budget,308.48,0.997655013166057
GM01766,197,5,533.83,2,2,1,221,5,Potential Loyalists,Europe,33,M,Budget,352.95,0.9188541106679199
GM01767,63,14,25872.63,3,4,5,345,12,Potential Loyalists,North America,52,M,Premium,16916.4,0.00014604855214798363
GM01768,136,8,3735.87,2,3,3,233,8,Potential Loyalists,MENA,43,F,Standard,2560.63,0.04709748795361967
GM01769,39,18,5120.17,4,5,3,453,12,Loyal Customers,MENA,35,F,Standard,3315.64,1.3966377231912999e-05
GM01770,70,18,25646.29,3,5,5,355,13,Champions,MENA,46,M,Premium,17820.01,0.0002750710109626957
GM01771,70,6,1402.24,3,2,2,322,7,Potential Loyalists,MENA,40,F,Standard,883.48,0.00025900492431675455
GM01772,272,7,3336.4700000000003,1,2,3,123,6,Potential Loyalists,North America,70,F,Standard,2330.61,0.999686556801037
GM01773,213,2,158.76,1,1,1,111,3,Lost,Southeast Asia,31,M,Budget,104.97,0.9721185699353408
GM01774,158,7,1028.33,2,2,2,222,6,Potential Loyalists,Southeast Asia,32,F,Budget,666.34,0.25590894880141135
GM01775,86,19,7302.6900000000005,3,5,4,354,12,Potential Loyalists,North America,66,F,Standard,4912.17,0.0005966052666915531
GM01776,62,10,3322.27,3,3,3,333,9,Potential Loyalists,Europe,50,M,Standard,2236.64,0.00011742758445244701
GM01777,133,4,523.05,2,1,1,211,4,Potential Loyalists,North America,42,M,Budget,334.14,0.04548316710962321
GM01778,206,1,271.24,1,1,1,111,3,Lost,MENA,38,M,Budget,179.33,0.9521895251572058
GM01779,95,5,374.15,3,2,1,321,6,Potential Loyalists,Europe,34,M,Budget,254.09,0.0024462924131394836
GM01780,22,26,35134.52,5,5,5,555,15,Champions,North America,40,F,Premium,23624.49,6.622394227264773e-06
GM01781,109,8,10864.34,2,3,5,235,10,Potential Loyalists,Central Asia,60,M,Premium,7166.76,0.005657840849050395
GM01782,23,14,6596.74,5,4,4,544,13,Champions,Southeast Asia,34,F,Standard,4463.2,3.866863303891996e-06
GM01783,41,12,4405.59,4,3,3,433,10,Loyal Customers,MENA,31,F,Standard,2928.87,2.1889665244607756e-05
GM01784,36,21,23360.41,4,5,5,455,14,Champions,North America,46,F,Premium,15460.4,1.5697512228516854e-05
GM01785,37,28,41308.03,4,5,5,455,14,Champions,North America,37,F,Premium,28062.81,2.6335489246298694e-05
GM01786,241,7,619.85,1,2,1,121,4,Potential Loyalists,Southeast Asia,47,M,Budget,430.91,0.9958779296685135
GM01787,35,4,785.01,4,1,2,412,7,Recent Customers,North America,36,M,Budget,499.34,2.1375017270908205e-05
GM01788,28,15,6728.13,5,4,4,544,13,Champions,North America,70,F,Standard,4531.81,6.367980593805792e-06
GM01789,156,2,32.27,2,1,1,211,4,Potential Loyalists,Central Asia,56,M,Budget,23.47,0.3094065526048011
GM01790,129,8,2150.17,2,3,2,232,7,Potential Loyalists,MENA,30,M,Standard,1454.0,0.028159794909817543
GM01791,175,5,817.0600000000001,2,2,2,222,6,Potential Loyalists,Europe,35,F,Budget,567.62,0.5732381450531556
GM01792,288,6,3387.1200000000003,1,2,3,123,6,Potential Loyalists,North America,40,F,Standard,2334.22,0.9999260609831283
GM01793,36,34,35370.02,4,5,5,455,14,Champions,MENA,63,M,Premium,24227.56,1.741574922877504e-05
GM01794,178,9,3892.41,2,3,3,233,8,Potential Loyalists,North America,50,F,Standard,2644.96,0.586478693960749
GM01795,250,6,2326.61,1,2,2,122,5,Potential Loyalists,Central Asia,56,F,Standard,1661.93,0.9981910229886412
GM01796,26,8,3888.53,5,3,3,533,11,Loyal Customers,Central Asia,57,M,Standard,2637.4,6.585773509001699e-06
GM01797,57,25,34920.520000000004,4,5,5,455,14,Champions,North America,35,M,Premium,23462.03,0.00011344868305571777
GM01798,557,2,124.78,1,1,1,111,3,Lost,Central Asia,26,F,Budget,90.75,0.9999999999999793
GM01799,17,13,3429.13,5,4,3,543,12,Loyal Customers,Central Asia,50,M,Standard,2266.99,2.989270845053757e-06
GM01800,85,19,21463.61,3,5,5,355,13,Champions,Central Asia,49,M,Premium,14964.62,0.0008801446489859664
GM01801,20,18,8708.74,5,5,4,554,14,Champions,Southeast Asia,71,F,Standard,5873.54,2.6923380434465186e-06
GM01802,79,15,6313.08,3,4,4,344,11,Potential Loyalists,North America,34,F,Standard,4353.56,0.0004245078899984798
GM01803,189,7,4266.43,2,2,3,223,7,Potential Loyalists,Europe,36,M,Standard,2959.66,0.7789396303415693
GM01804,175,5,458.78000000000003,2,2,1,221,5,Potential Loyalists,Europe,44,M,Budget,306.36,0.6157560339277387
GM01805,64,13,6173.32,3,4,4,344,11,Potential Loyalists,Europe,23,M,Standard,4101.78,0.00014035009678738005
GM01806,56,14,7350.96,4,4,4,444,12,Loyal Customers,North America,52,Other,Standard,5075.85,6.131992454719703e-05
GM01807,31,7,1892.5900000000001,5,2,2,522,9,Recent Customers,North America,54,M,Standard,1303.58,9.534969301311445e-06
GM01808,49,23,30900.379999999997,4,5,5,455,14,Champions,Europe,51,F,Premium,20667.77,5.9734411695067835e-05
GM01809,28,13,2733.98,5,4,2,542,11,Loyal Customers,Europe,37,F,Standard,1834.68,7.276838513798491e-06
GM01810,31,5,607.8299999999999,5,2,1,521,8,Recent Customers,Central Asia,42,M,Budget,384.63,1.3410175131579217e-05
GM01811,110,14,19162.52,2,4,5,245,11,At Risk,North America,21,Other,Premium,13048.0,0.007439885384124456
GM01812,126,19,8633.34,2,5,4,254,11,At Risk,North America,27,F,Standard,6011.09,0.016534369503727595
GM01813,647,3,86.53,1,1,1,111,3,Lost,Europe,27,F,Budget,62.93,1.0
GM01814,104,17,3931.27,2,4,3,243,9,At Risk,Central Asia,41,M,Standard,2599.28,0.003046643760493532
GM01815,201,9,3511.8,1,3,3,133,7,Potential Loyalists,Central Asia,38,F,Standard,2458.69,0.9071321491989022
GM01816,212,1,150.46,1,1,1,111,3,Lost,Southeast Asia,28,F,Budget,99.48,0.9677712185611437
GM01817,65,8,8688.27,3,3,4,334,10,Potential Loyalists,Europe,44,Other,Premium,5811.56,0.00016814291084079144
GM01818,78,39,42311.4,3,5,5,355,13,Champions,North America,33,M,Premium,28531.81,0.0005555851378186314
GM01819,410,4,535.74,1,1,1,111,3,Lost,North America,43,F,Budget,378.53,0.9999999965996675
GM01820,442,3,132.96,1,1,1,111,3,Lost,MENA,47,M,Budget,92.71,0.9999999997755027
GM01821,82,13,7587.11,3,4,4,344,11,Potential Loyalists,Europe,66,M,Standard,4932.67,0.0006110444117956763
GM01822,16,11,4637.0199999999995,5,3,3,533,11,Loyal Customers,Europe,33,M,Standard,3116.03,2.7983254205034e-06
GM01823,174,6,702.56,2,2,2,222,6,Potential Loyalists,North America,24,F,Budget,451.76,0.6016761021323469
GM01824,16,19,8640.36,5,5,4,554,14,Champions,North America,33,M,Standard,5902.66,2.1024490209194114e-06
GM01825,224,5,1980.0400000000002,1,2,2,122,5,Potential Loyalists,North America,52,F,Standard,1400.78,0.9848854440505976
GM01826,106,11,11878.039999999999,2,3,5,235,10,Potential Loyalists,MENA,33,Other,Premium,7798.83,0.004531997848926978
GM01827,31,9,2803.5,5,3,2,532,10,Loyal Customers,Central Asia,57,M,Standard,1908.37,1.1129430735225785e-05
GM01828,156,6,791.76,2,2,2,222,6,Potential Loyalists,Southeast Asia,29,F,Budget,538.37,0.19959681902078286
GM01829,75,5,316.65,3,2,1,321,6,Potential Loyalists,North America,52,M,Budget,218.59,0.00042664914598741235
GM01830,162,3,293.81,2,1,1,211,4,Potential Loyalists,Europe,66,M,Budget,194.46,0.35850012025460504
GM01831,275,1,192.12,1,1,1,111,3,Lost,Southeast Asia,38,F,Budget,127.02,0.9999468913052003
GM01832,22,17,7474.38,5,4,4,544,13,Champions,North America,67,F,Standard,5278.65,3.7954482286710205e-06
GM01833,413,8,3852.81,1,3,3,133,7,Potential Loyalists,North America,60,F,Standard,2678.83,0.9999999962916202
GM01834,85,5,470.89,3,2,1,321,6,Potential Loyalists,North America,53,F,Budget,293.76,0.0009025573935563946
GM01835,218,8,2460.79,1,3,2,132,6,Potential Loyalists,North America,65,M,Standard,1700.34,0.9744597071768043
GM01836,13,14,5116.12,5,4,3,543,12,Loyal Customers,North America,34,M,Standard,3362.63,2.0932723321003805e-06
GM01837,48,19,30603.98,4,5,5,455,14,Champions,Europe,49,F,Premium,19884.48,5.231663559666879e-05
GM01838,54,2,204.55,4,1,1,411,6,Recent Customers,Europe,58,M,Budget,124.19,8.197583737094243e-05
GM01839,15,5,2723.1,5,2,2,522,9,Recent Customers,Southeast Asia,23,M,Standard,1734.65,2.5990856260099962e-06
GM01840,31,19,9031.45,5,5,4,554,14,Champions,Europe,41,F,Standard,6204.27,7.467361542151947e-06
GM01841,53,18,10448.54,4,5,5,455,14,Champions,MENA,44,M,Standard,6949.36,4.997493367113461e-05
GM01842,85,7,2471.77,3,2,2,322,7,Potential Loyalists,MENA,37,M,Standard,1601.25,0.0010671819291812675
GM01843,59,10,2987.16,3,3,3,333,9,Potential Loyalists,MENA,42,F,Standard,1971.11,9.146140666781788e-05
GM01844,100,5,502.1,3,2,1,321,6,Potential Loyalists,North America,19,F,Budget,317.54,0.0028939714765218003
GM01845,15,19,8452.99,5,5,4,554,14,Champions,Southeast Asia,26,F,Standard,5755.04,1.965022895809279e-06
GM01846,123,8,11619.119999999999,2,3,5,235,10,Potential Loyalists,Europe,45,F,Premium,7765.03,0.01738908453113242
GM01847,24,9,5517.639999999999,5,3,3,533,11,Loyal Customers,Europe,70,M,Standard,3739.54,5.402046916894272e-06
GM01848,13,4,1877.38,5,1,2,512,8,Recent Customers,Europe,55,F,Standard,1294.29,2.657822943482457e-06
GM01849,389,3,120.92,1,1,1,111,3,Lost,Southeast Asia,20,F,Budget,84.74,0.9999999813619834
GM01850,387,4,404.79999999999995,1,1,1,111,3,Lost,North America,37,M,Budget,290.18,0.9999999778749018
GM01851,273,7,602.54,1,2,1,121,4,Potential Loyalists,Europe,23,M,Budget,431.77,0.9997436459783928
GM01852,67,24,35356.58,3,5,5,355,13,Champions,North America,56,F,Premium,24391.56,0.0002908635907401628
GM01853,101,25,23665.739999999998,3,5,5,355,13,Champions,Southeast Asia,50,F,Premium,16504.73,0.0027286597217555993
GM01854,19,12,3970.88,5,3,3,533,11,Loyal Customers,North America,18,F,Standard,2670.1,3.211455357177435e-06
GM01855,72,15,8013.27,3,4,4,344,11,Potential Loyalists,Southeast Asia,54,F,Standard,5475.62,0.00020555215095002279
GM01856,434,2,170.23000000000002,1,1,1,111,3,Lost,Europe,23,F,Budget,116.32,0.9999999995769426
GM01857,431,4,2910.88,1,1,3,113,5,Lost,North America,62,Other,Standard,1956.31,0.9999999991796937
GM01858,293,6,559.0600000000001,1,2,1,121,4,Potential Loyalists,MENA,51,F,Budget,393.33,0.9999567748391137
GM01859,44,12,5500.6900000000005,4,3,3,433,10,Loyal Customers,North America,64,M,Standard,3636.82,2.4252491738283425e-05
GM01860,123,10,2906.77,2,3,3,233,8,Potential Loyalists,North America,32,F,Standard,1944.34,0.01866592984092848
GM01861,151,11,3863.07,2,3,3,233,8,Potential Loyalists,North America,62,M,Standard,2642.99,0.14654268808434653
GM01862,81,5,1334.12,3,2,2,322,7,Potential Loyalists,North America,43,F,Standard,926.42,0.0005742452228965622
GM01863,22,7,3397.8999999999996,5,2,3,523,10,Recent Customers,Europe,31,F,Standard,2384.04,5.482381479896036e-06
GM01864,346,4,1459.9099999999999,1,1,2,112,4,Lost,MENA,71,F,Standard,1014.29,0.9999995292503856
GM01865,246,4,1669.13,1,1,2,112,4,Lost,Southeast Asia,24,F,Standard,1103.56,0.9970098907286938
GM01866,53,19,8996.56,4,5,4,454,13,Champions,Southeast Asia,63,M,Standard,6046.74,4.2850274463797425e-05
GM01867,30,30,38723.07,5,5,5,555,15,Champions,Central Asia,48,M,Premium,26098.82,1.3635922988663642e-05
GM01868,47,15,5148.71,4,4,3,443,11,Loyal Customers,Europe,41,M,Standard,3522.4,2.6693018314660705e-05
GM01869,122,5,2121.75,2,2,2,222,6,Potential Loyalists,Europe,48,F,Standard,1371.08,0.017946503397814683
GM01870,75,31,28709.27,3,5,5,355,13,Champions,North America,46,F,Premium,19026.27,0.0003410538439515237
GM01871,87,9,4147.65,3,3,3,333,9,Potential Loyalists,North America,59,F,Standard,2785.92,0.0011270547926423185
GM01872,84,12,5706.35,3,3,3,333,9,Potential Loyalists,Europe,49,M,Standard,3794.21,0.0006599100391695204
GM01873,31,11,6185.64,5,3,4,534,12,Loyal Customers,MENA,34,F,Standard,4140.28,8.934953773936872e-06
GM01874,72,12,18249.9,3,3,5,335,11,Potential Loyalists,North America,31,F,Premium,11859.28,0.0002540339783737432
GM01875,306,6,3896.29,1,2,3,123,6,Potential Loyalists,North America,57,M,Standard,2744.08,0.9999785618875113
GM01876,18,15,8872.15,5,4,4,544,13,Champions,MENA,53,F,Standard,5833.41,3.0348012191733953e-06
GM01877,51,19,8216.19,4,5,4,454,13,Champions,North America,65,F,Standard,5300.92,4.195755277468492e-05
GM01878,339,5,370.47,1,2,1,121,4,Potential Loyalists,MENA,41,F,Budget,260.04,0.9999989196306945
GM01879,604,3,2263.31,1,1,2,112,4,Lost,Europe,62,M,Standard,1646.04,0.9999999999999996
GM01880,65,9,6001.24,3,3,4,334,10,Potential Loyalists,North America,71,F,Standard,4096.0,0.00016623736568842213
GM01881,474,3,215.13,1,1,1,111,3,Lost,North America,44,M,Budget,143.46,0.9999999999821545
GM01882,29,19,7633.5,5,5,4,554,14,Champions,Southeast Asia,42,Other,Standard,5088.85,6.631722659208108e-06
GM01883,73,9,5594.74,3,3,3,333,9,Potential Loyalists,North America,49,M,Standard,3650.18,0.000260572291271005
GM01884,70,6,3098.64,3,2,3,323,8,Potential Loyalists,North America,69,M,Standard,1997.23,0.0002544224100725405
GM01885,75,9,6367.570000000001,3,3,4,334,10,Potential Loyalists,Europe,35,F,Standard,4251.41,0.00031684177146814826
GM01886,34,6,677.57,4,2,2,422,8,Recent Customers,MENA,63,M,Budget,450.72,1.425087990012373e-05
GM01887,36,30,43668.49,4,5,5,455,14,Champions,Central Asia,35,F,Premium,29748.45,2.7254376084570154e-05
GM01888,55,10,4072.82,4,3,3,433,10,Loyal Customers,Europe,54,F,Standard,2742.93,6.68525830906978e-05
GM01889,127,4,2090.33,2,1,2,212,5,Potential Loyalists,North America,43,F,Standard,1349.75,0.04317584927102068
GM01890,15,11,2763.87,5,3,2,532,10,Loyal Customers,Southeast Asia,26,Other,Standard,1854.78,2.120438932157685e-06
GM01891,68,18,8071.78,3,5,4,354,12,Potential Loyalists,Central Asia,52,M,Standard,5497.31,0.00016518286918962814
GM01892,190,7,1273.26,2,2,2,222,6,Potential Loyalists,MENA,25,F,Standard,859.19,0.8103390379734172
GM01893,46,4,557.22,4,1,1,411,6,Recent Customers,North America,37,M,Budget,374.99,3.857224090627594e-05
GM01894,816,1,185.69,1,1,1,111,3,Lost,Europe,71,M,Budget,135.05,1.0
GM01895,32,5,2868.88,4,2,2,422,8,Recent Customers,North America,59,F,Standard,1894.28,1.0612762545085479e-05
GM01896,284,1,76.28,1,1,1,111,3,Lost,North America,39,M,Budget,50.43,0.9999195361280233
GM01897,29,11,3474.39,5,3,3,533,11,Loyal Customers,North America,36,F,Standard,2362.04,7.085026165317469e-06
GM01898,54,12,6431.46,4,3,4,434,11,Loyal Customers,Europe,47,F,Standard,4357.29,7.789248642774294e-05
GM01899,142,6,982.29,2,2,2,222,6,Potential Loyalists,Europe,70,F,Budget,637.22,0.08771404321745836
GM01900,44,14,7960.41,4,4,4,444,12,Loyal Customers,North America,45,Other,Standard,5249.62,2.287201766612867e-05
GM01901,55,19,10669.869999999999,4,5,5,455,14,Champions,North America,52,M,Standard,6917.78,5.434257252678677e-05
GM01902,58,36,40595.35,3,5,5,355,13,Champions,Central Asia,60,F,Premium,27665.06,0.00011419773758233498
GM01903,113,11,6915.76,2,3,4,234,9,Potential Loyalists,North America,28,F,Standard,4559.96,0.0067954678836312146
GM01904,27,1,0.0,5,1,1,511,7,Recent Customers,Central Asia,48,F,Budget,0.0,1.2727935233356464e-05
GM01905,38,15,8530.85,4,4,4,444,12,Loyal Customers,North America,66,M,Standard,5781.49,1.6017615137585606e-05
GM01906,23,15,6557.47,5,4,4,544,13,Champions,Europe,65,F,Standard,4495.96,4.715681852155734e-06
GM01907,79,4,2129.32,3,1,2,312,6,Potential Loyalists,Southeast Asia,56,M,Standard,1308.93,0.0006567553573246173
GM01908,228,6,581.62,1,2,1,121,4,Potential Loyalists,Europe,53,M,Budget,393.52,0.990436299214525
GM01909,217,4,2533.95,1,1,2,112,4,Lost,Europe,47,F,Standard,1756.82,0.976492269883656
GM01910,45,13,5193.9,4,4,3,443,11,Loyal Customers,Europe,40,F,Standard,3457.36,2.678730538186495e-05
GM01911,53,24,26627.48,4,5,5,455,14,Champions,Europe,36,F,Premium,18265.6,6.529020227559674e-05
GM01912,28,9,4182.71,5,3,3,533,11,Loyal Customers,Southeast Asia,29,F,Standard,2742.5,6.779722986233236e-06
GM01913,60,12,5624.07,3,3,3,333,9,Potential Loyalists,Southeast Asia,32,F,Standard,3850.38,9.955412794055697e-05
GM01914,34,27,31260.579999999998,4,5,5,455,14,Champions,Europe,48,M,Premium,20691.8,1.6074566698770032e-05
GM01915,214,6,4393.35,1,2,3,123,6,Potential Loyalists,MENA,60,M,Standard,3064.4,0.9659178961195564
GM01916,84,6,2238.72,3,2,2,322,7,Potential Loyalists,North America,54,M,Standard,1427.01,0.0007587270036291342
GM01917,17,16,19164.88,5,4,5,545,14,Champions,Southeast Asia,54,F,Premium,12830.53,3.1117921880036423e-06
GM01918,74,18,8736.95,3,5,4,354,12,Potential Loyalists,North America,32,M,Standard,6084.85,0.0002369033807562597
GM01919,27,25,30013.05,5,5,5,555,15,Champions,MENA,46,M,Premium,20528.63,8.09694079457606e-06
GM01920,204,5,2015.3899999999999,1,2,2,122,5,Potential Loyalists,MENA,67,F,Standard,1447.99,0.9332766584151948
GM01921,82,7,4607.3099999999995,3,2,3,323,8,Potential Loyalists,North America,60,M,Standard,3059.69,0.0006125280335174866
GM01922,231,7,4901.87,1,2,3,123,6,Potential Loyalists,Central Asia,43,M,Standard,3351.74,0.9907101105453232
GM01923,851,2,542.48,1,1,1,111,3,Lost,North America,61,F,Budget,394.53,1.0
GM01924,133,7,4339.82,2,2,3,223,7,Potential Loyalists,Europe,19,M,Standard,2960.83,0.036444914974190806
GM01925,44,39,48458.2,4,5,5,455,14,Champions,North America,37,M,Premium,32605.96,4.598162346236469e-05
GM01926,169,3,126.64000000000001,2,1,1,211,4,Potential Loyalists,Central Asia,32,M,Budget,92.1,0.5154270735918373
GM01927,71,3,1799.1100000000001,3,1,2,312,6,Potential Loyalists,North America,69,F,Standard,1219.27,0.0002457062812278107
GM01928,22,37,44360.93,5,5,5,555,15,Champions,MENA,21,F,Premium,30007.47,6.591286173476413e-06
GM01929,214,4,407.95,1,1,1,111,3,Lost,North America,39,M,Budget,287.6,0.9782689790471732
GM01930,20,11,4225.94,5,3,3,533,11,Loyal Customers,Central Asia,67,F,Standard,2928.72,4.676037686004706e-06
GM01931,80,14,7246.41,3,4,4,344,11,Potential Loyalists,North America,55,M,Standard,4840.32,0.00044288069253001943
GM01932,158,7,4058.24,2,2,3,223,7,Potential Loyalists,North America,40,F,Standard,2831.45,0.24710927390937235
GM01933,133,3,784.85,2,1,2,212,5,Potential Loyalists,North America,43,M,Standard,504.37,0.043054532773510214
GM01934,34,5,774.19,4,2,2,422,8,Recent Customers,North America,68,F,Budget,533.81,1.8881247017146417e-05
GM01935,90,12,6089.43,3,3,4,334,10,Potential Loyalists,North America,28,F,Standard,4077.83,0.001038702197303323
GM01936,21,37,43329.2,5,5,5,555,15,Champions,North America,45,F,Premium,28257.86,5.327990735059787e-06
GM01937,53,4,749.0000000000001,4,1,2,412,7,Recent Customers,Europe,19,M,Budget,468.67,7.314351970179728e-05
GM01938,34,7,1329.1299999999999,4,2,2,422,8,Recent Customers,North America,25,M,Budget,819.91,1.5388478816532223e-05
GM01939,133,11,4312.55,2,3,3,233,8,Potential Loyalists,MENA,46,F,Standard,3100.36,0.04127457010975938
GM01940,21,10,5700.53,5,3,3,533,11,Loyal Customers,Central Asia,28,M,Standard,3976.04,4.4220314846568245e-06
GM01941,22,34,44462.56,5,5,5,555,15,Champions,Central Asia,54,F,Premium,29769.7,8.934731153935754e-06
GM01942,99,7,918.94,3,2,2,322,7,Potential Loyalists,Europe,35,F,Budget,623.93,0.0033979780645535668
GM01943,95,9,11029.58,3,3,5,335,11,Potential Loyalists,North America,67,F,Premium,7645.68,0.0014989238261748537
GM01944,15,29,35201.85,5,5,5,555,15,Champions,North America,31,M,Premium,23388.94,3.2703969478829816e-06
GM01945,122,18,8451.76,2,5,4,254,11,At Risk,North America,71,F,Standard,5536.36,0.017642384490210262
GM01946,42,21,21716.239999999998,4,5,5,455,14,Champions,MENA,27,F,Premium,14947.75,2.591175996821859e-05
GM01947,78,35,50520.16,3,5,5,355,13,Champions,MENA,52,F,Premium,34309.44,0.0010237298423156607
GM01948,31,6,3932.99,5,2,3,523,10,Recent Customers,Europe,26,M,Standard,2486.35,1.044099694536432e-05
GM01949,19,30,28411.68,5,5,5,555,15,Champions,Europe,52,M,Premium,19469.63,4.229072299173248e-06
GM01950,84,16,13981.6,3,4,5,345,12,Potential Loyalists,MENA,28,M,Premium,9520.99,0.0006938075881843395
GM01951,80,20,23750.8,3,5,5,355,13,Champions,Central Asia,61,M,Premium,16617.99,0.0006273772348848028
GM01952,31,6,1603.16,5,2,2,522,9,Recent Customers,Europe,29,F,Standard,1048.97,1.0738646639423042e-05
GM01953,101,3,2863.33,3,1,2,312,6,Potential Loyalists,North America,20,F,Standard,1932.42,0.0025158452221762874
GM01954,156,2,74.44,2,1,1,211,4,Potential Loyalists,North America,70,M,Budget,54.14,0.2803535304384237
GM01955,49,18,7016.28,4,5,4,454,13,Champions,Southeast Asia,56,F,Standard,4708.28,2.9520742772430935e-05
GM01956,207,5,2768.67,1,2,2,122,5,Potential Loyalists,Southeast Asia,31,M,Standard,1948.42,0.9483327349275946
GM01957,19,16,22966.46,5,4,5,545,14,Champions,North America,45,M,Premium,15768.72,4.705275196861536e-06
GM01958,26,33,33742.92,5,5,5,555,15,Champions,MENA,28,M,Premium,22579.54,7.823393757799805e-06
GM01959,224,6,2147.58,1,2,2,122,5,Potential Loyalists,North America,56,M,Standard,1531.59,0.9859611389995477
GM01960,70,12,4787.38,3,3,3,333,9,Potential Loyalists,North America,42,F,Standard,3234.32,0.00023687564871540588
GM01961,32,15,5107.41,4,4,3,443,11,Loyal Customers,Central Asia,38,M,Standard,3446.7,1.0400611110151919e-05
GM01962,79,9,5074.72,3,3,3,333,9,Potential Loyalists,MENA,27,F,Standard,3592.75,0.0004703636551598006
GM01963,92,3,1699.2900000000002,3,1,2,312,6,Potential Loyalists,North America,60,M,Standard,1091.57,0.001356861176934557
GM01964,28,28,46984.88,5,5,5,555,15,Champions,MENA,32,F,Premium,32457.93,1.3654998020048345e-05
GM01965,227,6,676.95,1,2,2,122,5,Potential Loyalists,North America,36,M,Budget,482.34,0.9887782448942324
GM01966,16,18,9214.85,5,5,4,554,14,Champions,North America,65,M,Standard,6158.31,2.153418084809902e-06
GM01967,26,16,8630.25,5,4,4,544,13,Champions,Europe,39,M,Standard,5794.65,5.8263372024959485e-06
GM01968,18,6,3062.91,5,2,3,523,10,Recent Customers,Europe,38,M,Standard,2017.87,3.6910601339533024e-06
GM01969,148,14,4333.48,2,4,3,243,9,At Risk,Europe,69,M,Standard,3047.61,0.10752107786398177
GM01970,539,2,118.87,1,1,1,111,3,Lost,Central Asia,61,F,Budget,86.45,0.9999999999999296
GM01971,135,6,855.16,2,2,2,222,6,Potential Loyalists,Central Asia,49,F,Budget,560.54,0.0566469837912225
GM01972,21,18,7062.0599999999995,5,5,4,554,14,Champions,North America,67,F,Standard,4739.17,3.612697983205707e-06
GM01973,238,18,7436.09,1,5,4,154,10,At Risk,Europe,40,F,Standard,5146.34,0.993746217074576
GM01974,14,16,7886.84,5,4,4,544,13,Champions,MENA,30,M,Standard,5323.02,1.954580167547301e-06
GM01975,201,7,1185.49,1,2,2,122,5,Potential Loyalists,Europe,22,M,Budget,811.33,0.9197826007223606
GM01976,160,18,6238.02,2,5,4,254,11,At Risk,Southeast Asia,21,Other,Standard,4425.34,0.19231036231818802
GM01977,14,13,10089.42,5,4,5,545,14,Champions,Europe,45,F,Premium,6994.77,2.4787058372922577e-06
GM01978,34,15,7965.12,4,4,4,444,12,Loyal Customers,MENA,31,F,Standard,5445.9,1.0426755372561487e-05
GM01979,43,28,34299.56,4,5,5,455,14,Champions,Southeast Asia,25,F,Premium,23011.59,3.6770624504727644e-05
GM01980,23,9,3309.46,5,3,3,533,11,Loyal Customers,North America,26,M,Standard,2093.8,4.761564767402022e-06
GM01981,85,12,6069.24,3,3,4,334,10,Potential Loyalists,Europe,68,M,Standard,4123.02,0.000923252203664236
GM01982,145,10,5222.83,2,3,3,233,8,Potential Loyalists,North America,52,M,Standard,3554.72,0.09599224888972736
GM01983,100,13,11020.26,3,4,5,345,12,Potential Loyalists,MENA,54,M,Premium,7429.66,0.0028108703495540862
GM01984,187,5,446.59,2,2,1,221,5,Potential Loyalists,MENA,38,M,Budget,306.44,0.7863283578059512
GM01985,396,4,356.05,1,1,1,111,3,Lost,Europe,35,M,Budget,238.39,0.9999999897755566
GM01986,443,3,233.29000000000002,1,1,1,111,3,Lost,Central Asia,50,F,Budget,158.52,0.9999999997960236
GM01987,19,13,6633.96,5,4,4,544,13,Champions,North America,25,F,Standard,4382.44,3.009505879295259e-06
GM01988,64,6,399.41999999999996,3,2,1,321,6,Potential Loyalists,MENA,68,F,Budget,273.44,0.00017909342895346494
GM01989,13,11,3839.6,5,3,3,533,11,Loyal Customers,MENA,66,F,Standard,2580.09,2.142007064904875e-06
GM01990,154,13,4193.58,2,4,3,243,9,At Risk,North America,34,M,Standard,2951.86,0.1602589843490545
GM01991,103,20,20847.510000000002,3,5,5,355,13,Champions,North America,60,M,Premium,14687.31,0.0035065724998504335
GM01992,25,13,6594.06,5,4,4,544,13,Champions,Europe,48,F,Standard,4302.03,6.239123174361609e-06
GM01993,29,33,36456.56,5,5,5,555,15,Champions,North America,51,M,Premium,24533.21,9.391918250884308e-06
GM01994,409,1,124.83,1,1,1,111,3,Lost,Europe,23,M,Budget,82.53,0.9999999964244122
GM01995,24,30,34427.28,5,5,5,555,15,Champions,North America,39,M,Premium,23568.7,6.6473749473401565e-06
GM01996,75,6,1140.75,3,2,2,322,7,Potential Loyalists,North America,31,M,Standard,777.88,0.00036984135348270745
GM01997,36,18,5609.679999999999,4,5,3,453,12,Loyal Customers,Southeast Asia,20,F,Standard,3747.95,9.488923754670987e-06
GM01998,49,19,11999.619999999999,4,5,5,455,14,Champions,Central Asia,29,M,Standard,7914.85,4.335055415487371e-05
GM01999,139,10,4158.08,2,3,3,233,8,Potential Loyalists,Central Asia,53,F,Standard,2848.91,0.05904182254062025
GM02000,65,22,19832.51,3,5,5,355,13,Champions,Europe,29,F,Premium,13566.8,0.00017982357698639843
GM02001,101,4,474.40999999999997,3,1,1,311,5,Potential Loyalists,Europe,62,M,Budget,314.05,0.004080587696238711
GM02002,15,19,9778.66,5,5,4,554,14,Champions,Europe,19,M,Standard,6479.05,2.272066882519153e-06
GM02003,23,9,4756.1,5,3,3,533,11,Loyal Customers,Southeast Asia,19,M,Standard,3143.34,5.025775316772659e-06
GM02004,22,12,6742.25,5,3,4,534,12,Loyal Customers,Europe,32,M,Standard,4563.42,4.248260752358044e-06
GM02005,340,4,539.99,1,1,1,111,3,Lost,Europe,40,F,Budget,382.81,0.9999990482262299
GM02006,174,6,516.7700000000001,2,2,1,221,5,Potential Loyalists,North America,46,F,Budget,359.24,0.5417327412087851
GM02007,141,11,3204.65,2,3,3,233,8,Potential Loyalists,MENA,34,F,Standard,2136.04,0.06612706322204172
GM02008,83,12,3767.23,3,3,3,333,9,Potential Loyalists,North America,49,M,Standard,2603.45,0.0006011970074618963
GM02009,15,17,8068.84,5,4,4,544,13,Champions,Central Asia,24,F,Standard,5403.02,2.2799860441240822e-06
GM02010,60,6,992.91,3,2,2,322,7,Potential Loyalists,MENA,47,F,Budget,661.08,0.00011226755733646153
GM02011,328,4,545.94,1,1,1,111,3,Lost,Central Asia,45,F,Budget,376.53,0.9999975433850659
GM02012,67,18,17079.51,3,5,5,355,13,Champions,Central Asia,31,F,Premium,11829.15,0.00019696844907704053
GM02013,400,3,1661.18,1,1,2,112,4,Lost,Southeast Asia,61,F,Standard,1198.42,0.9999999922483701
GM02014,24,5,875.6,5,2,2,522,9,Recent Customers,Europe,47,F,Budget,630.51,7.213686292349481e-06
GM02015,482,3,1051.1799999999998,1,1,2,112,4,Lost,MENA,34,F,Standard,705.24,0.9999999999892462
GM02016,20,16,6125.99,5,4,4,544,13,Champions,MENA,49,M,Standard,4286.9,3.0462455547841132e-06
GM02017,18,14,6403.88,5,4,4,544,13,Champions,Europe,63,F,Standard,4235.0,3.23282329540771e-06
GM02018,80,7,3324.72,3,2,3,323,8,Potential Loyalists,Southeast Asia,23,M,Standard,2318.64,0.00048178178790412256
GM02019,35,3,295.75,4,1,1,411,6,Recent Customers,Central Asia,68,M,Budget,194.97,2.111095088925067e-05
GM02020,15,11,5772.52,5,3,4,534,12,Loyal Customers,North America,41,Other,Standard,3793.13,2.510647057758252e-06
GM02021,23,8,3282.2400000000002,5,3,3,533,11,Loyal Customers,Southeast Asia,23,F,Standard,2306.13,6.500510751640651e-06
GM02022,32,36,39480.33,4,5,5,455,14,Champions,North America,44,M,Premium,26489.42,1.2237632028114772e-05
GM02023,280,8,9021.75,1,3,4,134,8,Potential Loyalists,Southeast Asia,35,M,Premium,6134.75,0.9998109987328772
GM02024,27,12,2511.82,5,3,2,532,10,Loyal Customers,Central Asia,41,M,Standard,1680.4,7.001185960708668e-06
GM02025,32,12,5595.52,4,3,3,433,10,Loyal Customers,MENA,54,F,Standard,3902.27,1.1660429743585078e-05
GM02026,115,18,6308.77,2,5,4,254,11,At Risk,Europe,41,F,Standard,4376.82,0.007789352985858483
GM02027,97,11,7587.07,3,3,4,334,10,Potential Loyalists,North America,55,F,Standard,5105.58,0.0017579935978879369
GM02028,75,19,7208.82,3,5,4,354,12,Potential Loyalists,Southeast Asia,51,F,Standard,4677.97,0.00027121403456264065
GM02029,26,18,9211.8,5,5,4,554,14,Champions,Europe,57,M,Standard,6141.53,5.822046374528085e-06
GM02030,33,15,6668.86,4,4,4,444,12,Loyal Customers,North America,64,F,Standard,4495.38,9.532044943488273e-06
GM02031,253,5,689.2,1,2,2,122,5,Potential Loyalists,Europe,32,M,Budget,458.22,0.9990514458726185
GM02032,438,7,4019.83,1,2,3,123,6,Potential Loyalists,North America,28,F,Standard,2856.27,0.9999999995180984
GM02033,119,7,806.3299999999999,2,2,2,222,6,Potential Loyalists,MENA,39,F,Budget,518.14,0.01311484420107942
GM02034,109,4,2122.61,2,1,2,212,5,Potential Loyalists,Southeast Asia,71,F,Standard,1450.95,0.0059192125682261095
GM02035,346,1,72.32,1,1,1,111,3,Lost,North America,41,M,Budget,47.81,0.9999993927253679
GM02036,68,3,402.42,3,1,1,311,5,Potential Loyalists,Europe,18,M,Budget,268.57,0.0002703743190924616
GM02037,15,9,2146.15,5,3,2,532,10,Loyal Customers,Central Asia,35,M,Standard,1478.4,5.249484910959275e-06
GM02038,323,2,184.8,1,1,1,111,3,Lost,Europe,61,F,Budget,126.24,0.9999965041796114
GM02039,219,5,421.93,1,2,1,121,4,Potential Loyalists,Europe,29,M,Budget,304.93,0.9799721456403725
GM02040,142,16,7044.52,2,4,4,244,10,At Risk,Europe,60,M,Standard,4842.32,0.06287031012857201
GM02041,414,3,714.58,1,1,2,112,4,Lost,Southeast Asia,45,M,Standard,475.72,0.9999999973222606
GM02042,116,12,8615.29,2,3,4,234,9,Potential Loyalists,North America,57,F,Standard,5839.68,0.007913359488491995
GM02043,254,6,858.71,1,2,2,122,5,Potential Loyalists,MENA,24,M,Budget,600.76,0.9990194343888283
GM02044,171,13,6483.73,2,4,4,244,10,At Risk,Central Asia,40,F,Standard,4387.66,0.4371147672880694
GM02045,22,30,34039.68,5,5,5,555,15,Champions,Southeast Asia,38,F,Premium,23566.96,5.5650241549836494e-06
GM02046,15,21,25030.25,5,5,5,555,15,Champions,North America,51,F,Premium,17201.26,2.784487264471172e-06
GM02047,116,9,3778.84,2,3,3,233,8,Potential Loyalists,Central Asia,28,M,Standard,2522.41,0.010435150750865782
GM02048,154,9,3421.12,2,3,3,233,8,Potential Loyalists,North America,39,M,Standard,2383.58,0.18508350985559818
GM02049,53,6,2478.63,4,2,2,422,8,Recent Customers,MENA,59,M,Standard,1670.71,7.171045215311623e-05
GM02050,27,11,6842.26,5,3,4,534,12,Loyal Customers,Central Asia,52,M,Standard,4649.89,7.426284416479017e-06
GM02051,17,16,6702.46,5,4,4,544,13,Champions,MENA,69,M,Standard,4628.56,2.57284810462182e-06
GM02052,105,15,16293.75,2,4,5,245,11,At Risk,MENA,46,F,Premium,10896.33,0.004110952686707402
GM02053,55,38,52856.96,4,5,5,455,14,Champions,Europe,59,M,Premium,36598.5,0.00012749192076849013
GM02054,269,8,3017.43,1,3,3,133,7,Potential Loyalists,Southeast Asia,45,F,Standard,2101.06,0.9995667844592185
GM02055,22,14,6099.89,5,4,4,544,13,Champions,North America,35,M,Standard,4180.85,3.9222073412402395e-06
GM02056,30,18,5152.34,5,5,3,553,13,Champions,North America,31,F,Standard,3588.85,6.247059611130441e-06
GM02057,195,3,3172.48,2,1,3,213,6,Potential Loyalists,MENA,35,F,Standard,2097.51,0.8896604639362993
GM02058,67,5,1846.53,3,2,2,322,7,Potential Loyalists,MENA,45,F,Standard,1222.99,0.00020260464573675533
GM02059,27,37,47663.54,5,5,5,555,15,Champions,North America,41,F,Premium,32673.55,1.1984932096965249e-05
GM02060,32,34,39479.87,4,5,5,455,14,Champions,MENA,25,F,Premium,26494.92,1.472273116595662e-05
GM02061,123,4,384.71000000000004,2,1,1,211,4,Potential Loyalists,Central Asia,59,F,Budget,253.06,0.02315626431521501
GM02062,36,5,4237.32,4,2,3,423,9,Recent Customers,MENA,71,M,Standard,2709.18,1.4183630986001585e-05
GM02063,613,1,40.14,1,1,1,111,3,Lost,North America,62,F,Budget,29.19,0.9999999999999998
GM02064,34,4,541.1,4,1,1,411,6,Recent Customers,MENA,70,M,Budget,384.01,1.6424702103765237e-05
GM02065,61,10,4538.68,3,3,3,333,9,Potential Loyalists,Central Asia,25,M,Standard,3152.26,0.00011014262179784908
GM02066,182,13,6316.79,2,4,4,244,10,At Risk,North America,21,M,Standard,4412.6,0.7186786226686962
GM02067,47,24,38157.33,4,5,5,455,14,Champions,Europe,44,M,Premium,25412.81,5.8617748988418986e-05
GM02068,369,4,1942.56,1,1,2,112,4,Lost,Europe,53,M,Standard,1356.22,0.9999998977914752
GM02069,154,4,2015.73,2,1,2,212,5,Potential Loyalists,Europe,22,M,Standard,1432.76,0.18243841087059026
GM02070,262,5,667.12,1,2,1,121,4,Potential Loyalists,Europe,50,M,Budget,471.14,0.9994032503611457
GM02071,142,8,16221.89,2,3,5,235,10,Potential Loyalists,North America,66,F,Premium,10556.56,0.061112102332592656
GM02072,125,2,143.9,2,1,1,211,4,Potential Loyalists,MENA,51,M,Budget,93.67,0.028633280754216735
GM02073,69,10,10090.08,3,3,5,335,11,Potential Loyalists,Europe,47,F,Premium,6817.77,0.00026159329931536526
GM02074,370,2,192.63,1,1,1,111,3,Lost,Southeast Asia,25,M,Budget,128.4,0.9999999112334194
GM02075,111,10,3913.15,2,3,3,233,8,Potential Loyalists,Southeast Asia,56,F,Standard,2702.98,0.005803945353417054
GM02076,158,16,8413.49,2,4,4,244,10,At Risk,Southeast Asia,64,F,Standard,5795.53,0.1997436249659607
GM02077,76,14,6173.59,3,4,4,344,11,Potential Loyalists,Europe,43,F,Standard,4042.58,0.0003454313507009485
GM02078,21,6,2050.72,5,2,2,522,9,Recent Customers,MENA,54,F,Standard,1338.28,4.681957968781576e-06
GM02079,101,5,2534.74,3,2,2,322,7,Potential Loyalists,Southeast Asia,51,M,Standard,1650.69,0.0030401260749578856
GM02080,24,1,258.02,5,1,1,511,7,Recent Customers,North America,24,Other,Budget,155.08,6.997207978547692e-06
GM02081,25,22,28913.22,5,5,5,555,15,Champions,Central Asia,57,F,Premium,19157.64,7.947033065496681e-06
GM02082,209,3,448.52,1,1,1,111,3,Lost,Central Asia,45,F,Budget,326.2,0.9630224623579295
GM02083,504,4,2396.89,1,1,2,112,4,Lost,MENA,56,F,Standard,1647.89,0.9999999999985356
GM02084,242,5,709.89,1,2,2,122,5,Potential Loyalists,Southeast Asia,56,M,Budget,492.0,0.9967933863781583
GM02085,38,13,5012.96,4,4,3,443,11,Loyal Customers,MENA,45,F,Standard,3303.28,1.47544567308118e-05
GM02086,52,3,1179.94,4,1,2,412,7,Recent Customers,MENA,31,M,Standard,709.21,5.874439732318725e-05
GM02087,116,1,109.85,2,1,1,211,4,Potential Loyalists,Central Asia,70,F,Budget,66.03,0.016165182268186775
GM02088,57,11,5034.31,4,3,3,433,10,Loyal Customers,North America,67,M,Standard,3420.21,8.48924066221706e-05
GM02089,35,17,6548.11,4,4,4,444,12,Loyal Customers,North America,55,F,Standard,4374.94,1.1303998031976919e-05
GM02090,78,14,27130.27,3,4,5,345,12,Potential Loyalists,MENA,21,M,Premium,18292.6,0.0004778756116508278
GM02091,60,9,8083.63,3,3,4,334,10,Potential Loyalists,North America,59,M,Premium,5423.02,0.0001023327510248423
GM02092,40,11,4659.04,4,3,3,433,10,Loyal Customers,Southeast Asia,35,F,Standard,3039.81,1.632973173388603e-05
GM02093,81,16,6832.75,3,4,4,344,11,Potential Loyalists,Europe,61,F,Standard,4642.91,0.0004860797783495422
GM02094,18,9,2390.35,5,3,2,532,10,Loyal Customers,MENA,65,F,Standard,1609.81,3.4736833396263903e-06
GM02095,196,11,17777.42,2,3,5,235,10,Potential Loyalists,Europe,42,M,Premium,12265.07,0.8756411761910986
GM02096,121,11,1977.33,2,3,2,232,7,Potential Loyalists,North America,24,M,Standard,1379.13,0.015894550370955832
GM02097,156,12,4852.55,2,3,3,233,8,Potential Loyalists,North America,55,F,Standard,3379.06,0.17576911443070084
GM02098,53,17,7982.41,4,4,4,444,12,Loyal Customers,North America,45,Other,Standard,5474.67,4.9007002042896316e-05
GM02099,291,4,777.8,1,1,2,112,4,Lost,North America,22,F,Budget,517.94,0.9999458075550971
GM02100,371,1,44.66,1,1,1,111,3,Lost,MENA,20,M,Budget,29.53,0.9999999815250232
GM02101,54,35,43133.86,4,5,5,455,14,Champions,Southeast Asia,61,F,Premium,29154.74,8.965185823280168e-05
GM02102,119,7,502.69,2,2,1,221,5,Potential Loyalists,MENA,48,M,Budget,353.34,0.015123068487232105
GM02103,39,9,2555.58,4,3,2,432,9,Loyal Customers,Europe,64,F,Standard,1620.61,1.863546259749697e-05
GM02104,45,5,1738.63,4,2,2,422,8,Recent Customers,North America,59,M,Standard,1108.16,3.160126840226552e-05
GM02105,52,21,33419.28,4,5,5,455,14,Champions,North America,37,M,Premium,22734.79,6.451863768091198e-05
GM02106,13,18,6616.1900000000005,5,5,4,554,14,Champions,Europe,36,F,Standard,4454.55,1.8107491192858942e-06
GM02107,49,16,5855.07,4,4,4,444,12,Loyal Customers,Southeast Asia,65,F,Standard,3926.86,3.1432720457156966e-05
GM02108,102,16,7546.139999999999,3,4,4,344,11,Potential Loyalists,Southeast Asia,28,M,Standard,5139.8,0.0023192277102489704
GM02109,28,38,55375.44,5,5,5,555,15,Champions,Europe,57,M,Premium,36983.15,1.8066943231606898e-05
GM02110,64,25,41234.69,3,5,5,355,13,Champions,Southeast Asia,20,M,Premium,28438.4,0.00019802481162962802
GM02111,139,8,17517.27,2,3,5,235,10,Potential Loyalists,Europe,40,F,Premium,12326.35,0.0626598317965797
GM02112,146,3,129.52,2,1,1,211,4,Potential Loyalists,Europe,24,M,Standard,81.25,0.18786531047527102
GM02113,35,39,44876.41,4,5,5,455,14,Champions,Europe,40,M,Premium,30574.0,1.9936208603178104e-05
GM02114,28,5,1340.83,5,2,2,522,9,Recent Customers,Southeast Asia,24,F,Standard,886.5,9.952512408415492e-06
GM02115,50,32,36577.86,4,5,5,455,14,Champions,North America,63,F,Premium,24345.39,5.724454700271259e-05
GM02116,27,19,7790.1900000000005,5,5,4,554,14,Champions,Europe,51,F,Standard,5233.01,5.975750299645442e-06
GM02117,13,35,33536.01,5,5,5,555,15,Champions,MENA,59,F,Premium,22456.43,2.3433498082353226e-06
GM02118,37,7,680.3399999999999,4,2,2,422,8,Recent Customers,North America,36,F,Budget,441.1,1.992812051687745e-05
GM02119,212,7,425.55,1,2,1,121,4,Potential Loyalists,Central Asia,26,F,Budget,287.2,0.9662880802190512
GM02120,64,10,5483.18,3,3,3,333,9,Potential Loyalists,Southeast Asia,65,F,Standard,3713.03,0.00011448145609701392
GM02121,91,9,5436.549999999999,3,3,3,333,9,Potential Loyalists,North America,68,F,Standard,3632.4,0.0012342408673220468
GM02122,33,19,33127.38,4,5,5,455,14,Champions,MENA,35,M,Premium,22049.39,1.616964126936075e-05
GM02123,420,3,272.39,1,1,1,111,3,Lost,Southeast Asia,58,Other,Budget,198.1,0.9999999990241657
GM02124,135,10,5503.5599999999995,2,3,3,233,8,Potential Loyalists,MENA,65,M,Standard,3667.44,0.041694505874419835
GM02125,88,35,42827.94,3,5,5,355,13,Champions,Southeast Asia,62,M,Premium,29480.13,0.0013488223554514048
GM02126,278,3,2134.5099999999998,1,1,2,112,4,Lost,North America,59,M,Standard,1411.25,0.9998608157849157
GM02127,33,25,36996.69,4,5,5,455,14,Champions,North America,42,M,Premium,25182.71,1.677160997674116e-05
GM02128,44,17,4340.47,4,4,3,443,11,Loyal Customers,Europe,69,Other,Standard,2870.57,2.241815385779701e-05
GM02129,180,8,3741.46,2,3,3,233,8,Potential Loyalists,Southeast Asia,31,F,Standard,2630.83,0.6020222065104478
GM02130,21,12,2378.26,5,3,2,532,10,Loyal Customers,MENA,61,F,Standard,1681.58,3.806690837029394e-06
GM02131,32,14,10988.68,4,4,5,445,13,Champions,Europe,42,F,Standard,7463.2,9.871702474272915e-06
GM02132,34,39,36618.8,4,5,5,455,14,Champions,Central Asia,36,F,Premium,25127.46,1.3682693960703034e-05
GM02133,112,12,3589.46,2,3,3,233,8,Potential Loyalists,North America,56,M,Standard,2423.16,0.0064528913911731526
GM02134,167,11,9680.939999999999,2,3,4,234,9,Potential Loyalists,MENA,32,F,Premium,6662.95,0.3818817085163194
GM02135,118,3,292.67999999999995,2,1,1,211,4,Potential Loyalists,North America,33,F,Budget,202.7,0.02413383729061522
GM02136,27,27,33127.2,5,5,5,555,15,Champions,Southeast Asia,44,M,Premium,21887.32,8.502750434347398e-06
GM02137,52,15,8401.5,4,4,4,444,12,Loyal Customers,Central Asia,57,F,Standard,5712.71,4.641562639062692e-05
GM02138,124,14,5714.34,2,4,4,244,10,At Risk,North America,27,M,Standard,3903.19,0.01635388268285505
GM02139,235,6,3495.45,1,2,3,123,6,Potential Loyalists,Europe,21,M,Standard,2505.42,0.9949228360165278
GM02140,78,13,6757.14,3,4,4,344,11,Potential Loyalists,Southeast Asia,68,M,Standard,4660.3,0.00042579953000610685
GM02141,34,17,8380.46,4,4,4,444,12,Loyal Customers,North America,36,M,Standard,5801.67,1.0533373336753967e-05
GM02142,117,12,6400.43,2,3,4,234,9,Potential Loyalists,MENA,45,F,Standard,4185.57,0.009414138614877336
GM02143,31,8,4051.89,5,3,3,533,11,Loyal Customers,North America,38,F,Standard,2625.98,9.311408399458399e-06
GM02144,98,9,5200.66,3,3,3,333,9,Potential Loyalists,Europe,64,M,Standard,3643.97,0.002289660582145704
GM02145,130,16,5650.280000000001,2,4,3,243,9,At Risk,MENA,31,F,Standard,3827.19,0.02226011477187879
GM02146,18,18,6772.83,5,5,4,554,14,Champions,North America,50,F,Standard,4387.05,2.381940294227023e-06
GM02147,174,11,4584.79,2,3,3,233,8,Potential Loyalists,MENA,65,M,Standard,3141.9,0.47997901305951135
GM02148,84,39,48049.43,3,5,5,355,13,Champions,Europe,27,M,Premium,32365.42,0.0011235625478253739
GM02149,34,11,5447.22,4,3,3,433,10,Loyal Customers,MENA,36,Other,Standard,3738.06,1.2706021565827776e-05
GM02150,34,32,53210.88,4,5,5,455,14,Champions,North America,47,F,Premium,36760.04,2.7897383868680858e-05
GM02151,46,33,43751.92,4,5,5,455,14,Champions,Europe,39,Other,Premium,30068.02,4.9221061822235104e-05
GM02152,22,17,7964.17,5,4,4,544,13,Champions,Europe,20,M,Standard,5578.52,3.6346118179044473e-06
GM02153,263,5,640.8,1,2,1,121,4,Potential Loyalists,North America,54,F,Budget,450.85,0.9994603887084643
GM02154,279,1,105.66,1,1,1,111,3,Lost,North America,58,M,Budget,69.86,0.9998746095995918
GM02155,30,29,33733.38,5,5,5,555,15,Champions,Central Asia,35,M,Premium,23066.71,1.2510808191013943e-05
GM02156,23,9,3251.7,5,3,3,533,11,Loyal Customers,Europe,28,F,Standard,2245.69,4.865207946324665e-06
GM02157,153,12,3856.2599999999998,2,3,3,233,8,Potential Loyalists,Europe,65,M,Standard,2580.39,0.15762325459827936
GM02158,33,27,33019.33,4,5,5,455,14,Champions,Europe,19,M,Premium,22248.34,1.4117246712592517e-05
GM02159,36,3,274.93,4,1,1,411,6,Recent Customers,MENA,29,M,Budget,179.42,1.8967455284382684e-05
GM02160,51,16,7261.610000000001,4,4,4,444,12,Loyal Customers,North America,71,M,Standard,4664.76,3.972977664162379e-05
GM02161,49,7,877.74,4,2,2,422,8,Recent Customers,North America,23,F,Budget,593.49,5.595610579765559e-05
GM02162,233,20,34779.7,1,5,5,155,11,At Risk,North America,60,F,Premium,23897.69,0.9951121500030332
GM02163,31,9,2698.54,5,3,2,532,10,Loyal Customers,Europe,57,M,Standard,1846.51,1.2045231820484273e-05
GM02164,359,1,40.05,1,1,1,111,3,Lost,North America,61,M,Budget,26.48,0.9999997953951428
GM02165,46,14,6232.91,4,4,4,444,12,Loyal Customers,MENA,46,M,Standard,4333.72,2.870336122599055e-05
GM02166,534,3,189.54,1,1,1,111,3,Lost,Southeast Asia,47,F,Budget,130.99,0.9999999999998461
GM02167,30,34,38613.68,5,5,5,555,15,Champions,North America,19,M,Premium,25759.44,1.0754835780050722e-05
GM02168,162,3,2006.6699999999998,2,1,2,212,5,Potential Loyalists,Europe,26,F,Standard,1332.73,0.2831998579531044
GM02169,146,19,8982.34,2,5,4,254,11,At Risk,North America,64,M,Standard,6026.13,0.07785968541981961
GM02170,37,23,30013.52,4,5,5,455,14,Champions,Europe,19,M,Premium,21063.06,2.3336172360716077e-05
GM02171,336,6,1858.19,1,2,2,122,5,Potential Loyalists,North America,46,F,Standard,1299.02,0.9999985994385769
GM02172,36,11,7555.29,4,3,4,434,11,Loyal Customers,Central Asia,50,F,Standard,5081.01,1.763304093973477e-05
GM02173,22,29,30983.74,5,5,5,555,15,Champions,Europe,27,M,Premium,21214.54,5.41895979024674e-06
GM02174,114,11,5568.08,2,3,3,233,8,Potential Loyalists,Southeast Asia,51,F,Standard,3913.69,0.006796635858025872
GM02175,126,19,6772.04,2,5,4,254,11,At Risk,Europe,61,F,Standard,4568.11,0.01909768384653152
GM02176,84,10,3511.77,3,3,3,333,9,Potential Loyalists,North America,25,F,Standard,2335.4,0.0006602913134972389
GM02177,426,1,20.06,1,1,1,111,3,Lost,Europe,54,F,Budget,13.26,0.9999999991837536
GM02178,63,7,4022.6800000000003,3,2,3,323,8,Potential Loyalists,North America,71,F,Standard,2708.64,0.0001331830510874111
GM02179,106,9,3539.59,2,3,3,233,8,Potential Loyalists,North America,50,Other,Standard,2382.88,0.004236908860889606
GM02180,111,7,1335.46,2,2,2,222,6,Potential Loyalists,MENA,64,M,Budget,913.47,0.007010095229430477
GM02181,448,1,0.0,1,1,1,111,3,Lost,Europe,23,F,Budget,0.0,0.9999999998886202
GM02182,20,34,35995.02,5,5,5,555,15,Champions,Europe,61,M,Premium,23768.83,5.057048557804708e-06
GM02183,548,1,80.44,1,1,1,111,3,Lost,Central Asia,57,M,Budget,58.5,0.9999999999999638
GM02184,345,8,10453.869999999999,1,3,5,135,9,Potential Loyalists,Europe,62,M,Premium,7380.07,0.9999992405860886
GM02185,13,35,38136.99,5,5,5,555,15,Champions,North America,36,M,Premium,25642.52,2.8771147738290158e-06
GM02186,43,15,5480.62,4,4,3,443,11,Loyal Customers,Southeast Asia,49,F,Standard,3751.63,1.905336841247414e-05
GM02187,39,17,10075.97,4,4,4,444,12,Loyal Customers,Southeast Asia,44,F,Standard,6847.39,1.5876875810313746e-05
GM02188,418,2,340.07,1,1,1,111,3,Lost,North America,18,F,Budget,224.84,0.9999999982988903
GM02189,193,12,5667.52,2,3,3,233,8,Potential Loyalists,North America,60,M,Standard,4031.78,0.8211863560987993
GM02190,208,3,236.59,1,1,1,111,3,Lost,North America,69,M,Budget,163.23,0.9585325424389919
GM02191,66,16,5600.25,3,4,3,343,10,Potential Loyalists,Europe,50,F,Standard,3845.23,0.0001413029395131907
GM02192,22,10,3586.63,5,3,3,533,11,Loyal Customers,Southeast Asia,57,M,Standard,2377.09,4.541791556693583e-06
GM02193,182,5,2527.76,2,2,2,222,6,Potential Loyalists,North America,49,F,Standard,1770.01,0.814257523736557
GM02194,292,5,301.93,1,2,1,121,4,Potential Loyalists,North America,22,F,Budget,201.18,0.999950808932761
GM02195,116,14,6894.59,2,4,4,244,10,At Risk,Central Asia,34,F,Standard,4508.53,0.008494974684841467
GM02196,41,3,474.84000000000003,4,1,1,411,6,Recent Customers,MENA,25,F,Budget,295.48,2.8918646536647035e-05
GM02197,197,7,1050.68,2,2,2,222,6,Potential Loyalists,MENA,59,F,Budget,723.7,0.9078752283419413
GM02198,23,37,51402.69,5,5,5,555,15,Champions,Southeast Asia,51,M,Premium,34987.65,8.992899657777315e-06
GM02199,81,14,5173.85,3,4,3,343,10,Potential Loyalists,MENA,26,F,Standard,3499.0,0.00046265345307625614
GM02200,873,1,74.35,1,1,1,111,3,Lost,MENA,40,M,Budget,54.07,1.0
GM02201,135,6,1040.7199999999998,2,2,2,222,6,Potential Loyalists,Southeast Asia,52,M,Budget,728.08,0.04981394349196509
GM02202,50,16,9913.73,4,4,4,444,12,Loyal Customers,Central Asia,67,M,Standard,6710.39,4.231832131788876e-05
GM02203,14,15,6666.32,5,4,4,544,13,Champions,MENA,24,F,Standard,4500.11,2.192658153439411e-06
GM02204,34,7,3564.5,4,2,3,423,9,Recent Customers,Central Asia,32,M,Standard,2240.05,1.2737818179583343e-05
GM02205,120,5,1031.5,2,2,2,222,6,Potential Loyalists,North America,70,M,Standard,662.55,0.015008239805019103
GM02206,77,11,4480.89,3,3,3,333,9,Potential Loyalists,Southeast Asia,71,M,Standard,3041.39,0.00038508030140851993
GM02207,233,7,3180.0400000000004,1,2,3,123,6,Potential Loyalists,Europe,37,F,Standard,2159.26,0.9924042167427872
GM02208,73,19,8895.869999999999,3,5,4,354,12,Potential Loyalists,Southeast Asia,67,F,Standard,5900.94,0.0002376175342817792
GM02209,60,12,5869.0199999999995,3,3,4,334,10,Potential Loyalists,Europe,42,F,Standard,3866.34,0.00010943922976059059
GM02210,160,3,647.9000000000001,2,1,1,211,4,Potential Loyalists,Southeast Asia,20,F,Standard,424.8,0.2741447399206784
GM02211,57,5,2553.84,4,2,2,422,8,Recent Customers,North America,63,M,Standard,1556.64,8.809149182818904e-05
GM02212,55,9,5224.71,4,3,3,433,10,Loyal Customers,North America,41,M,Standard,3349.38,6.107834652164867e-05
GM02213,39,17,8276.78,4,4,4,444,12,Loyal Customers,Central Asia,51,F,Standard,5546.98,1.6968877008323105e-05
GM02214,53,9,6831.29,4,3,4,434,11,Loyal Customers,Southeast Asia,63,M,Premium,4694.55,5.513441156402471e-05
GM02215,30,38,44179.43,5,5,5,555,15,Champions,North America,39,M,Premium,29105.62,1.1421701410240983e-05
GM02216,38,25,31812.059999999998,4,5,5,455,14,Champions,Europe,28,M,Premium,21310.4,2.4148472441349635e-05
GM02217,502,7,3214.11,1,2,3,123,6,Potential Loyalists,North America,65,F,Standard,2206.66,0.9999999999973308
GM02218,118,5,303.55,2,2,1,221,5,Potential Loyalists,Europe,25,M,Budget,207.55,0.017808833645196642
GM02219,19,8,12309.35,5,3,5,535,13,Champions,Southeast Asia,56,F,Premium,8165.23,2.7703896184150584e-06
GM02220,33,16,15975.84,4,4,5,445,13,Champions,Central Asia,60,M,Premium,10769.76,1.2255860901407746e-05
GM02221,216,8,2128.4300000000003,1,3,2,132,6,Potential Loyalists,North America,52,F,Standard,1527.09,0.9703099915357252
GM02222,267,10,3658.45,1,3,3,133,7,Potential Loyalists,MENA,66,M,Standard,2558.02,0.9996123056529242
GM02223,70,1,0.0,3,1,1,311,5,Potential Loyalists,Central Asia,63,M,Budget,0.0,0.0003839054434653785
GM02224,195,16,5622.88,2,4,3,243,9,At Risk,Europe,55,M,Standard,3938.84,0.839149718472805
GM02225,18,13,5863.12,5,4,4,544,13,Champions,Central Asia,25,F,Standard,3905.15,3.0679645866184346e-06
GM02226,86,7,2144.42,3,2,2,322,7,Potential Loyalists,MENA,71,M,Standard,1459.04,0.0008852412077378359
GM02227,39,14,5794.07,4,4,4,444,12,Loyal Customers,Europe,54,F,Standard,4073.38,1.970592689197033e-05
GM02228,23,29,38225.69,5,5,5,555,15,Champions,North America,44,F,Premium,25336.9,7.427757367181566e-06
GM02229,24,26,26461.010000000002,5,5,5,555,15,Champions,Europe,45,F,Premium,17848.69,5.6838043147846726e-06
GM02230,18,32,27146.19,5,5,5,555,15,Champions,Europe,57,M,Premium,17973.46,3.306093981944334e-06
GM02231,288,3,169.3,1,1,1,111,3,Lost,North America,51,M,Budget,123.13,0.9999385601118518
GM02232,62,12,5743.49,3,3,4,334,10,Potential Loyalists,Central Asia,49,M,Standard,3843.31,0.0001189256999884082
GM02233,13,36,43237.06,5,5,5,555,15,Champions,Southeast Asia,32,F,Premium,30479.55,2.8402678565641405e-06
GM02234,148,13,5456.35,2,4,3,243,9,At Risk,Southeast Asia,61,F,Standard,3769.2,0.09489551079684141
GM02235,339,3,940.14,1,1,2,112,4,Lost,North America,34,F,Standard,643.69,0.9999987353949614
GM02236,25,17,6642.59,5,4,4,544,13,Champions,North America,50,F,Standard,4450.06,4.548669460157892e-06
GM02237,59,11,5838.83,3,3,4,334,10,Potential Loyalists,Southeast Asia,64,M,Standard,3823.69,8.67798892534196e-05
GM02238,45,10,2830.7599999999998,4,3,2,432,9,Loyal Customers,Europe,63,M,Standard,1894.67,3.423060753990602e-05
GM02239,108,5,838.46,2,2,2,222,6,Potential Loyalists,Central Asia,69,F,Budget,544.11,0.007008139930153557
GM02240,33,21,31216.09,4,5,5,455,14,Champions,Europe,71,M,Premium,21711.05,1.6343532903346518e-05
GM02241,226,13,7417.68,1,4,4,144,9,At Risk,North America,33,M,Standard,5136.15,0.9855526745676942
GM02242,137,15,4387.79,2,4,3,243,9,At Risk,Central Asia,46,F,Standard,2993.89,0.04546715596843143
GM02243,16,7,2861.76,5,2,2,522,9,Recent Customers,North America,26,M,Standard,2039.1,3.93478588878516e-06
GM02244,83,9,4354.29,3,3,3,333,9,Potential Loyalists,Southeast Asia,50,F,Standard,2914.55,0.0007086463618122758
GM02245,369,1,150.88,1,1,1,111,3,Lost,Southeast Asia,66,F,Budget,99.76,0.9999999094722685
GM02246,413,5,895.77,1,2,2,122,5,Potential Loyalists,MENA,46,F,Budget,646.97,0.9999999971785563
GM02247,66,6,2918.21,3,2,3,323,8,Potential Loyalists,Central Asia,30,M,Standard,1954.59,0.0001954755123877089
GM02248,112,9,3347.73,2,3,3,233,8,Potential Loyalists,North America,38,M,Standard,2201.8,0.006603880972778568
GM02249,25,15,9041.960000000001,5,4,4,544,13,Champions,North America,38,F,Standard,5953.9,5.673884991946257e-06
GM02250,60,8,3107.8,3,3,3,333,9,Potential Loyalists,Central Asia,22,M,Standard,2103.81,0.0001291849834131682
GM02251,96,5,3355.29,3,2,3,323,8,Potential Loyalists,Central Asia,27,M,Standard,2188.32,0.0019442861234802709
GM02252,55,21,29299.85,4,5,5,455,14,Champions,Southeast Asia,23,M,Premium,19509.73,8.156212660012406e-05
GM02253,70,14,6634.12,3,4,4,344,11,Potential Loyalists,North America,68,M,Standard,4598.21,0.0001787578051513124
GM02254,408,8,2336.15,1,3,2,132,6,Potential Loyalists,North America,30,M,Standard,1614.23,0.9999999954048564
GM02255,78,7,1155.46,3,2,2,322,7,Potential Loyalists,Southeast Asia,18,F,Budget,741.94,0.0004677887281145687
GM02256,195,5,510.71000000000004,2,2,1,221,5,Potential Loyalists,North America,37,M,Budget,337.66,0.8732054229484477
GM02257,360,13,13139.9,1,4,5,145,10,At Risk,MENA,64,M,Premium,9225.18,0.9999997390087139
GM02258,60,14,10278.31,3,4,5,345,12,Potential Loyalists,MENA,63,F,Premium,7065.59,9.222231162709552e-05
GM02259,81,5,238.01999999999998,3,2,1,321,6,Potential Loyalists,Europe,25,Other,Budget,153.45,0.0007582077529783084
GM02260,171,9,4883.37,2,3,3,233,8,Potential Loyalists,MENA,27,M,Standard,3282.65,0.5195454550156478
GM02261,21,4,967.74,5,1,2,512,8,Recent Customers,North America,26,M,Budget,617.88,5.187712810738991e-06
GM02262,34,29,31446.5,4,5,5,455,14,Champions,North America,66,F,Premium,21151.01,1.45616806598584e-05
GM02263,62,12,6087.07,3,3,4,334,10,Potential Loyalists,Southeast Asia,58,F,Standard,3908.76,9.838135911107666e-05
GM02264,91,3,1979.83,3,1,2,312,6,Potential Loyalists,MENA,20,F,Standard,1326.35,0.0013281598086203712
GM02265,178,3,627.7,2,1,1,211,4,Potential Loyalists,North America,28,F,Budget,405.67,0.635074388344029
GM02266,23,38,44736.62,5,5,5,555,15,Champions,North America,29,M,Premium,30827.1,6.607942397146967e-06
GM02267,73,5,1257.8400000000001,3,2,2,322,7,Potential Loyalists,North America,27,F,Standard,798.99,0.00031614392775784924
GM02268,29,17,6347.7,5,4,4,544,13,Champions,North America,42,M,Standard,4254.39,6.746148055567413e-06
GM02269,213,5,752.87,1,2,2,122,5,Potential Loyalists,Europe,66,F,Budget,522.0,0.9722099748747535
GM02270,30,3,582.22,5,1,1,511,7,Recent Customers,MENA,66,F,Budget,373.34,1.739122730372512e-05
GM02271,111,4,632.87,2,1,1,211,4,Potential Loyalists,Central Asia,42,F,Budget,432.66,0.009198802018682893
GM02272,712,1,40.31,1,1,1,111,3,Lost,MENA,28,M,Budget,29.32,1.0
GM02273,63,21,28370.55,3,5,5,355,13,Champions,MENA,71,M,Premium,19247.55,0.0001780976983044035
GM02274,27,37,41000.58,5,5,5,555,15,Champions,North America,53,F,Premium,28229.18,7.999079603264443e-06
GM02275,298,8,12017.08,1,3,5,135,9,Potential Loyalists,Southeast Asia,56,F,Premium,8462.22,0.9999562649501935
GM02276,174,12,4528.02,2,3,3,233,8,Potential Loyalists,North America,70,F,Standard,3188.66,0.5048432202698598
GM02277,280,5,460.06,1,2,1,121,4,Potential Loyalists,North America,43,M,Budget,328.37,0.9998633821857404
GM02278,115,3,765.46,2,1,2,212,5,Potential Loyalists,MENA,31,M,Budget,503.68,0.01100900733870418
GM02279,37,38,42034.39,4,5,5,455,14,Champions,North America,56,F,Premium,28796.78,2.0022309545158053e-05
GM02280,19,13,6030.47,5,4,4,544,13,Champions,Central Asia,57,M,Standard,3932.25,3.8062853022712315e-06
GM02281,223,2,220.77,1,1,1,111,3,Lost,Europe,18,F,Budget,145.96,0.9876780446718804
GM02282,34,18,10417.52,4,5,5,455,14,Champions,Europe,71,M,Standard,7048.23,1.1725297007205612e-05
GM02283,44,30,36169.46,4,5,5,455,14,Champions,MENA,21,F,Premium,24548.11,3.862782781133054e-05
GM02284,286,8,3665.25,1,3,3,133,7,Potential Loyalists,Central Asia,47,F,Standard,2587.82,0.9999061388469126
GM02285,262,10,3784.84,1,3,3,133,7,Potential Loyalists,Europe,29,F,Standard,2650.42,0.9992854412676535
GM02286,231,5,3262.3,1,2,3,123,6,Potential Loyalists,Europe,52,M,Standard,2279.03,0.9910935362758732
GM02287,62,12,5644.51,3,3,3,333,9,Potential Loyalists,Southeast Asia,30,F,Standard,3798.28,9.841816910487671e-05
GM02288,20,22,26595.4,5,5,5,555,15,Champions,Europe,69,M,Premium,18211.29,4.786623879359385e-06
GM02289,177,4,307.43,2,1,1,211,4,Potential Loyalists,MENA,48,F,Budget,194.76,0.6499522707892561
GM02290,20,8,5181.7,5,3,3,533,11,Loyal Customers,Europe,55,M,Standard,3502.55,3.953117712979105e-06
GM02291,512,4,1455.62,1,1,2,112,4,Lost,North America,60,M,Standard,1052.72,0.9999999999989335
GM02292,381,7,1010.31,1,2,2,122,5,Potential Loyalists,Europe,40,M,Budget,721.04,0.9999999596260304
GM02293,14,37,51508.9,5,5,5,555,15,Champions,Europe,21,M,Premium,35209.1,5.009175649754912e-06
GM02294,13,28,42811.26,5,5,5,555,15,Champions,MENA,69,F,Premium,29252.44,3.975194204539235e-06
GM02295,183,6,642.04,2,2,1,221,5,Potential Loyalists,Central Asia,33,M,Budget,431.99,0.733500562585417
GM02296,33,19,9395.4,4,5,4,454,13,Champions,Central Asia,24,F,Standard,6292.61,9.72791492113541e-06
GM02297,206,5,616.71,1,2,1,121,4,Potential Loyalists,Europe,39,Other,Budget,414.87,0.9499400182826863
GM02298,57,10,3463.21,4,3,3,433,10,Loyal Customers,Central Asia,46,M,Standard,2413.04,9.797604750246405e-05
GM02299,49,19,28785.39,4,5,5,455,14,Champions,Central Asia,28,F,Premium,19758.03,5.622219036705949e-05
GM02300,59,15,7479.719999999999,3,4,4,344,11,Potential Loyalists,Europe,50,M,Standard,5035.54,8.976750774379762e-05
GM02301,96,13,11424.92,3,4,5,345,12,Potential Loyalists,North America,46,M,Premium,7891.46,0.0017604753887354137
GM02302,14,7,1563.46,5,2,2,522,9,Recent Customers,North America,56,M,Budget,1031.55,2.652715761167761e-06
GM02303,133,14,7755.42,2,4,4,244,10,At Risk,MENA,29,F,Standard,5233.9,0.03313275821235563
GM02304,608,2,415.62,1,1,1,111,3,Lost,Europe,24,M,Budget,302.27,0.9999999999999996
GM02305,158,4,371.85999999999996,2,1,1,211,4,Potential Loyalists,Southeast Asia,56,F,Budget,266.32,0.25884128635983644
GM02306,16,15,15092.9,5,4,5,545,14,Champions,MENA,59,F,Premium,10357.07,3.179935469797958e-06
GM02307,46,2,232.12,4,1,1,411,6,Recent Customers,Central Asia,65,F,Budget,145.48,5.200475547681536e-05
GM02308,78,7,3593.75,3,2,3,323,8,Potential Loyalists,North America,43,M,Standard,2535.49,0.00044230035244751395
GM02309,157,10,3382.8199999999997,2,3,3,233,8,Potential Loyalists,Central Asia,57,F,Standard,2325.34,0.2647488438036178
GM02310,312,3,819.3199999999999,1,1,2,112,4,Lost,Europe,26,F,Budget,541.7,0.9999911217148644
GM02311,101,4,2072.2799999999997,3,1,2,312,6,Potential Loyalists,MENA,58,F,Standard,1507.11,0.003000534233143146
GM02312,104,17,9507.42,2,4,4,244,10,At Risk,Southeast Asia,51,F,Standard,6519.08,0.002818662909818833
GM02313,15,12,5082.9,5,3,3,533,11,Loyal Customers,MENA,62,F,Standard,3288.53,2.8664719978619818e-06
GM02314,66,8,4679.17,3,3,3,333,9,Potential Loyalists,North America,30,M,Standard,3166.73,0.0001607746963731158
GM02315,77,17,23594.99,3,4,5,345,12,Potential Loyalists,Southeast Asia,53,M,Premium,15997.49,0.0004429575391292819
GM02316,28,12,5182.05,5,3,3,533,11,Loyal Customers,Europe,42,M,Standard,3383.06,7.45740532596202e-06
GM02317,127,7,3108.21,2,2,3,223,7,Potential Loyalists,Europe,41,M,Standard,2091.69,0.023659082352509374
GM02318,34,12,16449.03,4,3,5,435,12,Loyal Customers,MENA,61,M,Premium,11248.67,1.1466581473640545e-05
GM02319,35,19,17275.03,4,5,5,455,14,Champions,MENA,34,M,Premium,11649.19,1.3162055473892512e-05
GM02320,49,12,5088.84,4,3,3,433,10,Loyal Customers,MENA,19,M,Standard,3325.84,3.865341681560472e-05
GM02321,486,3,286.63,1,1,1,111,3,Lost,Southeast Asia,30,Other,Standard,196.55,0.9999999999923193
GM02322,206,6,537.33,1,2,1,121,4,Potential Loyalists,North America,48,M,Budget,365.79,0.9526498320454386
GM02323,350,5,2784.46,1,2,2,122,5,Potential Loyalists,North America,46,F,Standard,1991.9,0.999999556327959
GM02324,103,11,6221.25,3,3,4,334,10,Potential Loyalists,Europe,67,F,Standard,4333.99,0.0036661564862006924
GM02325,65,17,8045.42,3,4,4,344,11,Potential Loyalists,North America,45,F,Standard,5797.47,0.00012926911406412473
GM02326,83,12,6318.65,3,3,4,334,10,Potential Loyalists,Southeast Asia,44,F,Standard,4250.19,0.0005342741627230882
GM02327,14,17,5097.84,5,4,3,543,12,Loyal Customers,North America,32,M,Standard,3446.23,1.7438551079290986e-06
GM02328,303,4,339.77,1,1,1,111,3,Lost,Central Asia,48,M,Budget,244.55,0.9999828152099964
GM02329,44,7,845.35,4,2,2,422,8,Recent Customers,North America,57,M,Budget,548.69,3.236932559986864e-05
GM02330,44,6,857.34,4,2,2,422,8,Recent Customers,Central Asia,32,M,Budget,589.8,3.564317310607009e-05
GM02331,351,1,122.14,1,1,1,111,3,Lost,Europe,50,F,Budget,80.75,0.9999996704698682
GM02332,94,10,4689.41,3,3,3,333,9,Potential Loyalists,Central Asia,37,F,Standard,3223.6,0.002124158068734282
GM02333,127,10,3781.02,2,3,3,233,8,Potential Loyalists,North America,59,M,Standard,2577.7,0.026795090329028652
GM02334,126,14,6036.44,2,4,4,244,10,At Risk,North America,29,M,Standard,4154.53,0.019927943791297635
GM02335,183,8,3015.35,2,3,3,233,8,Potential Loyalists,Central Asia,54,M,Standard,2067.87,0.7066675557474837
GM02336,192,3,238.12,2,1,1,211,4,Potential Loyalists,MENA,26,M,Budget,167.41,0.8555567715203531
GM02337,62,14,3795.35,3,4,3,343,10,Potential Loyalists,MENA,40,F,Standard,2603.46,0.00012915737446538746
GM02338,15,5,724.76,5,2,2,522,9,Recent Customers,Europe,25,M,Budget,482.34,3.3035366062812795e-06
GM02339,112,18,6373.28,2,5,4,254,11,At Risk,Europe,49,F,Standard,4381.6,0.005506867887816256
GM02340,36,1,17.61,4,1,1,411,6,Recent Customers,MENA,65,M,Budget,10.58,1.9749651040353803e-05
GM02341,25,9,4582.64,5,3,3,533,11,Loyal Customers,North America,31,M,Standard,3131.65,5.992062351851489e-06
GM02342,142,11,3347.25,2,3,3,233,8,Potential Loyalists,Central Asia,44,F,Standard,2406.24,0.08992065715858538
GM02343,57,18,9288.48,4,5,4,454,13,Champions,Central Asia,42,F,Standard,6380.52,7.476664052947032e-05
GM02344,171,1,22.77,2,1,1,211,4,Potential Loyalists,Europe,30,Other,Budget,13.69,0.5592036338163994
GM02345,697,1,108.88,1,1,1,111,3,Lost,Southeast Asia,38,F,Budget,79.19,1.0
GM02346,15,18,4321.23,5,5,3,553,13,Champions,North America,62,M,Standard,2952.82,1.804018215381962e-06
GM02347,124,8,4545.89,2,3,3,233,8,Potential Loyalists,North America,48,M,Standard,3108.68,0.019401928631971075
GM02348,18,17,10017.31,5,4,4,544,13,Champions,Europe,54,F,Standard,6727.27,3.1537276508321943e-06
GM02349,40,5,514.4200000000001,4,2,1,421,7,Recent Customers,North America,65,F,Budget,367.39,4.103733858820745e-05
GM02350,31,18,9647.27,5,5,4,554,14,Champions,Central Asia,60,F,Standard,6343.61,9.098372251204533e-06
GM02351,139,4,1583.0,2,1,2,212,5,Potential Loyalists,North America,71,M,Standard,1146.16,0.0659193024372829
GM02352,92,7,3268.5299999999997,3,2,3,323,8,Potential Loyalists,Southeast Asia,22,Other,Standard,2153.31,0.0012991905160124567
GM02353,157,13,5452.49,2,4,3,243,9,At Risk,North America,30,M,Standard,3679.47,0.1865433448444279
GM02354,82,38,38156.66,3,5,5,355,13,Champions,Southeast Asia,45,F,Premium,25549.78,0.0006332497967255282
GM02355,67,4,2078.76,3,1,2,312,6,Potential Loyalists,North America,60,F,Standard,1311.49,0.00025788442194754065
GM02356,66,7,1695.3600000000001,3,2,2,322,7,Potential Loyalists,Europe,42,M,Budget,1081.64,0.00019611083400616073
GM02357,479,2,198.55,1,1,1,111,3,Lost,Southeast Asia,68,F,Budget,141.67,0.9999999999882436
GM02358,15,16,21877.82,5,4,5,545,14,Champions,Central Asia,52,M,Premium,14817.29,3.4609234205177044e-06
GM02359,103,3,394.99,3,1,1,311,5,Potential Loyalists,MENA,64,Other,Budget,262.78,0.004461403253282455
GM02360,58,11,5111.44,3,3,3,333,9,Potential Loyalists,Europe,56,M,Standard,3555.51,8.12698297632367e-05
GM02361,38,31,43553.159999999996,4,5,5,455,14,Champions,Central Asia,24,F,Premium,29617.95,2.8373991546025673e-05
GM02362,53,24,23515.8,4,5,5,455,14,Champions,MENA,55,M,Premium,15867.68,6.445172708824075e-05
GM02363,35,36,44958.82,4,5,5,455,14,Champions,Europe,49,F,Premium,30675.06,2.149301684191806e-05
GM02364,114,7,713.38,2,2,2,222,6,Potential Loyalists,MENA,20,F,Budget,485.13,0.010785605331360736
GM02365,75,8,7544.72,3,3,4,334,10,Potential Loyalists,North America,62,M,Premium,4850.44,0.0003326632741218754
GM02366,145,11,5313.68,2,3,3,233,8,Potential Loyalists,Central Asia,56,M,Standard,3722.91,0.09179858996648876
GM02367,25,1,159.28,5,1,1,511,7,Recent Customers,Europe,54,F,Budget,95.74,8.288129664565473e-06
GM02368,91,12,5562.91,3,3,3,333,9,Potential Loyalists,North America,67,M,Standard,3644.2,0.0010712718395093337
GM02369,218,6,540.4,1,2,1,121,4,Potential Loyalists,Europe,39,F,Budget,380.24,0.9863905924636677
GM02370,109,7,4254.13,2,2,3,223,7,Potential Loyalists,North America,25,M,Standard,2960.11,0.0054870306758428135
GM02371,69,36,40490.72,3,5,5,355,13,Champions,North America,34,F,Premium,27720.84,0.00027211173339431886
GM02372,244,6,985.01,1,2,2,122,5,Potential Loyalists,North America,69,M,Budget,693.62,0.9975415715925853
GM02373,53,13,4519.5,4,4,3,443,11,Loyal Customers,North America,44,M,Standard,3039.26,4.9344931268056906e-05
GM02374,113,8,5681.36,2,3,3,233,8,Potential Loyalists,MENA,50,M,Standard,4033.96,0.008134730728234398
GM02375,14,14,6583.0,5,4,4,544,13,Champions,North America,63,M,Standard,4413.27,2.162505582932419e-06
GM02376,32,27,35186.62,4,5,5,455,14,Champions,Europe,34,M,Premium,23601.23,1.4329627734208245e-05
GM02377,118,4,297.58,2,1,1,211,4,Potential Loyalists,Europe,59,F,Budget,191.08,0.016065472326023386
GM02378,28,11,5135.86,5,3,3,533,11,Loyal Customers,North America,29,F,Standard,3370.4,8.557057398126585e-06
GM02379,19,31,40431.49,5,5,5,555,15,Champions,MENA,65,F,Premium,27821.16,5.493460384437177e-06
GM02380,169,6,684.0799999999999,2,2,2,222,6,Potential Loyalists,North America,63,F,Budget,462.78,0.4450595652654805
GM02381,43,16,6978.16,4,4,4,444,12,Loyal Customers,North America,44,M,Standard,4596.5,2.101881454251609e-05
GM02382,98,12,5263.38,3,3,3,333,9,Potential Loyalists,Southeast Asia,65,F,Standard,3621.25,0.0018886589847518028
GM02383,366,4,3183.8900000000003,1,1,3,113,5,Lost,Southeast Asia,25,M,Standard,2191.54,0.9999998267148467
GM02384,601,2,164.14,1,1,1,111,3,Lost,MENA,40,F,Budget,119.37,0.9999999999999996
GM02385,26,36,35246.33,5,5,5,555,15,Champions,Europe,59,M,Premium,23610.9,7.121564223255693e-06
GM02386,20,4,1983.69,5,1,2,512,8,Recent Customers,North America,66,M,Standard,1311.53,5.769679148499198e-06
GM02387,27,8,2296.21,5,3,2,532,10,Loyal Customers,MENA,46,M,Standard,1542.33,6.913648114684975e-06
GM02388,16,35,48607.09,5,5,5,555,15,Champions,North America,67,F,Premium,32717.46,4.923819692679748e-06
GM02389,114,16,9641.48,2,4,4,244,10,At Risk,North America,37,M,Standard,6472.67,0.00638515083076878
GM02390,17,11,5071.4800000000005,5,3,3,533,11,Loyal Customers,North America,33,F,Standard,3431.09,2.7237176275009352e-06
GM02391,87,8,3114.92,3,3,3,333,9,Potential Loyalists,MENA,34,M,Standard,2086.29,0.0008887472366408694
GM02392,124,10,14394.57,2,3,5,235,10,Potential Loyalists,Europe,33,F,Premium,10456.59,0.017530278246933168
GM02393,33,15,7577.49,4,4,4,444,12,Loyal Customers,MENA,36,F,Standard,5034.93,9.939795348114128e-06
GM02394,258,1,24.88,1,1,1,111,3,Lost,Europe,25,M,Budget,16.45,0.999390106646644
GM02395,322,6,2139.2,1,2,2,122,5,Potential Loyalists,Southeast Asia,55,F,Standard,1441.17,0.9999954086319077
GM02396,27,14,5944.08,5,4,4,544,13,Champions,Europe,55,F,Standard,3897.07,6.227813266562635e-06
GM02397,40,6,940.43,4,2,2,422,8,Recent Customers,Europe,70,F,Standard,627.25,2.387170383951146e-05
GM02398,56,16,7164.0,4,4,4,444,12,Loyal Customers,Central Asia,46,F,Standard,4906.29,6.361279676363169e-05
GM02399,48,33,39808.770000000004,4,5,5,455,14,Champions,North America,58,F,Premium,27319.12,5.4334900078584255e-05
GM02400,51,16,8328.74,4,4,4,444,12,Loyal Customers,North America,53,F,Standard,5698.43,3.929384154712929e-05
GM02401,31,11,5010.18,5,3,3,533,11,Loyal Customers,Europe,43,M,Standard,3288.3,1.0267514315971026e-05
GM02402,20,6,672.92,5,2,2,522,9,Recent Customers,Central Asia,48,F,Budget,431.97,4.705653313380357e-06
GM02403,71,19,6026.72,3,5,4,354,12,Potential Loyalists,MENA,61,M,Standard,4075.19,0.00022439987095521823
GM02404,676,1,78.12,1,1,1,111,3,Lost,Europe,29,M,Budget,56.81,1.0
GM02405,401,4,1426.95,1,1,2,112,4,Lost,North America,34,F,Standard,943.44,0.9999999918816934
GM02406,902,1,36.6,1,1,1,111,3,Lost,North America,32,M,Budget,26.62,1.0
GM02407,255,3,1152.19,1,1,2,112,4,Lost,Europe,26,M,Standard,761.78,0.9989397421014771
GM02408,70,17,7297.09,3,4,4,344,11,Potential Loyalists,Europe,56,F,Standard,5213.18,0.00022390275776788173
GM02409,67,7,753.92,3,2,2,322,7,Potential Loyalists,Southeast Asia,59,F,Budget,507.54,0.00017583505525063284
GM02410,13,30,37049.09,5,5,5,555,15,Champions,MENA,65,F,Premium,24688.23,3.23297728955544e-06
GM02411,61,13,10431.619999999999,3,4,5,345,12,Potential Loyalists,North America,29,F,Premium,6891.69,0.00011180009263036187
GM02412,34,37,43941.44,4,5,5,455,14,Champions,Europe,49,F,Premium,30054.56,1.826573508587942e-05
GM02413,151,4,527.95,2,1,1,211,4,Potential Loyalists,MENA,42,M,Budget,348.54,0.17047701134974338
GM02414,67,19,27917.53,3,5,5,355,13,Champions,Central Asia,56,M,Premium,19027.92,0.00023597623022479503
GM02415,69,7,927.05,3,2,2,322,7,Potential Loyalists,MENA,35,F,Budget,598.21,0.00030769596756184025
GM02416,43,5,3642.16,4,2,3,423,9,Recent Customers,Southeast Asia,32,M,Standard,2546.43,2.0855289363457633e-05
GM02417,91,14,21336.2,3,4,5,345,12,Potential Loyalists,MENA,49,F,Premium,14115.39,0.0013489673968084574
GM02418,280,5,2364.49,1,2,2,122,5,Potential Loyalists,Central Asia,23,F,Standard,1671.97,0.9998879928651758
GM02419,90,14,13724.03,3,4,5,345,12,Potential Loyalists,Central Asia,61,M,Premium,8953.11,0.0013154513858936953
GM02420,255,4,1314.13,1,1,2,112,4,Lost,MENA,60,F,Standard,952.9,0.9988695628331205
GM02421,94,17,9596.73,3,4,4,344,11,Potential Loyalists,Europe,69,F,Standard,6473.94,0.001461367858877205
GM02422,158,9,4248.5599999999995,2,3,3,233,8,Potential Loyalists,Central Asia,52,M,Standard,2738.05,0.2650168570678523
GM02423,98,15,21454.32,3,4,5,345,12,Potential Loyalists,North America,51,Other,Premium,14516.3,0.0026889773159901684
GM02424,163,11,6966.73,2,3,4,234,9,Potential Loyalists,MENA,55,F,Standard,4883.1,0.3003271510576916
GM02425,732,1,289.97,1,1,1,111,3,Lost,Europe,71,M,Budget,210.89,1.0
GM02426,240,7,2171.99,1,2,2,122,5,Potential Loyalists,Southeast Asia,22,F,Standard,1547.62,0.9954154500002261
GM02427,196,5,713.61,2,2,2,222,6,Potential Loyalists,Central Asia,35,F,Budget,500.21,0.8941490068303438
GM02428,67,6,3369.71,3,2,3,323,8,Potential Loyalists,Southeast Asia,33,F,Standard,2242.76,0.0001720012620333575
GM02429,14,7,1125.23,5,2,2,522,9,Recent Customers,Europe,25,F,Budget,726.89,2.9289747962305296e-06
GM02430,51,17,8156.570000000001,4,4,4,444,12,Loyal Customers,Southeast Asia,42,F,Standard,5567.03,3.6989184401774925e-05
GM02431,41,30,37314.01,4,5,5,455,14,Champions,North America,49,M,Premium,25044.7,2.8356085543320594e-05
GM02432,72,3,443.41999999999996,3,1,1,311,5,Potential Loyalists,North America,43,F,Budget,305.3,0.0005365503308052179
GM02433,105,5,535.21,2,2,1,221,5,Potential Loyalists,Southeast Asia,69,F,Budget,350.03,0.004645714797118259
GM02434,26,17,7619.47,5,4,4,544,13,Champions,Europe,39,M,Standard,5099.99,6.132844229620054e-06
GM02435,128,6,2298.9500000000003,2,2,2,222,6,Potential Loyalists,Southeast Asia,48,M,Standard,1506.47,0.02491538349261523
GM02436,458,3,1611.55,1,1,2,112,4,Lost,MENA,60,Other,Standard,1143.4,0.9999999999161107
GM02437,18,14,2669.83,5,4,2,542,11,Loyal Customers,MENA,27,F,Standard,1769.04,3.234475102621037e-06
GM02438,45,5,1070.21,4,2,2,422,8,Recent Customers,Europe,29,F,Budget,689.06,3.912517453868383e-05
GM02439,15,38,38419.7,5,5,5,555,15,Champions,MENA,70,F,Premium,25914.34,2.8819871444220126e-06
GM02440,80,5,465.2,3,2,1,321,6,Potential Loyalists,Europe,45,F,Budget,313.99,0.0007101131224897358
GM02441,110,16,5632.85,2,4,3,243,9,At Risk,North America,23,F,Standard,3847.77,0.005496090000015068
GM02442,213,7,849.78,1,2,2,122,5,Potential Loyalists,MENA,37,F,Budget,572.97,0.9666506635165638
GM02443,17,6,1020.8399999999999,5,2,2,522,9,Recent Customers,North America,22,M,Budget,633.42,3.498047261459897e-06
GM02444,72,14,5864.21,3,4,4,344,11,Potential Loyalists,North America,40,F,Standard,3837.24,0.00022257213903949304
GM02445,50,13,5025.15,4,4,3,443,11,Loyal Customers,MENA,26,F,Standard,3320.95,4.0731665239919215e-05
GM02446,516,3,350.4,1,1,1,111,3,Lost,Europe,46,F,Budget,253.37,0.9999999999994178
GM02447,33,9,4416.24,4,3,3,433,10,Loyal Customers,Europe,33,F,Standard,3005.08,1.1526137378276941e-05
GM02448,30,15,5631.57,5,4,3,543,12,Loyal Customers,Europe,71,F,Standard,3861.9,8.551624170485686e-06
GM02449,52,11,4716.09,4,3,3,433,10,Loyal Customers,Central Asia,63,M,Standard,3331.76,5.3420242203521874e-05
GM02450,51,19,22945.66,4,5,5,455,14,Champions,Europe,39,M,Premium,15595.59,5.411852301005356e-05
GM02451,583,3,309.23,1,1,1,111,3,Lost,Europe,25,M,Budget,224.89,0.9999999999999978
GM02452,26,16,8802.89,5,4,4,544,13,Champions,Southeast Asia,37,M,Premium,5539.01,5.872628200895592e-06
GM02453,81,5,546.52,3,2,1,321,6,Potential Loyalists,North America,68,Other,Budget,348.8,0.000705256158536435
GM02454,14,13,4601.2,5,4,3,543,12,Loyal Customers,Europe,31,M,Standard,3182.21,2.409713960941172e-06
GM02455,171,13,7689.88,2,4,4,244,10,At Risk,North America,56,M,Standard,5001.89,0.41923300160760213
GM02456,40,17,7846.75,4,4,4,444,12,Loyal Customers,Europe,54,F,Standard,5433.5,2.1680575778130678e-05
GM02457,55,15,5868.5,4,4,4,444,12,Loyal Customers,MENA,67,F,Standard,3915.15,6.041213377630449e-05
GM02458,306,6,1708.52,1,2,2,122,5,Potential Loyalists,North America,51,M,Standard,1156.35,0.9999849279241495
GM02459,154,5,3169.33,2,2,3,223,7,Potential Loyalists,MENA,28,F,Standard,2117.68,0.1707516320811864
GM02460,66,18,8260.53,3,5,4,354,12,Potential Loyalists,MENA,71,F,Standard,5578.97,0.00013791615930606985
GM02461,144,2,76.7,2,1,1,211,4,Potential Loyalists,Southeast Asia,57,M,Budget,47.04,0.10650214869027802
GM02462,246,8,2108.79,1,3,2,132,6,Potential Loyalists,Southeast Asia,50,M,Standard,1425.91,0.9970242384115844
GM02463,44,19,9276.26,4,5,4,454,13,Champions,North America,48,F,Standard,6421.29,2.1734835347357613e-05
GM02464,754,3,421.14,1,1,1,111,3,Lost,North America,71,F,Budget,306.28,1.0
GM02465,157,11,14792.0,2,3,5,235,10,Potential Loyalists,North America,61,F,Premium,10182.41,0.21995843664377068
GM02466,154,11,5123.21,2,3,3,233,8,Potential Loyalists,Europe,51,M,Standard,3463.34,0.1866587843830934
GM02467,36,6,3019.84,4,2,3,423,9,Recent Customers,MENA,67,M,Standard,1964.38,1.5068758815689857e-05
GM02468,38,11,3488.0699999999997,4,3,3,433,10,Loyal Customers,Central Asia,24,F,Standard,2360.03,1.5755095342174603e-05
GM02469,91,3,1445.33,3,1,2,312,6,Potential Loyalists,MENA,66,M,Standard,946.64,0.0014948944911218963
GM02470,39,5,2287.0,4,2,2,422,8,Recent Customers,MENA,71,M,Standard,1471.51,1.9865329108064925e-05
GM02471,192,8,2834.75,2,3,2,232,7,Potential Loyalists,Europe,40,F,Standard,1960.06,0.8241596661990508
GM02472,22,13,8858.59,5,4,4,544,13,Champions,Southeast Asia,63,M,Standard,6025.9,4.475944601836302e-06
GM02473,351,5,560.42,1,2,1,121,4,Potential Loyalists,Southeast Asia,24,F,Budget,377.88,0.9999995178357535
GM02474,25,11,5125.57,5,3,3,533,11,Loyal Customers,North America,71,F,Standard,3419.21,5.210591918120612e-06
GM02475,78,12,6290.6900000000005,3,3,4,334,10,Potential Loyalists,MENA,42,M,Standard,4116.96,0.00036747123582689785
GM02476,32,8,9020.96,4,3,4,434,11,Loyal Customers,Southeast Asia,20,F,Premium,6241.4,9.034607899360356e-06
GM02477,327,4,514.0,1,1,1,111,3,Lost,Europe,55,M,Budget,361.04,0.9999970640367405
GM02478,27,3,1646.4499999999998,5,1,2,512,8,Recent Customers,North America,37,F,Standard,989.6,7.040780675578908e-06
GM02479,248,5,3728.35,1,2,3,123,6,Potential Loyalists,Europe,51,M,Standard,2532.25,0.9977926431551399
GM02480,911,1,89.97,1,1,1,111,3,Lost,North America,66,M,Budget,65.43,1.0
GM02481,82,11,3502.05,3,3,3,333,9,Potential Loyalists,Europe,61,F,Standard,2411.07,0.0006695275240303679
GM02482,110,13,6343.67,2,4,4,244,10,At Risk,Southeast Asia,61,M,Standard,4335.78,0.004793958085889255
GM02483,215,13,7985.25,1,4,4,144,9,At Risk,Southeast Asia,47,F,Standard,5461.84,0.9630735646601231
GM02484,55,28,39877.9,4,5,5,455,14,Champions,Europe,34,M,Premium,27100.2,0.0001187388287204284
GM02485,624,2,73.8,1,1,1,111,3,Lost,MENA,27,M,Budget,53.67,1.0
GM02486,214,24,19026.89,1,5,5,155,11,At Risk,Southeast Asia,52,F,Premium,13285.23,0.9584191439467373
GM02487,84,5,1998.97,3,2,2,322,7,Potential Loyalists,MENA,37,M,Standard,1341.96,0.0007459168602666166
GM02488,19,33,39897.77,5,5,5,555,15,Champions,Southeast Asia,35,M,Premium,26835.46,4.652259189737056e-06
GM02489,368,2,258.71000000000004,1,1,1,111,3,Lost,North America,62,F,Budget,179.65,0.9999998963554843
GM02490,41,24,26251.97,4,5,5,455,14,Champions,MENA,61,F,Premium,17205.92,2.479956959203128e-05
GM02491,32,19,9978.380000000001,4,5,4,454,13,Champions,Europe,44,F,Standard,6652.54,1.0471469748510872e-05
GM02492,101,16,6217.91,3,4,4,344,11,Potential Loyalists,Europe,66,Other,Standard,4268.08,0.0027155310133721734
GM02493,314,4,1027.96,1,1,2,112,4,Lost,North America,53,M,Standard,741.04,0.9999908113709756
GM02494,26,17,7512.2699999999995,5,4,4,544,13,Champions,MENA,40,F,Standard,4925.01,5.243984221663872e-06
GM02495,92,12,5922.24,3,3,4,334,10,Potential Loyalists,MENA,49,M,Standard,4087.04,0.0012367407335896064
GM02496,47,15,4846.54,4,4,3,443,11,Loyal Customers,MENA,27,F,Standard,3069.14,2.8837303364727417e-05
GM02497,43,19,8838.72,4,5,4,454,13,Champions,North America,28,M,Standard,5999.96,2.0595362454345084e-05
GM02498,174,6,2836.4700000000003,2,2,2,222,6,Potential Loyalists,Southeast Asia,55,Other,Standard,1812.85,0.5098175267491216
GM02499,39,14,5111.16,4,4,3,443,11,Loyal Customers,Southeast Asia,23,F,Standard,3548.09,1.5620705065290223e-05
GM02500,424,9,2449.7,1,3,2,132,6,Potential Loyalists,MENA,58,F,Standard,1767.16,0.999999998563075
GM02501,382,3,338.96999999999997,1,1,1,111,3,Lost,North America,64,F,Budget,225.92,0.9999999787796838
GM02502,154,15,5297.77,2,4,3,243,9,At Risk,North America,51,F,Standard,3607.79,0.15387761238947087
GM02503,26,34,49027.97,5,5,5,555,15,Champions,North America,53,F,Premium,33127.37,1.1307827967153992e-05
GM02504,142,11,3510.91,2,3,3,233,8,Potential Loyalists,Southeast Asia,54,M,Standard,2415.07,0.06425254409589175
GM02505,153,3,143.32,2,1,1,211,4,Potential Loyalists,Europe,34,M,Budget,89.52,0.24108011369887522
GM02506,65,16,24507.44,3,4,5,345,12,Potential Loyalists,Central Asia,57,M,Premium,16379.77,0.00022798351610414487
GM02507,159,18,8675.23,2,5,4,254,11,At Risk,Southeast Asia,57,M,Standard,5778.55,0.21321858147659714
GM02508,154,4,1150.07,2,1,2,212,5,Potential Loyalists,MENA,71,F,Standard,719.7,0.20823398470175788
GM02509,58,19,21542.510000000002,3,5,5,355,13,Champions,North America,29,F,Premium,14276.61,9.921565153523801e-05
GM02510,468,7,727.5,1,2,2,122,5,Potential Loyalists,Southeast Asia,38,F,Budget,517.83,0.999999999962375
GM02511,78,10,6061.96,3,3,4,334,10,Potential Loyalists,Central Asia,57,Other,Standard,4107.64,0.0005310128680848045
GM02512,18,5,1294.77,5,2,2,522,9,Recent Customers,Southeast Asia,36,F,Standard,854.84,3.5669950714966064e-06
GM02513,183,2,93.53,2,1,1,211,4,Potential Loyalists,MENA,20,M,Budget,62.99,0.7609927134469948
GM02514,15,9,4823.19,5,3,3,533,11,Loyal Customers,MENA,35,M,Standard,3210.73,2.410850247183929e-06
GM02515,125,6,406.2,2,2,1,221,5,Potential Loyalists,North America,70,M,Budget,280.76,0.024229997316786357
GM02516,16,18,5782.8,5,5,4,554,14,Champions,Southeast Asia,68,M,Standard,3961.91,2.144812884375601e-06
GM02517,60,6,2118.64,3,2,2,322,7,Potential Loyalists,Central Asia,36,F,Standard,1414.34,0.00010582229019138704
GM02518,63,7,972.08,3,2,2,322,7,Potential Loyalists,MENA,64,F,Budget,600.09,0.0001495981132569467
GM02519,18,31,40698.25,5,5,5,555,15,Champions,North America,23,F,Premium,28008.53,4.627706641554226e-06
GM02520,74,2,218.20999999999998,3,1,1,311,5,Potential Loyalists,North America,33,F,Budget,142.83,0.00044749591807318113
GM02521,208,5,2319.59,1,2,2,122,5,Potential Loyalists,North America,25,F,Standard,1552.53,0.9455672911017496
GM02522,97,34,39626.21,3,5,5,355,13,Champions,Europe,65,M,Premium,26833.5,0.0027121383678988978
GM02523,44,12,5581.98,4,3,3,433,10,Loyal Customers,Europe,35,F,Standard,3709.59,2.6856993073008817e-05
GM02524,73,17,20971.26,3,4,5,345,12,Potential Loyalists,Europe,69,M,Premium,14494.56,0.000351774655006531
GM02525,104,9,1478.28,2,3,2,232,7,Potential Loyalists,North America,65,M,Standard,959.1,0.0036640414359194605
GM02526,88,18,6442.280000000001,3,5,4,354,12,Potential Loyalists,Europe,60,M,Standard,4336.55,0.0008954002638369714
GM02527,194,5,1291.26,2,2,2,222,6,Potential Loyalists,Europe,56,F,Budget,917.66,0.8820257888774943
GM02528,34,22,27870.25,4,5,5,455,14,Champions,Southeast Asia,66,M,Premium,18750.32,1.559476263905378e-05
GM02529,58,18,4772.99,3,5,3,353,11,Potential Loyalists,Central Asia,66,M,Standard,3214.02,7.476005805048817e-05
GM02530,195,11,5546.87,2,3,3,233,8,Potential Loyalists,Southeast Asia,29,F,Standard,3774.56,0.848169815491001
GM02531,19,9,6553.860000000001,5,3,4,534,12,Loyal Customers,North America,62,F,Standard,4303.51,3.6586742050437134e-06
GM02532,93,14,5986.85,3,4,4,344,11,Potential Loyalists,North America,27,M,Standard,4073.28,0.0013387945579090765
GM02533,27,13,6803.4,5,4,4,544,13,Champions,Europe,24,M,Standard,4512.27,7.58366170731371e-06
GM02534,834,1,234.85,1,1,1,111,3,Lost,Central Asia,63,F,Budget,170.8,1.0
GM02535,271,3,340.34000000000003,1,1,1,111,3,Lost,North America,18,M,Budget,228.22,0.9997240580157016
GM02536,54,10,20008.62,4,3,5,435,12,Loyal Customers,North America,66,F,Premium,14074.41,5.7872708688409305e-05
GM02537,16,9,4627.610000000001,5,3,3,533,11,Loyal Customers,North America,53,F,Standard,3219.71,2.8089422665006063e-06
GM02538,50,18,6877.72,4,5,4,454,13,Champions,Europe,38,M,Standard,4685.95,4.5707692137932025e-05
GM02539,19,14,6279.41,5,4,4,544,13,Champions,North America,54,M,Standard,4176.78,3.2998107680938998e-06
GM02540,46,24,23754.97,4,5,5,455,14,Champions,North America,69,M,Premium,16026.34,3.0843638913657e-05
GM02541,297,7,2329.77,1,2,2,122,5,Potential Loyalists,North America,41,M,Standard,1598.53,0.9999584863647774
GM02542,46,18,6422.2,4,5,4,454,13,Champions,North America,42,M,Standard,4234.19,2.2926950455045844e-05
GM02543,20,17,3778.51,5,4,3,543,12,Loyal Customers,North America,24,F,Standard,2559.6,3.126009746232074e-06
GM02544,250,1,96.27,1,1,1,111,3,Lost,North America,59,M,Budget,63.65,0.9987589171329783
GM02545,108,5,965.9300000000001,2,2,2,222,6,Potential Loyalists,Central Asia,34,F,Standard,655.48,0.005795930538981816
GM02546,141,37,39424.13,2,5,5,255,12,At Risk,MENA,46,F,Premium,27287.08,0.0835273493995839
GM02547,31,18,21248.3,5,5,5,555,15,Champions,Central Asia,47,M,Premium,14751.53,1.0847120080622635e-05
GM02548,315,1,133.72,1,1,1,111,3,Lost,MENA,24,M,Budget,88.41,0.999993452229727
GM02549,170,7,562.61,2,2,1,221,5,Potential Loyalists,MENA,50,M,Budget,371.25,0.4698096234944417
GM02550,303,5,3112.27,1,2,3,123,6,Potential Loyalists,Central Asia,24,M,Standard,2093.18,0.9999765392510203
GM02551,35,10,6708.55,4,3,4,434,11,Loyal Customers,Europe,41,F,Standard,4483.53,1.3568366479750423e-05
GM02552,140,5,368.28,2,2,1,221,5,Potential Loyalists,Central Asia,28,M,Budget,241.17,0.08309100044553097
GM02553,31,6,2082.97,5,2,2,522,9,Recent Customers,North America,26,F,Standard,1394.53,9.621821638585299e-06
GM02554,512,1,0.0,1,1,1,111,3,Lost,Southeast Asia,29,M,Budget,0.0,0.9999999999993037
GM02555,32,7,692.0500000000001,4,2,2,422,8,Recent Customers,Central Asia,52,M,Budget,470.65,2.0320557253315685e-05
GM02556,172,12,7587.219999999999,2,3,4,234,9,Potential Loyalists,Southeast Asia,21,F,Standard,5260.17,0.4386519546825817
GM02557,444,4,2735.19,1,1,2,112,4,Lost,MENA,53,F,Standard,1890.91,0.9999999997921514
GM02558,40,11,16196.09,4,3,5,435,12,Loyal Customers,Europe,45,M,Premium,10753.29,2.0355878674403705e-05
GM02559,108,18,7697.28,2,5,4,254,11,At Risk,Central Asia,30,M,Standard,5082.74,0.003915167599023386
GM02560,209,5,694.98,1,2,2,122,5,Potential Loyalists,MENA,40,F,Budget,471.8,0.9645983600038249
GM02561,54,6,1475.55,4,2,2,422,8,Recent Customers,North America,36,M,Budget,955.35,6.828382895701536e-05
GM02562,15,15,8084.0199999999995,5,4,4,544,13,Champions,North America,59,M,Standard,5446.02,2.360029989948221e-06
GM02563,38,3,1874.42,4,1,2,412,7,Recent Customers,Central Asia,54,F,Standard,1140.16,1.934526970935174e-05
GM02564,110,18,19710.58,2,5,5,255,12,At Risk,Central Asia,56,F,Premium,13319.62,0.006693218450998848
GM02565,37,17,16577.8,4,4,5,445,13,Champions,MENA,41,F,Premium,11384.14,1.47629195510146e-05
GM02566,66,13,4316.65,3,4,3,343,10,Potential Loyalists,Europe,33,F,Standard,2788.51,0.00017007900138589737
GM02567,38,13,4965.389999999999,4,4,3,443,11,Loyal Customers,Europe,50,F,Standard,3379.87,1.757772426981696e-05
GM02568,103,5,2251.6800000000003,3,2,2,322,7,Potential Loyalists,Europe,29,F,Standard,1469.36,0.003690721647734317
GM02569,72,23,22802.77,3,5,5,355,13,Champions,North America,51,F,Premium,14926.16,0.0002698242813818241
GM02570,51,5,385.37,4,2,1,421,7,Recent Customers,Southeast Asia,24,F,Budget,247.22,5.5067428810376266e-05
GM02571,16,12,6830.01,5,3,4,534,12,Loyal Customers,MENA,28,F,Standard,4439.89,2.4809184296757477e-06
GM02572,16,4,174.22,5,1,1,511,7,Recent Customers,Southeast Asia,48,M,Budget,118.92,5.188804903493086e-06
GM02573,51,17,5715.33,4,4,4,444,12,Loyal Customers,Europe,46,M,Standard,3954.71,4.3981194037716577e-05
GM02574,27,27,36105.65,5,5,5,555,15,Champions,MENA,30,F,Premium,24217.08,9.011260663984882e-06
GM02575,505,1,153.3,1,1,1,111,3,Lost,Europe,48,F,Budget,101.36,0.9999999999986533
GM02576,60,15,4114.76,3,4,3,343,10,Potential Loyalists,North America,19,M,Standard,2807.66,8.469175306063693e-05
GM02577,77,7,3493.48,3,2,3,323,8,Potential Loyalists,Southeast Asia,56,F,Standard,2330.64,0.00036753056138810216
GM02578,54,11,5379.95,4,3,3,433,10,Loyal Customers,North America,32,M,Standard,3504.03,6.407303803067999e-05
GM02579,61,13,10567.02,3,4,5,345,12,Potential Loyalists,Europe,28,F,Premium,7216.91,0.00010683313310371953
GM02580,90,9,4212.97,3,3,3,333,9,Potential Loyalists,North America,51,F,Standard,2922.72,0.0014364152477798614
GM02581,137,1,24.43,2,1,1,211,4,Potential Loyalists,Europe,56,F,Budget,14.68,0.08028470072422171
GM02582,42,29,39757.62,4,5,5,455,14,Champions,Southeast Asia,21,M,Premium,27013.34,3.104459597892443e-05
GM02583,59,12,6125.46,3,3,4,334,10,Potential Loyalists,MENA,28,F,Standard,4086.9,0.00010566687255903023
GM02584,367,1,11.0,1,1,1,111,3,Lost,MENA,46,M,Budget,7.27,0.9999999130343833
GM02585,146,17,7201.65,2,4,4,244,10,At Risk,North America,19,M,Standard,4910.56,0.0913514620052835
GM02586,48,9,3936.56,4,3,3,433,10,Loyal Customers,North America,33,M,Standard,2692.21,3.5275567027192354e-05
GM02587,22,19,9766.5,5,5,4,554,14,Champions,Central Asia,56,F,Standard,6595.65,4.308743650670056e-06
GM02588,32,12,4968.7699999999995,4,3,3,433,10,Loyal Customers,North America,30,M,Standard,3335.5,1.0177998827476162e-05
GM02589,68,12,4941.52,3,3,3,333,9,Potential Loyalists,Europe,54,M,Standard,3352.58,0.00018826858341059637
GM02590,19,19,8751.789999999999,5,5,4,554,14,Champions,North America,34,F,Standard,5954.07,2.8793209637224234e-06
GM02591,36,22,25160.23,4,5,5,455,14,Champions,North America,38,F,Premium,16697.7,1.6246502665429764e-05
GM02592,200,4,2032.55,1,1,2,112,4,Lost,North America,61,F,Standard,1478.22,0.9079906545593298
GM02593,139,5,1668.48,2,2,2,222,6,Potential Loyalists,North America,36,F,Standard,1162.74,0.062091588175725444
GM02594,119,6,3127.69,2,2,3,223,7,Potential Loyalists,MENA,24,M,Standard,2039.97,0.011605327112060977
GM02595,39,15,7148.09,4,4,4,444,12,Loyal Customers,Europe,55,F,Standard,4903.94,1.7574165032697555e-05
GM02596,85,5,1932.24,3,2,2,322,7,Potential Loyalists,North America,25,F,Standard,1241.4,0.0010623140480510477
GM02597,42,27,23303.66,4,5,5,455,14,Champions,Europe,30,M,Premium,16000.3,2.229914397635668e-05
GM02598,60,6,849.13,3,2,2,322,7,Potential Loyalists,MENA,54,M,Budget,602.7,0.00012430495440559028
GM02599,246,4,1329.69,1,1,2,112,4,Lost,Europe,19,M,Standard,929.34,0.9977730779155956
GM02600,114,9,4032.06,2,3,3,233,8,Potential Loyalists,Europe,58,M,Standard,2820.62,0.008550641604169221
GM02601,36,28,35193.78,4,5,5,455,14,Champions,North America,28,F,Premium,23451.98,1.789306362873975e-05
GM02602,21,12,10125.26,5,3,5,535,13,Champions,Central Asia,41,F,Premium,6753.21,4.632290870548034e-06
GM02603,43,3,1319.18,4,1,2,412,7,Recent Customers,North America,23,F,Standard,866.93,2.8007146687309487e-05
GM02604,131,5,638.96,2,2,1,221,5,Potential Loyalists,Europe,43,F,Budget,433.17,0.042104045745367635
GM02605,56,5,739.3299999999999,4,2,2,422,8,Recent Customers,Central Asia,24,M,Budget,487.35,9.617711759401733e-05
GM02606,399,2,187.39,1,1,1,111,3,Lost,MENA,56,F,Budget,130.44,0.999999992704548
GM02607,289,4,495.40999999999997,1,1,1,111,3,Lost,Central Asia,36,M,Budget,327.54,0.999943488944219
GM02608,161,6,622.71,2,2,1,221,5,Potential Loyalists,Europe,23,Other,Budget,403.4,0.36273445148737454
GM02609,269,10,2534.75,1,3,2,132,6,Potential Loyalists,North America,60,M,Standard,1759.18,0.9995746022961114
GM02610,64,8,3231.21,3,3,3,333,9,Potential Loyalists,Central Asia,46,F,Standard,2263.49,0.0001554213035188474
GM02611,605,2,129.28,1,1,1,111,3,Lost,North America,60,M,Budget,94.02,0.9999999999999996
GM02612,20,7,2250.35,5,2,2,522,9,Recent Customers,Central Asia,56,M,Standard,1576.36,5.648574537880884e-06
GM02613,13,11,5494.36,5,3,3,533,11,Loyal Customers,Europe,19,M,Standard,3815.42,2.4178464165775644e-06
GM02614,120,18,8344.73,2,5,4,254,11,At Risk,North America,36,F,Standard,5665.87,0.010811409681679802
GM02615,18,14,6348.33,5,4,4,544,13,Champions,Europe,21,F,Standard,4326.0,3.502635028483566e-06
GM02616,15,11,5165.179999999999,5,3,3,533,11,Loyal Customers,Central Asia,23,M,Standard,3456.99,2.64843310588077e-06
GM02617,87,31,39943.08,3,5,5,355,13,Champions,Europe,66,F,Premium,27197.55,0.0013585101594641763
GM02618,93,10,2690.83,3,3,2,332,8,Potential Loyalists,Europe,54,F,Standard,1844.29,0.0015894341100135025
GM02619,296,3,476.79,1,1,1,111,3,Lost,North America,45,F,Budget,341.15,0.999975014160815
GM02620,98,5,2969.31,3,2,3,323,8,Potential Loyalists,Europe,47,F,Standard,2014.1,0.0022531580210600746
GM02621,196,3,242.48,2,1,1,211,4,Potential Loyalists,North America,24,M,Budget,172.43,0.9222518777833004
GM02622,128,11,11681.49,2,3,5,235,10,Potential Loyalists,Southeast Asia,26,M,Premium,7799.24,0.02857900189261613
GM02623,53,34,40654.57,4,5,5,455,14,Champions,MENA,42,F,Premium,27126.51,8.975507349076647e-05
GM02624,43,15,5994.5,4,4,4,444,12,Loyal Customers,Southeast Asia,50,F,Standard,4071.98,2.1097722969372843e-05
GM02625,232,5,667.5899999999999,1,2,1,121,4,Potential Loyalists,MENA,18,Other,Standard,452.18,0.9935023395612237
GM02626,155,3,2164.09,2,1,2,212,5,Potential Loyalists,Southeast Asia,68,F,Standard,1416.33,0.17748188132868378
GM02627,459,2,467.40999999999997,1,1,1,111,3,Lost,Central Asia,23,M,Budget,309.03,0.999999999942411
GM02628,494,5,456.90999999999997,1,2,1,121,4,Potential Loyalists,North America,35,F,Budget,330.54,0.9999999999961076
GM02629,195,4,513.59,2,1,1,211,4,Potential Loyalists,MENA,27,M,Budget,355.9,0.8894434289092324
GM02630,26,14,4962.43,5,4,3,543,12,Loyal Customers,MENA,45,Other,Standard,3437.24,5.221113678042156e-06
GM02631,69,14,5351.01,3,4,3,343,10,Potential Loyalists,North America,28,M,Standard,3710.15,0.0001578006885418881
GM02632,192,5,2330.45,2,2,2,222,6,Potential Loyalists,North America,50,F,Standard,1665.96,0.8231227222089604
GM02633,139,10,12812.55,2,3,5,235,10,Potential Loyalists,Central Asia,18,F,Premium,9012.74,0.07545417287384514
GM02634,136,12,5633.92,2,3,3,233,8,Potential Loyalists,Europe,30,M,Standard,3919.51,0.04346973125428887
GM02635,85,18,5436.43,3,5,3,353,11,Potential Loyalists,North America,54,M,Standard,3804.64,0.000571279173609042
GM02636,220,5,1336.06,1,2,2,122,5,Potential Loyalists,North America,37,F,Standard,911.99,0.9812329295071852
GM02637,41,11,16556.21,4,3,5,435,12,Loyal Customers,Southeast Asia,18,F,Premium,10632.75,1.98325727839736e-05
GM02638,16,25,31246.170000000002,5,5,5,555,15,Champions,North America,69,M,Premium,21186.0,3.951517671282543e-06
GM02639,44,18,8502.28,4,5,4,454,13,Champions,Southeast Asia,20,F,Standard,5853.36,2.0733803816647073e-05
GM02640,82,15,8199.07,3,4,4,344,11,Potential Loyalists,North America,35,F,Standard,5718.88,0.0004723752976751521
GM02641,131,10,4592.8099999999995,2,3,3,233,8,Potential Loyalists,Europe,58,M,Standard,3217.22,0.03473267906288491
GM02642,77,11,3360.0299999999997,3,3,3,333,9,Potential Loyalists,Central Asia,31,M,Standard,2240.48,0.00037311145978831514
GM02643,60,39,49972.24,3,5,5,355,13,Champions,North America,48,F,Premium,34100.36,0.0001804623533298945
GM02644,209,9,2348.0699999999997,1,3,2,132,6,Potential Loyalists,North America,44,F,Standard,1606.29,0.9451543755205996
GM02645,16,35,39174.89,5,5,5,555,15,Champions,Central Asia,34,F,Premium,26765.03,3.749977925085549e-06
GM02646,273,3,377.8,1,1,1,111,3,Lost,Europe,63,F,Budget,260.13,0.9997942389330409
GM02647,119,8,4061.0,2,3,3,233,8,Potential Loyalists,Southeast Asia,46,M,Standard,2710.0,0.010942862000499798
GM02648,88,7,2603.01,3,2,2,322,7,Potential Loyalists,MENA,53,M,Standard,1678.02,0.0009789640862829354
GM02649,283,17,9254.210000000001,1,4,4,144,9,At Risk,MENA,54,M,Standard,6519.86,0.9998403540151228
GM02650,640,4,499.41999999999996,1,1,1,111,3,Lost,MENA,43,M,Budget,363.21,1.0
GM02651,226,15,8334.04,1,4,4,144,9,At Risk,Europe,70,F,Standard,5755.0,0.9855814823703458
GM02652,138,5,719.8000000000001,2,2,2,222,6,Potential Loyalists,Europe,34,F,Budget,507.05,0.06998448187129502
GM02653,19,13,6653.95,5,4,4,544,13,Champions,Europe,39,M,Standard,4361.35,3.5642612208080087e-06
GM02654,105,13,5363.53,2,4,3,243,9,At Risk,Central Asia,42,M,Standard,3750.69,0.003674840053046525
GM02655,460,1,64.83,1,1,1,111,3,Lost,North America,19,F,Budget,42.86,0.9999999999429774
GM02656,91,13,6686.0599999999995,3,4,4,344,11,Potential Loyalists,MENA,39,F,Standard,4448.77,0.0011294878167739302
GM02657,94,10,4170.45,3,3,3,333,9,Potential Loyalists,North America,22,F,Standard,2809.87,0.0014174248572862793
GM02658,194,14,4338.79,2,4,3,243,9,At Risk,Southeast Asia,21,F,Standard,2915.42,0.8194602588529216
GM02659,43,4,1687.29,4,1,2,412,7,Recent Customers,Europe,53,F,Standard,1072.55,3.0439791175076172e-05
GM02660,21,15,5145.78,5,4,3,543,12,Loyal Customers,North America,23,F,Standard,3390.77,3.432578843454492e-06
GM02661,125,10,4621.25,2,3,3,233,8,Potential Loyalists,MENA,69,M,Standard,3263.56,0.018077355186211664
GM02662,13,14,6897.38,5,4,4,544,13,Champions,Southeast Asia,38,M,Standard,4573.05,2.176408992165451e-06
GM02663,82,6,838.41,3,2,2,322,7,Potential Loyalists,Europe,30,M,Budget,574.99,0.0007332125344128182
GM02664,60,19,8467.38,3,5,4,354,12,Potential Loyalists,North America,71,F,Standard,5745.67,7.174516433270581e-05
GM02665,59,5,2761.78,3,2,2,322,7,Potential Loyalists,North America,54,F,Standard,1849.96,0.00010767179357430473
GM02666,104,18,7715.4,2,5,4,254,11,At Risk,Europe,42,F,Standard,5387.5,0.002958413855014112
GM02667,180,2,154.5,2,1,1,211,4,Potential Loyalists,Europe,43,M,Budget,94.11,0.7344081251436634
GM02668,69,15,6015.04,3,4,4,344,11,Potential Loyalists,North America,56,M,Standard,4099.15,0.00016552655702113908
GM02669,27,11,3120.56,5,3,3,533,11,Loyal Customers,North America,37,M,Standard,2209.0,7.691370210433596e-06
GM02670,65,7,1410.53,3,2,2,322,7,Potential Loyalists,Europe,50,M,Budget,985.96,0.00017743631334191519
GM02671,329,5,520.1,1,2,1,121,4,Potential Loyalists,North America,31,F,Budget,346.64,0.9999971617484057
GM02672,39,15,4911.11,4,4,3,443,11,Loyal Customers,MENA,53,F,Standard,3183.92,1.5538752442736996e-05
GM02673,66,4,600.29,3,1,1,311,5,Potential Loyalists,North America,34,F,Standard,387.16,0.00020407941919433302
GM02674,49,17,9113.44,4,4,4,444,12,Loyal Customers,Europe,38,F,Standard,6047.2,3.776145975937272e-05
GM02675,132,8,2602.91,2,3,2,232,7,Potential Loyalists,Southeast Asia,63,F,Standard,1743.76,0.03179764031476863
GM02676,834,1,93.02,1,1,1,111,3,Lost,Europe,33,F,Budget,67.65,1.0
GM02677,70,6,391.03999999999996,3,2,1,321,6,Potential Loyalists,Europe,63,M,Budget,250.81,0.00029094119292990075
GM02678,25,39,47758.39,5,5,5,555,15,Champions,Central Asia,33,F,Premium,31796.86,1.0301901379201087e-05
GM02679,29,16,7251.2,5,4,4,544,13,Champions,Central Asia,37,F,Standard,4957.18,7.626941974667156e-06
GM02680,49,17,7570.78,4,4,4,444,12,Loyal Customers,MENA,46,F,Standard,5136.54,3.8472491318854206e-05
GM02681,78,6,576.23,3,2,1,321,6,Potential Loyalists,Europe,45,M,Budget,412.35,0.0005350566436436535
GM02682,248,5,2595.58,1,2,2,122,5,Potential Loyalists,North America,25,M,Standard,1716.09,0.997806449835045
GM02683,19,17,7106.24,5,4,4,544,13,Champions,Central Asia,41,M,Standard,4869.55,3.3476798433269543e-06
GM02684,97,28,27814.079999999998,3,5,5,355,13,Champions,MENA,20,F,Premium,18865.39,0.0021795554019223657
GM02685,170,6,3194.3599999999997,2,2,3,223,7,Potential Loyalists,Europe,42,M,Standard,2132.89,0.5101381822775073
GM02686,42,9,6954.49,4,3,4,434,11,Loyal Customers,Central Asia,36,F,Premium,4883.81,2.4919973723184768e-05
GM02687,154,7,950.03,2,2,2,222,6,Potential Loyalists,Europe,50,F,Budget,643.74,0.22725512969398307
GM02688,207,6,358.8,1,2,1,121,4,Potential Loyalists,MENA,19,M,Budget,247.54,0.9501449127361407
GM02689,37,11,5784.110000000001,4,3,4,434,11,Loyal Customers,MENA,32,F,Standard,4000.36,1.5976963407142627e-05
GM02690,139,5,878.84,2,2,2,222,6,Potential Loyalists,MENA,39,F,Standard,547.73,0.10690227758474316
GM02691,361,4,361.14,1,1,1,111,3,Lost,MENA,27,M,Budget,242.98,0.9999998171605363
GM02692,22,13,6370.88,5,4,4,544,13,Champions,North America,35,F,Standard,4205.23,4.07903911171759e-06
GM02693,94,9,3023.2200000000003,3,3,3,333,9,Potential Loyalists,Central Asia,39,M,Standard,2066.39,0.0017460738318234661
GM02694,24,6,873.17,5,2,2,522,9,Recent Customers,MENA,63,M,Budget,540.5,6.412511332841667e-06
GM02695,154,6,861.85,2,2,2,222,6,Potential Loyalists,Southeast Asia,66,F,Budget,589.53,0.2253233512160389
GM02696,16,5,304.56,5,2,1,521,8,Recent Customers,MENA,44,F,Budget,190.9,3.7028797182828074e-06
GM02697,13,26,22533.63,5,5,5,555,15,Champions,North America,30,Other,Premium,15403.0,2.0437867577538885e-06
GM02698,32,14,12028.0,4,4,5,445,13,Champions,Europe,50,F,Premium,8364.71,1.0682739739880163e-05
GM02699,81,16,21985.54,3,4,5,345,12,Potential Loyalists,North America,22,F,Premium,14326.72,0.0005954823643833964
GM02700,46,14,5372.8099999999995,4,4,3,443,11,Loyal Customers,North America,43,F,Standard,3610.84,2.8040439374129984e-05
GM02701,42,6,1260.98,4,2,2,422,8,Recent Customers,MENA,30,F,Budget,810.7,2.644846852760817e-05
GM02702,104,9,4585.7699999999995,2,3,3,233,8,Potential Loyalists,Southeast Asia,44,F,Standard,3163.61,0.0035420751512979663
GM02703,101,7,2724.98,3,2,2,322,7,Potential Loyalists,Europe,31,M,Standard,1750.35,0.0037436615357498626
GM02704,76,11,5544.08,3,3,3,333,9,Potential Loyalists,Central Asia,41,F,Standard,3907.37,0.0003691109313743635
GM02705,241,9,4233.68,1,3,3,133,7,Potential Loyalists,North America,20,M,Standard,2912.98,0.9957211074596751
GM02706,252,4,354.91,1,1,1,111,3,Lost,North America,64,F,Budget,258.12,0.9991449462883751
GM02707,125,12,3059.2599999999998,2,3,3,233,8,Potential Loyalists,Europe,68,M,Standard,2138.51,0.020425660609247383
GM02708,56,16,10404.09,4,4,5,445,13,Champions,Europe,66,F,Standard,6952.76,6.665357774732317e-05
GM02709,181,8,2013.59,2,3,2,232,7,Potential Loyalists,Central Asia,47,M,Standard,1296.86,0.6997892950631313
GM02710,51,13,12585.11,4,4,5,445,13,Champions,Europe,52,M,Premium,8328.95,4.5603076682734256e-05
GM02711,264,11,6280.87,1,3,4,134,8,Potential Loyalists,North America,65,F,Standard,4336.48,0.9992948588287731
GM02712,42,6,3799.3799999999997,4,2,3,423,9,Recent Customers,MENA,31,M,Standard,2487.61,2.349733193513508e-05
GM02713,188,5,2827.56,2,2,2,222,6,Potential Loyalists,Europe,29,F,Standard,1962.7,0.8314252562720438
GM02714,274,1,267.85,1,1,1,111,3,Lost,MENA,45,M,Budget,177.09,0.9997578104906294
GM02715,148,3,1930.3799999999999,2,1,2,212,5,Potential Loyalists,Central Asia,61,M,Standard,1242.88,0.1321877643397487
GM02716,128,8,12824.5,2,3,5,235,10,Potential Loyalists,Europe,46,M,Premium,8641.88,0.021086456787807344
GM02717,226,8,4219.65,1,3,3,133,7,Potential Loyalists,North America,60,F,Standard,2979.41,0.9847073614200335
GM02718,15,20,27133.35,5,5,5,555,15,Champions,Southeast Asia,34,M,Premium,17572.11,3.0619488380363637e-06
GM02719,27,10,4560.2,5,3,3,533,11,Loyal Customers,North America,57,F,Standard,3119.01,6.706830518259436e-06
GM02720,91,10,3037.38,3,3,3,333,9,Potential Loyalists,Central Asia,66,M,Standard,2033.84,0.0015079283975881277
GM02721,85,20,22244.0,3,5,5,355,13,Champions,Southeast Asia,38,M,Premium,14927.28,0.0007757986701324055
GM02722,167,4,312.73,2,1,1,211,4,Potential Loyalists,North America,40,M,Budget,203.2,0.42282687049430623
GM02723,804,1,170.67,1,1,1,111,3,Lost,North America,37,M,Budget,124.12,1.0
GM02724,281,3,355.92,1,1,1,111,3,Lost,MENA,28,F,Budget,256.0,0.9998888958837647
GM02725,103,5,1354.82,3,2,2,322,7,Potential Loyalists,MENA,51,F,Standard,945.17,0.005053641872880553
GM02726,127,19,9732.88,2,5,4,254,11,At Risk,Europe,27,F,Standard,6596.16,0.019322163643710484
GM02727,464,2,418.69000000000005,1,1,1,111,3,Lost,Central Asia,27,M,Budget,288.69,0.9999999999600795
GM02728,89,18,8411.0,3,5,4,354,12,Potential Loyalists,Europe,60,M,Standard,5677.13,0.0010504444675154179
GM02729,167,5,671.23,2,2,2,222,6,Potential Loyalists,Europe,23,M,Budget,478.89,0.5008257949842391
GM02730,21,15,18865.9,5,4,5,545,14,Champions,MENA,53,F,Premium,12264.85,4.505613454787969e-06
GM02731,27,25,39728.76,5,5,5,555,15,Champions,North America,41,M,Premium,26945.73,1.0656162607424063e-05
GM02732,131,6,450.89,2,2,1,221,5,Potential Loyalists,MENA,29,F,Budget,295.03,0.045200742429807664
GM02733,33,4,870.0500000000001,4,1,2,412,7,Recent Customers,Central Asia,60,M,Budget,559.69,2.1244779103473056e-05
GM02734,21,2,342.54999999999995,5,1,1,511,7,Recent Customers,Southeast Asia,40,M,Budget,216.87,5.907931427601858e-06
GM02735,731,1,35.14,1,1,1,111,3,Lost,Southeast Asia,44,M,Budget,25.56,1.0
GM02736,82,15,18237.44,3,4,5,345,12,Potential Loyalists,North America,62,M,Premium,12688.1,0.0006950387307619477
GM02737,184,8,5110.64,2,3,3,233,8,Potential Loyalists,Southeast Asia,54,F,Standard,3562.27,0.6748756113737315
GM02738,406,3,402.37,1,1,1,111,3,Lost,MENA,23,M,Budget,273.38,0.9999999953857979
GM02739,22,16,18181.78,5,4,5,545,14,Champions,Southeast Asia,18,F,Premium,12350.46,5.274331557958266e-06
GM02740,25,6,1702.1000000000001,5,2,2,522,9,Recent Customers,Central Asia,23,M,Standard,1162.04,7.904118474252782e-06
GM02741,81,9,4752.34,3,3,3,333,9,Potential Loyalists,Europe,67,F,Standard,3158.82,0.0006690614876397616
GM02742,49,21,28783.01,4,5,5,455,14,Champions,Europe,39,M,Premium,19321.5,5.1034008873237736e-05
GM02743,117,19,10852.82,2,5,5,255,12,At Risk,Europe,58,F,Standard,6955.33,0.00929341847519709
GM02744,94,9,3780.88,3,3,3,333,9,Potential Loyalists,Europe,41,F,Standard,2599.86,0.0017331723804064746
GM02745,285,4,601.3199999999999,1,1,1,111,3,Lost,North America,42,F,Budget,429.62,0.9999107836624752
GM02746,58,3,1159.45,3,1,2,312,6,Potential Loyalists,North America,32,M,Standard,803.43,0.00010363964203021785
GM02747,32,9,2204.2,4,3,2,432,9,Loyal Customers,North America,43,F,Standard,1540.4,1.1947011587553856e-05
GM02748,107,5,2409.42,2,2,2,222,6,Potential Loyalists,Europe,25,M,Standard,1486.51,0.004750206526045438
GM02749,131,12,4359.95,2,3,3,233,8,Potential Loyalists,North America,68,M,Standard,2891.38,0.026960700132856313
GM02750,20,11,16128.34,5,3,5,535,13,Champions,North America,41,M,Premium,10504.06,3.9268665714317865e-06
GM02751,103,8,3396.91,3,3,3,333,9,Potential Loyalists,MENA,65,M,Standard,2325.62,0.0033368288437275588
GM02752,28,24,28501.44,5,5,5,555,15,Champions,North America,55,Other,Premium,18724.85,9.382451367229985e-06
GM02753,14,15,2673.7599999999998,5,4,2,542,11,Loyal Customers,Europe,23,M,Standard,1684.36,2.1104686823455272e-06
GM02754,227,8,1654.0700000000002,1,3,2,132,6,Potential Loyalists,Europe,71,F,Standard,1118.46,0.9907423725151181
GM02755,79,12,5323.39,3,3,3,333,9,Potential Loyalists,Southeast Asia,52,F,Standard,3539.42,0.0004561293761934557
GM02756,57,29,36708.53,4,5,5,455,14,Champions,Europe,59,F,Premium,25146.94,0.00012457766753835452
GM02757,92,12,4842.18,3,3,3,333,9,Potential Loyalists,MENA,18,F,Standard,3267.76,0.0015096763077188894
GM02758,112,4,2146.57,2,1,2,212,5,Potential Loyalists,Southeast Asia,63,M,Standard,1461.14,0.006783203053472519
GM02759,14,31,33871.03,5,5,5,555,15,Champions,North America,53,F,Premium,22879.85,3.0235739991727896e-06
GM02760,364,2,96.92999999999999,1,1,1,111,3,Lost,Central Asia,29,M,Budget,69.63,0.9999998880333812
GM02761,55,17,26668.22,4,4,5,445,13,Champions,Europe,55,F,Premium,17800.21,8.97693414238727e-05
GM02762,134,7,922.37,2,2,2,222,6,Potential Loyalists,Central Asia,28,F,Budget,597.29,0.049076732177476955
GM02763,15,32,41996.19,5,5,5,555,15,Champions,North America,29,Other,Premium,28365.79,3.729484119786085e-06
GM02764,202,2,305.32,1,1,1,111,3,Lost,MENA,59,M,Budget,201.86,0.9358658864232763
GM02765,15,10,12818.45,5,3,5,535,13,Champions,Europe,67,M,Premium,8561.74,2.599956291170108e-06
GM02766,343,3,341.77,1,1,1,111,3,Lost,Southeast Asia,56,M,Budget,230.59,0.9999991863862956
GM02767,68,15,7438.34,3,4,4,344,11,Potential Loyalists,MENA,24,M,Standard,5146.89,0.00019345020325911466
GM02768,53,10,3387.17,4,3,3,433,10,Loyal Customers,Europe,28,M,Standard,2381.86,6.510405358389907e-05
GM02769,85,16,7961.35,3,4,4,344,11,Potential Loyalists,MENA,53,F,Standard,5398.46,0.0006218255877768558
GM02770,19,31,39012.58,5,5,5,555,15,Champions,North America,69,M,Premium,26520.24,4.9385394703373525e-06
GM02771,304,5,795.28,1,2,2,122,5,Potential Loyalists,Central Asia,48,F,Budget,558.88,0.999981505639131
GM02772,30,39,44380.6,5,5,5,555,15,Champions,Europe,50,F,Premium,30417.78,1.3980808274869674e-05
GM02773,195,3,476.05999999999995,2,1,1,211,4,Potential Loyalists,North America,30,F,Budget,314.75,0.8809218529811899
GM02774,51,34,35842.23,4,5,5,455,14,Champions,MENA,35,M,Premium,24802.23,6.297593554365317e-05
GM02775,13,17,7193.759999999999,5,4,4,544,13,Champions,MENA,58,M,Standard,4850.9,1.7964571256000984e-06
GM02776,342,5,2343.89,1,2,2,122,5,Potential Loyalists,MENA,41,M,Standard,1688.49,0.9999989205226227
GM02777,17,7,5162.35,5,2,3,523,10,Recent Customers,Central Asia,26,M,Standard,3629.51,3.3012531592955176e-06
GM02778,23,15,5957.65,5,4,4,544,13,Champions,Europe,48,F,Standard,4039.78,4.772365929982563e-06
GM02779,357,2,110.79,1,1,1,111,3,Lost,MENA,58,M,Budget,73.25,0.9999997758400087
GM02780,412,1,70.69,1,1,1,111,3,Lost,Europe,27,F,Budget,46.74,0.9999999971311271
GM02781,112,7,583.5899999999999,2,2,1,221,5,Potential Loyalists,Central Asia,19,F,Budget,384.72,0.008553976491359047
GM02782,446,5,1835.38,1,2,2,122,5,Potential Loyalists,North America,55,F,Standard,1287.82,0.9999999997789268
GM02783,29,12,4065.43,5,3,3,533,11,Loyal Customers,Southeast Asia,32,M,Standard,2652.35,6.715447064150582e-06
GM02784,17,13,5041.06,5,4,3,543,12,Loyal Customers,North America,20,M,Standard,3411.77,2.525819498915958e-06
GM02785,110,9,5477.39,2,3,3,233,8,Potential Loyalists,Southeast Asia,60,F,Standard,3694.31,0.005271323739996681
GM02786,613,2,228.07,1,1,1,111,3,Lost,Europe,48,F,Budget,165.87,1.0
GM02787,405,3,640.59,1,1,1,111,3,Lost,Southeast Asia,23,M,Standard,445.4,0.999999993065871
GM02788,55,16,6505.16,4,4,4,444,12,Loyal Customers,Europe,20,M,Standard,4441.11,5.368118948109348e-05
GM02789,59,11,6623.11,3,3,4,334,10,Potential Loyalists,Southeast Asia,28,M,Standard,4397.99,7.495267499079683e-05
GM02790,68,14,6643.469999999999,3,4,4,344,11,Potential Loyalists,Southeast Asia,32,F,Standard,4509.1,0.00016800421922486062
GM02791,24,7,1049.73,5,2,2,522,9,Recent Customers,North America,62,M,Budget,728.28,7.016146838674875e-06
GM02792,17,16,9178.720000000001,5,4,4,544,13,Champions,Southeast Asia,69,F,Standard,6139.77,2.598535117885275e-06
GM02793,18,16,5724.95,5,4,4,544,13,Champions,North America,45,M,Standard,3895.44,2.675929732660293e-06
GM02794,31,4,277.9,5,1,1,511,7,Recent Customers,Europe,27,F,Budget,175.43,1.3366120083423647e-05
GM02795,13,12,5472.99,5,3,3,533,11,Loyal Customers,MENA,55,F,Standard,3672.82,2.059938804982335e-06
GM02796,89,9,12265.619999999999,3,3,5,335,11,Potential Loyalists,North America,64,F,Premium,8082.41,0.000971757513446023
GM02797,18,27,34830.55,5,5,5,555,15,Champions,Central Asia,67,M,Premium,23971.21,5.336788632108708e-06
GM02798,54,21,30877.35,4,5,5,455,14,Champions,North America,67,M,Premium,20623.01,7.813976102177672e-05
GM02799,69,6,2702.4500000000003,3,2,2,322,7,Potential Loyalists,Southeast Asia,24,M,Standard,1796.66,0.000195710737868355
GM02800,506,1,109.84,1,1,1,111,3,Lost,Europe,32,F,Budget,72.62,0.9999999999987994
GM02801,140,13,7256.6,2,4,4,244,10,At Risk,North America,35,F,Standard,4953.54,0.05663065046944917
GM02802,65,11,5347.58,3,3,3,333,9,Potential Loyalists,Southeast Asia,35,F,Standard,3612.35,0.00012145955612397
GM02803,380,6,401.15999999999997,1,2,1,121,4,Potential Loyalists,Southeast Asia,69,M,Budget,282.32,0.9999999579488696
GM02804,325,3,433.04,1,1,1,111,3,Lost,Southeast Asia,58,F,Budget,298.02,0.9999978966637462
GM02805,72,8,4318.12,3,3,3,333,9,Potential Loyalists,MENA,41,M,Standard,2757.87,0.00025355612381038875
GM02806,18,12,6086.46,5,3,4,534,12,Loyal Customers,Southeast Asia,19,F,Standard,4069.89,3.395249413135127e-06
GM02807,128,22,25015.59,2,5,5,255,12,At Risk,North America,57,M,Premium,17305.32,0.027690968259916286
GM02808,18,36,45716.76,5,5,5,555,15,Champions,Europe,37,F,Premium,30276.17,6.052883760250317e-06
GM02809,14,31,35600.5,5,5,5,555,15,Champions,MENA,51,M,Premium,23566.61,3.0731900436552317e-06
GM02810,39,10,2394.0099999999998,4,3,2,432,9,Loyal Customers,North America,60,M,Standard,1653.01,1.9251009075486354e-05
GM02811,114,12,4693.81,2,3,3,233,8,Potential Loyalists,Europe,43,F,Standard,3165.07,0.01089388377287045
GM02812,35,27,25880.24,4,5,5,455,14,Champions,North America,24,M,Premium,17472.22,1.331451592765171e-05
GM02813,64,32,34468.15,3,5,5,355,13,Champions,North America,55,F,Premium,23207.04,0.0001711075856049827
GM02814,133,27,28011.03,2,5,5,255,12,At Risk,Europe,47,F,Premium,19748.74,0.04063848732904174
GM02815,54,18,5936.62,4,5,4,454,13,Champions,North America,59,F,Standard,4107.22,5.005756739445545e-05
GM02816,234,3,1792.0300000000002,1,1,2,112,4,Lost,North America,22,M,Standard,1187.12,0.9927174275273427
GM02817,140,13,9333.63,2,4,4,244,10,At Risk,MENA,28,F,Standard,6492.52,0.0588062837172454
GM02818,41,8,4234.47,4,3,3,433,10,Loyal Customers,Central Asia,18,F,Standard,2991.91,3.230414893456747e-05
GM02819,327,3,1517.6,1,1,2,112,4,Lost,Central Asia,51,M,Standard,1049.9,0.9999971017842335
GM02820,49,24,33720.22,4,5,5,455,14,Champions,Europe,18,F,Premium,22995.56,5.498144396254516e-05
GM02821,89,16,9421.34,3,4,4,344,11,Potential Loyalists,Southeast Asia,36,M,Standard,6635.15,0.0008318347805762686
GM02822,772,1,229.6,1,1,1,111,3,Lost,Europe,19,M,Budget,166.98,1.0
GM02823,531,1,115.34,1,1,1,111,3,Lost,North America,38,M,Budget,76.26,0.9999999999998044
GM02824,246,5,2008.71,1,2,2,122,5,Potential Loyalists,Europe,37,M,Standard,1345.58,0.9976670829522469
GM02825,286,3,216.03,1,1,1,111,3,Lost,Europe,40,M,Budget,147.95,0.9999303564483107
GM02826,60,12,5181.05,3,3,3,333,9,Potential Loyalists,North America,38,F,Standard,3567.23,0.00010011017659157074
GM02827,22,29,25473.34,5,5,5,555,15,Champions,North America,41,F,Premium,17514.01,4.151877858075369e-06
GM02828,215,7,1048.93,1,2,2,122,5,Potential Loyalists,Central Asia,21,M,Budget,707.86,0.9762525206724219
GM02829,41,37,42596.75,4,5,5,455,14,Champions,MENA,29,F,Premium,28507.04,2.7412459233603433e-05
GM02830,116,3,2044.69,2,1,2,212,5,Potential Loyalists,Central Asia,39,F,Standard,1370.57,0.010402058113758827
GM02831,44,8,3196.2000000000003,4,3,3,433,10,Loyal Customers,MENA,37,F,Standard,2195.38,2.9063548650038676e-05
GM02832,98,9,4456.74,3,3,3,333,9,Potential Loyalists,North America,35,F,Standard,3082.75,0.0020902781262005623
GM02833,129,7,3101.3399999999997,2,2,3,223,7,Potential Loyalists,Central Asia,18,F,Standard,2086.95,0.0315953680408383
GM02834,55,19,7883.38,4,5,4,454,13,Champions,Europe,47,M,Standard,5202.06,5.273331981458213e-05
GM02835,272,3,303.87,1,1,1,111,3,Lost,MENA,50,M,Standard,209.05,0.9997577445056155
GM02836,266,6,2258.0,1,2,2,122,5,Potential Loyalists,Southeast Asia,41,M,Standard,1543.01,0.9994383076735698
GM02837,130,15,7371.21,2,4,4,244,10,At Risk,Southeast Asia,31,F,Standard,5071.58,0.02404480595816723
GM02838,17,6,390.08,5,2,1,521,8,Recent Customers,Central Asia,53,M,Budget,254.81,5.296495629668853e-06
GM02839,115,5,484.21000000000004,2,2,1,221,5,Potential Loyalists,North America,22,F,Budget,325.52,0.012618614598900261
GM02840,199,10,4932.77,1,3,3,133,7,Potential Loyalists,MENA,28,M,Standard,3447.32,0.8973967898799986
GM02841,49,32,34322.25,4,5,5,455,14,Champions,MENA,41,F,Premium,23438.64,4.852346541230416e-05
GM02842,334,1,148.15,1,1,1,111,3,Lost,North America,48,M,Budget,97.95,0.9999995758490157
GM02843,51,10,10480.05,4,3,5,435,12,Loyal Customers,Southeast Asia,30,M,Premium,7165.12,4.708023981457143e-05
GM02844,26,11,5040.74,5,3,3,533,11,Loyal Customers,Southeast Asia,33,M,Standard,3269.15,6.332315359974014e-06
GM02845,35,7,3490.69,4,2,3,423,9,Recent Customers,North America,41,M,Standard,2264.58,1.5548234840367544e-05
GM02846,746,1,44.55,1,1,1,111,3,Lost,Europe,30,M,Budget,32.4,1.0
GM02847,51,27,33364.88,4,5,5,455,14,Champions,North America,41,F,Premium,23073.43,5.865212262353039e-05
GM02848,57,30,31719.41,4,5,5,455,14,Champions,Europe,71,M,Premium,21593.9,9.471067889219002e-05
GM02849,80,6,3397.41,3,2,3,323,8,Potential Loyalists,North America,43,M,Standard,2288.83,0.0004904271669565214
GM02850,153,4,2112.23,2,1,2,212,5,Potential Loyalists,Europe,19,F,Standard,1349.13,0.1648710348823542
GM02851,84,5,1179.3700000000001,3,2,2,322,7,Potential Loyalists,North America,33,M,Standard,788.36,0.0007771959006830337
GM02852,108,12,8419.41,2,3,4,234,9,Potential Loyalists,Europe,55,F,Standard,5623.55,0.004683626279180008
GM02853,178,3,2486.69,2,1,2,212,5,Potential Loyalists,Europe,63,Other,Standard,1707.85,0.5938856750333571
GM02854,35,28,37699.45,4,5,5,455,14,Champions,Southeast Asia,18,M,Premium,26041.04,1.8002631711496343e-05
GM02855,27,39,50459.39,5,5,5,555,15,Champions,Central Asia,66,M,Premium,35620.46,1.2773058670322806e-05
GM02856,256,6,958.48,1,2,2,122,5,Potential Loyalists,MENA,28,M,Budget,657.09,0.9991520662113672
GM02857,93,4,648.49,3,1,1,311,5,Potential Loyalists,Europe,68,F,Budget,454.14,0.0019825727051525684
GM02858,251,7,4139.37,1,2,3,123,6,Potential Loyalists,Central Asia,52,F,Standard,2801.1,0.9982240234418871
GM02859,29,26,36709.92,5,5,5,555,15,Champions,Central Asia,60,F,Premium,24427.74,1.4542171929325366e-05
GM02860,22,35,44817.09,5,5,5,555,15,Champions,Europe,46,F,Premium,30857.75,7.370284704576809e-06
GM02861,89,15,2584.54,3,4,2,342,9,Potential Loyalists,Southeast Asia,54,M,Standard,1702.2,0.0009375820236934909
GM02862,28,4,781.0999999999999,5,1,2,512,8,Recent Customers,Europe,34,F,Standard,548.79,9.051972050605274e-06
GM02863,14,11,3240.52,5,3,3,533,11,Loyal Customers,Southeast Asia,71,F,Standard,2149.62,2.811137840760404e-06
GM02864,36,7,2494.66,4,2,2,422,8,Recent Customers,North America,56,F,Standard,1720.45,1.4696226043634705e-05
GM02865,42,3,501.76,4,1,1,411,6,Recent Customers,MENA,59,F,Standard,347.52,3.0613964973218634e-05
GM02866,144,5,618.24,2,2,1,221,5,Potential Loyalists,North America,45,F,Budget,392.49,0.09614351744060383
GM02867,76,8,4468.24,3,3,3,333,9,Potential Loyalists,MENA,46,M,Premium,2828.34,0.0003758832463974041
GM02868,38,10,9850.45,4,3,4,434,11,Loyal Customers,North America,60,M,Premium,6666.9,1.6614741156379027e-05
GM02869,95,19,20534.61,3,5,5,355,13,Champions,Europe,20,F,Premium,13839.53,0.0019057745751236738
GM02870,13,6,376.6,5,2,1,521,8,Recent Customers,Europe,69,M,Budget,247.41,4.923844546116267e-06
GM02871,17,6,109.47999999999999,5,2,1,521,8,Recent Customers,Southeast Asia,27,F,Budget,65.8,3.584992230411557e-06
GM02872,64,16,6816.72,3,4,4,344,11,Potential Loyalists,Southeast Asia,59,M,Standard,4467.87,0.00012399950133334218
GM02873,169,11,11035.869999999999,2,3,5,235,10,Potential Loyalists,Southeast Asia,31,F,Premium,7650.22,0.4345280827581368
GM02874,254,18,10484.55,1,5,5,155,11,At Risk,MENA,29,F,Standard,7149.32,0.9986328455516036
GM02875,36,10,4449.05,4,3,3,433,10,Loyal Customers,North America,64,M,Standard,2976.29,1.7289536870719864e-05
GM02876,143,10,3452.44,2,3,3,233,8,Potential Loyalists,MENA,59,F,Standard,2336.93,0.07986971374459548
GM02877,44,13,5407.95,4,4,3,443,11,Loyal Customers,MENA,47,F,Standard,3742.64,2.631793283460702e-05
GM02878,14,12,14674.81,5,3,5,535,13,Champions,Europe,49,F,Premium,10489.55,2.3387977467294305e-06
GM02879,46,17,7598.1900000000005,4,4,4,444,12,Loyal Customers,North America,49,M,Standard,5140.77,2.3769684497537297e-05
GM02880,119,14,6609.26,2,4,4,244,10,At Risk,Europe,59,M,Standard,4487.18,0.011957198495161657
GM02881,142,8,2301.9,2,3,2,232,7,Potential Loyalists,Europe,49,M,Standard,1619.51,0.07570662790305371
GM02882,18,33,43829.0,5,5,5,555,15,Champions,Southeast Asia,43,M,Premium,29820.27,5.086192939083626e-06
GM02883,50,2,264.99,4,1,1,411,6,Recent Customers,Europe,68,F,Budget,169.33,6.773134862236121e-05
GM02884,79,9,2898.33,3,3,2,332,8,Potential Loyalists,Central Asia,18,F,Standard,1919.03,0.0004939099259180084
GM02885,707,2,363.42,1,1,1,111,3,Lost,Central Asia,59,F,Budget,264.31,1.0
GM02886,34,16,6589.16,4,4,4,444,12,Loyal Customers,Southeast Asia,19,F,Standard,4442.52,9.019179533710221e-06
GM02887,132,7,1103.93,2,2,2,222,6,Potential Loyalists,MENA,34,F,Budget,712.53,0.03637118803797692
GM02888,400,6,451.17999999999995,1,2,1,121,4,Potential Loyalists,MENA,47,M,Budget,300.09,0.9999999920895283
GM02889,49,18,9606.66,4,5,4,454,13,Champions,North America,56,F,Standard,6568.58,3.511668276151116e-05
GM02890,44,7,718.96,4,2,2,422,8,Recent Customers,North America,24,M,Budget,479.4,3.1423692674018845e-05
GM02891,49,13,5165.35,4,4,3,443,11,Loyal Customers,Europe,69,F,Standard,3382.23,3.974511904330584e-05
GM02892,240,11,4830.83,1,3,3,133,7,Potential Loyalists,North America,44,M,Standard,3371.59,0.9956273762449551
GM02893,152,8,10692.61,2,3,5,235,10,Potential Loyalists,North America,26,M,Premium,7489.0,0.12784604143488537
GM02894,24,16,6613.28,5,4,4,544,13,Champions,North America,39,F,Standard,4488.63,4.215186849899413e-06
GM02895,24,9,3769.12,5,3,3,533,11,Loyal Customers,Europe,51,F,Standard,2580.59,5.6255966463944055e-06
GM02896,75,4,771.98,3,1,2,312,6,Potential Loyalists,Southeast Asia,63,F,Budget,502.91,0.0003818391001956287
GM02897,25,31,42490.8,5,5,5,555,15,Champions,MENA,66,F,Premium,28205.73,9.593158208450953e-06
GM02898,75,8,4346.96,3,3,3,333,9,Potential Loyalists,Europe,18,M,Standard,2948.1,0.00042949637596104997
GM02899,16,35,36541.83,5,5,5,555,15,Champions,MENA,26,F,Premium,25183.95,3.239232970615884e-06
GM02900,76,9,5398.96,3,3,3,333,9,Potential Loyalists,Central Asia,37,M,Standard,3585.89,0.00038128246105516696
GM02901,45,35,39350.17,4,5,5,455,14,Champions,Europe,70,F,Premium,26890.46,4.438135761699332e-05
GM02902,108,5,786.89,2,2,2,222,6,Potential Loyalists,North America,36,F,Budget,525.53,0.007826946089029391
GM02903,155,13,4463.43,2,4,3,243,9,At Risk,Central Asia,53,M,Standard,3020.06,0.19572432286114083
GM02904,22,14,5043.51,5,4,3,543,12,Loyal Customers,MENA,57,F,Standard,3439.73,4.505755554097793e-06
GM02905,49,5,446.99,4,2,1,421,7,Recent Customers,MENA,62,F,Budget,305.48,5.3488374269059775e-05
GM02906,78,7,3053.55,3,2,3,323,8,Potential Loyalists,Central Asia,21,M,Standard,1996.3,0.000451768985898086
GM02907,17,37,36913.92,5,5,5,555,15,Champions,Southeast Asia,26,F,Premium,25137.53,3.3367667821986423e-06
GM02908,410,3,1211.34,1,1,2,112,4,Lost,Europe,58,F,Standard,800.89,0.999999996383792
GM02909,45,26,20581.02,4,5,5,455,14,Champions,Europe,39,F,Premium,14009.72,2.625935560982323e-05
GM02910,192,4,472.81,2,1,1,211,4,Potential Loyalists,Europe,35,M,Budget,328.97,0.9019732192573741
GM02911,37,14,4134.62,4,4,3,443,11,Loyal Customers,Europe,29,M,Standard,2780.99,1.2998486328770212e-05
GM02912,42,15,6965.06,4,4,4,444,12,Loyal Customers,Central Asia,59,F,Standard,4824.06,2.4380628898682484e-05
GM02913,103,7,2893.4,3,2,2,322,7,Potential Loyalists,North America,60,M,Standard,1981.75,0.0032323200708895376
GM02914,30,31,36920.74,5,5,5,555,15,Champions,Southeast Asia,56,F,Premium,24735.39,1.1068507699926069e-05
GM02915,418,3,637.23,1,1,1,111,3,Lost,Europe,26,M,Budget,421.31,0.9999999981588437
GM02916,75,7,831.34,3,2,2,322,7,Potential Loyalists,North America,23,F,Budget,547.83,0.00048507275608576666
GM02917,364,5,416.26,1,2,1,121,4,Potential Loyalists,North America,36,F,Budget,297.24,0.9999998535877123
GM02918,197,6,2771.81,2,2,2,222,6,Potential Loyalists,North America,65,M,Standard,1931.0,0.8950756685025607
GM02919,52,8,5165.34,4,3,3,433,10,Loyal Customers,MENA,64,M,Standard,3322.63,4.808163218709927e-05
GM02920,67,23,26739.07,3,5,5,355,13,Champions,Europe,24,F,Premium,18473.26,0.00019914969057637218
GM02921,69,17,7197.95,3,4,4,344,11,Potential Loyalists,Europe,33,F,Standard,4889.54,0.00017168826592364397
GM02922,292,3,1529.5,1,1,2,112,4,Lost,North America,22,M,Standard,1047.47,0.9999400473861578
GM02923,66,9,4371.67,3,3,3,333,9,Potential Loyalists,North America,33,F,Standard,3040.11,0.0001658384400445119
GM02924,28,7,648.4300000000001,5,2,1,521,8,Recent Customers,Europe,18,M,Budget,401.3,9.090355607971381e-06
GM02925,213,15,13450.96,1,4,5,145,10,At Risk,MENA,68,M,Premium,9194.67,0.9607453634846927
GM02926,15,32,33626.32,5,5,5,555,15,Champions,Southeast Asia,54,F,Premium,22488.09,2.7327239011333254e-06
GM02927,45,17,17284.98,4,4,5,445,13,Champions,North America,56,M,Premium,11311.09,3.034072434210262e-05
GM02928,27,15,5479.67,5,4,3,543,12,Loyal Customers,Southeast Asia,36,F,Standard,3693.71,5.674248665026513e-06
GM02929,481,9,9030.44,1,3,4,134,8,Potential Loyalists,North America,71,M,Premium,6450.3,0.999999999984974
GM02930,85,7,4056.06,3,2,3,323,8,Potential Loyalists,MENA,54,M,Standard,2735.71,0.0009794341724364852
GM02931,73,7,2574.94,3,2,2,322,7,Potential Loyalists,North America,34,M,Standard,1775.52,0.00026991446780610907
GM02932,61,33,42617.880000000005,3,5,5,355,13,Champions,North America,43,F,Premium,28994.6,0.00016136668193259318
GM02933,276,6,1003.5,1,2,2,122,5,Potential Loyalists,Central Asia,39,F,Budget,725.92,0.9998548787695636
GM02934,123,8,2566.83,2,3,2,232,7,Potential Loyalists,MENA,25,F,Standard,1763.65,0.017735651062307567
GM02935,93,12,6107.62,3,3,4,334,10,Potential Loyalists,North America,50,M,Standard,4051.71,0.0016159075628845066
GM02936,13,14,3696.48,5,4,3,543,12,Loyal Customers,Europe,19,M,Standard,2496.45,1.932979320580631e-06
GM02937,177,17,9517.0,2,4,4,244,10,At Risk,North America,47,F,Standard,6722.84,0.5764768064026519
GM02938,93,7,1018.8100000000001,3,2,2,322,7,Potential Loyalists,North America,64,M,Budget,699.87,0.0015258958087322676
GM02939,34,11,15737.62,4,3,5,435,12,Loyal Customers,Southeast Asia,37,F,Premium,10997.21,1.3121535279671304e-05
GM02940,322,10,6532.93,1,3,4,134,8,Potential Loyalists,Central Asia,35,M,Standard,4515.96,0.9999942957372533
GM02941,79,6,560.54,3,2,1,321,6,Potential Loyalists,Europe,60,F,Budget,388.0,0.0005797097364997363
GM02942,32,13,6561.41,4,4,4,444,12,Loyal Customers,North America,27,M,Standard,4452.12,9.935830798817505e-06
GM02943,95,9,4555.93,3,3,3,333,9,Potential Loyalists,Europe,41,F,Standard,3062.28,0.0019892711753456242
GM02944,146,18,9096.68,2,5,4,254,11,At Risk,North America,21,M,Standard,6294.73,0.07392633244068118
GM02945,190,6,1290.95,2,2,2,222,6,Potential Loyalists,North America,54,M,Standard,868.01,0.8450404876779001
GM02946,53,6,552.78,4,2,1,421,7,Recent Customers,Central Asia,21,M,Budget,376.1,9.34752836266931e-05
GM02947,14,33,42086.1,5,5,5,555,15,Champions,MENA,30,M,Premium,28015.05,3.863047098201826e-06
GM02948,43,20,31755.31,4,5,5,455,14,Champions,MENA,42,M,Premium,21766.71,4.617836971061495e-05
GM02949,23,19,8453.78,5,5,4,554,14,Champions,Europe,30,F,Standard,5808.85,3.77490962323529e-06
GM02950,18,15,6473.03,5,4,4,544,13,Champions,Southeast Asia,35,F,Standard,4191.26,2.5277467060936676e-06
GM02951,42,4,2211.0899999999997,4,1,2,412,7,Recent Customers,North America,41,F,Standard,1487.36,2.303467773944688e-05
GM02952,124,6,2914.36,2,2,3,223,7,Potential Loyalists,North America,19,F,Standard,1937.59,0.02178890732654669
GM02953,31,35,53331.58,5,5,5,555,15,Champions,North America,65,F,Premium,35533.98,1.9216201505266212e-05
GM02954,16,14,17150.65,5,4,5,545,14,Champions,MENA,50,M,Premium,11531.14,2.6506170481131967e-06
GM02955,248,2,332.59,1,1,1,111,3,Lost,Southeast Asia,36,M,Budget,226.25,0.9980920732356033
GM02956,21,26,25119.4,5,5,5,555,15,Champions,North America,26,M,Premium,17370.32,4.925309069143e-06
GM02957,29,17,6779.76,5,4,4,544,13,Champions,North America,45,F,Standard,4598.68,6.816307269010004e-06
GM02958,226,13,5853.71,1,4,4,144,9,At Risk,Southeast Asia,52,M,Standard,4067.71,0.9829943979260924
GM02959,73,3,575.81,3,1,1,311,5,Potential Loyalists,Europe,56,M,Budget,413.22,0.0004114638459671291
GM02960,157,6,401.95,2,2,1,221,5,Potential Loyalists,North America,27,F,Budget,281.06,0.22563891962184005
GM02961,125,5,729.11,2,2,2,222,6,Potential Loyalists,Europe,18,M,Budget,465.68,0.025017155297078618
GM02962,14,33,37150.46,5,5,5,555,15,Champions,Europe,59,F,Premium,25276.14,3.4195409112688503e-06
GM02963,642,3,470.86,1,1,1,111,3,Lost,Europe,38,F,Budget,342.44,1.0
GM02964,611,4,961.24,1,1,2,112,4,Lost,Southeast Asia,26,M,Standard,699.08,0.9999999999999996
GM02965,33,18,6532.44,4,5,4,454,13,Champions,Southeast Asia,64,M,Standard,4413.24,7.5235927095119204e-06
GM02966,62,5,1133.88,3,2,2,322,7,Potential Loyalists,North America,32,F,Standard,770.92,0.00013580185349744816
GM02967,186,3,365.68,2,1,1,211,4,Potential Loyalists,North America,52,F,Budget,252.06,0.779110773826904
GM02968,34,5,419.76,4,2,1,421,7,Recent Customers,North America,22,M,Budget,295.68,1.5212668553086214e-05
GM02969,23,7,803.57,5,2,2,522,9,Recent Customers,Southeast Asia,58,F,Budget,533.68,5.434678853093474e-06
GM02970,238,2,197.09,1,1,1,111,3,Lost,MENA,39,F,Budget,130.31,0.9963599853932249
GM02971,43,19,7101.49,4,5,4,454,13,Champions,MENA,58,M,Standard,4821.56,1.8472752960457634e-05
GM02972,14,19,8700.47,5,5,4,554,14,Champions,Europe,40,M,Standard,5849.98,2.088276458962757e-06
GM02973,60,27,36188.28,3,5,5,355,13,Champions,North America,24,F,Premium,24434.37,0.00015235724336540562
GM02974,151,7,723.46,2,2,2,222,6,Potential Loyalists,North America,40,M,Budget,476.19,0.1500287090410016
GM02975,14,31,28676.07,5,5,5,555,15,Champions,MENA,61,F,Premium,19782.45,2.6822452731528464e-06
GM02976,20,5,111.71000000000001,5,2,1,521,8,Recent Customers,Central Asia,42,M,Budget,78.85,5.764901064862152e-06
GM02977,122,12,4707.84,2,3,3,233,8,Potential Loyalists,North America,44,F,Standard,3234.17,0.01348580076085788
GM02978,39,5,3371.05,4,2,3,423,9,Recent Customers,Central Asia,58,F,Standard,2123.46,2.015598138597354e-05
GM02979,20,20,23880.9,5,5,5,555,15,Champions,North America,23,F,Premium,15795.25,4.378267764809269e-06
GM02980,15,13,4689.33,5,4,3,543,12,Loyal Customers,Southeast Asia,51,M,Standard,3247.11,2.185626177756325e-06
GM02981,79,7,882.43,3,2,2,322,7,Potential Loyalists,MENA,26,M,Budget,586.92,0.0005718481389639402
GM02982,108,13,15436.51,2,4,5,245,11,At Risk,Europe,66,F,Premium,10459.19,0.005319623076346959
GM02983,203,5,3010.3,1,2,3,123,6,Potential Loyalists,North America,50,M,Standard,2084.11,0.9231925231163699
GM02984,33,17,21122.13,4,4,5,445,13,Champions,North America,68,M,Premium,14521.04,1.212340734781118e-05
GM02985,51,12,4890.64,4,3,3,433,10,Loyal Customers,MENA,23,F,Standard,3307.37,5.713887498476432e-05
GM02986,26,35,39902.72,5,5,5,555,15,Champions,Southeast Asia,54,M,Premium,26629.73,7.62081893221323e-06
GM02987,99,9,3042.46,3,3,3,333,9,Potential Loyalists,Central Asia,48,M,Standard,2130.11,0.002893277791892658
GM02988,195,1,207.14,2,1,1,211,4,Potential Loyalists,MENA,51,M,Budget,136.95,0.888206938091746
GM02989,101,4,765.72,3,1,2,312,6,Potential Loyalists,North America,58,F,Standard,520.56,0.004509766917996684
GM02990,18,13,6902.6,5,4,4,544,13,Champions,Southeast Asia,46,F,Standard,4591.01,2.9883168512237824e-06
GM02991,89,15,5824.93,3,4,4,344,11,Potential Loyalists,Europe,31,M,Standard,3889.66,0.0010422574359436867
GM02992,31,14,8390.52,5,4,4,544,13,Champions,North America,53,M,Premium,5678.43,8.568742379146592e-06
GM02993,89,18,8447.84,3,5,4,354,12,Potential Loyalists,North America,53,M,Standard,5777.77,0.0008393081900937016
GM02994,83,13,5905.32,3,4,4,344,11,Potential Loyalists,MENA,70,F,Standard,3863.5,0.0006358096108512354
GM02995,101,14,5054.07,3,4,3,343,10,Potential Loyalists,Europe,32,M,Standard,3385.88,0.0026420092818527346
GM02996,56,13,3351.72,4,4,3,443,11,Loyal Customers,Southeast Asia,25,F,Standard,2193.48,6.248569301357271e-05
GM02997,56,11,6866.18,4,3,4,434,11,Loyal Customers,Europe,43,M,Standard,4380.89,6.776200931286888e-05
GM02998,336,5,528.69,1,2,1,121,4,Potential Loyalists,Europe,53,Other,Budget,350.71,0.9999989678025413
GM02999,359,6,693.6,1,2,2,122,5,Potential Loyalists,Europe,65,M,Budget,478.21,0.9999997939363408
GM03000,41,24,25382.01,4,5,5,455,14,Champions,Southeast Asia,38,F,Premium,17288.79,2.0961304380944865e-05
GM03001,128,5,2037.8600000000001,2,2,2,222,6,Potential Loyalists,North America,45,M,Standard,1372.52,0.027268246216916526
GM03002,215,14,8567.99,1,4,4,144,9,At Risk,North America,21,M,Standard,5936.67,0.964131973956567
GM03003,35,18,19208.45,4,5,5,455,14,Champions,Europe,33,F,Premium,13270.23,1.4091052246967326e-05
GM03004,453,6,1041.47,1,2,2,122,5,Potential Loyalists,North America,39,F,Budget,733.79,0.9999999998986757
GM03005,228,5,364.44,1,2,1,121,4,Potential Loyalists,North America,29,M,Budget,262.15,0.9900810599462726
GM03006,200,10,4683.33,1,3,3,133,7,Potential Loyalists,North America,33,F,Standard,3256.98,0.8782317388245418
GM03007,69,19,9609.789999999999,3,5,4,354,12,Potential Loyalists,Southeast Asia,68,F,Standard,6281.01,0.00018388544019472104
GM03008,13,35,35027.62,5,5,5,555,15,Champions,Central Asia,57,F,Premium,23987.44,2.890592376409674e-06
GM03009,35,11,4875.860000000001,4,3,3,433,10,Loyal Customers,North America,55,M,Standard,3336.13,1.3157238357475621e-05
GM03010,16,6,915.96,5,2,2,522,9,Recent Customers,Central Asia,59,F,Budget,627.58,3.4642243648787443e-06
GM03011,223,10,2173.4,1,3,2,132,6,Potential Loyalists,MENA,54,F,Standard,1457.17,0.9864840812100513
GM03012,27,8,3502.4500000000003,5,3,3,533,11,Loyal Customers,Europe,46,M,Standard,2382.47,8.233220038543352e-06
GM03013,130,14,6824.11,2,4,4,244,10,At Risk,Europe,35,F,Standard,4622.6,0.02280023205471749
GM03014,173,4,1697.46,2,1,2,212,5,Potential Loyalists,Europe,27,M,Standard,1121.01,0.5121436797330458
GM03015,93,12,6982.99,3,3,4,334,10,Potential Loyalists,North America,59,M,Standard,4694.79,0.0012160029805907582
GM03016,38,17,5797.74,4,4,4,444,12,Loyal Customers,Europe,56,F,Standard,3965.13,1.387550774143624e-05
GM03017,224,9,3849.45,1,3,3,133,7,Potential Loyalists,North America,35,F,Standard,2618.29,0.9841312315338331
GM03018,26,16,8837.28,5,4,4,544,13,Champions,MENA,18,M,Standard,5966.22,5.445856858154626e-06
GM03019,751,1,82.76,1,1,1,111,3,Lost,Central Asia,56,M,Budget,60.19,1.0
GM03020,44,30,28823.09,4,5,5,455,14,Champions,North America,38,F,Premium,19781.82,2.6019702362202743e-05
GM03021,51,5,682.49,4,2,2,422,8,Recent Customers,Europe,18,M,Budget,458.5,6.219130809436102e-05
GM03022,223,4,2507.72,1,1,2,112,4,Lost,MENA,32,F,Standard,1823.8,0.9834060798494905
GM03023,15,16,7081.3099999999995,5,4,4,544,13,Champions,North America,21,F,Standard,4723.86,2.34782388374373e-06
GM03024,326,2,62.07,1,1,1,111,3,Lost,Europe,37,M,Budget,43.48,0.9999973383118932
GM03025,191,7,3223.21,2,2,3,223,7,Potential Loyalists,Central Asia,27,F,Standard,2186.37,0.8430544292023568
GM03026,152,3,75.25,2,1,1,211,4,Potential Loyalists,MENA,40,F,Budget,48.75,0.206104505722259
GM03027,64,22,19009.5,3,5,5,355,13,Champions,Southeast Asia,58,M,Premium,12729.09,0.00012062160028531975
GM03028,51,34,40892.97,4,5,5,455,14,Champions,North America,51,F,Premium,27853.19,6.628161133312244e-05
GM03029,67,14,3465.5,3,4,3,343,10,Potential Loyalists,North America,63,F,Standard,2313.2,0.00017128291727588253
GM03030,597,4,629.85,1,1,1,111,3,Lost,North America,65,F,Budget,458.07,0.9999999999999991
GM03031,636,3,662.84,1,1,1,111,3,Lost,Europe,50,F,Budget,482.07,1.0
GM03032,85,11,2783.98,3,3,2,332,8,Potential Loyalists,MENA,51,M,Standard,1879.76,0.0007627969577919109
GM03033,71,15,6053.4400000000005,3,4,4,344,11,Potential Loyalists,North America,56,M,Standard,4241.87,0.00018592000206825142
GM03034,88,16,4669.1,3,4,3,343,10,Potential Loyalists,Central Asia,27,M,Standard,3196.47,0.0008313077173683713
GM03035,226,2,124.61000000000001,1,1,1,111,3,Lost,Europe,71,M,Budget,83.43,0.9909823487601234
GM03036,334,3,626.12,1,1,1,111,3,Lost,Europe,37,M,Standard,424.44,0.9999984397460117
GM03037,352,3,1289.33,1,1,2,112,4,Lost,MENA,18,F,Standard,870.23,0.9999995814624303
GM03038,43,17,5604.32,4,4,3,443,11,Loyal Customers,Southeast Asia,30,F,Standard,3623.6,1.8090245396616694e-05
GM03039,149,6,2902.85,2,2,2,222,6,Potential Loyalists,Central Asia,18,F,Standard,1861.84,0.13824865549852558
GM03040,76,15,7968.62,3,4,4,344,11,Potential Loyalists,MENA,22,F,Standard,5309.94,0.00031996134590730807
GM03041,397,2,382.61,1,1,1,111,3,Lost,Europe,33,F,Budget,278.26,0.9999999913839818
GM03042,31,16,6652.0199999999995,5,4,4,544,13,Champions,Southeast Asia,32,F,Standard,4544.79,6.908606259736271e-06
GM03043,416,1,32.53,1,1,1,111,3,Lost,Central Asia,66,F,Budget,21.51,0.9999999982345011
GM03044,131,20,17038.09,2,5,5,255,12,At Risk,MENA,45,M,Premium,11823.14,0.03426129702482647
GM03045,128,9,4635.9800000000005,2,3,3,233,8,Potential Loyalists,North America,48,F,Standard,3233.9,0.026345974607623054
GM03046,154,3,1256.8700000000001,2,1,2,212,5,Potential Loyalists,North America,40,F,Standard,901.8,0.17634091747706962
GM03047,76,11,4976.88,3,3,3,333,9,Potential Loyalists,MENA,65,M,Standard,3420.41,0.00032222691179453365
GM03048,126,3,309.59,2,1,1,211,4,Potential Loyalists,Europe,62,F,Budget,195.31,0.02901340760331206
GM03049,28,38,37427.54,5,5,5,555,15,Champions,MENA,60,F,Premium,25324.55,8.455378295481664e-06
GM03050,18,19,24339.03,5,5,5,555,15,Champions,Europe,34,M,Premium,16175.33,3.84704663970377e-06
GM03051,35,19,9230.04,4,5,4,454,13,Champions,Europe,66,F,Standard,6227.17,1.2063949009469365e-05
GM03052,163,18,25810.6,2,5,5,255,12,At Risk,MENA,51,M,Premium,17454.6,0.36584504365114623
GM03053,148,7,866.22,2,2,2,222,6,Potential Loyalists,Europe,30,M,Budget,602.94,0.15116933236045305
GM03054,28,17,8624.01,5,4,4,544,13,Champions,Europe,31,F,Standard,5723.92,8.462233967260992e-06
GM03055,260,4,2224.51,1,1,2,112,4,Lost,North America,28,F,Standard,1520.27,0.9991650735840792
GM03056,17,19,21029.13,5,5,5,555,15,Champions,Southeast Asia,45,F,Premium,13692.89,2.9587669105377765e-06
GM03057,21,6,1949.68,5,2,2,522,9,Recent Customers,North America,59,F,Standard,1282.72,5.925311959707166e-06
GM03058,152,5,2911.56,2,2,3,223,7,Potential Loyalists,Central Asia,49,M,Standard,1840.68,0.17374034880804395
GM03059,32,34,38094.93,4,5,5,455,14,Champions,Central Asia,52,F,Premium,25797.27,1.5450976923290923e-05
GM03060,177,18,7287.68,2,5,4,254,11,At Risk,Southeast Asia,48,F,Standard,4935.52,0.510340808725322
GM03061,66,16,8016.46,3,4,4,344,11,Potential Loyalists,Europe,34,F,Standard,5421.08,0.00016288459700349682
GM03062,322,6,689.8000000000001,1,2,2,122,5,Potential Loyalists,Central Asia,64,M,Budget,467.27,0.9999956513403221
GM03063,81,11,4502.48,3,3,3,333,9,Potential Loyalists,North America,26,F,Standard,2916.11,0.0005428810616279849
GM03064,172,4,1818.6,2,1,2,212,5,Potential Loyalists,North America,27,F,Standard,1290.09,0.5843649873447101
GM03065,69,5,769.71,3,2,2,322,7,Potential Loyalists,North America,25,F,Budget,509.47,0.00023543282729245754
GM03066,520,4,391.57,1,1,1,111,3,Lost,Europe,38,F,Budget,274.02,0.9999999999995586
GM03067,76,7,1008.34,3,2,2,322,7,Potential Loyalists,Central Asia,30,M,Budget,659.27,0.00048045557234297626
GM03068,497,2,445.90000000000003,1,1,1,111,3,Lost,Southeast Asia,67,F,Budget,315.0,0.9999999999968037
GM03069,61,5,2029.99,3,2,2,322,7,Potential Loyalists,Europe,22,F,Standard,1455.37,0.00012266721415525974
GM03070,16,17,9597.61,5,4,4,544,13,Champions,North America,23,M,Standard,6507.71,2.383931022334222e-06
GM03071,68,29,28814.559999999998,3,5,5,355,13,Champions,North America,47,F,Premium,19024.99,0.000197900097701234
GM03072,373,10,3764.17,1,3,3,133,7,Potential Loyalists,North America,48,F,Standard,2673.99,0.9999999072379324
GM03073,233,5,781.56,1,2,2,122,5,Potential Loyalists,Europe,34,M,Budget,516.73,0.9953502028139171
GM03074,96,11,4748.77,3,3,3,333,9,Potential Loyalists,Europe,28,F,Standard,3135.72,0.0016501218908836332
GM03075,48,6,2270.7400000000002,4,2,2,422,8,Recent Customers,North America,37,M,Standard,1585.98,4.090305198712071e-05
GM03076,288,6,4218.16,1,2,3,123,6,Potential Loyalists,Southeast Asia,65,M,Standard,2857.57,0.9999081564328154
GM03077,73,13,5496.62,3,4,3,343,10,Potential Loyalists,Southeast Asia,26,F,Standard,3739.6,0.00032499767136465364
GM03078,448,1,53.21,1,1,1,111,3,Lost,Central Asia,19,M,Budget,35.18,0.9999999998734093
GM03079,137,4,1317.22,2,1,2,212,5,Potential Loyalists,Europe,54,M,Standard,869.13,0.06310273229272789
GM03080,74,15,6442.04,3,4,4,344,11,Potential Loyalists,Southeast Asia,18,M,Standard,4415.73,0.00025523260707076663
GM03081,281,2,417.9,1,1,1,111,3,Lost,North America,21,M,Budget,290.26,0.9998768389267116
GM03082,70,19,8018.87,3,5,4,354,12,Potential Loyalists,Southeast Asia,53,F,Standard,5311.75,0.00015805685335421266
GM03083,107,6,1436.56,2,2,2,222,6,Potential Loyalists,Europe,71,F,Budget,943.69,0.0052613804079376745
GM03084,32,19,8029.0599999999995,4,5,4,454,13,Champions,North America,42,F,Standard,5457.43,8.704392241382935e-06
GM03085,163,8,3939.7,2,3,3,233,8,Potential Loyalists,North America,20,F,Standard,2645.07,0.33320295616787193
GM03086,172,5,714.0799999999999,2,2,2,222,6,Potential Loyalists,North America,26,M,Budget,483.18,0.5892446849618996
GM03087,42,12,3056.62,4,3,3,433,10,Loyal Customers,MENA,39,F,Standard,2020.47,2.2975907672507948e-05
GM03088,108,4,1496.22,2,1,2,212,5,Potential Loyalists,Central Asia,40,F,Standard,1008.09,0.005839954059574102
GM03089,13,34,38307.17,5,5,5,555,15,Champions,North America,29,F,Premium,26308.72,2.624398989162939e-06
GM03090,286,4,687.9,1,1,2,112,4,Lost,Europe,27,F,Budget,473.71,0.9999170790588686
GM03091,15,28,35318.4,5,5,5,555,15,Champions,MENA,51,F,Premium,23039.43,3.223467311988939e-06
GM03092,301,1,53.89,1,1,1,111,3,Lost,Southeast Asia,60,F,Budget,35.63,0.9999748813329479
GM03093,26,18,7149.1,5,5,4,554,14,Champions,MENA,27,M,Standard,4920.7,5.33611565927169e-06
GM03094,13,8,4329.14,5,3,3,533,11,Loyal Customers,North America,47,F,Standard,3004.44,2.614863122268726e-06
GM03095,13,6,770.19,5,2,2,522,9,Recent Customers,Europe,39,M,Budget,521.86,2.632006620436066e-06
GM03096,71,22,17905.53,3,5,5,355,13,Champions,North America,23,M,Premium,12036.29,0.00022882036352965635
GM03097,151,8,3693.73,2,3,3,233,8,Potential Loyalists,Southeast Asia,67,M,Standard,2570.95,0.1328322524438325
GM03098,783,1,155.19,1,1,1,111,3,Lost,Central Asia,19,M,Budget,112.87,1.0
GM03099,143,2,431.40999999999997,2,1,1,211,4,Potential Loyalists,Central Asia,47,M,Budget,281.57,0.10716054999909033
GM03100,57,9,3624.04,4,3,3,433,10,Loyal Customers,MENA,19,M,Standard,2391.09,0.00011817233113343608
GM03101,28,16,7039.67,5,4,4,544,13,Champions,Central Asia,49,F,Standard,4610.71,7.998837604943108e-06
GM03102,393,3,442.76,1,1,1,111,3,Lost,North America,59,F,Budget,310.63,0.9999999868687997
GM03103,263,6,554.8299999999999,1,2,1,121,4,Potential Loyalists,Southeast Asia,33,Other,Budget,379.72,0.999403535629559
GM03104,84,3,191.62,3,1,1,311,5,Potential Loyalists,MENA,29,M,Budget,115.17,0.0009071764178457609
GM03105,69,3,3398.88,3,1,3,313,7,Potential Loyalists,Europe,18,F,Standard,2197.69,0.000198852433349798
GM03106,188,4,617.48,2,1,1,211,4,Potential Loyalists,MENA,70,F,Budget,422.52,0.8566020739121868
GM03107,356,7,2091.06,1,2,2,122,5,Potential Loyalists,North America,25,M,Standard,1410.75,0.9999996381268497
GM03108,14,23,33256.02,5,5,5,555,15,Champions,Central Asia,65,F,Premium,22536.74,3.861712394775361e-06
GM03109,15,19,11092.17,5,5,5,555,15,Champions,North America,67,F,Standard,7583.36,2.1810957399732583e-06
GM03110,15,37,50338.770000000004,5,5,5,555,15,Champions,North America,30,M,Premium,33863.22,4.921612466909217e-06
GM03111,26,31,43492.61,5,5,5,555,15,Champions,North America,32,F,Premium,29960.48,9.572334154402947e-06
GM03112,14,5,2749.47,5,2,2,522,9,Recent Customers,Europe,70,F,Standard,1746.78,2.7071148546408518e-06
GM03113,17,39,48171.55,5,5,5,555,15,Champions,North America,61,M,Premium,32055.43,5.164925304128353e-06
GM03114,150,5,2092.13,2,2,2,222,6,Potential Loyalists,Central Asia,25,M,Standard,1377.01,0.14430018057453983
GM03115,42,23,30910.059999999998,4,5,5,455,14,Champions,Europe,27,M,Premium,20951.2,3.253667029727048e-05
GM03116,123,5,1819.36,2,2,2,222,6,Potential Loyalists,Southeast Asia,63,M,Standard,1179.0,0.016337455433435472
GM03117,364,9,11985.11,1,3,5,135,9,Potential Loyalists,North America,22,F,Premium,8391.21,0.9999997927613381
GM03118,17,32,35825.9,5,5,5,555,15,Champions,Central Asia,67,F,Premium,23931.85,3.99762115085881e-06
GM03119,166,3,564.5799999999999,2,1,1,211,4,Potential Loyalists,Europe,36,M,Standard,384.71,0.39959092962709997
GM03120,17,13,5490.53,5,4,3,543,12,Loyal Customers,Europe,64,F,Standard,3787.83,3.2611629315599562e-06
GM03121,192,5,373.59,2,2,1,221,5,Potential Loyalists,Europe,55,M,Budget,261.12,0.8646268800079773
GM03122,512,2,720.51,1,1,2,112,4,Lost,Europe,28,M,Budget,476.37,0.9999999999990827
GM03123,112,1,124.2,2,1,1,211,4,Potential Loyalists,Central Asia,70,M,Budget,74.65,0.01013105150315522
GM03124,66,10,14555.93,3,3,5,335,11,Potential Loyalists,MENA,60,F,Premium,9876.27,0.00019987931782886357
GM03125,69,16,6297.780000000001,3,4,4,344,11,Potential Loyalists,North America,37,M,Standard,4251.29,0.00019204422675130541
GM03126,24,19,15412.16,5,5,5,555,15,Champions,North America,37,M,Premium,10490.61,5.077321930459255e-06
GM03127,28,5,1150.1,5,2,2,522,9,Recent Customers,North America,38,M,Budget,787.31,8.518466685446839e-06
GM03128,37,23,30526.95,4,5,5,455,14,Champions,Central Asia,35,F,Premium,20050.09,2.2455512041849667e-05
GM03129,63,6,2376.49,3,2,2,322,7,Potential Loyalists,Southeast Asia,67,Other,Standard,1540.85,0.00016887351039794078
GM03130,113,12,5639.01,2,3,3,233,8,Potential Loyalists,North America,27,M,Standard,3945.01,0.0065431783419303245
GM03131,183,3,1011.6500000000001,2,1,2,212,5,Potential Loyalists,North America,51,M,Standard,685.9,0.7132423280407206
GM03132,56,7,863.7,4,2,2,422,8,Recent Customers,North America,43,F,Budget,549.35,8.247963354600722e-05
GM03133,38,4,625.9,4,1,1,411,6,Recent Customers,Southeast Asia,47,F,Budget,397.16,1.8723095393362758e-05
GM03134,54,2,140.34,4,1,1,411,6,Recent Customers,MENA,26,M,Budget,85.33,8.826935539885725e-05
GM03135,257,10,3922.64,1,3,3,133,7,Potential Loyalists,Europe,63,F,Standard,2820.46,0.9991137801475338
GM03136,238,7,884.4000000000001,1,2,2,122,5,Potential Loyalists,North America,68,F,Budget,618.51,0.9959141309623155
GM03137,77,13,5457.07,3,4,3,343,10,Potential Loyalists,North America,48,M,Standard,3752.77,0.00034262009384719523
GM03138,327,6,1298.04,1,2,2,122,5,Potential Loyalists,North America,59,F,Budget,907.05,0.9999967002926119
GM03139,105,10,2581.35,2,3,2,232,7,Potential Loyalists,MENA,21,F,Standard,1765.46,0.0042082087177894795
GM03140,40,16,4548.110000000001,4,4,3,443,11,Loyal Customers,Central Asia,23,F,Standard,3017.21,1.8024318428787704e-05
GM03141,46,10,3904.55,4,3,3,433,10,Loyal Customers,MENA,31,M,Standard,2655.17,2.9504172248258365e-05
GM03142,141,11,4352.32,2,3,3,233,8,Potential Loyalists,Southeast Asia,21,M,Standard,3120.38,0.06359706033060536
GM03143,108,3,566.8,2,1,1,211,4,Potential Loyalists,North America,43,M,Budget,387.45,0.006361367791060318
GM03144,589,3,372.26,1,1,1,111,3,Lost,MENA,64,M,Budget,270.73,0.9999999999999989
GM03145,49,16,8590.43,4,4,4,444,12,Loyal Customers,Europe,65,F,Standard,5996.22,3.648266965560945e-05
GM03146,25,17,9501.41,5,4,4,544,13,Champions,Europe,56,F,Standard,6343.03,5.6901097575245595e-06
GM03147,87,4,1043.8600000000001,3,1,2,312,6,Potential Loyalists,Southeast Asia,34,F,Standard,714.89,0.0009113100082793278
GM03148,138,5,571.63,2,2,1,221,5,Potential Loyalists,North America,36,Other,Budget,403.21,0.06402814603175284
GM03149,153,10,6270.75,2,3,4,234,9,Potential Loyalists,North America,68,M,Standard,4181.62,0.15063604657284846
GM03150,51,13,16939.45,4,4,5,445,13,Champions,MENA,66,F,Premium,10779.92,5.432679728680956e-05
GM03151,132,18,7375.07,2,5,4,254,11,At Risk,North America,23,F,Standard,5139.8,0.025448668649627165
GM03152,48,15,16736.25,4,4,5,445,13,Champions,Europe,46,M,Premium,11269.57,4.1561617244994365e-05
GM03153,376,6,667.3399999999999,1,2,1,121,4,Potential Loyalists,North America,28,F,Budget,445.82,0.9999999388984242
GM03154,19,8,4290.33,5,3,3,533,11,Loyal Customers,MENA,33,M,Standard,2759.88,3.5883302447029116e-06
GM03155,65,19,8366.56,3,5,4,354,12,Potential Loyalists,MENA,47,F,Standard,5541.61,0.00011539328961930045
GM03156,27,6,886.73,5,2,2,522,9,Recent Customers,North America,42,F,Budget,603.92,8.347227607961292e-06
GM03157,26,30,36290.67,5,5,5,555,15,Champions,Southeast Asia,57,M,Premium,24030.09,8.24304768270872e-06
GM03158,61,15,15171.82,3,4,5,345,12,Potential Loyalists,Central Asia,28,F,Premium,10513.39,0.00011542852351634856
GM03159,299,8,1813.81,1,3,2,132,6,Potential Loyalists,North America,24,F,Standard,1262.59,0.9999711807602745
GM03160,22,10,2861.6,5,3,2,532,10,Loyal Customers,Europe,43,M,Standard,1963.28,5.372356684068271e-06
GM03161,34,10,5311.91,4,3,3,433,10,Loyal Customers,MENA,39,M,Standard,3525.24,1.02518686408884e-05
GM03162,804,2,114.21000000000001,1,1,1,111,3,Lost,Central Asia,42,M,Budget,83.06,1.0
GM03163,530,2,203.51000000000002,1,1,1,111,3,Lost,Europe,36,F,Budget,146.02,0.9999999999998161
GM03164,300,2,70.46000000000001,1,1,1,111,3,Lost,MENA,48,F,Budget,49.12,0.9999764777697322
GM03165,41,6,562.26,4,2,1,421,7,Recent Customers,Central Asia,43,F,Budget,380.24,3.6111894816794256e-05
GM03166,46,5,1446.49,4,2,2,422,8,Recent Customers,MENA,59,F,Standard,1005.22,3.7350048833686016e-05
GM03167,75,10,3844.6899999999996,3,3,3,333,9,Potential Loyalists,Southeast Asia,58,F,Standard,2494.03,0.00030696980022932945
GM03168,22,15,6492.7699999999995,5,4,4,544,13,Champions,Central Asia,53,M,Standard,4394.59,5.091592009584407e-06
GM03169,188,2,156.97,2,1,1,211,4,Potential Loyalists,North America,40,F,Budget,103.78,0.8333243612007801
GM03170,462,5,1929.3600000000001,1,2,2,122,5,Potential Loyalists,MENA,64,M,Standard,1360.54,0.9999999999449483
GM03171,119,12,4620.4,2,3,3,233,8,Potential Loyalists,North America,30,M,Standard,3224.4,0.010234075160605519
GM03172,92,12,6821.35,3,3,4,334,10,Potential Loyalists,Europe,42,F,Standard,4532.74,0.0013599221346655304
GM03173,181,6,2486.13,2,2,2,222,6,Potential Loyalists,Europe,19,M,Standard,1691.58,0.6688843561743406
GM03174,38,9,4436.54,4,3,3,433,10,Loyal Customers,Europe,19,F,Standard,3110.93,1.746018361286118e-05
GM03175,899,1,121.36,1,1,1,111,3,Lost,Central Asia,33,F,Budget,88.26,1.0
GM03176,108,15,6868.58,2,4,4,244,10,At Risk,Europe,26,M,Standard,4807.58,0.005407751032009749
GM03177,347,5,991.78,1,2,2,122,5,Potential Loyalists,North America,45,M,Budget,705.81,0.9999995190864767
GM03178,281,8,4539.48,1,3,3,133,7,Potential Loyalists,Southeast Asia,30,F,Standard,3171.77,0.9998179943863587
GM03179,103,19,9781.06,3,5,4,354,12,Potential Loyalists,North America,52,F,Standard,6675.98,0.0030249046123851696
GM03180,289,3,152.92,1,1,1,111,3,Lost,North America,58,M,Budget,105.82,0.9999428026469553
GM03181,387,2,149.10000000000002,1,1,1,111,3,Lost,Central Asia,30,M,Budget,103.47,0.9999999808078078
GM03182,14,39,60723.5,5,5,5,555,15,Champions,Europe,48,F,Premium,40414.58,6.587823609586564e-06
GM03183,19,17,10705.66,5,4,5,545,14,Champions,Europe,38,F,Standard,7167.32,3.277749916992783e-06
GM03184,71,16,9826.26,3,4,4,344,11,Potential Loyalists,Europe,49,M,Standard,6903.25,0.00022290977188259333
GM03185,86,11,5802.62,3,3,4,334,10,Potential Loyalists,MENA,71,M,Standard,4010.76,0.0009187340227111562
GM03186,55,10,4988.13,4,3,3,433,10,Loyal Customers,MENA,51,F,Standard,3403.21,6.132073589711702e-05
GM03187,60,3,278.37,3,1,1,311,5,Potential Loyalists,Europe,25,F,Budget,181.3,0.0001448603413741615
GM03188,37,37,50777.71,4,5,5,455,14,Champions,Europe,58,Other,Premium,34813.73,3.5478400704482516e-05
GM03189,100,10,5103.52,3,3,3,333,9,Potential Loyalists,North America,65,F,Standard,3368.48,0.00278767823714357
GM03190,16,39,50243.08,5,5,5,555,15,Champions,North America,19,F,Premium,35227.29,4.511204557613665e-06
GM03191,324,6,445.99,1,2,1,121,4,Potential Loyalists,Europe,55,M,Budget,298.04,0.9999961571561782
GM03192,841,1,74.3,1,1,1,111,3,Lost,Southeast Asia,49,F,Budget,54.04,1.0
GM03193,217,11,4430.47,1,3,3,133,7,Potential Loyalists,Southeast Asia,71,M,Standard,3089.9,0.9681849070033179
GM03194,163,14,17688.85,2,4,5,245,11,At Risk,Europe,57,F,Premium,11891.62,0.32660171530118404
GM03195,241,5,353.28000000000003,1,2,1,121,4,Potential Loyalists,Europe,45,M,Budget,236.04,0.9968329028659234
GM03196,149,4,2189.83,2,1,2,212,5,Potential Loyalists,MENA,54,M,Standard,1482.36,0.13677854252753727
GM03197,42,19,8236.24,4,5,4,454,13,Champions,Southeast Asia,58,F,Standard,5571.49,1.6493325637378644e-05
GM03198,95,6,905.47,3,2,2,322,7,Potential Loyalists,Southeast Asia,18,F,Budget,600.48,0.001694375000464613
GM03199,263,7,999.17,1,2,2,122,5,Potential Loyalists,Central Asia,58,M,Budget,706.24,0.9994131369646618
GM03200,99,4,1898.99,3,1,2,312,6,Potential Loyalists,MENA,27,F,Standard,1218.23,0.0036581435623369413
GM03201,223,7,2555.56,1,2,2,122,5,Potential Loyalists,North America,21,M,Standard,1743.86,0.9811148400925078
GM03202,68,18,6717.0599999999995,3,5,4,354,12,Potential Loyalists,MENA,52,M,Standard,4392.33,0.000154721697794147
GM03203,93,7,1981.03,3,2,2,322,7,Potential Loyalists,Europe,27,F,Standard,1273.14,0.0018893912178749302
GM03204,138,14,4948.58,2,4,3,243,9,At Risk,Southeast Asia,64,M,Standard,3360.77,0.04813675971332888
GM03205,58,18,7743.24,3,5,4,354,12,Potential Loyalists,North America,28,F,Standard,5209.87,6.163985235598965e-05
GM03206,34,37,38562.1,4,5,5,455,14,Champions,North America,31,M,Premium,26176.73,1.4061161039835067e-05
GM03207,104,18,7200.62,2,5,4,254,11,At Risk,Southeast Asia,55,F,Standard,5039.6,0.0028613495973584036
GM03208,42,10,10818.76,4,3,5,435,12,Loyal Customers,North America,29,F,Premium,7525.68,2.130105347400308e-05
GM03209,225,13,3596.4,1,4,3,143,8,At Risk,MENA,62,M,Standard,2529.11,0.9850057193977638
GM03210,328,10,6998.45,1,3,4,134,8,Potential Loyalists,North America,34,M,Standard,4973.54,0.9999962543557119
GM03211,78,5,1457.62,3,2,2,322,7,Potential Loyalists,Europe,33,F,Standard,1010.02,0.000522872163592963
GM03212,27,18,7432.82,5,5,4,554,14,Champions,North America,52,F,Standard,4965.2,4.741393311801817e-06
GM03213,123,4,1640.69,2,1,2,212,5,Potential Loyalists,Europe,19,M,Standard,1142.92,0.020339920286576697
GM03214,110,1,53.0,2,1,1,211,4,Potential Loyalists,North America,28,F,Budget,31.86,0.009108124521696395
GM03215,117,11,5960.3,2,3,4,234,9,Potential Loyalists,Europe,58,M,Standard,4266.67,0.011597354512586531
GM03216,353,2,153.95,1,1,1,111,3,Lost,Central Asia,20,M,Budget,101.79,0.999999711687419
GM03217,72,11,4678.7699999999995,3,3,3,333,9,Potential Loyalists,Europe,46,F,Standard,3016.69,0.000258922522537709
GM03218,31,12,5061.5199999999995,5,3,3,533,11,Loyal Customers,Central Asia,35,M,Standard,3366.78,9.463851821238423e-06
GM03219,31,15,21540.02,5,4,5,545,14,Champions,North America,37,F,Premium,14011.59,1.0918507911206997e-05
GM03220,146,6,1694.73,2,2,2,222,6,Potential Loyalists,North America,64,F,Standard,1100.38,0.1045503462856014
GM03221,59,4,650.55,3,1,1,311,5,Potential Loyalists,MENA,31,F,Budget,428.24,0.00014461877351469325
GM03222,93,2,282.21,3,1,1,311,5,Potential Loyalists,Europe,51,F,Budget,186.59,0.0025376314901020807
GM03223,302,3,63.65,1,1,1,111,3,Lost,Central Asia,66,F,Budget,45.61,0.999988561323753
GM03224,522,7,2001.5900000000001,1,2,2,122,5,Potential Loyalists,Central Asia,71,F,Standard,1442.58,0.9999999999995475
GM03225,41,15,9523.28,4,4,4,444,12,Loyal Customers,Europe,48,F,Standard,6351.92,2.325626253670236e-05
GM03226,18,13,3669.6299999999997,5,4,3,543,12,Loyal Customers,Southeast Asia,57,Other,Standard,2426.08,2.8444953599108876e-06
GM03227,28,3,1587.83,5,1,2,512,8,Recent Customers,Europe,59,F,Standard,1037.57,9.565174851146863e-06
GM03228,105,9,10524.1,2,3,5,235,10,Potential Loyalists,Europe,35,M,Premium,7084.38,0.003822096104792354
GM03229,26,1,12.6,5,1,1,511,7,Recent Customers,Central Asia,47,F,Budget,7.57,1.1121001343957986e-05
GM03230,233,3,516.02,1,1,1,111,3,Lost,Europe,42,F,Budget,370.24,0.9940268534151415
GM03231,26,12,4290.28,5,3,3,533,11,Loyal Customers,MENA,36,F,Standard,2761.14,5.842405773681825e-06
GM03232,39,12,4400.92,4,3,3,433,10,Loyal Customers,North America,25,F,Standard,3010.01,1.715205069701707e-05
GM03233,61,36,45869.83,3,5,5,355,13,Champions,Europe,45,F,Premium,30664.63,0.00020362324279366188
GM03234,30,19,8506.52,5,5,4,554,14,Champions,Central Asia,25,Other,Standard,5743.33,8.622652713304078e-06
GM03235,25,17,4587.42,5,4,3,543,12,Loyal Customers,MENA,48,M,Standard,3027.04,5.286118837646727e-06
GM03236,107,7,584.37,2,2,1,221,5,Potential Loyalists,Europe,20,F,Budget,389.18,0.0068448973568985515
GM03237,19,6,1413.32,5,2,2,522,9,Recent Customers,Europe,20,M,Standard,883.14,4.345524097073932e-06
GM03238,40,9,3509.51,4,3,3,433,10,Loyal Customers,Southeast Asia,61,F,Standard,2332.77,1.739243001141063e-05
GM03239,22,10,3231.91,5,3,3,533,11,Loyal Customers,North America,39,F,Standard,2188.13,4.361350406818946e-06
GM03240,39,36,40903.76,4,5,5,455,14,Champions,North America,34,M,Premium,28374.54,2.39508964965417e-05
GM03241,223,2,298.47,1,1,1,111,3,Lost,MENA,53,M,Budget,197.34,0.9934272675599779
GM03242,99,17,8646.93,3,4,4,344,11,Potential Loyalists,MENA,34,F,Standard,5831.24,0.0019573719615545815
GM03243,139,5,233.35999999999999,2,2,1,221,5,Potential Loyalists,MENA,31,M,Budget,151.23,0.07632362139152242
GM03244,86,11,4522.360000000001,3,3,3,333,9,Potential Loyalists,North America,68,M,Standard,2976.29,0.0008118957605001259
GM03245,18,12,4763.86,5,3,3,533,11,Loyal Customers,North America,26,F,Standard,3152.22,2.770981446303765e-06
GM03246,77,11,8145.71,3,3,4,334,10,Potential Loyalists,Europe,47,M,Premium,5492.16,0.0003856579120044988
GM03247,68,15,8431.439999999999,3,4,4,344,11,Potential Loyalists,MENA,38,F,Standard,5581.57,0.00018033587856094372
GM03248,248,2,102.25999999999999,1,1,1,111,3,Lost,MENA,29,F,Budget,73.15,0.9983365844238966
GM03249,68,2,94.07,3,1,1,311,5,Potential Loyalists,Southeast Asia,54,M,Budget,58.91,0.0004888545299631125
GM03250,161,3,293.68,2,1,1,211,4,Potential Loyalists,North America,49,M,Budget,208.53,0.29622926112175935
GM03251,124,8,4025.92,2,3,3,233,8,Potential Loyalists,MENA,28,F,Standard,2667.28,0.017345915768796485
GM03252,90,2,114.92,3,1,1,311,5,Potential Loyalists,Central Asia,37,F,Budget,71.16,0.0032154551333428887
GM03253,17,6,537.3199999999999,5,2,1,521,8,Recent Customers,North America,52,F,Budget,348.65,3.54731797887068e-06
GM03254,49,35,29238.44,4,5,5,455,14,Champions,Central Asia,70,F,Premium,20208.36,4.120535667125363e-05
GM03255,619,2,93.42,1,1,1,111,3,Lost,Europe,64,F,Budget,67.94,1.0
GM03256,125,8,4177.37,2,3,3,233,8,Potential Loyalists,Europe,63,M,Standard,2885.21,0.019165267355990112
GM03257,69,6,2985.33,3,2,3,323,8,Potential Loyalists,North America,28,M,Standard,2148.35,0.00027096627196715163
GM03258,22,9,4453.0,5,3,3,533,11,Loyal Customers,Europe,69,M,Standard,3021.2,6.3775896225549256e-06
GM03259,40,7,386.93,4,2,1,421,7,Recent Customers,MENA,25,M,Budget,251.58,2.8230556300950915e-05
GM03260,85,8,3310.5099999999998,3,3,3,333,9,Potential Loyalists,Southeast Asia,21,F,Premium,2184.49,0.0007547264051775707
GM03261,46,8,2773.44,4,3,2,432,9,Loyal Customers,Europe,44,F,Standard,1911.58,3.2177478362487934e-05
GM03262,217,10,4821.65,1,3,3,133,7,Potential Loyalists,MENA,61,M,Standard,3351.36,0.9722044663493338
GM03263,297,3,455.17,1,1,1,111,3,Lost,MENA,57,F,Standard,300.94,0.9999661125086974
GM03264,189,9,4281.4400000000005,2,3,3,233,8,Potential Loyalists,Central Asia,55,M,Standard,3014.66,0.8314865710722794
GM03265,22,27,41108.14,5,5,5,555,15,Champions,North America,64,M,Premium,27687.51,6.717284504325098e-06
GM03266,51,12,5755.73,4,3,4,434,11,Loyal Customers,Central Asia,47,F,Standard,3919.43,5.630612637874733e-05
GM03267,17,3,528.11,5,1,1,511,7,Recent Customers,MENA,61,M,Budget,336.51,4.282977177682707e-06
GM03268,21,7,769.0300000000001,5,2,2,522,9,Recent Customers,North America,65,M,Budget,512.03,4.556819498479902e-06
GM03269,118,5,413.79,2,2,1,221,5,Potential Loyalists,North America,65,M,Budget,268.56,0.013367345196983774
GM03270,139,4,2073.75,2,1,2,212,5,Potential Loyalists,North America,44,M,Standard,1421.28,0.06029193344745098
GM03271,31,7,2493.71,5,2,2,522,9,Recent Customers,Europe,38,F,Standard,1620.0,1.5145736730817516e-05
GM03272,127,17,10752.61,2,4,5,245,11,At Risk,Central Asia,69,F,Standard,7154.56,0.021948425886057655
GM03273,14,33,39439.83,5,5,5,555,15,Champions,North America,37,M,Premium,27329.24,3.1419935797444978e-06
GM03274,207,5,691.71,1,2,2,122,5,Potential Loyalists,MENA,21,M,Budget,499.94,0.9703807212201575
GM03275,30,24,33484.94,5,5,5,555,15,Champions,North America,28,F,Premium,22537.43,1.1643323288019085e-05
GM03276,175,3,226.64999999999998,2,1,1,211,4,Potential Loyalists,North America,30,F,Budget,157.63,0.5997158778456142
GM03277,13,37,46141.91,5,5,5,555,15,Champions,North America,26,M,Premium,30996.38,3.6186947377818805e-06
GM03278,157,6,803.62,2,2,2,222,6,Potential Loyalists,MENA,21,M,Budget,551.07,0.25099931274421766
GM03279,85,10,12179.93,3,3,5,335,11,Potential Loyalists,Europe,29,F,Premium,8121.07,0.0008465360023842266
GM03280,69,10,9083.460000000001,3,3,4,334,10,Potential Loyalists,North America,26,F,Premium,6155.81,0.0002141833056106503
GM03281,19,11,3876.72,5,3,3,533,11,Loyal Customers,MENA,30,M,Standard,2495.26,3.5386695165026095e-06
GM03282,225,3,917.6300000000001,1,1,2,112,4,Lost,Europe,65,F,Standard,606.7,0.9952076027934584
GM03283,46,11,5373.12,4,3,3,433,10,Loyal Customers,Southeast Asia,43,M,Standard,3392.97,2.8464733909504177e-05
GM03284,183,3,1486.02,2,1,2,212,5,Potential Loyalists,Southeast Asia,55,F,Standard,982.49,0.7716398857737282
GM03285,38,37,44071.47,4,5,5,455,14,Champions,MENA,59,F,Premium,29744.27,2.4216140690571226e-05
GM03286,303,7,1123.76,1,2,2,122,5,Potential Loyalists,Central Asia,30,F,Budget,761.37,0.9999859706867528
GM03287,26,16,8532.86,5,4,4,544,13,Champions,MENA,56,M,Standard,5588.62,6.945751515486305e-06
GM03288,83,15,6705.66,3,4,4,344,11,Potential Loyalists,North America,45,M,Standard,4568.82,0.0005495200000812393
GM03289,423,3,480.13,1,1,1,111,3,Lost,Southeast Asia,36,M,Standard,317.44,0.9999999987606134
GM03290,129,8,2392.6,2,3,2,232,7,Potential Loyalists,Europe,41,F,Standard,1603.9,0.043889770601083046
GM03291,36,17,10472.48,4,4,5,445,13,Champions,Central Asia,36,M,Standard,7177.83,1.5185937461038103e-05
GM03292,33,4,413.46999999999997,4,1,1,411,6,Recent Customers,Southeast Asia,66,M,Standard,269.63,1.8830680063512852e-05
GM03293,115,12,5507.93,2,3,3,233,8,Potential Loyalists,MENA,30,M,Standard,3769.22,0.008706182841840314
GM03294,202,6,2737.9,1,2,2,122,5,Potential Loyalists,MENA,30,F,Standard,1875.45,0.920291053264706
GM03295,38,12,9261.7,4,3,4,434,11,Loyal Customers,Southeast Asia,45,M,Standard,6353.4,1.4833456243421634e-05
GM03296,35,14,4870.7,4,4,3,443,11,Loyal Customers,Central Asia,70,M,Standard,3258.66,1.3178121032538838e-05
GM03297,404,12,3878.85,1,3,3,133,7,Potential Loyalists,North America,19,M,Standard,2802.56,0.9999999917299366
GM03298,24,15,26793.42,5,4,5,545,14,Champions,Central Asia,27,F,Premium,17985.72,8.117401239803846e-06
GM03299,328,4,1680.21,1,1,2,112,4,Lost,MENA,39,F,Standard,1199.67,0.9999967155715753
GM03300,43,3,1801.8400000000001,4,1,2,412,7,Recent Customers,North America,30,F,Standard,1108.16,2.7963637156975594e-05
GM03301,117,23,24680.93,2,5,5,255,12,At Risk,MENA,26,F,Premium,16677.61,0.0119027510939183
GM03302,72,6,3368.84,3,2,3,323,8,Potential Loyalists,Southeast Asia,50,F,Standard,2291.02,0.0002547504263059479
GM03303,174,22,25531.39,2,5,5,255,12,At Risk,North America,31,M,Premium,17969.11,0.5063979492779938
GM03304,253,2,141.29,1,1,1,111,3,Lost,Europe,65,F,Budget,99.39,0.9995038751534855
GM03305,283,5,2755.75,1,2,2,122,5,Potential Loyalists,Europe,37,M,Standard,1958.5,0.9999036585295124
GM03306,69,30,34996.65,3,5,5,355,13,Champions,Europe,32,M,Premium,23793.98,0.0002824755232732432
GM03307,109,16,18840.81,2,4,5,245,11,At Risk,MENA,49,F,Premium,12809.55,0.005258400830681095
GM03308,20,13,4996.93,5,4,3,543,12,Loyal Customers,Central Asia,50,M,Standard,3383.0,3.7906964472150387e-06
GM03309,40,19,10989.89,4,5,5,455,14,Champions,Europe,34,M,Standard,7470.78,1.6529122758116213e-05
GM03310,133,3,242.31,2,1,1,211,4,Potential Loyalists,MENA,41,M,Budget,153.97,0.05038924098895569
GM03311,48,4,300.04,4,1,1,411,6,Recent Customers,North America,47,F,Budget,202.37,5.079027036648033e-05
GM03312,58,10,4176.54,3,3,3,333,9,Potential Loyalists,North America,30,M,Standard,2887.6,8.527743820497857e-05
GM03313,25,37,54771.32,5,5,5,555,15,Champions,North America,64,F,Premium,36940.24,1.1262928728192937e-05
GM03314,41,3,356.07000000000005,4,1,1,411,6,Recent Customers,Central Asia,65,F,Budget,234.94,3.145447427717544e-05
GM03315,210,2,469.05,1,1,1,111,3,Lost,Europe,33,F,Budget,326.86,0.9654295306561036
GM03316,111,19,8315.5,2,5,4,254,11,At Risk,North America,19,M,Standard,5690.36,0.005362348256800275
GM03317,55,19,6391.81,4,5,4,454,13,Champions,MENA,34,F,Standard,4273.92,5.039666639537393e-05
GM03318,182,14,7259.889999999999,2,4,4,244,10,At Risk,Central Asia,49,M,Standard,5044.06,0.6876544444521634
GM03319,30,12,3814.38,5,3,3,533,11,Loyal Customers,North America,60,M,Standard,2529.55,8.551343054218147e-06
GM03320,21,15,8646.89,5,4,4,544,13,Champions,North America,25,M,Standard,5813.98,3.6937163768275275e-06
GM03321,303,2,233.29000000000002,1,1,1,111,3,Lost,MENA,69,F,Budget,166.71,0.9999827197032993
GM03322,29,10,4465.18,5,3,3,533,11,Loyal Customers,Central Asia,20,M,Standard,2942.35,1.0973460139902436e-05
GM03323,208,3,194.26000000000002,1,1,1,111,3,Lost,North America,29,M,Budget,139.52,0.9565251221726156
GM03324,146,17,21463.04,2,4,5,245,11,At Risk,North America,37,M,Premium,15048.65,0.11128063190206852
GM03325,39,8,2959.98,4,3,3,433,10,Loyal Customers,North America,33,M,Standard,2044.37,2.0723875107549137e-05
GM03326,474,3,1396.62,1,1,2,112,4,Lost,North America,31,F,Standard,930.24,0.9999999999778195
GM03327,31,16,25140.46,5,4,5,545,14,Champions,North America,33,F,Premium,17292.29,1.356595352801965e-05
GM03328,57,19,10110.380000000001,4,5,5,455,14,Champions,MENA,70,F,Standard,6627.61,6.100228799034103e-05
GM03329,24,10,3683.2,5,3,3,533,11,Loyal Customers,Europe,66,M,Standard,2512.91,5.743074070559418e-06
GM03330,786,2,380.91,1,1,1,111,3,Lost,North America,60,M,Budget,277.03,1.0
GM03331,134,6,624.08,2,2,1,221,5,Potential Loyalists,North America,66,F,Budget,396.63,0.04955536040529776
GM03332,141,17,12050.26,2,4,5,245,11,At Risk,North America,68,M,Standard,8214.54,0.06311365187506505
GM03333,29,23,33699.74,5,5,5,555,15,Champions,Europe,71,F,Premium,23128.64,1.1383046905610775e-05
GM03334,152,18,7565.43,2,5,4,254,11,At Risk,Europe,50,M,Standard,5263.78,0.13592863460232998
GM03335,366,2,139.03,1,1,1,111,3,Lost,Southeast Asia,47,F,Budget,93.47,0.9999998761787892
GM03336,37,14,5434.16,4,4,3,443,11,Loyal Customers,North America,29,M,Standard,3662.88,1.5228451030949843e-05
GM03337,145,10,15029.380000000001,2,3,5,235,10,Potential Loyalists,Southeast Asia,32,M,Premium,10389.11,0.08001449935263139
GM03338,98,27,38362.64,3,5,5,355,13,Champions,North America,35,F,Premium,26136.95,0.00340932330434921
GM03339,36,18,7893.94,4,5,4,454,13,Champions,North America,45,F,Standard,5439.81,1.1115618297563789e-05
GM03340,15,26,38684.3,5,5,5,555,15,Champions,North America,40,M,Premium,26769.91,3.873499557980801e-06
GM03341,594,1,35.07,1,1,1,111,3,Lost,Southeast Asia,31,F,Budget,25.51,0.9999999999999987
GM03342,157,5,384.36,2,2,1,221,5,Potential Loyalists,North America,47,F,Budget,263.89,0.29255063874099463
GM03343,13,4,2284.11,5,1,2,512,8,Recent Customers,North America,50,M,Standard,1585.53,2.1792486305242425e-06
GM03344,105,7,3300.0299999999997,2,2,3,223,7,Potential Loyalists,Europe,62,M,Standard,2203.81,0.005046889117812956
GM03345,98,7,3791.88,3,2,3,323,8,Potential Loyalists,MENA,32,M,Standard,2534.52,0.0021715294728147884
GM03346,515,3,68.17,1,1,1,111,3,Lost,North America,24,M,Budget,48.44,0.999999999999359
GM03347,344,10,1704.2,1,3,2,132,6,Potential Loyalists,Europe,32,F,Standard,1182.11,0.9999990572781662
GM03348,34,11,5481.21,4,3,3,433,10,Loyal Customers,Europe,69,M,Standard,3683.94,1.3422524728342464e-05
GM03349,24,18,8888.54,5,5,4,554,14,Champions,Europe,59,M,Standard,6094.86,4.868524302521462e-06
GM03350,112,12,7312.07,2,3,4,234,9,Potential Loyalists,Europe,63,M,Standard,4813.12,0.006490177613592775
GM03351,14,10,2970.9100000000003,5,3,3,533,11,Loyal Customers,Europe,55,F,Standard,2126.42,2.778778055624872e-06
GM03352,13,18,9550.11,5,5,4,554,14,Champions,MENA,63,M,Standard,6444.6,2.106565819532327e-06
GM03353,141,9,5898.139999999999,2,3,4,234,9,Potential Loyalists,Southeast Asia,71,M,Standard,4027.7,0.06146313515672441
GM03354,123,8,5371.9,2,3,3,233,8,Potential Loyalists,MENA,61,M,Standard,3569.31,0.016804324347145537
GM03355,42,15,6657.43,4,4,4,444,12,Loyal Customers,Europe,28,F,Standard,4481.37,1.9975610493500914e-05
GM03356,37,24,29088.46,4,5,5,455,14,Champions,Central Asia,46,M,Premium,19556.17,1.9919685111717785e-05
GM03357,115,16,7664.21,2,4,4,244,10,At Risk,North America,48,F,Standard,5163.27,0.006898885969893903
GM03358,25,18,6937.42,5,5,4,554,14,Champions,MENA,42,M,Standard,4729.73,4.863246038970966e-06
GM03359,19,15,8675.039999999999,5,4,4,544,13,Champions,North America,69,M,Standard,5879.3,3.2702297789119126e-06
GM03360,147,2,81.17,2,1,1,211,4,Potential Loyalists,North America,71,F,Budget,48.79,0.13774113668368598
GM03361,90,19,20645.23,3,5,5,355,13,Champions,North America,41,M,Premium,14147.15,0.0012251435619418005
GM03362,85,13,4644.75,3,4,3,343,10,Potential Loyalists,Europe,36,F,Standard,3201.93,0.000870004441079031
GM03363,58,13,20332.49,3,4,5,345,12,Potential Loyalists,North America,19,F,Premium,13751.33,8.686883249879407e-05
GM03364,57,12,5206.2,4,3,3,433,10,Loyal Customers,Europe,39,F,Standard,3452.12,8.053267210704247e-05
GM03365,56,11,4351.29,4,3,3,433,10,Loyal Customers,Southeast Asia,37,F,Standard,2840.58,6.635770451468081e-05
GM03366,38,12,4350.4800000000005,4,3,3,433,10,Loyal Customers,North America,50,M,Standard,2905.98,1.5780924136445165e-05
GM03367,32,12,4625.62,4,3,3,433,10,Loyal Customers,Europe,25,M,Standard,3297.92,9.921456955573885e-06
GM03368,46,4,1266.61,4,1,2,412,7,Recent Customers,Europe,42,F,Standard,804.96,3.9519573218180915e-05
GM03369,86,6,321.90999999999997,3,2,1,321,6,Potential Loyalists,Europe,63,F,Budget,216.64,0.0010784039855437795
GM03370,328,1,0.0,1,1,1,111,3,Lost,North America,26,F,Budget,0.0,0.9999978111322406
GM03371,181,7,787.9300000000001,2,2,2,222,6,Potential Loyalists,Europe,51,M,Budget,543.25,0.7246925059214889
GM03372,337,6,788.97,1,2,2,122,5,Potential Loyalists,North America,40,M,Budget,548.84,0.9999985872248531
GM03373,286,3,327.77,1,1,1,111,3,Lost,Europe,22,F,Budget,230.54,0.9999263127332523
GM03374,14,18,7497.49,5,5,4,554,14,Champions,North America,42,M,Standard,5359.88,2.0335034908354924e-06
GM03375,31,38,48478.25,5,5,5,555,15,Champions,North America,25,M,Premium,33338.14,1.4337134247424468e-05
GM03376,62,36,48182.6,3,5,5,355,13,Champions,North America,33,M,Premium,32679.66,0.00018293724936852126
GM03377,56,7,3234.37,4,2,3,423,9,Recent Customers,North America,71,F,Standard,2128.45,8.543293077215825e-05
GM03378,35,5,498.57,4,2,1,421,7,Recent Customers,Europe,65,M,Budget,337.2,1.736994606172033e-05
GM03379,81,10,13716.150000000001,3,3,5,335,11,Potential Loyalists,Central Asia,62,F,Premium,9271.07,0.0005607371086100339
GM03380,13,12,4040.37,5,3,3,533,11,Loyal Customers,North America,69,M,Standard,2637.67,2.1234762574145572e-06
GM03381,118,13,7091.639999999999,2,4,4,244,10,At Risk,Europe,32,F,Standard,4773.09,0.010034510286832313
GM03382,458,1,121.56,1,1,1,111,3,Lost,MENA,18,F,Budget,80.37,0.9999999999247213
GM03383,99,10,4457.49,3,3,3,333,9,Potential Loyalists,Central Asia,39,M,Standard,3133.63,0.0032939379977660103
GM03384,394,6,1004.5,1,2,2,122,5,Potential Loyalists,Europe,20,F,Budget,692.34,0.9999999864721258
GM03385,48,8,3171.06,4,3,3,433,10,Loyal Customers,Central Asia,55,M,Standard,2165.0,4.575976969626608e-05
GM03386,22,19,7755.95,5,5,4,554,14,Champions,Southeast Asia,71,M,Standard,5251.39,3.5493429151454614e-06
GM03387,49,15,5183.84,4,4,3,443,11,Loyal Customers,Europe,31,F,Standard,3453.85,4.030125771376182e-05
GM03388,114,4,1910.39,2,1,2,212,5,Potential Loyalists,North America,53,M,Standard,1295.4,0.00902713111994354
GM03389,30,34,50249.02,5,5,5,555,15,Champions,Central Asia,35,M,Premium,33893.96,1.9144489200805748e-05
GM03390,126,15,5311.59,2,4,3,243,9,At Risk,North America,64,M,Standard,3642.5,0.018334378422941923
GM03391,347,2,163.37,1,1,1,111,3,Lost,Europe,58,M,Budget,114.77,0.9999994638908268
GM03392,134,13,4998.56,2,4,3,243,9,At Risk,Southeast Asia,35,F,Standard,3488.69,0.03060049199708046
GM03393,31,6,2327.05,5,2,2,522,9,Recent Customers,Southeast Asia,20,M,Standard,1545.72,1.1751009012114193e-05
GM03394,28,8,5101.75,5,3,3,533,11,Loyal Customers,Europe,27,F,Standard,3477.0,7.321557634270391e-06
GM03395,65,8,3576.05,3,3,3,333,9,Potential Loyalists,Southeast Asia,66,F,Standard,2334.03,0.0001758696753030823
GM03396,29,26,32020.66,5,5,5,555,15,Champions,Southeast Asia,56,M,Premium,21207.27,9.237688658384597e-06
GM03397,13,13,6495.87,5,4,4,544,13,Champions,North America,64,M,Standard,4130.58,2.0577382574536636e-06
GM03398,111,34,34064.6,2,5,5,255,12,At Risk,North America,18,F,Premium,23349.62,0.006615261991155945
GM03399,35,26,40484.9,4,5,5,455,14,Champions,Europe,44,M,Premium,27149.76,2.2685153782983693e-05
GM03400,43,6,898.96,4,2,2,422,8,Recent Customers,North America,44,M,Budget,588.14,2.7963417320246183e-05
GM03401,16,37,47318.25,5,5,5,555,15,Champions,Central Asia,28,M,Premium,31924.4,4.8263746109945176e-06
GM03402,61,6,585.0,3,2,1,321,6,Potential Loyalists,Central Asia,66,F,Budget,395.62,0.00014934333536598801
GM03403,195,3,803.87,2,1,2,212,5,Potential Loyalists,Southeast Asia,22,F,Standard,553.34,0.8617849541357763
GM03404,126,6,783.88,2,2,2,222,6,Potential Loyalists,Europe,24,M,Budget,530.05,0.03177424109883472
GM03405,124,24,24282.31,2,5,5,255,12,At Risk,North America,36,M,Premium,17025.19,0.01786130621017877
GM03406,97,12,4950.5,3,3,3,333,9,Potential Loyalists,North America,46,F,Standard,3208.8,0.001830629242996954
GM03407,56,15,6540.67,4,4,4,444,12,Loyal Customers,Southeast Asia,32,F,Standard,4571.95,6.049741504741233e-05
GM03408,192,2,202.33999999999997,2,1,1,211,4,Potential Loyalists,Southeast Asia,52,F,Budget,140.95,0.8576718937001017
GM03409,286,13,7185.76,1,4,4,144,9,At Risk,Europe,64,F,Standard,4992.4,0.9998867890568954
GM03410,21,13,3729.7,5,4,3,543,12,Loyal Customers,Central Asia,54,M,Standard,2552.12,5.164983616321392e-06
GM03411,663,1,194.7,1,1,1,111,3,Lost,MENA,29,F,Budget,141.6,1.0
GM03412,159,3,1052.22,2,1,2,212,5,Potential Loyalists,Europe,47,M,Standard,692.71,0.3451614655116545
GM03413,34,9,7148.2,4,3,4,434,11,Loyal Customers,Central Asia,37,M,Premium,4840.84,1.3614377591595646e-05
GM03414,236,18,7300.13,1,5,4,154,10,At Risk,Europe,54,F,Standard,5118.3,0.9925402341470214
GM03415,151,10,4144.25,2,3,3,233,8,Potential Loyalists,North America,20,M,Standard,2842.83,0.14214749625203757
GM03416,148,5,1922.77,2,2,2,222,6,Potential Loyalists,North America,26,Other,Standard,1216.3,0.11139927956749647
GM03417,219,3,2086.29,1,1,2,112,4,Lost,Europe,58,M,Standard,1391.8,0.9783639347801548
GM03418,17,19,23509.59,5,5,5,555,15,Champions,North America,56,F,Premium,15835.52,3.199724041676955e-06
GM03419,23,3,533.4399999999999,5,1,1,511,7,Recent Customers,Europe,43,F,Standard,353.72,6.4353043809105065e-06
GM03420,40,6,549.99,4,2,1,421,7,Recent Customers,Central Asia,19,M,Budget,372.87,2.674841934820708e-05
GM03421,90,7,2696.02,3,2,2,322,7,Potential Loyalists,North America,40,F,Standard,1705.13,0.0011847800239683816
GM03422,31,4,2022.5900000000001,5,1,2,512,8,Recent Customers,North America,40,M,Standard,1277.28,9.707707200129807e-06
GM03423,26,22,30832.63,5,5,5,555,15,Champions,North America,38,F,Premium,20540.23,8.085720312218995e-06
GM03424,40,11,3747.92,4,3,3,433,10,Loyal Customers,Central Asia,33,M,Standard,2430.32,1.859159140283957e-05
GM03425,123,12,10919.789999999999,2,3,5,235,10,Potential Loyalists,North America,26,F,Premium,7402.28,0.015657671001616334
GM03426,53,15,6632.33,4,4,4,444,12,Loyal Customers,North America,30,M,Standard,4622.17,5.169859774623926e-05
GM03427,44,7,2467.8,4,2,2,422,8,Recent Customers,North America,45,M,Standard,1696.21,3.3252503375498266e-05
GM03428,32,5,772.1099999999999,4,2,2,422,8,Recent Customers,North America,44,M,Budget,537.18,1.2433236075780309e-05
GM03429,147,27,27835.93,2,5,5,255,12,At Risk,Southeast Asia,68,M,Premium,19479.77,0.10658826753306892
GM03430,94,7,2158.31,3,2,2,322,7,Potential Loyalists,North America,69,F,Standard,1519.09,0.001728942952695164
GM03431,339,7,918.58,1,2,2,122,5,Potential Loyalists,North America,34,F,Standard,653.99,0.9999986988384743
GM03432,79,6,4086.68,3,2,3,323,8,Potential Loyalists,Southeast Asia,55,F,Standard,2823.61,0.00045190020839538714
GM03433,386,4,407.42,1,1,1,111,3,Lost,North America,53,M,Budget,283.99,0.9999999820992634
GM03434,267,6,981.27,1,2,2,122,5,Potential Loyalists,MENA,18,F,Standard,700.21,0.999542050657181
GM03435,47,21,26318.6,4,5,5,455,14,Champions,North America,35,M,Premium,18143.9,3.997285634994045e-05
GM03436,25,9,2714.08,5,3,2,532,10,Loyal Customers,MENA,68,F,Standard,1788.66,6.0932458765524784e-06
GM03437,28,10,1718.0,5,3,2,532,10,Loyal Customers,Europe,26,Other,Standard,1179.78,8.65038662566475e-06
GM03438,34,17,19306.2,4,4,5,445,13,Champions,North America,30,M,Premium,13624.95,1.1821862347237896e-05
GM03439,39,8,2160.84,4,3,2,432,9,Loyal Customers,Southeast Asia,57,M,Standard,1474.94,2.1135428374727834e-05
GM03440,77,7,1987.49,3,2,2,322,7,Potential Loyalists,Southeast Asia,62,M,Standard,1314.87,0.00037303102917148
GM03441,90,12,3983.65,3,3,3,333,9,Potential Loyalists,Europe,32,F,Standard,2639.64,0.0010617568534529997
GM03442,69,11,19109.47,3,3,5,335,11,Potential Loyalists,MENA,60,F,Premium,12703.35,0.00022531110389877854
GM03443,143,7,4718.72,2,2,3,223,7,Potential Loyalists,Europe,61,F,Standard,3228.09,0.08265608489904314
GM03444,18,16,8261.69,5,4,4,544,13,Champions,Southeast Asia,63,M,Standard,5483.24,2.56166489619927e-06
GM03445,34,19,10357.44,4,5,5,455,14,Champions,Southeast Asia,21,F,Standard,6805.97,1.0406487201767772e-05
GM03446,345,4,473.23,1,1,1,111,3,Lost,North America,50,F,Budget,326.24,0.999999456376474
GM03447,24,28,30727.14,5,5,5,555,15,Champions,North America,41,M,Premium,20937.36,5.938003067841183e-06
GM03448,66,1,21.45,3,1,1,311,5,Potential Loyalists,North America,53,F,Budget,12.89,0.0002321899630138176
GM03449,22,10,3851.3199999999997,5,3,3,533,11,Loyal Customers,North America,68,M,Standard,2579.25,4.464455968764432e-06
GM03450,274,6,877.3299999999999,1,2,2,122,5,Potential Loyalists,Central Asia,58,M,Budget,615.51,0.9998038209606698
GM03451,75,6,2741.6099999999997,3,2,2,322,7,Potential Loyalists,MENA,27,F,Standard,1751.2,0.00034099400771280127
GM03452,468,3,1449.88,1,1,2,112,4,Lost,North America,53,M,Standard,978.64,0.999999999965941
GM03453,80,2,61.8,3,1,1,311,5,Potential Loyalists,North America,37,F,Budget,40.86,0.0006914266078663939
GM03454,638,1,380.94,1,1,1,111,3,Lost,MENA,58,F,Budget,277.05,1.0
GM03455,16,9,3143.15,5,3,3,533,11,Loyal Customers,Southeast Asia,62,M,Standard,2052.71,2.643319878102581e-06
GM03456,31,38,44023.62,5,5,5,555,15,Champions,Europe,61,F,Premium,29835.86,1.5716797997345727e-05
GM03457,91,7,1932.1999999999998,3,2,2,322,7,Potential Loyalists,MENA,28,F,Standard,1356.3,0.0015225023538873825
GM03458,62,4,176.60000000000002,3,1,1,311,5,Potential Loyalists,North America,29,M,Budget,115.11,0.0001429158444535785
GM03459,28,12,7163.13,5,3,4,534,12,Loyal Customers,North America,35,M,Standard,4847.31,7.38190047537784e-06
GM03460,74,16,7875.42,3,4,4,344,11,Potential Loyalists,North America,47,M,Standard,5391.39,0.0002425170802385419
GM03461,77,3,777.2900000000001,3,1,2,312,6,Potential Loyalists,Europe,61,M,Standard,513.91,0.00048588251892185973
GM03462,626,1,39.9,1,1,1,111,3,Lost,Europe,65,M,Budget,29.02,1.0
GM03463,142,16,10126.77,2,4,5,245,11,At Risk,North America,54,M,Standard,6826.21,0.07570707348579374
GM03464,247,6,1944.57,1,2,2,122,5,Potential Loyalists,North America,37,M,Standard,1374.77,0.9975516688324148
GM03465,123,7,570.87,2,2,1,221,5,Potential Loyalists,Europe,42,F,Budget,391.58,0.020710150643482073
GM03466,40,16,6680.15,4,4,4,444,12,Loyal Customers,North America,29,M,Standard,4618.28,1.5867694489193668e-05
GM03467,33,16,7623.5199999999995,4,4,4,444,12,Loyal Customers,MENA,38,F,Standard,5057.99,1.000904728374562e-05
GM03468,68,18,10573.52,3,5,5,355,13,Champions,North America,42,F,Standard,7209.4,0.0001450228436182709
GM03469,113,10,5527.09,2,3,3,233,8,Potential Loyalists,North America,28,F,Standard,3799.16,0.006760922006193468
GM03470,51,6,2305.2,4,2,2,422,8,Recent Customers,Europe,26,M,Standard,1542.73,5.4726214762015115e-05
GM03471,74,17,8416.949999999999,3,4,4,344,11,Potential Loyalists,Central Asia,67,F,Standard,5745.53,0.0002890832500094988
GM03472,50,12,3716.4,4,3,3,433,10,Loyal Customers,North America,42,F,Standard,2556.8,3.797021612647244e-05
GM03473,19,6,3320.26,5,2,3,523,10,Recent Customers,North America,52,F,Standard,2206.66,3.4013616544381547e-06
GM03474,34,19,8496.76,4,5,4,454,13,Champions,North America,69,M,Standard,5649.11,9.26655405090421e-06
GM03475,173,14,5010.67,2,4,3,243,9,At Risk,North America,49,M,Standard,3436.39,0.4468412162597524
GM03476,180,13,6681.1,2,4,4,244,10,At Risk,North America,66,F,Standard,4402.95,0.6165422279997692
GM03477,31,16,9847.13,5,4,4,544,13,Champions,Southeast Asia,31,M,Standard,6821.2,7.906503570336014e-06
GM03478,29,18,10768.26,5,5,5,555,15,Champions,MENA,18,M,Standard,7098.91,8.61543521698228e-06
GM03479,147,7,3029.68,2,2,3,223,7,Potential Loyalists,MENA,34,M,Standard,2042.48,0.11325005442908456
GM03480,50,15,6743.61,4,4,4,444,12,Loyal Customers,MENA,42,F,Standard,4655.48,4.2177986326610575e-05
GM03481,106,5,1033.79,2,2,2,222,6,Potential Loyalists,Europe,25,Other,Budget,670.78,0.005466018606612419
GM03482,114,9,1934.58,2,3,2,232,7,Potential Loyalists,North America,22,M,Standard,1288.67,0.007700172200100719
GM03483,267,6,2109.63,1,2,2,122,5,Potential Loyalists,Europe,22,F,Standard,1484.85,0.9995523608433126
GM03484,39,17,5777.889999999999,4,4,4,444,12,Loyal Customers,Southeast Asia,58,F,Standard,3844.94,1.3273736475686263e-05
GM03485,48,17,5306.29,4,4,3,443,11,Loyal Customers,North America,52,F,Standard,3582.72,2.8826140589055268e-05
GM03486,186,12,6198.87,2,3,4,234,9,Potential Loyalists,North America,36,F,Standard,4389.16,0.7679107724061155
GM03487,247,3,1100.64,1,1,2,112,4,Lost,Europe,40,F,Standard,731.7,0.9986005199015134
GM03488,27,15,6198.83,5,4,4,544,13,Champions,Central Asia,26,F,Standard,4064.09,7.555891202444116e-06
GM03489,237,4,1250.24,1,1,2,112,4,Lost,Central Asia,71,M,Standard,838.61,0.9958615212086442
GM03490,29,14,6373.03,5,4,4,544,13,Champions,MENA,47,F,Standard,4324.27,6.715694436684715e-06
GM03491,27,19,14759.220000000001,5,5,5,555,15,Champions,Central Asia,67,M,Premium,9985.92,6.648154065259607e-06
GM03492,129,18,6760.53,2,5,4,254,11,At Risk,North America,33,M,Standard,4683.47,0.021197081626161123
GM03493,24,21,30433.61,5,5,5,555,15,Champions,Southeast Asia,50,F,Premium,20814.43,6.821145493308605e-06
GM03494,524,4,604.6700000000001,1,1,1,111,3,Lost,Southeast Asia,19,F,Budget,419.13,0.9999999999996592
GM03495,253,4,366.14,1,1,1,111,3,Lost,North America,31,F,Budget,242.89,0.9988302480419214
GM03496,664,1,30.75,1,1,1,111,3,Lost,Europe,63,M,Budget,22.36,1.0
GM03497,609,1,50.06,1,1,1,111,3,Lost,Southeast Asia,18,M,Budget,36.41,0.9999999999999998
GM03498,245,3,1096.76,1,1,2,112,4,Lost,Southeast Asia,43,F,Standard,725.13,0.9981344566632986
GM03499,54,6,1043.18,4,2,2,422,8,Recent Customers,Europe,42,M,Budget,729.54,7.470810691896358e-05
GM03500,80,19,27735.2,3,5,5,355,13,Champions,North America,33,F,Premium,18598.27,0.0005882552061970248
GM03501,22,17,25063.99,5,4,5,545,14,Champions,Europe,32,M,Premium,17154.64,5.957386119363088e-06
GM03502,108,4,472.08,2,1,1,211,4,Potential Loyalists,North America,43,M,Budget,296.33,0.005846692834985696
GM03503,23,24,41270.3,5,5,5,555,15,Champions,Southeast Asia,64,Other,Premium,28037.73,7.402333153766216e-06
GM03504,768,1,112.26,1,1,1,111,3,Lost,Central Asia,61,M,Budget,81.64,1.0
GM03505,117,8,4878.110000000001,2,3,3,233,8,Potential Loyalists,Southeast Asia,33,M,Standard,3156.46,0.009047775532684927
GM03506,145,3,268.24,2,1,1,211,4,Potential Loyalists,North America,31,M,Budget,170.12,0.12040746840841975
GM03507,65,16,5034.74,3,4,3,343,10,Potential Loyalists,Southeast Asia,46,F,Standard,3416.06,0.00011244446942221957
GM03508,79,11,5318.62,3,3,3,333,9,Potential Loyalists,MENA,41,F,Standard,3520.25,0.0005679389041663397
GM03509,35,11,16135.23,4,3,5,435,12,Loyal Customers,North America,64,M,Premium,11113.53,1.430371238513557e-05
GM03510,306,5,410.0,1,2,1,121,4,Potential Loyalists,Central Asia,32,M,Budget,271.07,0.9999875703054352
GM03511,29,14,19315.42,5,4,5,545,14,Champions,Europe,36,F,Premium,12891.36,9.053229929778514e-06
GM03512,24,7,4146.03,5,2,3,523,10,Recent Customers,Central Asia,25,M,Standard,2534.04,5.25735708269893e-06
GM03513,65,8,3181.15,3,3,3,333,9,Potential Loyalists,Southeast Asia,51,F,Standard,2199.25,0.0001433550889592483
GM03514,20,24,29458.19,5,5,5,555,15,Champions,North America,19,M,Premium,19484.29,4.843340431812833e-06
GM03515,57,16,5758.92,4,4,4,444,12,Loyal Customers,Southeast Asia,44,M,Standard,3904.98,6.539254772682565e-05
GM03516,17,29,39943.17,5,5,5,555,15,Champions,Southeast Asia,27,F,Premium,26290.52,4.312594048183758e-06
GM03517,24,17,8575.45,5,4,4,544,13,Champions,Central Asia,52,M,Standard,5601.3,5.311485768973424e-06
GM03518,89,13,6531.3,3,4,4,344,11,Potential Loyalists,MENA,40,F,Standard,4270.65,0.0009298190912369786
GM03519,37,8,4078.15,4,3,3,433,10,Loyal Customers,Central Asia,66,M,Standard,2720.49,1.9590040930557263e-05
GM03520,120,13,6969.099999999999,2,4,4,244,10,At Risk,Europe,25,M,Standard,4923.66,0.012936626901492712
GM03521,35,10,4847.57,4,3,3,433,10,Loyal Customers,Europe,45,Other,Standard,3261.2,1.4478130542534596e-05
GM03522,314,5,3900.04,1,2,3,123,6,Potential Loyalists,MENA,40,M,Standard,2664.58,0.9999885887258807
GM03523,120,4,486.78,2,1,1,211,4,Potential Loyalists,Europe,21,F,Budget,308.05,0.017001857275745786
GM03524,84,14,19163.14,3,4,5,345,12,Potential Loyalists,Central Asia,31,M,Premium,12994.63,0.0009717761354897617
GM03525,44,29,32224.5,4,5,5,455,14,Champions,Europe,70,F,Premium,21945.22,3.64637123123564e-05
GM03526,176,12,2804.93,2,3,2,232,7,Potential Loyalists,Europe,59,F,Standard,1961.6,0.5714350764408773
GM03527,61,7,2356.57,3,2,2,322,7,Potential Loyalists,Southeast Asia,46,M,Standard,1558.04,0.00010756645074279897
GM03528,22,3,2006.69,5,1,2,512,8,Recent Customers,North America,18,F,Standard,1281.62,3.956686955937846e-06
GM03529,392,5,475.56,1,2,1,121,4,Potential Loyalists,Southeast Asia,21,F,Standard,345.86,0.9999999869175071
GM03530,18,5,716.28,5,2,2,522,9,Recent Customers,MENA,49,M,Budget,455.66,4.477074686227808e-06
GM03531,36,26,28513.04,4,5,5,455,14,Champions,Europe,50,F,Premium,19670.5,1.6709636399718336e-05
GM03532,46,16,8644.140000000001,4,4,4,444,12,Loyal Customers,North America,66,F,Standard,6010.62,2.9201417449517083e-05
GM03533,176,18,9188.49,2,5,4,254,11,At Risk,Europe,43,M,Standard,6398.35,0.5409840447937471
GM03534,41,12,8390.789999999999,4,3,4,434,11,Loyal Customers,Europe,34,M,Standard,5526.59,2.161680273726123e-05
GM03535,318,4,210.45999999999998,1,1,1,111,3,Lost,Europe,56,M,Budget,149.25,0.999994170880538
GM03536,31,4,2201.42,5,1,2,512,8,Recent Customers,Europe,40,M,Standard,1365.61,9.73941547962831e-06
GM03537,111,5,849.11,2,2,2,222,6,Potential Loyalists,Europe,49,F,Budget,561.35,0.008085388452897548
GM03538,160,5,954.8900000000001,2,2,2,222,6,Potential Loyalists,Europe,69,F,Standard,628.51,0.2902554802755611
GM03539,51,37,47976.34,4,5,5,455,14,Champions,North America,32,F,Premium,33158.92,8.437970233470263e-05
GM03540,46,25,27660.41,4,5,5,455,14,Champions,Central Asia,30,M,Premium,18364.55,3.8900834404370166e-05
GM03541,63,4,2154.97,3,1,2,312,6,Potential Loyalists,Europe,19,M,Standard,1557.98,0.00019483438059895587
GM03542,63,18,11208.130000000001,3,5,5,355,13,Champions,North America,36,F,Standard,7734.45,0.00011014328777599747
GM03543,72,19,18903.43,3,5,5,355,13,Champions,Europe,41,F,Premium,12557.84,0.0002842885490329701
GM03544,18,12,4869.16,5,3,3,533,11,Loyal Customers,Europe,62,F,Standard,3356.9,3.565928581143024e-06
GM03545,48,3,1655.5300000000002,4,1,2,412,7,Recent Customers,Southeast Asia,41,M,Standard,1063.54,3.74785099506426e-05
GM03546,110,16,13705.26,2,4,5,245,11,At Risk,Europe,28,M,Premium,9331.6,0.005936638922669154
GM03547,24,14,6572.68,5,4,4,544,13,Champions,Central Asia,39,M,Standard,4436.78,4.848393093013829e-06
GM03548,536,1,123.46,1,1,1,111,3,Lost,MENA,32,Other,Budget,81.63,0.9999999999998987
GM03549,144,11,5040.9800000000005,2,3,3,233,8,Potential Loyalists,Europe,27,M,Standard,3465.05,0.08951583504670954
GM03550,22,10,6349.3099999999995,5,3,4,534,12,Loyal Customers,North America,58,F,Standard,4145.39,4.364130357264328e-06
GM03551,33,4,2014.71,4,1,2,412,7,Recent Customers,North America,44,F,Standard,1338.81,1.7580502486043552e-05
GM03552,28,11,3693.3,5,3,3,533,11,Loyal Customers,Europe,26,M,Standard,2581.31,7.951606229415233e-06
GM03553,74,9,3332.04,3,3,3,333,9,Potential Loyalists,North America,69,F,Standard,2242.5,0.0003628047294749436
GM03554,13,17,6886.0,5,4,4,544,13,Champions,MENA,45,F,Standard,4631.94,1.853319336623732e-06
GM03555,206,7,3091.63,1,2,3,123,6,Potential Loyalists,Europe,18,F,Standard,2182.68,0.9381169402090174
GM03556,19,7,4476.26,5,2,3,523,10,Recent Customers,North America,34,M,Standard,3002.74,3.159408947999933e-06
GM03557,19,12,5727.43,5,4,4,544,13,Champions,Europe,48,M,Standard,3821.82,3.304760908246263e-06
GM03558,17,21,20234.37,5,5,5,555,15,Champions,MENA,61,M,Premium,13768.15,3.492489108379364e-06
GM03559,188,6,1100.4099999999999,2,2,2,222,6,Potential Loyalists,Central Asia,27,M,Budget,776.75,0.8016139362782848
GM03560,116,9,4225.69,2,3,3,233,8,Potential Loyalists,MENA,54,F,Standard,2750.46,0.009529399905654453
GM03561,243,7,2517.67,1,2,2,122,5,Potential Loyalists,Europe,46,F,Standard,1782.55,0.9968630133471711
GM03562,78,15,6079.92,3,4,4,344,11,Potential Loyalists,North America,35,M,Standard,4104.33,0.0003264142822395012
GM03563,137,5,384.48,2,2,1,221,5,Potential Loyalists,Central Asia,64,F,Budget,262.45,0.06588156016572272
GM03564,34,17,6639.59,4,4,4,444,12,Loyal Customers,MENA,55,F,Standard,4410.94,9.388102400660009e-06
GM03565,757,3,1445.29,1,1,2,112,4,Lost,MENA,56,M,Standard,1051.12,1.0
GM03566,21,6,503.23,5,2,1,521,8,Recent Customers,North America,66,M,Budget,347.67,5.794002367050049e-06
GM03567,147,19,7796.13,2,5,4,254,11,At Risk,North America,23,F,Standard,5467.2,0.0746096995810688
GM03568,80,11,13928.45,3,3,5,335,11,Potential Loyalists,North America,57,F,Premium,9574.02,0.000481076042925669
GM03569,95,26,32741.010000000002,3,5,5,355,13,Champions,North America,29,F,Premium,22445.11,0.0019798252410959546
GM03570,230,4,585.27,1,1,1,111,3,Lost,Southeast Asia,70,M,Budget,403.39,0.992081302418327
GM03571,357,1,46.63,1,1,1,111,3,Lost,Europe,31,M,Budget,30.83,0.9999997913714458
GM03572,46,14,7426.61,4,4,4,444,12,Loyal Customers,MENA,61,M,Standard,4980.93,3.23945083944964e-05
GM03573,13,7,3455.74,5,2,3,523,10,Recent Customers,North America,27,F,Standard,2378.55,1.9906624241333407e-06
GM03574,20,14,7585.9400000000005,5,4,4,544,13,Champions,Southeast Asia,71,F,Standard,5125.27,3.1202143691973732e-06
GM03575,28,5,1735.7600000000002,5,2,2,522,9,Recent Customers,Southeast Asia,37,M,Standard,1158.69,7.122190881443802e-06
GM03576,18,4,1435.37,5,1,2,512,8,Recent Customers,MENA,32,F,Standard,930.9,5.066398620263425e-06
GM03577,190,37,45832.22,2,5,5,255,12,At Risk,Europe,48,F,Premium,31640.83,0.8631309705864875
GM03578,19,5,774.56,5,2,2,522,9,Recent Customers,MENA,24,F,Budget,513.54,4.513351473740917e-06
GM03579,110,4,644.02,2,1,1,211,4,Potential Loyalists,North America,58,Other,Budget,395.62,0.0073559579771021
GM03580,86,12,3414.93,3,4,3,343,10,Potential Loyalists,MENA,27,M,Standard,2262.22,0.0008950505795657871
GM03581,21,18,8948.44,5,5,4,554,14,Champions,MENA,27,F,Standard,6011.34,3.7425058408382934e-06
GM03582,152,18,22344.96,2,5,5,255,12,At Risk,North America,65,M,Premium,15402.58,0.1601911718116968
GM03583,28,18,8577.27,5,5,4,554,14,Champions,Europe,56,M,Standard,5623.91,6.430489287101034e-06
GM03584,50,8,5494.61,4,3,3,433,10,Loyal Customers,Southeast Asia,45,F,Standard,3540.8,4.002618189797246e-05
GM03585,269,4,2046.08,1,1,2,112,4,Lost,MENA,47,F,Standard,1405.53,0.9996133044109639
GM03586,43,8,3865.48,4,3,3,433,10,Loyal Customers,Europe,54,F,Standard,2658.19,2.5053905227983927e-05
GM03587,43,5,2774.37,4,2,2,422,8,Recent Customers,MENA,20,F,Standard,1999.51,3.3076337385122735e-05
GM03588,112,2,256.8,2,1,1,211,4,Potential Loyalists,North America,67,F,Budget,160.36,0.009706305344781693
GM03589,107,15,22825.05,2,4,5,245,11,At Risk,Europe,60,F,Premium,15325.89,0.0061718191412807105
GM03590,64,19,7781.5599999999995,3,5,4,354,12,Potential Loyalists,Europe,32,M,Standard,5225.31,0.00011210118906203003
GM03591,140,7,687.34,2,2,2,222,6,Potential Loyalists,Southeast Asia,38,F,Budget,464.02,0.06947796841325489
GM03592,83,17,7779.74,3,4,4,344,11,Potential Loyalists,Europe,69,F,Standard,5286.74,0.0006292701752760011
GM03593,17,19,10909.880000000001,5,5,5,555,15,Champions,North America,54,M,Standard,7201.59,2.5052688733710716e-06
GM03594,177,5,2834.7,2,2,2,222,6,Potential Loyalists,North America,29,M,Standard,1904.9,0.6591183540592868
GM03595,85,6,1072.44,3,2,2,322,7,Potential Loyalists,MENA,21,F,Budget,732.87,0.0008825576332045644
GM03596,24,34,38212.299999999996,5,5,5,555,15,Champions,North America,64,F,Premium,26079.94,7.450833637525234e-06
GM03597,68,10,5218.0,3,3,3,333,9,Potential Loyalists,Europe,26,F,Standard,3560.83,0.00017294889951911886
GM03598,74,16,21398.85,3,4,5,345,12,Potential Loyalists,North America,56,F,Premium,14792.53,0.00032579795166235077
GM03599,220,12,13069.73,1,4,5,145,10,At Risk,MENA,59,M,Premium,9041.53,0.9800038718962655
GM03600,42,19,8331.72,4,5,4,454,13,Champions,North America,45,F,Standard,5757.22,1.6943667149771686e-05
GM03601,120,23,35655.65,2,5,5,255,12,At Risk,Europe,40,F,Premium,24547.18,0.020393871968183572
GM03602,283,7,916.24,1,2,2,122,5,Potential Loyalists,North America,62,F,Budget,635.37,0.9998750680295933
GM03603,395,3,132.22,1,1,1,111,3,Lost,Europe,57,F,Budget,94.44,0.9999999899742328
GM03604,23,16,6843.38,5,4,4,544,13,Champions,Europe,61,F,Standard,4414.73,4.393892812204408e-06
GM03605,162,8,4406.33,2,3,3,233,8,Potential Loyalists,Europe,39,F,Standard,2971.97,0.2841253054317994
GM03606,58,7,4543.25,3,2,3,323,8,Potential Loyalists,Europe,41,F,Standard,3023.14,8.877302623207727e-05
GM03607,342,7,508.21,1,2,1,121,4,Potential Loyalists,North America,68,M,Budget,353.23,0.9999990620927949
GM03608,23,5,2729.95,5,2,2,522,9,Recent Customers,Europe,43,F,Standard,1845.18,5.374336809877715e-06
GM03609,30,27,33398.87,5,5,5,555,15,Champions,Southeast Asia,47,M,Premium,21934.87,1.1261994671734016e-05
GM03610,437,4,409.87,1,1,1,111,3,Lost,Southeast Asia,50,M,Budget,289.94,0.9999999995962396
GM03611,189,9,4174.49,2,3,3,233,8,Potential Loyalists,North America,33,F,Standard,2859.18,0.7623113250547625
GM03612,291,10,3287.14,1,3,3,133,7,Potential Loyalists,Europe,39,M,Standard,2249.57,0.9999266487280438
GM03613,15,7,522.97,5,2,1,521,8,Recent Customers,MENA,66,F,Budget,351.33,3.636278406876179e-06
GM03614,83,7,1154.45,3,2,2,322,7,Potential Loyalists,North America,67,M,Budget,788.1,0.0007121277782424272
GM03615,88,12,5495.62,3,4,3,343,10,Potential Loyalists,Europe,60,M,Standard,3862.05,0.0009631026763902118
GM03616,28,16,6161.86,5,4,4,544,13,Champions,Central Asia,35,F,Standard,3951.73,6.5233733840344184e-06
GM03617,32,4,297.85,4,1,1,411,6,Recent Customers,North America,24,M,Budget,183.62,1.2904162128219943e-05
GM03618,227,5,3695.95,1,2,3,123,6,Potential Loyalists,North America,67,F,Standard,2566.23,0.9866929039897754
GM03619,36,5,1611.93,4,2,2,422,8,Recent Customers,North America,43,M,Standard,1115.36,1.4702106777159652e-05
GM03620,14,18,27706.739999999998,5,5,5,555,15,Champions,Europe,25,M,Premium,19064.11,3.2029962103654393e-06
GM03621,252,4,410.59,1,1,1,111,3,Lost,North America,23,M,Budget,285.96,0.9986981547040245
GM03622,34,13,7914.44,4,4,4,444,12,Loyal Customers,Europe,47,M,Standard,5415.98,1.1516144446334684e-05
GM03623,13,35,38250.520000000004,5,5,5,555,15,Champions,Europe,56,F,Premium,25396.33,2.860631063791247e-06
GM03624,338,1,10.7,1,1,1,111,3,Lost,Southeast Asia,40,M,Budget,7.07,0.9999988780206387
GM03625,60,12,3223.54,3,4,3,343,10,Potential Loyalists,Europe,49,F,Standard,2158.62,0.00012291370404526582
GM03626,136,2,177.07,2,1,1,211,4,Potential Loyalists,Europe,39,F,Budget,109.62,0.11602431320016807
GM03627,49,14,19140.27,4,4,5,445,13,Champions,Central Asia,59,F,Premium,13323.82,4.4618440729484475e-05
GM03628,27,18,7347.3099999999995,5,5,4,554,14,Champions,Southeast Asia,60,F,Standard,4961.05,4.954226715661487e-06
GM03629,23,16,8598.94,5,4,4,544,13,Champions,North America,62,M,Standard,5767.51,4.059877797061835e-06
GM03630,188,6,3308.6099999999997,2,2,3,223,7,Potential Loyalists,North America,26,M,Standard,2187.51,0.7699448628977724
GM03631,135,10,5940.860000000001,2,3,4,234,9,Potential Loyalists,North America,48,F,Standard,4126.09,0.038937979036860325
GM03632,245,5,628.23,1,2,1,121,4,Potential Loyalists,Europe,24,F,Budget,437.4,0.9975690509631545
GM03633,44,19,8441.52,4,5,4,454,13,Champions,MENA,26,F,Standard,5772.33,2.2355717792355012e-05
GM03634,38,6,571.02,4,2,1,421,7,Recent Customers,Europe,30,F,Budget,391.28,2.1067683937631325e-05
GM03635,79,38,47233.72,3,5,5,355,13,Champions,Central Asia,20,M,Premium,31635.45,0.0008813986699721605
GM03636,74,6,2346.23,3,2,2,322,7,Potential Loyalists,MENA,52,M,Standard,1659.72,0.0003390525984069895
GM03637,52,29,41790.17,4,5,5,455,14,Champions,Southeast Asia,50,F,Premium,28598.86,8.067252285790343e-05
GM03638,50,3,1999.3400000000001,4,1,2,412,7,Recent Customers,Central Asia,38,F,Standard,1349.01,5.0219295634180664e-05
GM03639,499,4,1580.79,1,1,2,112,4,Lost,Europe,48,M,Standard,1074.92,0.9999999999980762
GM03640,120,7,873.0799999999999,2,2,2,222,6,Potential Loyalists,Europe,69,F,Budget,586.0,0.01631060277061427
GM03641,30,3,1795.12,5,1,2,512,8,Recent Customers,Europe,51,M,Standard,1147.9,9.317579912176968e-06
GM03642,174,19,9253.23,2,5,4,254,11,At Risk,Southeast Asia,49,M,Standard,6328.13,0.4444037751377239
GM03643,139,19,8729.32,2,5,4,254,11,At Risk,MENA,52,F,Standard,5896.51,0.04824506308114835
GM03644,13,39,63330.57,5,5,5,555,15,Champions,MENA,32,F,Premium,42483.73,6.614991454261364e-06
GM03645,47,39,49375.56,4,5,5,455,14,Champions,North America,49,F,Premium,33650.98,5.6079781411829444e-05
GM03646,186,10,4599.1,2,3,3,233,8,Potential Loyalists,Europe,23,M,Standard,3183.29,0.7565654163125622
GM03647,298,12,6397.59,1,4,4,144,9,At Risk,MENA,62,M,Standard,4409.4,0.999962069634231
GM03648,246,4,339.38,1,1,1,111,3,Lost,MENA,38,F,Budget,245.07,0.9979695865664551
GM03649,78,4,2533.05,3,1,2,312,6,Potential Loyalists,North America,50,M,Standard,1610.88,0.0004270562078644729
GM03650,38,6,1933.58,4,2,2,422,8,Recent Customers,Southeast Asia,49,F,Standard,1263.97,1.871299949600666e-05
GM03651,44,16,6967.47,4,4,4,444,12,Loyal Customers,North America,69,F,Standard,4707.54,2.1684240228893325e-05
GM03652,61,3,498.65,3,1,1,311,5,Potential Loyalists,MENA,36,F,Budget,350.69,0.00021733441174373754
GM03653,41,12,7179.23,4,4,4,444,12,Loyal Customers,North America,50,M,Standard,4839.69,1.8239747868476335e-05
GM03654,98,7,2918.84,3,2,3,323,8,Potential Loyalists,Europe,45,F,Standard,1820.73,0.002939199098204416
GM03655,65,17,8456.07,3,4,4,344,11,Potential Loyalists,Central Asia,48,M,Standard,5758.87,0.00011370573151949027
GM03656,596,4,649.0799999999999,1,1,1,111,3,Lost,Europe,38,M,Budget,472.06,0.9999999999999991
GM03657,17,18,11587.61,5,5,5,555,15,Champions,Europe,71,M,Standard,7897.27,2.688405280689567e-06
GM03658,18,16,5848.41,5,4,4,544,13,Champions,MENA,51,M,Standard,4002.74,3.1868023517342656e-06
GM03659,151,3,550.24,2,1,1,211,4,Potential Loyalists,North America,32,F,Standard,350.01,0.17065416592977253
GM03660,232,16,4412.5,1,4,3,143,8,At Risk,Southeast Asia,31,M,Standard,2964.52,0.9883333967038312
GM03661,146,9,3785.79,2,3,3,233,8,Potential Loyalists,MENA,36,M,Standard,2569.66,0.09904919876618562
GM03662,36,35,40600.24,4,5,5,455,14,Champions,MENA,60,F,Premium,27911.38,2.0152699577735937e-05
GM03663,141,8,5520.17,2,3,3,233,8,Potential Loyalists,Central Asia,32,M,Standard,3769.65,0.07843205405233308
GM03664,54,8,3334.14,4,3,3,433,10,Loyal Customers,Central Asia,23,F,Standard,2216.59,6.743314961841552e-05
GM03665,51,13,12390.04,4,4,5,445,13,Champions,North America,69,M,Premium,8212.31,4.3687662200709466e-05
GM03666,229,10,6165.19,1,3,4,134,8,Potential Loyalists,MENA,26,M,Standard,4366.52,0.9890629681246093
GM03667,25,10,8659.04,5,3,4,534,12,Loyal Customers,North America,54,F,Premium,5667.05,6.39875321873815e-06
GM03668,218,1,211.14,1,1,1,111,3,Lost,Europe,37,M,Budget,139.6,0.9797816276835578
GM03669,49,5,2108.46,4,2,2,422,8,Recent Customers,Central Asia,51,F,Standard,1397.98,4.852668996900754e-05
GM03670,66,7,497.73,3,2,1,321,6,Potential Loyalists,MENA,55,M,Budget,327.92,0.0002019721391830305
GM03671,17,18,9124.56,5,5,4,554,14,Champions,Europe,43,M,Standard,6177.22,2.669440728872628e-06
GM03672,443,3,292.99,1,1,1,111,3,Lost,Central Asia,35,M,Budget,193.71,0.9999999998006985
GM03673,135,4,2471.4,2,1,2,212,5,Potential Loyalists,North America,45,M,Standard,1645.08,0.043429265649977566
GM03674,115,18,7889.14,2,5,4,254,11,At Risk,Central Asia,68,M,Standard,5470.97,0.008324382053296931
GM03675,20,11,5138.27,5,3,3,533,11,Loyal Customers,North America,26,F,Standard,3377.92,3.3903476454345e-06
GM03676,124,14,6097.29,2,4,4,244,10,At Risk,Europe,49,F,Standard,4127.91,0.01756134910450888
GM03677,34,13,4555.53,4,4,3,443,11,Loyal Customers,Europe,70,M,Standard,3031.14,1.193147596855896e-05
GM03678,43,11,5071.33,4,3,3,433,10,Loyal Customers,MENA,23,M,Standard,3413.39,2.202599384540437e-05
GM03679,16,36,56812.63,5,5,5,555,15,Champions,North America,31,F,Premium,38981.54,6.4966339777897385e-06
GM03680,27,19,8718.28,5,5,4,554,14,Champions,MENA,45,F,Standard,5991.74,5.103757200912076e-06
GM03681,103,17,5932.09,3,4,4,344,11,Potential Loyalists,North America,41,F,Standard,4095.83,0.002543379391409225
GM03682,106,34,50073.79,2,5,5,255,12,At Risk,Europe,30,F,Premium,34368.11,0.008565437510783726
GM03683,80,16,8568.28,3,4,4,344,11,Potential Loyalists,North America,60,M,Standard,5782.68,0.000417942903885637
GM03684,14,8,4975.49,5,3,3,533,11,Loyal Customers,Europe,29,M,Standard,3203.8,2.4824855143204e-06
GM03685,126,2,268.37,2,1,1,211,4,Potential Loyalists,North America,68,F,Budget,170.26,0.05499306881107651
GM03686,27,9,11607.42,5,3,5,535,13,Champions,North America,36,F,Premium,7959.13,6.1098874049438964e-06
GM03687,141,17,10121.67,2,4,5,245,11,At Risk,Southeast Asia,38,F,Standard,6898.95,0.061109055949652005
GM03688,432,2,384.68,1,1,1,111,3,Lost,MENA,44,M,Budget,269.24,0.9999999994113824
GM03689,122,15,7852.97,2,4,4,244,10,At Risk,Central Asia,36,Other,Standard,5468.46,0.013632868460392113
GM03690,27,15,7205.1,5,4,4,544,13,Champions,Central Asia,41,F,Standard,5055.7,6.2729753391435945e-06
GM03691,672,3,420.64,1,1,1,111,3,Lost,North America,43,M,Budget,305.92,1.0
GM03692,210,8,3377.09,1,3,3,133,7,Potential Loyalists,MENA,62,F,Standard,2239.83,0.9566172963043038
GM03693,33,15,4331.0,4,4,3,443,11,Loyal Customers,North America,45,M,Standard,2852.35,1.0774204198269498e-05
GM03694,427,3,231.13,1,1,1,111,3,Lost,Europe,63,M,Budget,156.74,0.9999999995127833
GM03695,406,3,433.96000000000004,1,1,1,111,3,Lost,Europe,35,M,Budget,290.55,0.9999999954047079
GM03696,157,3,1294.18,2,1,2,212,5,Potential Loyalists,Central Asia,61,M,Standard,794.02,0.2508105233153486
GM03697,103,16,23786.54,3,4,5,345,12,Potential Loyalists,Southeast Asia,53,M,Premium,16252.68,0.0038000894564567053
GM03698,44,19,6660.71,4,5,4,454,13,Champions,North America,59,F,Standard,4325.57,1.958715064930678e-05
GM03699,31,22,24978.91,5,5,5,555,15,Champions,Southeast Asia,46,M,Premium,16708.47,9.691050014334036e-06
GM03700,21,20,21572.16,5,5,5,555,15,Champions,Europe,34,F,Premium,14569.87,5.6403222665512085e-06
GM03701,45,16,5964.8099999999995,4,4,4,444,12,Loyal Customers,North America,21,M,Standard,4213.73,2.685878335591991e-05
GM03702,212,4,647.56,1,1,1,111,3,Lost,North America,61,M,Budget,430.99,0.9738852041574422
GM03703,830,1,85.86,1,1,1,111,3,Lost,Europe,62,F,Budget,62.44,1.0
GM03704,57,17,6226.46,4,4,4,444,12,Loyal Customers,North America,46,F,Standard,4362.81,7.525568149605377e-05
GM03705,22,13,5391.42,5,4,3,543,12,Loyal Customers,Southeast Asia,21,F,Standard,3582.99,3.756510797978553e-06
GM03706,30,24,31120.94,5,5,5,555,15,Champions,Southeast Asia,27,Other,Premium,20962.63,1.1176887043579758e-05
GM03707,25,17,10010.49,5,4,4,544,13,Champions,North America,42,M,Standard,6931.28,4.50001176407518e-06
GM03708,87,34,40476.88,3,5,5,355,13,Champions,Europe,48,M,Premium,26988.27,0.0012287929597927434
GM03709,17,7,658.81,5,2,1,521,8,Recent Customers,Europe,20,F,Budget,416.41,3.773504886097793e-06
GM03710,41,33,44340.91,4,5,5,455,14,Champions,Southeast Asia,64,Other,Premium,29810.72,3.308641821112958e-05
GM03711,57,6,976.3399999999999,4,2,2,422,8,Recent Customers,Central Asia,19,F,Budget,645.82,0.00012249530221460054
GM03712,415,4,2253.82,1,1,2,112,4,Lost,North America,42,F,Standard,1623.3,0.9999999971647706
GM03713,17,8,3304.05,5,3,3,533,11,Loyal Customers,North America,66,F,Standard,2179.41,2.9146415002597204e-06
GM03714,30,24,22383.27,5,5,5,555,15,Champions,North America,23,M,Premium,15056.94,8.539770483329795e-06
GM03715,29,10,7255.52,5,3,4,534,12,Loyal Customers,Southeast Asia,43,F,Standard,4967.68,7.911148574021383e-06
GM03716,465,2,90.92,1,1,1,111,3,Lost,Europe,25,F,Budget,60.11,0.9999999999711873
GM03717,100,12,5877.17,3,4,4,344,11,Potential Loyalists,Europe,52,F,Standard,4081.45,0.0030764950686136125
GM03718,27,18,7774.67,5,5,4,554,14,Champions,Central Asia,44,M,Standard,5149.42,5.8364537185338925e-06
GM03719,222,18,7525.48,1,5,4,154,10,At Risk,MENA,42,M,Standard,5273.82,0.9772981415293326
GM03720,13,15,7101.549999999999,5,4,4,544,13,Champions,Europe,35,M,Standard,4677.49,2.129458042055459e-06
GM03721,598,1,214.13,1,1,1,111,3,Lost,Europe,71,M,Budget,155.73,0.9999999999999993
GM03722,28,17,6302.75,5,4,4,544,13,Champions,North America,18,F,Standard,4100.43,6.144164201255551e-06
GM03723,171,10,2686.05,2,3,2,232,7,Potential Loyalists,Southeast Asia,65,M,Standard,1757.94,0.40149505585101125
GM03724,22,14,6064.2,5,4,4,544,13,Champions,Europe,56,M,Standard,4098.21,5.0383453262596385e-06
GM03725,52,12,4769.37,4,4,3,443,11,Loyal Customers,MENA,20,M,Standard,3212.78,5.015937737669531e-05
GM03726,149,16,7949.76,2,4,4,244,10,At Risk,Southeast Asia,21,F,Standard,5436.48,0.10320587470638447
GM03727,45,25,33732.32,4,5,5,455,14,Champions,Central Asia,58,F,Premium,22915.95,4.628516228602049e-05
GM03728,16,13,5235.7,5,4,3,543,12,Loyal Customers,Central Asia,54,M,Standard,3332.56,2.720443382901261e-06
GM03729,54,2,87.33,4,1,1,411,6,Recent Customers,Europe,68,M,Budget,53.8,0.00010000283319132661
GM03730,30,12,5780.55,5,4,4,544,13,Champions,North America,32,M,Standard,3978.9,8.61695821007357e-06
GM03731,43,25,28445.53,4,5,5,455,14,Champions,Europe,25,F,Premium,19457.35,2.8588438731476006e-05
GM03732,74,6,488.63,3,2,1,321,6,Potential Loyalists,Southeast Asia,55,M,Budget,321.66,0.00041949112554910266
GM03733,199,6,4168.98,1,2,3,123,6,Potential Loyalists,MENA,67,F,Standard,2869.37,0.9142377760856683
GM03734,61,10,3460.67,3,3,3,333,9,Potential Loyalists,MENA,36,M,Standard,2328.48,0.0001334622287957667
GM03735,47,13,8505.14,4,4,4,444,12,Loyal Customers,Europe,64,M,Standard,5979.93,3.7892370693642004e-05
GM03736,17,17,8211.19,5,4,4,544,13,Champions,MENA,43,F,Standard,5538.29,2.9661496226057358e-06
GM03737,250,7,1439.85,1,2,2,122,5,Potential Loyalists,North America,56,M,Standard,1018.55,0.9982385024314101
GM03738,111,7,4638.62,2,2,3,223,7,Potential Loyalists,North America,27,F,Standard,3226.73,0.007659482642448255
GM03739,161,7,2230.29,2,2,2,222,6,Potential Loyalists,North America,55,M,Standard,1502.1,0.2994917683941486
GM03740,51,10,6699.9,4,3,4,434,11,Loyal Customers,North America,31,F,Standard,4424.29,4.3952594046852686e-05
GM03741,493,2,139.07,1,1,1,111,3,Lost,Southeast Asia,66,F,Budget,91.95,0.9999999999980203
GM03742,63,18,23686.52,3,5,5,355,13,Champions,North America,58,F,Premium,15777.06,0.00013802025271736216
GM03743,245,5,305.94,1,2,1,121,4,Potential Loyalists,North America,36,M,Budget,215.87,0.9977033702720394
GM03744,29,7,1110.87,5,2,2,522,9,Recent Customers,Central Asia,47,M,Standard,764.63,1.0043977095774147e-05
GM03745,200,5,3205.4,1,2,3,123,6,Potential Loyalists,Central Asia,22,M,Standard,2119.27,0.9107074205764375
GM03746,14,11,4939.4,5,3,3,533,11,Loyal Customers,Europe,48,F,Standard,3214.17,2.2745778572540826e-06
GM03747,125,3,942.8700000000001,2,1,2,212,5,Potential Loyalists,North America,24,F,Standard,617.02,0.02238573731787752
GM03748,34,33,27758.31,4,5,5,455,14,Champions,MENA,36,M,Premium,18434.6,1.2282294346870493e-05
GM03749,625,2,203.62,1,1,1,111,3,Lost,MENA,48,M,Budget,148.09,1.0
GM03750,19,9,8668.29,5,3,4,534,12,Loyal Customers,Southeast Asia,69,F,Premium,6109.47,3.4458274093053095e-06
GM03751,27,8,7008.58,5,3,4,534,12,Loyal Customers,Southeast Asia,56,M,Premium,4702.81,5.988301224148488e-06
GM03752,564,3,833.36,1,1,2,112,4,Lost,Southeast Asia,41,M,Standard,606.08,0.9999999999999849
GM03753,90,12,4070.08,3,4,3,343,10,Potential Loyalists,Europe,51,M,Standard,2758.19,0.0011850634157836801
GM03754,79,20,26323.23,3,5,5,355,13,Champions,North America,40,F,Premium,17861.02,0.0005356298943607722
GM03755,303,5,645.58,1,2,1,121,4,Potential Loyalists,Europe,65,F,Budget,430.16,0.9999875050939633
GM03756,27,6,770.2,5,2,2,522,9,Recent Customers,Europe,62,Other,Budget,514.83,1.0586350986707209e-05
GM03757,13,14,5955.16,5,4,4,544,13,Champions,Europe,57,M,Standard,4053.07,1.9585214540292943e-06
GM03758,14,9,3877.47,5,3,3,533,11,Loyal Customers,Europe,23,F,Standard,2603.5,2.745647517620476e-06
GM03759,211,13,5358.38,1,4,3,143,8,At Risk,MENA,55,F,Standard,3566.97,0.9552389778423943
GM03760,158,6,3485.17,2,2,3,223,7,Potential Loyalists,North America,58,M,Standard,2286.28,0.2677178745532235
GM03761,153,16,6362.7,2,4,4,244,10,At Risk,Central Asia,53,F,Standard,4318.56,0.14695729507246408
GM03762,181,4,382.08000000000004,2,1,1,211,4,Potential Loyalists,North America,44,M,Budget,256.49,0.7120017243744479
GM03763,649,3,224.45,1,1,1,111,3,Lost,MENA,28,M,Budget,163.24,1.0
GM03764,128,3,462.2,2,1,1,211,4,Potential Loyalists,Europe,22,M,Budget,299.53,0.036466099257902236
GM03765,45,10,2687.81,4,3,2,432,9,Loyal Customers,MENA,34,M,Standard,1795.95,2.892152889998683e-05
GM03766,511,3,1510.0,1,1,2,112,4,Lost,Europe,69,F,Standard,1044.47,0.9999999999988707
GM03767,44,19,10785.61,4,5,5,455,14,Champions,North America,24,M,Standard,7239.97,2.3660099582763074e-05
GM03768,88,3,1225.05,3,1,2,312,6,Potential Loyalists,MENA,44,M,Standard,781.66,0.0011511898319121795
GM03769,39,12,4284.07,4,4,3,443,11,Loyal Customers,Europe,64,M,Standard,2857.52,1.8284822088558065e-05
GM03770,69,3,1164.21,3,1,2,312,6,Potential Loyalists,Central Asia,32,F,Standard,774.27,0.00026175995322550523
GM03771,36,11,4507.93,4,3,3,433,10,Loyal Customers,MENA,63,F,Standard,2972.96,1.4761129622489676e-05
GM03772,310,3,756.49,1,1,2,112,4,Lost,Southeast Asia,30,F,Budget,500.16,0.9999865298468895
GM03773,24,10,4833.43,5,3,3,533,11,Loyal Customers,Europe,28,F,Standard,3161.02,5.606176820955553e-06
GM03774,316,3,228.51,1,1,1,111,3,Lost,North America,62,M,Budget,159.66,0.9999922630367889
GM03775,22,20,18020.43,5,5,5,555,15,Champions,North America,43,M,Premium,12293.59,4.5920141220889635e-06
GM03776,45,9,9831.07,4,3,4,434,11,Loyal Customers,Southeast Asia,39,F,Premium,6108.4,2.8189427549796542e-05
GM03777,86,6,644.02,3,2,1,321,6,Potential Loyalists,North America,45,M,Budget,423.93,0.0010393924337080479
GM03778,163,5,2732.4800000000005,2,2,2,222,6,Potential Loyalists,North America,41,M,Standard,1957.34,0.30536102269538873
GM03779,54,16,5105.1,4,4,3,443,11,Loyal Customers,North America,46,F,Standard,3350.37,5.363633642788501e-05
GM03780,24,20,24262.46,5,5,5,555,15,Champions,Southeast Asia,26,M,Premium,16777.47,5.798168462726023e-06
GM03781,59,5,3456.2999999999997,3,2,3,323,8,Potential Loyalists,MENA,59,M,Standard,2322.35,9.279331812532879e-05
GM03782,180,6,2660.0699999999997,2,2,2,222,6,Potential Loyalists,Europe,21,M,Standard,1860.16,0.6639220398767185
GM03783,122,1,101.79,2,1,1,211,4,Potential Loyalists,Central Asia,66,M,Budget,61.18,0.020702413031677615
GM03784,60,6,473.62,3,2,1,321,6,Potential Loyalists,North America,63,F,Budget,310.51,0.00012402449514339642
GM03785,411,3,578.0,1,1,1,111,3,Lost,North America,35,F,Standard,420.36,0.9999999967925737
GM03786,25,18,9685.44,5,5,4,554,14,Champions,Central Asia,60,F,Standard,6468.81,4.980639771373023e-06
GM03787,84,1,21.91,3,1,1,311,5,Potential Loyalists,North America,33,F,Budget,13.17,0.001085706848420162
GM03788,15,16,5796.74,5,4,4,544,13,Champions,MENA,50,M,Standard,4073.11,2.1513989729670502e-06
GM03789,52,18,8773.38,4,5,4,454,13,Champions,Central Asia,46,M,Standard,5886.31,4.490609506810881e-05
GM03790,275,3,218.54000000000002,1,1,1,111,3,Lost,Southeast Asia,56,M,Budget,147.22,0.9997843529703615
GM03791,620,1,99.46,1,1,1,111,3,Lost,Europe,27,M,Budget,72.33,0.9999999999999998
GM03792,277,4,161.09,1,1,1,111,3,Lost,Central Asia,26,Other,Budget,109.1,0.9998497208699596
GM03793,49,16,5666.41,4,4,3,443,11,Loyal Customers,North America,48,F,Standard,3652.29,3.565991980977911e-05
GM03794,594,3,1315.25,1,1,2,112,4,Lost,North America,45,M,Standard,956.55,0.9999999999999987
GM03795,311,7,1288.79,1,2,2,122,5,Potential Loyalists,Central Asia,20,M,Budget,896.21,0.9999900847961363
GM03796,42,30,36204.84,4,5,5,455,14,Champions,North America,71,M,Premium,25112.26,3.10540157690948e-05
GM03797,40,7,721.3100000000001,4,2,2,422,8,Recent Customers,MENA,31,M,Budget,460.37,2.2677499151232683e-05
GM03798,19,11,12851.71,5,3,5,535,13,Champions,Central Asia,42,M,Premium,8713.54,3.7835074020995533e-06
GM03799,197,6,801.34,2,2,2,222,6,Potential Loyalists,Europe,32,F,Budget,570.25,0.8993862545393331
GM03800,249,7,3825.6400000000003,1,2,3,123,6,Potential Loyalists,North America,19,F,Standard,2600.81,0.9980262004958638
GM03801,181,10,8794.02,2,3,4,234,9,Potential Loyalists,Europe,41,F,Premium,6296.6,0.6885851509015113
GM03802,189,11,3333.62,2,3,3,233,8,Potential Loyalists,Southeast Asia,31,M,Standard,2268.02,0.7544677167515556
GM03803,77,14,7945.0,3,4,4,344,11,Potential Loyalists,North America,65,M,Standard,5497.0,0.0003447008628237829
GM03804,86,4,132.63,3,1,1,311,5,Potential Loyalists,Southeast Asia,24,F,Standard,79.72,0.0013822013656008907
GM03805,48,10,6338.26,4,3,4,434,11,Loyal Customers,Europe,53,F,Standard,4392.89,4.094002126973469e-05
GM03806,206,3,353.07000000000005,1,1,1,111,3,Lost,Southeast Asia,67,F,Budget,233.43,0.9661719762527958
GM03807,170,6,4960.49,2,2,3,223,7,Potential Loyalists,MENA,41,F,Standard,3352.31,0.42175575773974844
GM03808,31,18,8121.19,5,5,4,554,14,Champions,Europe,44,F,Standard,5382.46,7.735427865872044e-06
GM03809,172,11,14581.96,2,3,5,235,10,Potential Loyalists,Central Asia,54,F,Premium,10232.54,0.489400016503991
GM03810,576,1,91.49,1,1,1,111,3,Lost,Central Asia,55,M,Budget,66.54,0.9999999999999964
GM03811,59,27,31485.64,3,5,5,355,13,Champions,North America,47,F,Premium,21496.92,0.00011378261130813168
GM03812,375,3,1636.09,1,1,2,112,4,Lost,MENA,44,M,Standard,1123.66,0.9999999275930337
GM03813,392,7,848.73,1,2,2,122,5,Potential Loyalists,Europe,56,M,Budget,592.22,0.9999999844572636
GM03814,351,3,749.73,1,1,2,112,4,Lost,North America,32,F,Standard,527.83,0.9999995266126092
GM03815,67,3,958.41,3,1,2,312,6,Potential Loyalists,Europe,43,M,Standard,591.07,0.00021863264430520903
GM03816,20,6,3216.3199999999997,5,2,3,523,10,Recent Customers,North America,18,M,Standard,2181.51,3.4582335098263565e-06
GM03817,165,7,637.35,2,2,1,221,5,Potential Loyalists,Europe,21,M,Budget,430.49,0.41271243717131667
GM03818,95,11,3764.15,3,3,3,333,9,Potential Loyalists,North America,46,M,Standard,2612.23,0.0018028805275368414
GM03819,390,5,350.32,1,2,1,121,4,Potential Loyalists,North America,18,M,Budget,248.84,0.999999981935059
GM03820,76,7,1203.39,3,2,2,322,7,Potential Loyalists,MENA,60,M,Budget,841.72,0.00039974366822251035
GM03821,169,10,5886.3,2,3,4,234,9,Potential Loyalists,Europe,67,M,Standard,4051.71,0.4153551672379843
GM03822,34,9,2764.7400000000002,4,3,2,432,9,Loyal Customers,Europe,63,M,Standard,1864.24,1.7374318634201025e-05
GM03823,84,3,1372.51,3,1,2,312,6,Potential Loyalists,North America,39,Other,Standard,957.31,0.000797296499320089
GM03824,50,9,3519.89,4,3,3,433,10,Loyal Customers,Europe,28,M,Standard,2354.32,4.446044265382428e-05
GM03825,113,14,6035.37,2,4,4,244,10,At Risk,Europe,27,M,Standard,4108.01,0.006664137776626283
GM03826,122,6,645.91,2,2,1,221,5,Potential Loyalists,Central Asia,34,F,Budget,426.24,0.019807731464002235
GM03827,20,12,4666.2699999999995,5,4,3,543,12,Loyal Customers,MENA,53,F,Standard,3263.18,3.904368287083836e-06
GM03828,227,13,7112.610000000001,1,4,4,144,9,At Risk,MENA,64,F,Standard,4865.61,0.9863796210723075
GM03829,68,13,4532.41,3,4,3,343,10,Potential Loyalists,North America,43,M,Standard,3245.11,0.00019264841988208886
GM03830,40,3,2121.74,4,1,2,412,7,Recent Customers,Europe,65,F,Standard,1278.37,2.112081126336912e-05
GM03831,44,11,19070.84,4,3,5,435,12,Loyal Customers,MENA,38,F,Premium,12998.61,2.5569791250552812e-05
GM03832,25,18,7857.43,5,5,4,554,14,Champions,North America,30,F,Standard,5269.16,4.344751541551234e-06
GM03833,65,12,4895.37,3,4,3,343,10,Potential Loyalists,North America,26,F,Standard,3209.26,0.00014908885719661604
GM03834,247,8,3302.12,1,3,3,133,7,Potential Loyalists,MENA,28,F,Standard,2252.91,0.997536491443549
GM03835,28,9,5239.849999999999,5,3,3,533,11,Loyal Customers,MENA,28,F,Standard,3631.71,7.278675917193605e-06
GM03836,194,11,5782.04,2,3,4,234,9,Potential Loyalists,Europe,23,F,Standard,4138.82,0.8351961970319939
GM03837,579,2,205.5,1,1,1,111,3,Lost,Southeast Asia,18,M,Budget,149.45,0.9999999999999964
GM03838,94,7,763.28,3,2,2,322,7,Potential Loyalists,Central Asia,71,F,Budget,507.18,0.0021958746847606167
GM03839,91,12,5425.110000000001,3,4,3,343,10,Potential Loyalists,Southeast Asia,23,F,Standard,3695.92,0.0011781743856075228
GM03840,16,9,10012.96,5,3,4,534,12,Loyal Customers,North America,30,M,Premium,6810.4,3.207310550482977e-06
GM03841,36,7,1058.71,4,3,2,432,9,Loyal Customers,MENA,39,Other,Budget,694.3,1.6370104434087975e-05
GM03842,313,11,5655.46,1,3,3,133,7,Potential Loyalists,Central Asia,48,M,Standard,3927.99,0.9999880610057545
GM03843,51,9,2961.0099999999998,4,3,3,433,10,Loyal Customers,MENA,39,M,Standard,2003.49,5.032855101551842e-05
GM03844,14,37,46783.33,5,5,5,555,15,Champions,MENA,54,F,Premium,30774.62,3.912539299358294e-06
GM03845,38,23,31761.83,4,5,5,455,14,Champions,Europe,64,M,Premium,21843.41,2.2150496602635844e-05
GM03846,28,37,44371.64,5,5,5,555,15,Champions,North America,44,M,Premium,29472.38,1.072889609808172e-05
GM03847,35,35,36107.42,4,5,5,455,14,Champions,Southeast Asia,67,M,Premium,24224.03,1.4478574620193864e-05
GM03848,590,3,467.99,1,1,1,111,3,Lost,North America,69,M,Budget,340.36,0.9999999999999984
GM03849,48,14,6864.5,4,4,4,444,12,Loyal Customers,North America,31,M,Standard,4692.72,3.251595887339706e-05
GM03850,188,10,5026.54,2,3,3,233,8,Potential Loyalists,Central Asia,64,M,Standard,3564.7,0.8024194093914004
GM03851,834,1,22.85,1,1,1,111,3,Lost,MENA,22,M,Budget,16.62,1.0
GM03852,127,7,1262.76,2,3,2,232,7,Potential Loyalists,Central Asia,53,Other,Budget,865.25,0.03164892145851921
GM03853,17,4,226.8,5,1,1,511,7,Recent Customers,North America,49,Other,Budget,149.94,5.548323511263165e-06
GM03854,717,1,316.75,1,1,1,111,3,Lost,Southeast Asia,51,M,Budget,230.36,1.0
GM03855,319,3,480.49,1,1,1,111,3,Lost,North America,24,F,Standard,345.43,0.9999941509725518
GM03856,82,6,963.56,3,2,2,322,7,Potential Loyalists,Central Asia,59,M,Budget,659.98,0.0007854518394182359
GM03857,147,13,6543.450000000001,2,4,4,244,10,At Risk,Europe,65,M,Standard,4536.02,0.10802328714503058
GM03858,14,19,23445.71,5,5,5,555,15,Champions,North America,27,M,Premium,16263.47,3.1016691793768276e-06
GM03859,27,15,5212.65,5,4,3,543,12,Loyal Customers,MENA,67,F,Standard,3641.46,5.955589730144368e-06
GM03860,98,14,4935.6900000000005,3,4,3,343,10,Potential Loyalists,North America,34,F,Standard,3376.31,0.0019311282593503347
GM03861,189,2,131.02,2,1,1,211,4,Potential Loyalists,North America,47,M,Budget,94.61,0.8427679678082002
GM03862,52,12,5217.34,4,4,3,443,11,Loyal Customers,North America,38,M,Standard,3494.55,5.231049823455405e-05
GM03863,53,17,9963.45,4,4,4,444,12,Loyal Customers,MENA,30,M,Standard,6650.17,4.908244625611198e-05
GM03864,49,34,38012.33,4,5,5,455,14,Champions,Europe,18,F,Premium,26584.31,5.309784475685384e-05
GM03865,265,10,2641.59,1,3,2,132,6,Potential Loyalists,Central Asia,18,F,Standard,1817.78,0.9995531809019124
GM03866,30,16,20404.45,5,4,5,545,14,Champions,Europe,64,M,Premium,13984.97,1.0236929434928912e-05
GM03867,14,10,2819.98,5,3,2,532,10,Loyal Customers,MENA,50,F,Standard,1872.92,2.432846139843579e-06
GM03868,76,5,643.01,3,2,1,321,6,Potential Loyalists,North America,55,M,Budget,405.73,0.0004593755273115352
GM03869,25,12,4471.55,5,4,3,543,12,Loyal Customers,North America,42,F,Standard,3089.77,5.796728272671735e-06
GM03870,39,13,5930.33,4,4,4,444,12,Loyal Customers,Central Asia,43,F,Standard,4027.39,2.0824528048291093e-05
GM03871,15,17,6200.76,5,4,4,544,13,Champions,MENA,30,M,Standard,4000.32,2.0757580128945433e-06
GM03872,24,28,31444.65,5,5,5,555,15,Champions,Europe,45,F,Premium,21300.38,7.048312376582128e-06
GM03873,204,18,7889.8,1,5,4,154,10,At Risk,Europe,50,F,Standard,5552.91,0.9129669650113418
GM03874,106,19,20531.89,2,5,5,255,12,At Risk,North America,54,M,Premium,14246.74,0.004119674460538068
GM03875,97,6,2564.18,3,2,2,322,7,Potential Loyalists,Central Asia,58,M,Standard,1706.78,0.0023556559614149285
GM03876,19,38,42063.59,5,5,5,555,15,Champions,MENA,47,F,Premium,28848.46,5.3092198719308135e-06
GM03877,28,21,35285.67,5,5,5,555,15,Champions,Europe,66,M,Premium,24456.89,1.1044066823139664e-05
GM03878,64,13,8333.55,3,4,4,344,11,Potential Loyalists,Southeast Asia,65,M,Standard,5909.82,0.0001262771810568382
GM03879,84,16,6986.31,3,4,4,344,11,Potential Loyalists,North America,25,M,Standard,4684.94,0.0005834115579902505
GM03880,41,23,26091.65,4,5,5,455,14,Champions,Europe,66,F,Premium,17618.66,2.430108531807644e-05
GM03881,97,5,3293.97,3,2,3,323,8,Potential Loyalists,MENA,64,F,Standard,2126.61,0.0022498245779637945
GM03882,220,3,150.54,1,1,1,111,3,Lost,North America,18,F,Budget,99.53,0.9825705749985228
GM03883,19,3,2282.05,5,1,2,512,8,Recent Customers,Southeast Asia,29,F,Standard,1489.17,3.4378516000077338e-06
GM03884,68,16,24850.04,3,4,5,345,12,Potential Loyalists,Europe,22,M,Premium,16623.51,0.0002523107541038925
GM03885,94,15,6651.14,3,4,4,344,11,Potential Loyalists,Southeast Asia,41,F,Standard,4576.7,0.0013955425086015362
GM03886,484,3,1540.87,1,1,2,112,4,Lost,Southeast Asia,23,F,Standard,1077.01,0.9999999999896345
GM03887,44,30,35795.69,4,5,5,455,14,Champions,Southeast Asia,42,M,Premium,24238.1,3.275227300570376e-05
GM03888,439,1,108.46,1,1,1,111,3,Lost,North America,18,M,Budget,71.71,0.9999999996973756
GM03889,219,6,796.0999999999999,1,2,2,122,5,Potential Loyalists,North America,42,M,Budget,562.37,0.980050645708049
GM03890,610,2,165.76,1,1,1,111,3,Lost,MENA,18,F,Budget,120.55,0.9999999999999998
GM03891,195,5,785.01,2,2,2,222,6,Potential Loyalists,North America,49,F,Budget,540.04,0.8713929886323123
GM03892,21,16,7157.84,5,4,4,544,13,Champions,MENA,59,F,Standard,4692.47,3.2763763867345404e-06
GM03893,210,10,3439.6,1,3,3,133,7,Potential Loyalists,North America,59,Other,Standard,2410.9,0.9449119190057986
GM03894,150,17,6708.530000000001,2,4,4,244,10,At Risk,MENA,20,M,Standard,4511.71,0.11012639286196271
GM03895,226,7,961.49,1,3,2,132,6,Potential Loyalists,North America,66,F,Budget,675.13,0.9882088003063922
GM03896,348,13,6638.6,1,4,4,144,9,At Risk,North America,36,F,Standard,4664.19,0.9999993429633436
GM03897,59,16,6995.67,3,4,4,344,11,Potential Loyalists,Europe,60,M,Standard,4772.57,9.415230365066778e-05
GM03898,87,14,4573.61,3,4,3,343,10,Potential Loyalists,North America,46,Other,Standard,3091.1,0.0007598456578522101
GM03899,453,4,322.0,1,1,1,111,3,Lost,MENA,67,M,Budget,228.86,0.9999999998979403
GM03900,70,20,22782.23,3,5,5,355,13,Champions,North America,19,F,Premium,15691.24,0.0002587031576380879
GM03901,268,3,975.55,1,1,2,112,4,Lost,MENA,26,F,Standard,668.22,0.9995990514306603
GM03902,199,5,562.39,1,2,1,121,4,Potential Loyalists,MENA,34,F,Budget,373.55,0.9087429190558859
GM03903,48,14,6399.9,4,4,4,444,12,Loyal Customers,Southeast Asia,63,F,Standard,4449.21,3.3749363007487335e-05
GM03904,438,3,291.03,1,1,1,111,3,Lost,Europe,53,M,Budget,200.05,0.9999999996923554
GM03905,36,14,6730.08,4,4,4,444,12,Loyal Customers,North America,34,F,Standard,4593.57,1.1543327395748913e-05
GM03906,13,32,38414.82,5,5,5,555,15,Champions,MENA,66,M,Premium,26204.47,3.1062647407449805e-06
GM03907,162,6,790.54,2,2,2,222,6,Potential Loyalists,MENA,29,F,Budget,518.12,0.337142062107608
GM03908,284,4,661.69,1,1,1,111,3,Lost,Europe,37,F,Standard,481.23,0.999901468282171
GM03909,36,14,5225.67,4,4,3,443,11,Loyal Customers,North America,67,F,Standard,3446.67,1.1453504228864703e-05
GM03910,51,19,8401.92,4,5,4,454,13,Champions,Europe,20,M,Standard,5793.0,4.1051620017941486e-05
GM03911,52,7,3956.13,4,3,3,433,10,Loyal Customers,Central Asia,60,F,Standard,2682.92,7.131740473513802e-05
GM03912,304,4,1390.5700000000002,1,1,2,112,4,Lost,Europe,67,F,Standard,990.88,0.9999808006866711
GM03913,633,4,1250.07,1,1,2,112,4,Lost,Central Asia,21,F,Standard,909.14,1.0
GM03914,131,17,6244.74,2,4,4,244,10,At Risk,Southeast Asia,34,M,Standard,4246.22,0.0228688094967093
GM03915,510,3,318.71999999999997,1,1,1,111,3,Lost,Southeast Asia,67,M,Budget,217.61,0.9999999999988451
GM03916,25,6,2087.88,5,2,2,522,9,Recent Customers,MENA,54,M,Standard,1366.72,6.684914828958847e-06
GM03917,373,4,2227.4700000000003,1,1,2,112,4,Lost,North America,63,F,Standard,1536.67,0.999999918140638
GM03918,150,19,10878.96,2,5,5,255,12,At Risk,Europe,59,F,Standard,7403.52,0.1394238657853774
GM03919,32,17,8697.83,4,4,4,444,12,Loyal Customers,North America,32,Other,Standard,5609.95,9.362247096602227e-06
GM03920,391,3,215.4,1,1,1,111,3,Lost,North America,50,M,Budget,150.13,0.9999999858024085
GM03921,18,39,39447.74,5,5,5,555,15,Champions,Southeast Asia,33,M,Premium,26470.09,3.862963697251627e-06
GM03922,75,7,635.66,3,3,1,331,7,Potential Loyalists,MENA,28,F,Budget,438.69,0.00039531098967061625
GM03923,18,17,5743.59,5,4,4,544,13,Champions,North America,37,F,Standard,3887.23,2.6523224976549684e-06
GM03924,55,11,3989.62,4,3,3,433,10,Loyal Customers,Europe,55,F,Standard,2559.29,7.636319393225976e-05
GM03925,53,16,20181.260000000002,4,4,5,445,13,Champions,Southeast Asia,41,F,Premium,13771.31,5.549196750487972e-05
GM03926,16,7,2290.9700000000003,5,3,2,532,10,Loyal Customers,Central Asia,71,M,Standard,1499.02,3.9378239588934754e-06
GM03927,330,5,942.31,1,2,2,122,5,Potential Loyalists,North America,33,F,Standard,623.01,0.9999975435187698
GM03928,75,13,7032.47,3,4,4,344,11,Potential Loyalists,North America,47,F,Standard,4605.26,0.00027886844947697044
GM03929,20,13,6254.78,5,4,4,544,13,Champions,North America,51,F,Standard,4000.82,3.293347790324258e-06
GM03930,756,3,479.40999999999997,1,1,1,111,3,Lost,Europe,18,M,Budget,348.66,1.0
GM03931,16,6,2190.85,5,2,2,522,9,Recent Customers,Southeast Asia,41,M,Standard,1469.29,2.9186651184984992e-06
GM03932,141,16,8448.16,2,4,4,244,10,At Risk,Europe,41,M,Standard,5792.29,0.06670581298864503
GM03933,280,4,1745.21,1,1,2,112,4,Lost,North America,26,F,Standard,1251.42,0.9999124659627393
GM03934,355,5,4216.7,1,2,3,123,6,Potential Loyalists,Europe,39,M,Standard,2857.41,0.9999996085789669
GM03935,71,5,526.44,3,2,1,321,6,Potential Loyalists,Europe,29,M,Budget,365.16,0.000323353294970454
GM03936,62,9,2819.14,3,3,2,332,8,Potential Loyalists,MENA,34,M,Standard,1963.68,0.00011158012493000322
GM03937,134,16,8401.65,2,4,4,244,10,At Risk,MENA,42,F,Standard,5581.07,0.03661197634951778
GM03938,173,4,986.0799999999999,2,1,2,212,5,Potential Loyalists,Europe,45,M,Standard,658.8,0.5524990939622454
GM03939,58,9,3694.7200000000003,3,3,3,333,9,Potential Loyalists,Europe,32,F,Standard,2414.24,8.374776002431942e-05
GM03940,30,16,7204.32,5,4,4,544,13,Champions,MENA,47,M,Standard,4816.48,6.9809903226477795e-06
GM03941,20,14,13435.119999999999,5,4,5,545,14,Champions,North America,68,M,Premium,8568.3,3.6628343888406752e-06
GM03942,580,1,52.09,1,1,1,111,3,Lost,Southeast Asia,44,F,Budget,37.88,0.999999999999996
GM03943,13,7,2115.25,5,3,2,532,10,Loyal Customers,Central Asia,39,M,Standard,1438.62,2.896303374047765e-06
GM03944,27,13,4021.8500000000004,5,4,3,543,12,Loyal Customers,MENA,27,M,Standard,2625.98,7.254369900884546e-06
GM03945,22,33,42351.04,5,5,5,555,15,Champions,Central Asia,48,M,Premium,28667.33,7.318155557468903e-06
GM03946,101,15,6782.93,3,4,4,344,11,Potential Loyalists,Central Asia,44,F,Standard,4564.98,0.0025423871127509485
GM03947,87,1,141.73,3,1,1,311,5,Potential Loyalists,North America,29,F,Budget,85.19,0.0012496309465092554
GM03948,643,2,229.74,1,1,1,111,3,Lost,North America,63,M,Budget,167.08,1.0
GM03949,22,7,3777.08,5,3,3,533,11,Loyal Customers,Europe,48,M,Standard,2507.39,4.975183159813747e-06
GM03950,311,11,16568.15,1,3,5,135,9,Potential Loyalists,Europe,49,Other,Premium,11668.63,0.9999850885160424
GM03951,108,5,1483.55,2,2,2,222,6,Potential Loyalists,Central Asia,49,F,Standard,976.73,0.006477669076977691
GM03952,38,18,9950.55,4,5,4,454,13,Champions,North America,58,M,Standard,6771.36,1.3015999604217271e-05
GM03953,54,19,9979.78,4,5,4,454,13,Champions,Southeast Asia,62,F,Standard,6805.99,5.5952740475151006e-05
GM03954,466,3,298.29,1,1,1,111,3,Lost,Europe,52,F,Budget,200.16,0.9999999999692406
GM03955,36,6,2419.53,4,2,2,422,8,Recent Customers,Europe,70,F,Standard,1582.49,1.617102444692365e-05
GM03956,34,17,17112.37,4,4,5,445,13,Champions,Southeast Asia,63,M,Premium,11780.05,1.309797517817432e-05
GM03957,884,2,115.73,1,1,1,111,3,Lost,Southeast Asia,38,M,Budget,84.17,1.0
GM03958,99,17,22148.1,3,4,5,345,12,Potential Loyalists,MENA,27,M,Premium,14615.92,0.0026754035572573776
GM03959,266,4,429.2,1,1,1,111,3,Lost,Central Asia,33,F,Budget,287.57,0.999626434100175
GM03960,48,12,4702.47,4,4,3,443,11,Loyal Customers,Central Asia,24,F,Standard,3265.68,3.732913322834642e-05
GM03961,157,3,334.87,2,1,1,211,4,Potential Loyalists,North America,21,M,Budget,220.74,0.2674079777893382
GM03962,23,33,39956.4,5,5,5,555,15,Champions,MENA,44,F,Premium,26687.75,7.090358112340413e-06
GM03963,32,39,47612.41,4,5,5,455,14,Champions,Central Asia,69,F,Premium,31713.9,1.8723500648547335e-05
GM03964,78,14,5997.08,3,4,4,344,11,Potential Loyalists,North America,42,Other,Standard,4005.39,0.0004646068261933397
GM03965,188,18,6134.46,2,5,4,254,11,At Risk,Central Asia,48,F,Standard,4297.18,0.734079458805022
GM03966,42,12,5415.81,4,4,3,443,11,Loyal Customers,North America,28,Other,Standard,3591.9,3.205259345718406e-05
GM03967,136,2,80.11,2,1,1,211,4,Potential Loyalists,Europe,65,M,Budget,49.54,0.07261373722685459
GM03968,54,4,613.28,4,1,1,411,6,Recent Customers,Central Asia,37,F,Budget,388.33,9.326120972479844e-05
GM03969,71,17,8037.32,3,4,4,344,11,Potential Loyalists,North America,53,F,Standard,5454.58,0.00021834398219034985
GM03970,46,8,7682.360000000001,4,3,4,434,11,Loyal Customers,MENA,71,M,Premium,5013.36,3.129670030493265e-05
GM03971,48,19,10980.54,4,5,5,455,14,Champions,Southeast Asia,71,M,Standard,7544.56,2.9975982114541904e-05
GM03972,36,15,8008.03,4,4,4,444,12,Loyal Customers,MENA,34,Other,Standard,5442.3,1.2938022240038735e-05
GM03973,74,7,4048.62,3,3,3,333,9,Potential Loyalists,Europe,62,M,Standard,2647.58,0.0004191387378622874
GM03974,124,6,660.46,2,2,1,221,5,Potential Loyalists,North America,28,F,Budget,461.2,0.02031746585986154
GM03975,83,8,7967.55,3,3,4,334,10,Potential Loyalists,Europe,47,M,Premium,5558.34,0.0007949215861796974
GM03976,139,5,2561.87,2,2,2,222,6,Potential Loyalists,Southeast Asia,52,M,Standard,1694.85,0.05810759138771663
GM03977,80,21,25306.76,3,5,5,355,13,Champions,MENA,58,M,Premium,17419.12,0.0006220633605129297
GM03978,406,5,858.0,1,2,2,122,5,Potential Loyalists,MENA,55,M,Budget,596.18,0.9999999959671155
GM03979,198,6,1779.11,1,2,2,122,5,Potential Loyalists,Central Asia,39,F,Standard,1236.76,0.9156300898942629
GM03980,334,4,3214.37,1,1,3,113,5,Lost,MENA,70,F,Standard,2230.39,0.9999979396730939
GM03981,108,25,28737.75,2,5,5,255,12,At Risk,North America,60,M,Premium,19929.93,0.006050115575754804
GM03982,85,23,21738.15,3,5,5,355,13,Champions,North America,65,M,Premium,14563.13,0.000786470650313117
GM03983,30,15,20545.53,5,4,5,545,14,Champions,Europe,68,M,Premium,13933.4,9.237473463712761e-06
GM03984,20,19,10138.689999999999,5,5,5,555,15,Champions,Europe,44,M,Standard,6973.54,4.26632272483407e-06
GM03985,45,12,3702.77,4,4,3,443,11,Loyal Customers,North America,54,F,Standard,2597.1,2.761186075034894e-05
GM03986,60,16,8665.55,3,4,4,344,11,Potential Loyalists,Southeast Asia,63,M,Standard,5955.5,7.820829583690385e-05
GM03987,58,7,741.4000000000001,3,3,2,332,8,Potential Loyalists,Central Asia,66,M,Budget,513.75,0.00010636659824704619
GM03988,61,9,2464.02,3,3,2,332,8,Potential Loyalists,MENA,52,F,Standard,1583.88,0.00010784209938102037
GM03989,162,10,5361.67,2,3,3,233,8,Potential Loyalists,Europe,21,M,Standard,3541.97,0.2816117088967696
GM03990,20,23,23119.88,5,5,5,555,15,Champions,Southeast Asia,33,M,Premium,16032.08,4.2385823180985396e-06
GM03991,44,5,2808.37,4,2,2,422,8,Recent Customers,Central Asia,33,M,Standard,1826.55,4.079399811345781e-05
GM03992,25,17,7996.93,5,4,4,544,13,Champions,Europe,38,F,Standard,5281.9,4.876887462243235e-06
GM03993,71,24,27263.56,3,5,5,355,13,Champions,North America,43,F,Premium,18893.37,0.0003313149594750557
GM03994,120,15,21705.600000000002,2,4,5,245,11,At Risk,Central Asia,53,F,Premium,15004.74,0.01744064884065243
GM03995,879,1,238.4,1,1,1,111,3,Lost,MENA,36,M,Budget,173.38,1.0
GM03996,40,3,172.92000000000002,4,1,1,411,6,Recent Customers,MENA,34,M,Budget,123.16,2.9240479272247233e-05
GM03997,22,14,22643.239999999998,5,4,5,545,14,Champions,Europe,62,F,Premium,15280.89,6.078668708650454e-06
GM03998,89,5,1924.28,3,2,2,322,7,Potential Loyalists,MENA,43,F,Standard,1334.09,0.0011480980409694314
GM03999,87,7,1024.95,3,3,2,332,8,Potential Loyalists,MENA,39,Other,Budget,657.74,0.0010905902137281955
GM04000,27,11,10036.68,5,3,4,534,12,Loyal Customers,Europe,45,M,Premium,6693.43,6.932982510760748e-06
GM04001,309,6,1774.47,1,2,2,122,5,Potential Loyalists,North America,18,M,Standard,1252.87,0.9999829838489188
GM04002,234,3,221.54,1,1,1,111,3,Lost,North America,61,F,Budget,146.47,0.9951467777461869
GM04003,112,7,689.53,2,3,2,232,7,Potential Loyalists,North America,53,F,Budget,447.4,0.008033941250597773
GM04004,213,4,3447.45,1,1,3,113,5,Lost,Europe,60,F,Standard,2346.19,0.9605355114359713
GM04005,123,19,25217.74,2,5,5,255,12,At Risk,Europe,54,F,Premium,16969.04,0.020354266531232002
GM04006,19,13,6327.95,5,4,4,544,13,Champions,Europe,19,F,Standard,4365.08,3.3427048678311305e-06
GM04007,309,2,114.84,1,1,1,111,3,Lost,Europe,34,F,Budget,75.93,0.9999875826387982
GM04008,237,2,151.47000000000003,1,1,1,111,3,Lost,MENA,57,F,Budget,100.15,0.9962661605958668
GM04009,51,10,4024.38,4,3,3,433,10,Loyal Customers,North America,55,F,Standard,2809.61,4.601269982405433e-05
GM04010,114,6,861.75,2,2,2,222,6,Potential Loyalists,Central Asia,38,F,Budget,577.76,0.010715797982837184
GM04011,128,9,4736.88,2,3,3,233,8,Potential Loyalists,Central Asia,26,M,Standard,3292.79,0.024376732623070503
GM04012,107,7,3325.4,2,3,3,233,8,Potential Loyalists,MENA,30,M,Standard,2298.74,0.005891778056289232
GM04013,15,7,1173.46,5,3,2,532,10,Loyal Customers,North America,28,F,Budget,759.3,2.7263659637882126e-06
GM04014,27,14,6074.8099999999995,5,4,4,544,13,Champions,Europe,33,M,Standard,3995.87,7.035411068544536e-06
GM04015,41,13,5421.32,4,4,3,443,11,Loyal Customers,North America,33,F,Standard,3591.87,1.8207150559470694e-05
GM04016,90,19,9588.89,3,5,4,354,12,Potential Loyalists,Europe,19,M,Standard,6538.54,0.0009116236503505106
GM04017,22,14,6260.51,5,4,4,544,13,Champions,Southeast Asia,59,M,Standard,4210.47,3.95651630653678e-06
GM04018,55,12,6519.65,4,4,4,444,12,Loyal Customers,Southeast Asia,61,F,Standard,4222.61,5.198639520281367e-05
GM04019,22,3,2141.34,5,1,2,512,8,Recent Customers,Europe,25,M,Standard,1484.51,6.815281045444084e-06
GM04020,340,1,104.1,1,1,1,111,3,Lost,Europe,60,M,Budget,68.83,0.9999991635227796
GM04021,23,12,5688.76,5,4,3,543,12,Loyal Customers,MENA,59,M,Standard,3783.84,4.6644575020341975e-06
GM04022,26,3,348.94,5,1,1,511,7,Recent Customers,Europe,30,F,Budget,231.2,9.080346692189921e-06
GM04023,20,34,45964.75,5,5,5,555,15,Champions,North America,34,M,Premium,31623.21,5.794327711715453e-06
GM04024,226,4,1717.56,1,1,2,112,4,Lost,North America,56,F,Standard,1188.94,0.9869853860890195
GM04025,69,18,7400.31,3,5,4,354,12,Potential Loyalists,North America,41,M,Standard,5010.33,0.00016164552964913296
GM04026,241,5,399.85999999999996,1,2,1,121,4,Potential Loyalists,North America,20,F,Budget,277.63,0.9963372108960638
GM04027,78,36,43646.15,3,5,5,355,13,Champions,MENA,47,M,Premium,29693.28,0.0006611857207289852
GM04028,41,13,5882.389999999999,4,4,4,444,12,Loyal Customers,Europe,69,M,Standard,4138.59,2.0558066803366314e-05
GM04029,467,3,415.5,1,1,1,111,3,Lost,North America,30,M,Budget,299.47,0.9999999999645917
GM04030,47,18,7413.28,4,5,4,454,13,Champions,Europe,36,M,Standard,4947.13,2.8944947160236357e-05
GM04031,430,2,429.72,1,1,1,111,3,Lost,North America,24,F,Budget,298.23,0.9999999992715918
GM04032,47,7,1072.8999999999999,4,3,2,432,9,Loyal Customers,Europe,26,M,Budget,703.26,5.110592744202709e-05
GM04033,132,16,6365.22,2,4,4,244,10,At Risk,Central Asia,36,M,Standard,4370.93,0.031525440299085966
GM04034,92,28,31891.25,3,5,5,355,13,Champions,Southeast Asia,62,F,Premium,21966.68,0.0017556339637137736
GM04035,177,8,3221.34,2,3,3,233,8,Potential Loyalists,Europe,71,M,Standard,2334.44,0.5967412142280503
GM04036,75,3,1339.97,3,1,2,312,6,Potential Loyalists,Southeast Asia,57,M,Standard,859.77,0.0004839337289163343
GM04037,97,7,521.07,3,3,1,331,7,Potential Loyalists,Southeast Asia,39,F,Budget,345.62,0.002121690630788353
GM04038,345,5,635.72,1,2,1,121,4,Potential Loyalists,North America,35,F,Budget,439.85,0.9999992930465027
GM04039,15,37,41905.37,5,5,5,555,15,Champions,North America,40,M,Premium,27686.0,3.694650409018312e-06
GM04040,134,11,7272.72,2,3,4,234,9,Potential Loyalists,North America,19,M,Standard,5095.55,0.038395598322084654
GM04041,25,6,3210.84,5,2,3,523,10,Recent Customers,Southeast Asia,67,F,Standard,2047.22,5.895413767225476e-06
GM04042,84,22,21111.11,3,5,5,355,13,Champions,Europe,67,M,Premium,14309.18,0.0008197799947760537
GM04043,54,19,8276.98,4,5,4,454,13,Champions,MENA,28,Other,Standard,5840.44,4.94398186333559e-05
GM04044,34,11,5681.67,4,3,3,433,10,Loyal Customers,North America,48,M,Standard,3986.11,1.1128443869633293e-05
GM04045,92,14,6475.26,3,4,4,344,11,Potential Loyalists,MENA,50,F,Standard,4264.93,0.0012809544629684593
GM04046,33,14,3770.9700000000003,4,4,3,443,11,Loyal Customers,MENA,31,M,Standard,2621.84,1.0578051098094046e-05
GM04047,17,17,7652.11,5,4,4,544,13,Champions,Europe,33,F,Standard,5089.76,2.8218017003894607e-06
GM04048,25,31,41147.62,5,5,5,555,15,Champions,North America,28,M,Premium,27408.04,8.490206390270227e-06
GM04049,731,1,319.41,1,1,1,111,3,Lost,Southeast Asia,50,F,Budget,232.3,1.0
GM04050,13,17,7268.65,5,4,4,544,13,Champions,Europe,24,M,Standard,4933.23,1.9191224637514006e-06
GM04051,95,4,372.79,3,1,1,311,5,Potential Loyalists,Southeast Asia,48,M,Budget,262.22,0.002201962658886154
GM04052,97,12,4990.63,3,4,3,343,10,Potential Loyalists,North America,65,F,Standard,3346.36,0.002041107508751862
GM04053,14,2,460.95,5,1,1,511,7,Recent Customers,North America,63,F,Budget,326.12,6.016482357666406e-06
GM04054,121,2,261.67,2,1,1,211,4,Potential Loyalists,North America,64,F,Budget,176.45,0.018914378814911956
GM04055,20,7,1940.5900000000001,5,3,2,532,10,Loyal Customers,North America,31,M,Standard,1295.17,4.032339840673185e-06
GM04056,100,17,5115.91,3,4,3,343,10,Potential Loyalists,Central Asia,45,F,Standard,3325.01,0.002165986852619812
GM04057,234,5,730.81,1,2,2,122,5,Potential Loyalists,North America,70,M,Budget,491.61,0.9933210549243358
GM04058,125,19,8953.41,2,5,4,254,11,At Risk,Central Asia,60,Other,Standard,6210.54,0.018865053090018815
GM04059,371,2,165.70999999999998,1,1,1,111,3,Lost,Southeast Asia,33,F,Budget,109.56,0.9999999147717137
GM04060,228,1,157.16,1,1,1,111,3,Lost,Southeast Asia,36,M,Budget,103.91,0.9914636765048879
GM04061,56,12,4267.93,4,4,3,443,11,Loyal Customers,Europe,34,F,Standard,2879.58,7.55383632439887e-05
GM04062,21,13,15361.19,5,4,5,545,14,Champions,Europe,43,F,Premium,10271.1,4.2923158447902435e-06
GM04063,20,17,7579.3,5,4,4,544,13,Champions,North America,23,M,Standard,5136.33,3.2374391744823075e-06
GM04064,220,7,1013.5200000000001,1,3,2,132,6,Potential Loyalists,Europe,60,F,Budget,691.03,0.9822214693749599
GM04065,94,7,2501.3399999999997,3,3,2,332,8,Potential Loyalists,Southeast Asia,66,M,Standard,1757.01,0.00216158851009262
GM04066,21,21,24555.88,5,5,5,555,15,Champions,Central Asia,26,F,Premium,16971.37,5.171973671368382e-06
GM04067,32,12,4885.2300000000005,4,4,3,443,11,Loyal Customers,Europe,67,M,Standard,3332.74,9.921462562095098e-06
GM04068,23,10,4798.42,5,3,3,533,11,Loyal Customers,Southeast Asia,34,M,Standard,3148.62,5.026157449028159e-06
GM04069,70,9,2983.65,3,3,3,333,9,Potential Loyalists,North America,48,M,Standard,2000.68,0.00020177531921864627
GM04070,14,7,3980.71,5,3,3,533,11,Loyal Customers,North America,29,F,Standard,2606.53,2.3222308739250117e-06
GM04071,104,10,7412.179999999999,2,3,4,234,9,Potential Loyalists,Europe,40,F,Standard,4911.1,0.004267736661630873
GM04072,25,21,24336.88,5,5,5,555,15,Champions,North America,71,Other,Premium,16507.46,6.300682228811006e-06
GM04073,73,7,506.05,3,3,1,331,7,Potential Loyalists,North America,71,M,Budget,325.36,0.00035608419925515524
GM04074,63,6,2694.11,3,2,2,322,7,Potential Loyalists,North America,22,M,Standard,1809.74,0.0001333928650571372
GM04075,238,3,226.51,1,1,1,111,3,Lost,North America,60,F,Budget,157.36,0.9963191979948051
GM04076,598,2,386.42,1,1,1,111,3,Lost,North America,53,F,Budget,281.03,0.9999999999999993
GM04077,59,6,3283.0699999999997,3,2,3,323,8,Potential Loyalists,MENA,53,M,Standard,2141.12,9.584164560402612e-05
GM04078,23,12,5896.650000000001,5,4,4,544,13,Champions,Europe,20,M,Standard,3993.7,4.9782295690259565e-06
GM04079,29,16,8276.39,5,4,4,544,13,Champions,North America,41,F,Standard,5703.83,7.583138076510098e-06
GM04080,33,4,1038.28,4,1,2,412,7,Recent Customers,Europe,34,M,Standard,698.85,1.2523016214892119e-05
GM04081,55,6,1376.18,4,2,2,422,8,Recent Customers,North America,56,F,Standard,864.82,0.00010264013141989216
GM04082,72,6,699.02,3,2,2,322,7,Potential Loyalists,Europe,43,F,Budget,449.36,0.0003368215647927341
GM04083,67,10,4914.68,3,3,3,333,9,Potential Loyalists,North America,21,F,Standard,3288.3,0.00015085632587534268
GM04084,754,1,131.08,1,1,1,111,3,Lost,North America,62,F,Budget,95.33,1.0
GM04085,63,15,14519.73,3,4,5,345,12,Potential Loyalists,Europe,29,M,Premium,9986.75,0.0001501568637809447
GM04086,62,34,36734.79,3,5,5,355,13,Champions,Central Asia,18,F,Premium,25276.43,0.00019941063593963875
GM04087,152,1,244.98,2,1,1,211,4,Potential Loyalists,Europe,38,F,Budget,147.25,0.2103689088556149
GM04088,48,13,5766.7,4,4,4,444,12,Loyal Customers,North America,36,M,Standard,3801.67,3.361504678147966e-05
GM04089,70,16,4501.3099999999995,3,4,3,343,10,Potential Loyalists,North America,38,F,Standard,3002.41,0.00017534729484654395
GM04090,219,3,1218.6599999999999,1,1,2,112,4,Lost,Central Asia,69,M,Standard,874.57,0.9822866939852932
GM04091,222,12,4465.93,1,4,3,143,8,At Risk,North America,35,F,Standard,3120.47,0.9775977696102273
GM04092,83,19,7450.610000000001,3,5,4,354,12,Potential Loyalists,Europe,60,M,Standard,5095.53,0.0006467407545602463
GM04093,29,24,30689.2,5,5,5,555,15,Champions,MENA,69,F,Premium,20891.05,1.2065822973761644e-05
GM04094,110,12,5067.4,2,4,3,243,9,At Risk,Southeast Asia,20,M,Standard,3383.78,0.005749993149992064
GM04095,62,17,7296.63,3,4,4,344,11,Potential Loyalists,Europe,66,M,Standard,4946.9,0.00010553508091808222
GM04096,107,5,1006.27,2,2,2,222,6,Potential Loyalists,MENA,61,Other,Budget,687.19,0.005095265028066968
GM04097,39,16,5763.71,4,4,4,444,12,Loyal Customers,Central Asia,49,F,Standard,3944.29,1.6839243713781828e-05
GM04098,16,33,36220.69,5,5,5,555,15,Champions,Central Asia,27,M,Premium,23855.98,3.6631629748386245e-06
GM04099,46,8,4938.89,4,3,3,433,10,Loyal Customers,Europe,57,M,Standard,3306.93,3.315561143420216e-05
GM04100,94,25,28634.57,3,5,5,355,13,Champions,Central Asia,32,M,Premium,19165.04,0.002012012235528141
GM04101,118,14,3786.18,2,4,3,243,9,At Risk,North America,22,F,Standard,2637.93,0.00878679404472549
GM04102,34,14,17300.02,4,4,5,445,13,Champions,MENA,21,F,Premium,12028.01,1.357978790360646e-05
GM04103,30,15,8269.25,5,4,4,544,13,Champions,MENA,45,F,Standard,5544.65,7.22879630415292e-06
GM04104,32,31,34144.19,4,5,5,455,14,Champions,Europe,70,F,Premium,23310.46,1.2392436646903506e-05
GM04105,64,6,2134.19,3,2,2,322,7,Potential Loyalists,Europe,69,F,Standard,1335.24,0.0001924479741265213
GM04106,172,5,682.43,2,2,2,222,6,Potential Loyalists,North America,68,M,Budget,449.17,0.5169058360165105
GM04107,155,15,4514.31,2,4,3,243,9,At Risk,Southeast Asia,70,M,Standard,3095.49,0.1530844484721129
GM04108,134,22,33468.26,2,5,5,255,12,At Risk,Central Asia,21,F,Premium,23035.16,0.062471633286047115
GM04109,48,4,2557.67,4,1,2,412,7,Recent Customers,Southeast Asia,32,F,Standard,1637.15,3.6899177263407525e-05
GM04110,31,14,7341.47,5,4,4,544,13,Champions,North America,34,F,Standard,4712.36,7.80971078499133e-06
GM04111,63,1,189.84,3,1,1,311,5,Potential Loyalists,North America,61,F,Budget,114.1,0.00016323146531911794
GM04112,66,9,10837.66,3,3,5,335,11,Potential Loyalists,MENA,20,F,Premium,6972.67,0.00017776597321482267
GM04113,46,6,639.14,4,2,1,421,7,Recent Customers,Central Asia,27,F,Budget,418.0,3.773927181432222e-05
GM04114,66,8,2589.74,3,3,2,332,8,Potential Loyalists,Central Asia,64,M,Standard,1768.92,0.00017407140668891416
GM04115,61,14,6013.66,3,4,4,344,11,Potential Loyalists,North America,59,M,Standard,4001.39,0.00010657827286085447
GM04116,71,6,1157.1299999999999,3,2,2,322,7,Potential Loyalists,Europe,40,Other,Budget,744.95,0.00032299695027813486
GM04117,44,19,7742.38,4,5,4,454,13,Champions,Southeast Asia,35,F,Standard,5144.55,1.9182411049204508e-05
GM04118,199,4,408.83000000000004,1,2,1,121,4,Potential Loyalists,MENA,18,M,Budget,270.3,0.9186050548465945
GM04119,78,6,1382.6399999999999,3,2,2,322,7,Potential Loyalists,Europe,52,M,Standard,956.59,0.0005276504108546677
GM04120,160,9,3187.9300000000003,2,3,3,233,8,Potential Loyalists,North America,70,M,Standard,2186.74,0.24597647936840605
GM04121,89,18,9202.63,3,5,4,354,12,Potential Loyalists,Europe,48,M,Standard,6142.64,0.0009936595868716928
GM04122,165,7,1415.9,2,3,2,232,7,Potential Loyalists,MENA,61,F,Standard,960.69,0.3881380300707559
GM04123,16,18,8656.48,5,5,4,554,14,Champions,North America,18,M,Standard,5742.4,2.3003421449680115e-06
GM04124,45,11,4871.23,4,3,3,433,10,Loyal Customers,Southeast Asia,20,F,Standard,3092.63,2.553452046343212e-05
GM04125,54,26,34958.17,4,5,5,455,14,Champions,North America,20,M,Premium,24346.82,8.211703970877597e-05
GM04126,114,17,8156.599999999999,2,4,4,244,10,At Risk,North America,54,F,Standard,5616.32,0.007454279228944842
GM04127,22,19,6339.06,5,5,4,554,14,Champions,North America,36,M,Standard,4380.74,3.849772732604127e-06
GM04128,88,4,585.14,3,2,1,321,6,Potential Loyalists,Southeast Asia,46,F,Budget,380.28,0.0010908054479529764
GM04129,179,8,4196.66,2,3,3,233,8,Potential Loyalists,Europe,42,F,Standard,2875.89,0.6246109536047145
GM04130,78,16,10172.08,3,4,5,345,12,Potential Loyalists,Central Asia,50,F,Standard,6694.22,0.00047865841131392256
GM04131,50,28,44630.72,4,5,5,455,14,Champions,Europe,53,M,Premium,30962.66,8.484251927463593e-05
GM04132,296,7,442.24,1,3,1,131,5,Potential Loyalists,Europe,46,M,Budget,297.21,0.999959427398209
GM04133,92,8,3398.71,3,3,3,333,9,Potential Loyalists,North America,43,M,Standard,2340.46,0.0014325678361817135
GM04134,64,7,532.91,3,3,1,331,7,Potential Loyalists,North America,21,M,Budget,342.1,0.00015864643977625548
GM04135,248,4,235.95,1,2,1,121,4,Potential Loyalists,North America,66,F,Budget,166.82,0.9981900444314373
GM04136,48,9,3951.18,4,3,3,433,10,Loyal Customers,Central Asia,31,F,Standard,2753.27,3.947322755499071e-05
GM04137,125,12,3490.72,2,4,3,243,9,At Risk,North America,67,F,Standard,2373.96,0.01796278517782582
GM04138,28,1,65.93,5,1,1,511,7,Recent Customers,Europe,44,F,Budget,39.63,1.1778580839967423e-05
GM04139,58,14,14331.67,3,4,5,345,12,Potential Loyalists,North America,50,M,Premium,9734.35,8.819353720900264e-05
GM04140,64,7,1425.37,3,3,2,332,8,Potential Loyalists,North America,39,M,Standard,895.35,0.00022564027850290088
GM04141,306,5,733.35,1,2,2,122,5,Potential Loyalists,Europe,65,M,Budget,497.73,0.999983862049656
GM04142,50,13,6743.01,4,4,4,444,12,Loyal Customers,Europe,20,F,Standard,4588.38,4.653780806099681e-05
GM04143,205,4,332.16999999999996,1,2,1,121,4,Potential Loyalists,Central Asia,40,F,Budget,225.17,0.9497391798507315
GM04144,39,6,928.27,4,2,2,422,8,Recent Customers,North America,38,M,Budget,596.23,1.852075710789124e-05
GM04145,25,13,5223.83,5,4,3,543,12,Loyal Customers,Southeast Asia,58,M,Standard,3468.57,5.43837304094444e-06
GM04146,110,15,4970.62,2,4,3,243,9,At Risk,North America,40,F,Standard,3323.61,0.004694877340132156
GM04147,46,5,1992.02,4,2,2,422,8,Recent Customers,Central Asia,21,F,Standard,1241.16,3.846529344026186e-05
GM04148,152,15,14990.3,2,4,5,245,11,At Risk,MENA,38,F,Premium,9939.05,0.14731605918431628
GM04149,346,4,304.57,1,2,1,121,4,Potential Loyalists,North America,54,M,Budget,209.65,0.9999993911268933
GM04150,55,7,690.75,4,3,2,432,9,Loyal Customers,North America,60,M,Budget,456.85,8.10269192775316e-05
GM04151,62,11,6809.5599999999995,3,3,4,334,10,Potential Loyalists,Central Asia,48,Other,Standard,4492.19,0.0001326848875074939
GM04152,34,15,4512.14,4,4,3,443,11,Loyal Customers,Central Asia,38,F,Standard,3055.27,1.1664942279154579e-05
GM04153,62,34,36850.83,3,5,5,355,13,Champions,North America,43,M,Premium,24920.93,0.00014699087958839607
GM04154,451,2,271.48,1,1,1,111,3,Lost,Europe,58,F,Budget,187.33,0.9999999998912181
GM04155,93,8,3843.75,3,3,3,333,9,Potential Loyalists,Europe,52,F,Standard,2597.61,0.0022030927410299295
GM04156,793,1,378.52,1,1,1,111,3,Lost,Central Asia,55,M,Budget,275.29,1.0
GM04157,163,10,2882.33,2,3,2,232,7,Potential Loyalists,MENA,41,M,Standard,2021.95,0.28865709373599824
GM04158,611,2,139.15,1,1,1,111,3,Lost,Southeast Asia,28,M,Budget,101.2,0.9999999999999998
GM04159,50,13,5787.81,4,4,4,444,12,Loyal Customers,Southeast Asia,58,M,Standard,3691.51,3.627029874761096e-05
GM04160,30,14,7044.24,5,4,4,544,13,Champions,North America,46,F,Standard,4627.11,7.85718407048734e-06
GM04161,18,18,6458.16,5,5,4,554,14,Champions,MENA,64,M,Standard,4448.21,2.92416399056028e-06
GM04162,391,1,202.86,1,1,1,111,3,Lost,Central Asia,20,F,Budget,134.12,0.9999999875034561
GM04163,19,9,2099.8,5,3,2,532,10,Loyal Customers,MENA,18,Other,Standard,1383.33,3.34574890763528e-06
GM04164,88,17,4744.3099999999995,3,4,3,343,10,Potential Loyalists,MENA,69,M,Standard,3151.64,0.0008532780981573999
GM04165,13,11,13195.869999999999,5,3,5,535,13,Champions,North America,71,M,Premium,9326.68,2.0876500538784607e-06
GM04166,41,14,7709.45,4,4,4,444,12,Loyal Customers,MENA,36,F,Standard,5242.12,1.865731981910076e-05
GM04167,40,12,3871.64,4,4,3,443,11,Loyal Customers,Europe,63,F,Standard,2658.45,1.7303226763663508e-05
GM04168,104,12,7091.36,2,4,4,244,10,At Risk,Central Asia,66,F,Standard,4764.46,0.003480355035643315
GM04169,16,17,7946.8099999999995,5,4,4,544,13,Champions,Europe,39,M,Standard,5305.4,2.2617684121249495e-06
GM04170,214,10,3683.91,1,3,3,133,7,Potential Loyalists,Central Asia,31,M,Standard,2563.79,0.9673501715603033
GM04171,151,8,9770.89,2,3,4,234,9,Potential Loyalists,Europe,66,F,Premium,6656.6,0.12744750426227666
GM04172,572,1,133.92,1,1,1,111,3,Lost,Southeast Asia,31,Other,Budget,97.4,0.9999999999999933
GM04173,351,4,1142.44,1,2,2,122,5,Potential Loyalists,MENA,61,M,Standard,761.75,0.9999995673323316
GM04174,25,19,10336.55,5,5,5,555,15,Champions,MENA,33,F,Standard,6885.23,4.668585968880395e-06
GM04175,35,39,41415.58,4,5,5,455,14,Champions,Southeast Asia,50,M,Premium,28359.99,1.5768909756791973e-05
GM04176,138,12,5780.39,2,4,4,244,10,At Risk,Southeast Asia,30,Other,Standard,4038.53,0.041553411175470976
GM04177,17,18,6858.99,5,5,4,554,14,Champions,North America,55,F,Standard,4461.79,2.302011414024409e-06
GM04178,91,7,632.89,3,3,1,331,7,Potential Loyalists,North America,66,M,Budget,435.05,0.0015904668813994445
GM04179,61,6,245.19,3,2,1,321,6,Potential Loyalists,Europe,29,F,Budget,159.78,0.00013755982925369256
GM04180,386,3,1399.54,1,1,2,112,4,Lost,Europe,68,M,Standard,948.8,0.9999999739796299
GM04181,285,3,1024.03,1,1,2,112,4,Lost,MENA,55,M,Standard,695.95,0.9999374937473238
GM04182,19,6,2161.96,5,2,2,522,9,Recent Customers,North America,56,M,Standard,1388.59,4.826911031548575e-06
GM04183,28,5,361.67999999999995,5,2,1,521,8,Recent Customers,North America,50,M,Budget,237.01,1.2129811547379706e-05
GM04184,271,3,416.12,1,1,1,111,3,Lost,Europe,50,M,Budget,275.12,0.9997687534485677
GM04185,88,7,2601.29,3,3,2,332,8,Potential Loyalists,Europe,46,F,Standard,1808.9,0.0013561294893583383
GM04186,29,18,10624.84,5,5,5,555,15,Champions,North America,22,F,Standard,7118.59,6.450685499846692e-06
GM04187,555,3,466.06,1,1,1,111,3,Lost,Europe,23,M,Budget,338.95,0.999999999999976
GM04188,19,10,3979.9,5,3,3,533,11,Loyal Customers,North America,48,F,Standard,2627.21,3.410793705205807e-06
GM04189,57,19,9678.17,4,5,4,454,13,Champions,North America,33,F,Standard,6544.77,6.703226289022946e-05
GM04190,131,6,834.61,2,2,2,222,6,Potential Loyalists,North America,48,F,Budget,567.36,0.036071761565690315
GM04191,118,18,8405.55,2,5,4,254,11,At Risk,North America,42,F,Standard,5710.27,0.008501306356630385
GM04192,137,9,3570.23,2,3,3,233,8,Potential Loyalists,Southeast Asia,65,M,Standard,2326.82,0.04790810770418908
GM04193,43,3,695.1700000000001,4,1,2,412,7,Recent Customers,MENA,63,M,Budget,430.17,3.034270971902546e-05
GM04194,181,14,6893.53,2,4,4,244,10,At Risk,North America,50,F,Standard,4674.88,0.6359214421606899
GM04195,68,10,5724.67,3,3,4,334,10,Potential Loyalists,North America,30,M,Standard,3925.78,0.00017135466479724612
GM04196,14,13,8086.84,5,4,4,544,13,Champions,Europe,69,M,Standard,5325.31,2.220670649444491e-06
GM04197,117,5,2050.89,2,2,2,222,6,Potential Loyalists,Central Asia,27,M,Standard,1377.92,0.01266018379017936
GM04198,31,23,37395.89,5,5,5,555,15,Champions,Europe,41,M,Premium,25124.65,1.512110409420234e-05
GM04199,73,8,2889.1,3,3,2,332,8,Potential Loyalists,MENA,27,M,Standard,2048.94,0.0002864265973310615
GM04200,50,16,7787.96,4,4,4,444,12,Loyal Customers,North America,58,F,Standard,5093.41,3.818442895540079e-05
GM04201,192,3,277.93,2,1,1,211,4,Potential Loyalists,North America,48,M,Budget,198.4,0.85888413555524
GM04202,88,11,3528.21,3,3,3,333,9,Potential Loyalists,Europe,30,F,Standard,2340.15,0.0009923959479485928
GM04203,24,5,630.28,5,2,1,521,8,Recent Customers,Europe,20,F,Budget,398.69,6.277660220468228e-06
GM04204,32,18,6231.02,4,5,4,454,13,Champions,Southeast Asia,67,M,Standard,4297.7,8.201539328794105e-06
GM04205,701,1,0.0,1,1,1,111,3,Lost,Central Asia,69,M,Budget,0.0,1.0
GM04206,22,17,6650.16,5,4,4,544,13,Champions,MENA,51,M,Standard,4678.83,4.130392267143239e-06
GM04207,140,7,3827.25,2,3,3,233,8,Potential Loyalists,North America,66,M,Standard,2733.09,0.05596392050599835
GM04208,65,10,3334.49,3,3,3,333,9,Potential Loyalists,MENA,45,M,Standard,2172.47,0.00014647146323090956
GM04209,24,11,4057.49,5,3,3,533,11,Loyal Customers,Central Asia,36,M,Standard,2667.82,5.544187314325806e-06
GM04210,39,15,8277.85,4,4,4,444,12,Loyal Customers,Central Asia,40,F,Standard,5701.43,1.7352512097951127e-05
GM04211,68,15,6967.44,3,4,4,344,11,Potential Loyalists,Central Asia,62,F,Standard,4805.33,0.000189767480175082
GM04212,33,2,400.55,4,1,1,411,6,Recent Customers,North America,49,M,Budget,253.31,1.4462986266064133e-05
GM04213,278,2,73.42,1,1,1,111,3,Lost,MENA,30,M,Budget,48.54,0.9998649988151506
GM04214,193,2,339.28,2,1,1,211,4,Potential Loyalists,Europe,50,F,Budget,236.88,0.8710091992095973
GM04215,68,19,5578.33,3,5,3,353,11,Potential Loyalists,North America,51,F,Standard,3580.95,0.00014821315662995205
GM04216,50,4,395.22,4,2,1,421,7,Recent Customers,North America,50,F,Budget,259.79,5.574236735963748e-05
GM04217,625,2,245.27,1,1,1,111,3,Lost,Central Asia,22,F,Budget,178.38,1.0
GM04218,74,3,953.8800000000001,3,1,2,312,6,Potential Loyalists,MENA,20,M,Standard,573.33,0.000554717845359007
GM04219,47,17,6531.61,4,4,4,444,12,Loyal Customers,North America,24,M,Standard,4400.25,2.6378334513765802e-05
GM04220,16,7,1334.85,5,3,2,532,10,Loyal Customers,Europe,41,F,Standard,875.44,3.3094598865956325e-06
GM04221,57,35,34436.05,4,5,5,455,14,Champions,Europe,39,M,Premium,23706.43,8.948243330502571e-05
GM04222,101,12,12075.47,3,4,5,345,12,Potential Loyalists,North America,62,Other,Premium,8230.58,0.0030281596024083275
GM04223,16,18,21919.43,5,5,5,555,15,Champions,Southeast Asia,40,F,Premium,14990.37,2.8736971753636708e-06
GM04224,20,19,7032.82,5,5,4,554,14,Champions,North America,47,F,Standard,4728.18,3.175136726860931e-06
GM04225,70,19,8275.98,3,5,4,354,12,Potential Loyalists,North America,35,M,Standard,5739.4,0.00017502968200365924
GM04226,80,6,2562.77,3,2,2,322,7,Potential Loyalists,North America,49,F,Standard,1725.11,0.0006197170974948787
GM04227,322,6,989.2,1,2,2,122,5,Potential Loyalists,Europe,70,F,Budget,704.9,0.9999957903830718
GM04228,137,4,361.27,2,2,1,221,5,Potential Loyalists,North America,24,M,Budget,233.45,0.05708467362971927
GM04229,354,2,71.13,1,1,1,111,3,Lost,MENA,50,M,Budget,49.26,0.9999997095247908
GM04230,24,19,8930.29,5,5,4,554,14,Champions,Europe,22,F,Standard,6110.96,4.629437723316535e-06
GM04231,39,17,9159.01,4,4,4,444,12,Loyal Customers,North America,66,F,Standard,6037.86,1.5499707897508487e-05
GM04232,271,4,1815.07,1,2,2,122,5,Potential Loyalists,North America,45,M,Standard,1217.41,0.9996529144552191
GM04233,33,13,6755.13,4,4,4,444,12,Loyal Customers,Europe,25,M,Standard,4492.93,1.027160587668065e-05
GM04234,32,17,4942.3,4,4,3,443,11,Loyal Customers,Southeast Asia,32,F,Standard,3388.18,7.282877721309202e-06
GM04235,90,8,3330.01,3,3,3,333,9,Potential Loyalists,Central Asia,69,F,Standard,2209.96,0.0012418170731907068
GM04236,95,4,371.05,3,2,1,321,6,Potential Loyalists,Europe,21,F,Budget,246.54,0.0022431398212596635
GM04237,39,35,48777.34,4,5,5,455,14,Champions,Central Asia,51,F,Premium,32678.79,3.861688779046821e-05
GM04238,169,13,15123.869999999999,2,4,5,245,11,At Risk,North America,22,M,Premium,10439.48,0.3954899324119594
GM04239,47,30,30230.54,4,5,5,455,14,Champions,North America,50,F,Premium,20798.91,4.0038411653245886e-05
GM04240,100,11,3142.77,3,3,3,333,9,Potential Loyalists,Europe,22,M,Standard,2135.75,0.00249451497306394
GM04241,194,9,4190.49,2,3,3,233,8,Potential Loyalists,North America,55,F,Standard,2970.38,0.8329054983574657
GM04242,58,12,5353.73,3,4,3,343,10,Potential Loyalists,MENA,51,F,Standard,3655.87,7.837819919130421e-05
GM04243,21,12,15009.45,5,4,5,545,14,Champions,North America,43,M,Premium,9902.38,4.269316454294006e-06
GM04244,32,5,2079.6,4,2,2,422,8,Recent Customers,MENA,18,M,Standard,1386.74,1.1043794498491752e-05
GM04245,70,33,41492.47,3,5,5,355,13,Champions,MENA,21,F,Premium,28014.29,0.00033641229197101314
GM04246,24,5,2506.24,5,2,2,522,9,Recent Customers,Southeast Asia,56,M,Standard,1622.36,5.369610109326606e-06
GM04247,45,24,32842.51,4,5,5,455,14,Champions,Europe,71,M,Premium,22159.23,4.2674646971379924e-05
GM04248,166,6,614.9,2,2,1,221,5,Potential Loyalists,Europe,43,F,Budget,426.22,0.5184294324288875
GM04249,278,3,1613.35,1,1,2,112,4,Lost,North America,50,M,Standard,1126.64,0.9998040938205377
GM04250,81,8,4670.59,3,3,3,333,9,Potential Loyalists,Southeast Asia,50,F,Standard,3132.62,0.0005786461219096527
GM04251,31,11,6563.7,5,3,4,534,12,Loyal Customers,MENA,25,M,Standard,4516.81,9.025332691627523e-06
GM04252,130,11,4284.78,2,3,3,233,8,Potential Loyalists,Central Asia,37,F,Standard,2938.24,0.029030766535294877
GM04253,19,18,19894.76,5,5,5,555,15,Champions,Europe,33,M,Premium,13588.79,4.0275007194617496e-06
GM04254,339,6,4150.639999999999,1,2,3,123,6,Potential Loyalists,MENA,38,M,Standard,2880.36,0.9999987742807726
GM04255,71,17,8116.4400000000005,3,4,4,344,11,Potential Loyalists,Europe,62,F,Standard,5502.72,0.0002518569767034173
GM04256,76,15,10780.29,3,4,5,345,12,Potential Loyalists,North America,43,F,Standard,7429.32,0.00031161849898678
GM04257,23,17,6613.48,5,4,4,544,13,Champions,Southeast Asia,40,M,Standard,4514.75,3.912062210247785e-06
GM04258,172,3,146.49,2,1,1,211,4,Potential Loyalists,MENA,35,M,Budget,104.93,0.5766271806227312
GM04259,557,2,509.77000000000004,1,1,1,111,3,Lost,Europe,48,F,Budget,370.74,0.9999999999999771
GM04260,16,36,44212.04,5,5,5,555,15,Champions,MENA,69,F,Premium,29749.62,4.4053404888062825e-06
GM04261,101,16,8498.73,3,4,4,344,11,Potential Loyalists,Central Asia,59,Other,Standard,5769.01,0.0025929368225700257
GM04262,26,38,52660.42,5,5,5,555,15,Champions,Southeast Asia,29,Other,Premium,35463.63,1.1918234508804125e-05
GM04263,142,10,4077.12,2,3,3,233,8,Potential Loyalists,MENA,18,F,Standard,2718.65,0.07818872310620492
GM04264,42,19,7342.1,4,5,4,454,13,Champions,MENA,59,M,Standard,5024.43,1.658863730153109e-05
GM04265,20,19,24398.16,5,5,5,555,15,Champions,North America,26,F,Premium,16457.45,4.897648406551924e-06
GM04266,17,5,727.45,5,2,2,522,9,Recent Customers,MENA,20,F,Budget,476.82,3.5143699256346236e-06
GM04267,60,7,4098.15,3,3,3,333,9,Potential Loyalists,North America,68,M,Standard,2900.43,9.97802870370338e-05
GM04268,45,8,4615.77,4,3,3,433,10,Loyal Customers,Central Asia,43,M,Standard,3060.19,3.447400079896156e-05
GM04269,23,10,11443.39,5,3,5,535,13,Champions,North America,26,M,Premium,7551.38,4.6177962967676e-06
GM04270,20,13,5893.599999999999,5,4,4,544,13,Champions,Southeast Asia,59,M,Standard,4015.55,3.2373312364305385e-06
GM04271,373,3,118.83,1,1,1,111,3,Lost,North America,68,M,Budget,78.57,0.9999999360870001
GM04272,179,16,7645.82,2,4,4,244,10,At Risk,Southeast Asia,33,F,Standard,5180.99,0.5857800761878657
GM04273,59,7,801.23,3,3,2,332,8,Potential Loyalists,Europe,41,F,Budget,548.06,0.0001125858428538792
GM04274,58,8,14080.56,3,3,5,335,11,Potential Loyalists,MENA,67,F,Premium,9400.89,0.00010251460135445724
GM04275,236,9,5167.62,1,3,3,133,7,Potential Loyalists,North America,31,M,Standard,3665.14,0.9942854741347554
GM04276,45,4,306.59000000000003,4,2,1,421,7,Recent Customers,North America,20,M,Budget,211.03,5.107020894118064e-05
GM04277,94,15,6756.87,3,4,4,344,11,Potential Loyalists,MENA,51,F,Standard,4560.46,0.0014229237954727005
GM04278,13,18,23865.41,5,5,5,555,15,Champions,Europe,50,M,Premium,15935.2,2.5607528354498243e-06
GM04279,265,6,3080.8,1,2,3,123,6,Potential Loyalists,Europe,67,F,Standard,2138.83,0.9996735579746714
GM04280,275,4,955.4,1,2,2,122,5,Potential Loyalists,MENA,41,Other,Standard,676.89,0.999837514365767
GM04281,69,18,6947.48,3,5,4,354,12,Potential Loyalists,Europe,26,M,Standard,4671.28,0.00018164888230504412
GM04282,144,4,188.05,2,2,1,221,5,Potential Loyalists,North America,30,M,Budget,119.21,0.10816046940755852
GM04283,515,3,439.54999999999995,1,1,1,111,3,Lost,Europe,19,M,Budget,316.56,0.9999999999993745
GM04284,24,12,6563.7,5,4,4,544,13,Champions,Central Asia,24,F,Standard,4462.22,6.2115723865279255e-06
GM04285,22,5,2761.2,5,2,2,522,9,Recent Customers,North America,65,F,Standard,1771.3,4.6993398775419204e-06
GM04286,73,15,6513.64,3,4,4,344,11,Potential Loyalists,North America,38,F,Standard,4374.75,0.00023602115435828323
GM04287,321,4,209.08999999999997,1,2,1,121,4,Potential Loyalists,Southeast Asia,36,M,Budget,139.46,0.9999947658646844
GM04288,177,7,672.6700000000001,2,3,2,232,7,Potential Loyalists,North America,42,Other,Budget,465.98,0.6059264902052967
GM04289,16,39,43070.23,5,5,5,555,15,Champions,Europe,64,M,Premium,29111.05,3.78884795811234e-06
GM04290,63,9,5513.95,3,3,3,333,9,Potential Loyalists,North America,39,M,Standard,3684.53,0.0001354465497877437
GM04291,91,6,2159.64,3,2,2,322,7,Potential Loyalists,MENA,28,F,Standard,1455.87,0.0014274556917076664
GM04292,184,9,3428.6800000000003,2,3,3,233,8,Potential Loyalists,Central Asia,50,F,Standard,2367.42,0.7642538433021772
GM04293,188,11,4595.84,2,3,3,233,8,Potential Loyalists,North America,49,M,Standard,3171.53,0.7503201356175446
GM04294,386,4,391.34000000000003,1,2,1,121,4,Potential Loyalists,Southeast Asia,38,M,Standard,258.74,0.9999999755443022
GM04295,75,16,18787.54,3,4,5,345,12,Potential Loyalists,MENA,56,M,Premium,12987.82,0.00036526111993399614
GM04296,829,1,89.53,1,1,1,111,3,Lost,Europe,37,M,Budget,65.11,1.0
GM04297,837,1,108.41,1,1,1,111,3,Lost,Europe,25,M,Budget,78.84,1.0
GM04298,411,2,506.56000000000006,1,1,1,111,3,Lost,Europe,59,Other,Budget,342.11,0.9999999984960442
GM04299,56,15,27465.37,4,4,5,445,13,Champions,MENA,54,F,Premium,17657.52,8.642350268223236e-05
GM04300,22,8,3632.1400000000003,5,3,3,533,11,Loyal Customers,North America,26,F,Standard,2482.26,4.323184374703346e-06
GM04301,73,15,6147.4400000000005,3,4,4,344,11,Potential Loyalists,Central Asia,42,F,Standard,4034.23,0.00031951258109091376
GM04302,110,5,1453.89,2,2,2,222,6,Potential Loyalists,Southeast Asia,42,F,Standard,965.41,0.005835700670743749
GM04303,149,5,3456.38,2,2,3,223,7,Potential Loyalists,North America,50,F,Standard,2332.52,0.1546726463405787
GM04304,58,4,199.7,3,2,1,321,6,Potential Loyalists,North America,19,F,Budget,138.01,0.00011093566326895352
GM04305,16,38,46849.8,5,5,5,555,15,Champions,North America,36,M,Premium,31878.9,4.246502264185943e-06
GM04306,175,3,660.4399999999999,2,1,1,211,4,Potential Loyalists,Central Asia,63,F,Budget,459.26,0.6107948081222762
GM04307,18,5,835.61,5,2,2,522,9,Recent Customers,MENA,37,F,Budget,526.69,4.268193019854554e-06
GM04308,324,1,29.96,1,1,1,111,3,Lost,North America,59,F,Budget,19.81,0.9999962736011411
GM04309,176,4,259.06,2,2,1,221,5,Potential Loyalists,North America,58,Other,Budget,166.32,0.6011216698757129
GM04310,43,5,2475.95,4,2,2,422,8,Recent Customers,North America,59,M,Standard,1656.51,3.491667196591961e-05
GM04311,165,4,420.24,2,2,1,221,5,Potential Loyalists,Europe,46,F,Budget,277.67,0.48639314184516924
GM04312,99,12,4279.21,3,4,3,343,10,Potential Loyalists,Southeast Asia,23,M,Standard,2893.04,0.0020261223066456867
GM04313,760,1,0.0,1,1,1,111,3,Lost,Europe,34,F,Budget,0.0,1.0
GM04314,22,8,9187.47,5,3,4,534,12,Loyal Customers,Southeast Asia,42,M,Premium,6109.14,4.527141056409435e-06
GM04315,56,15,6062.87,4,4,4,444,12,Loyal Customers,Southeast Asia,55,M,Standard,4039.13,6.212398467517899e-05
GM04316,237,7,4481.85,1,3,3,133,7,Potential Loyalists,Europe,21,M,Standard,3129.1,0.9954576338867225
GM04317,567,3,1021.5,1,1,2,112,4,Lost,North America,47,F,Standard,742.91,0.9999999999999887
GM04318,113,14,7910.77,2,4,4,244,10,At Risk,Central Asia,37,M,Standard,5453.79,0.0068417728037393506
GM04319,124,19,5866.63,2,5,4,254,11,At Risk,MENA,20,F,Standard,3989.8,0.014948821664616415
GM04320,255,2,356.52000000000004,1,1,1,111,3,Lost,MENA,40,M,Budget,235.72,0.9991286986613647
GM04321,133,13,5802.74,2,4,4,244,10,At Risk,North America,68,F,Standard,3956.63,0.033229418209725956
GM04322,54,13,3186.37,4,4,3,443,11,Loyal Customers,Southeast Asia,35,F,Standard,2136.5,4.838278388597262e-05
GM04323,169,8,3564.68,2,3,3,233,8,Potential Loyalists,North America,43,M,Standard,2557.24,0.4088088492071476
GM04324,35,17,8423.81,4,4,4,444,12,Loyal Customers,MENA,53,M,Standard,5747.91,1.0607375032858511e-05
GM04325,67,9,3833.05,3,3,3,333,9,Potential Loyalists,North America,25,F,Standard,2675.17,0.0001558135179898573
GM04326,55,17,6873.450000000001,4,4,4,444,12,Loyal Customers,Southeast Asia,34,F,Standard,4761.25,5.1946727596800837e-05
GM04327,36,33,40836.94,4,5,5,455,14,Champions,Central Asia,48,F,Premium,27290.76,2.3553709467304522e-05
GM04328,21,15,7095.3,5,4,4,544,13,Champions,Southeast Asia,54,M,Standard,4692.7,3.2720357663231076e-06
GM04329,203,7,4089.32,1,3,3,133,7,Potential Loyalists,Central Asia,62,F,Standard,2956.12,0.9356365412239135
GM04330,545,6,3102.9300000000003,1,2,3,123,6,Potential Loyalists,North America,50,Other,Standard,2239.6,0.9999999999999234
GM04331,66,4,1693.77,3,2,2,322,7,Potential Loyalists,Europe,44,M,Standard,1137.13,0.00019637941493057777
GM04332,109,4,109.72999999999999,2,2,1,221,5,Potential Loyalists,Europe,62,M,Budget,71.88,0.00881734108413427
GM04333,148,16,8192.69,2,4,4,244,10,At Risk,MENA,21,M,Standard,5660.74,0.09752294805359936
GM04334,51,4,1846.72,4,2,2,422,8,Recent Customers,North America,39,F,Standard,1193.91,5.11413272284798e-05
GM04335,77,10,5795.99,3,3,4,334,10,Potential Loyalists,MENA,43,F,Standard,3921.55,0.00037399498139737314
GM04336,24,14,4877.75,5,4,3,543,12,Loyal Customers,Central Asia,49,M,Standard,3204.36,5.37969879584982e-06
GM04337,51,11,3185.71,4,3,3,433,10,Loyal Customers,North America,41,M,Standard,2143.66,4.385779841631348e-05
GM04338,104,17,7196.93,2,4,4,244,10,At Risk,Southeast Asia,63,M,Standard,4807.17,0.002768467316219151
GM04339,138,8,2426.32,2,3,2,232,7,Potential Loyalists,MENA,52,M,Standard,1728.04,0.06597252126070845
GM04340,139,7,716.89,2,3,2,232,7,Potential Loyalists,Europe,54,M,Budget,507.54,0.0959646415491595
GM04341,16,16,7558.139999999999,5,4,4,544,13,Champions,MENA,49,Other,Standard,5250.91,2.328636862964824e-06
GM04342,155,6,669.87,2,2,1,221,5,Potential Loyalists,Central Asia,24,M,Budget,440.06,0.2584026056873359
GM04343,45,3,1028.65,4,1,2,412,7,Recent Customers,North America,50,M,Standard,636.51,3.24874573539154e-05
GM04344,222,3,397.7,1,1,1,111,3,Lost,North America,48,F,Standard,262.94,0.985727280715796
GM04345,159,4,513.52,2,2,1,221,5,Potential Loyalists,North America,29,F,Budget,333.45,0.2560652827599575
GM04346,808,1,105.24,1,1,1,111,3,Lost,Europe,28,F,Budget,76.54,1.0
GM04347,73,3,586.88,3,1,1,311,5,Potential Loyalists,North America,41,M,Standard,377.15,0.0003608681989257354
GM04348,400,3,447.54,1,1,1,111,3,Lost,North America,25,M,Budget,302.07,0.9999999922621957
GM04349,106,10,3748.7,2,3,3,233,8,Potential Loyalists,North America,49,F,Standard,2596.62,0.004058934678704432
GM04350,49,7,1899.8200000000002,4,3,2,432,9,Loyal Customers,North America,55,F,Standard,1254.69,4.672790411813636e-05
GM04351,49,25,32066.5,4,5,5,455,14,Champions,North America,39,M,Premium,21312.8,5.980319251582385e-05
GM04352,82,37,59632.19,3,5,5,355,13,Champions,North America,51,F,Premium,40679.23,0.0014689391059496935
GM04353,124,4,378.65999999999997,2,2,1,221,5,Potential Loyalists,MENA,36,F,Budget,231.52,0.02202356652848124
GM04354,15,33,43663.37,5,5,5,555,15,Champions,Southeast Asia,69,M,Premium,29375.72,3.915975910119023e-06
GM04355,16,14,21072.53,5,4,5,545,14,Champions,MENA,37,F,Premium,13490.68,3.641477428121204e-06
GM04356,109,7,668.02,2,3,1,231,6,Potential Loyalists,North America,31,F,Budget,439.94,0.008332095816887467
GM04357,85,28,47083.37,3,5,5,355,13,Champions,Europe,50,M,Premium,32558.19,0.0018220231563358636
GM04358,22,16,6941.070000000001,5,4,4,544,13,Champions,North America,27,F,Standard,4618.3,3.921301065997759e-06
GM04359,22,4,1269.8200000000002,5,2,2,522,9,Recent Customers,North America,33,F,Standard,804.71,5.480147978593608e-06
GM04360,186,6,1694.6399999999999,2,2,2,222,6,Potential Loyalists,Europe,21,F,Standard,1221.13,0.7690007029192685
GM04361,210,7,1086.12,1,3,2,132,6,Potential Loyalists,Central Asia,44,M,Budget,732.09,0.9658506593133271
GM04362,57,8,2339.64,4,3,2,432,9,Loyal Customers,North America,45,M,Standard,1593.37,7.62542912978583e-05
GM04363,15,19,6905.2699999999995,5,5,4,554,14,Champions,North America,60,F,Standard,4574.74,1.8379178607501373e-06
GM04364,168,16,6185.52,2,4,4,244,10,At Risk,MENA,33,M,Standard,4256.58,0.3830428057581456
GM04365,29,7,3045.34,5,3,3,533,11,Loyal Customers,Europe,69,M,Standard,1957.89,1.1145354043545809e-05
GM04366,144,10,4452.93,2,3,3,233,8,Potential Loyalists,North America,50,M,Standard,2925.85,0.08531765402014291
GM04367,787,1,106.52,1,1,1,111,3,Lost,Central Asia,65,M,Budget,77.47,1.0
GM04368,94,13,4539.22,3,4,3,343,10,Potential Loyalists,MENA,36,Other,Standard,3036.06,0.001505495741310706
GM04369,25,6,1595.81,5,2,2,522,9,Recent Customers,Europe,38,M,Standard,1026.82,7.74223027163817e-06
GM04370,37,33,41225.95,4,5,5,455,14,Champions,Europe,39,F,Premium,28241.87,2.371399095667886e-05
GM04371,59,13,6044.88,3,4,4,344,11,Potential Loyalists,Europe,26,M,Standard,3946.66,9.034238069102877e-05
GM04372,44,39,53892.45,4,5,5,455,14,Champions,MENA,26,F,Premium,35859.23,5.410610881381504e-05
GM04373,42,7,1475.22,4,3,2,432,9,Loyal Customers,Central Asia,26,M,Standard,1044.7,3.367434482314592e-05
GM04374,227,3,583.51,1,1,1,111,3,Lost,MENA,44,F,Budget,409.0,0.9907781442619342
GM04375,35,14,5329.44,4,4,3,443,11,Loyal Customers,MENA,34,F,Standard,3545.37,1.124702088036453e-05
GM04376,73,16,8072.2,3,4,4,344,11,Potential Loyalists,MENA,61,M,Standard,5522.19,0.00025906364949559654
GM04377,165,1,59.2,2,1,1,211,4,Potential Loyalists,MENA,62,F,Budget,35.58,0.4532405549139852
GM04378,24,10,5383.14,5,3,3,533,11,Loyal Customers,North America,25,M,Standard,3565.67,4.882039093118379e-06
GM04379,128,13,5821.360000000001,2,4,4,244,10,At Risk,Europe,33,F,Standard,3989.38,0.023051890407454735
GM04380,88,17,6133.25,3,4,4,344,11,Potential Loyalists,MENA,35,Other,Standard,4251.45,0.0008548849860708364
GM04381,74,17,15483.51,3,4,5,345,12,Potential Loyalists,Central Asia,50,F,Premium,10679.32,0.0003641532555402956
GM04382,70,6,621.47,3,2,1,321,6,Potential Loyalists,Central Asia,18,F,Budget,403.12,0.00035714697814961607
GM04383,398,7,2134.16,1,3,2,132,6,Potential Loyalists,North America,29,M,Standard,1517.8,0.9999999887199359
GM04384,315,3,588.04,1,1,1,111,3,Lost,North America,23,M,Budget,412.48,0.9999919049398657
GM04385,92,27,37426.479999999996,3,5,5,355,13,Champions,Southeast Asia,58,M,Premium,24135.78,0.001664382949905205
GM04386,109,14,6333.76,2,4,4,244,10,At Risk,North America,22,F,Standard,4483.93,0.004385100623115761
GM04387,121,13,10424.99,2,4,5,245,11,At Risk,Southeast Asia,33,F,Premium,7134.64,0.014662053238921705
GM04388,34,32,41249.0,4,5,5,455,14,Champions,Central Asia,35,M,Premium,28412.57,2.0044411215565478e-05
GM04389,46,11,4584.18,4,3,3,433,10,Loyal Customers,Central Asia,66,F,Standard,3011.88,3.640624576763869e-05
GM04390,92,13,3713.73,3,4,3,343,10,Potential Loyalists,Central Asia,35,M,Standard,2420.71,0.0012668865160412293
GM04391,215,5,734.84,1,2,2,122,5,Potential Loyalists,Europe,18,M,Budget,502.26,0.9845602088612031
GM04392,349,3,2359.44,1,1,2,112,4,Lost,MENA,36,F,Standard,1635.96,0.9999993897369712
GM04393,498,6,866.71,1,2,2,122,5,Potential Loyalists,North America,71,M,Standard,626.06,0.9999999999966849
GM04394,136,12,6898.04,2,4,4,244,10,At Risk,Central Asia,25,F,Standard,4571.39,0.04353258076028653
GM04395,156,18,8960.53,2,5,4,254,11,At Risk,Southeast Asia,20,M,Standard,6132.95,0.17578175886102598
GM04396,24,11,3639.77,5,3,3,533,11,Loyal Customers,North America,42,F,Standard,2355.88,5.1711057953971e-06
GM04397,130,19,6435.610000000001,2,5,4,254,11,At Risk,Europe,22,M,Standard,4441.3,0.021312621764142173
GM04398,59,39,57089.26,3,5,5,355,13,Champions,Central Asia,57,M,Premium,38913.73,0.000223177016301032
GM04399,173,5,834.08,2,2,2,222,6,Potential Loyalists,Europe,36,F,Budget,522.95,0.5587623742643429
GM04400,180,6,3337.31,2,2,3,223,7,Potential Loyalists,Europe,35,F,Standard,2250.43,0.7026099646114212
GM04401,88,15,7453.44,3,4,4,344,11,Potential Loyalists,Europe,67,M,Standard,5018.88,0.001003938280155111
GM04402,68,28,27116.94,3,5,5,355,13,Champions,MENA,70,M,Premium,18707.32,0.00019972437200995583
GM04403,22,15,7243.780000000001,5,4,4,544,13,Champions,Europe,48,F,Standard,4686.17,3.957236082010335e-06
GM04404,18,17,9146.39,5,4,4,544,13,Champions,Europe,50,M,Standard,6401.59,3.23414856315469e-06
GM04405,14,18,6862.11,5,5,4,554,14,Champions,Southeast Asia,64,F,Standard,4388.24,1.66665240204412e-06
GM04406,180,11,4394.51,2,3,3,233,8,Potential Loyalists,North America,35,F,Standard,3002.02,0.6123660580304569
GM04407,21,5,593.87,5,2,1,521,8,Recent Customers,Southeast Asia,56,M,Budget,399.23,4.8859390469456145e-06
GM04408,49,14,5543.08,4,4,3,443,11,Loyal Customers,Europe,33,M,Standard,3749.02,4.1682574135244194e-05
GM04409,40,5,2411.65,4,2,2,422,8,Recent Customers,MENA,33,F,Standard,1644.5,2.1279018097347518e-05
GM04410,16,19,7350.51,5,5,4,554,14,Champions,North America,64,M,Standard,5052.51,2.482793384231657e-06
GM04411,45,4,446.07,4,2,1,421,7,Recent Customers,Central Asia,55,F,Budget,294.36,4.120279520316882e-05
GM04412,25,33,47856.1,5,5,5,555,15,Champions,Central Asia,58,M,Premium,32301.3,1.2018297083068773e-05
GM04413,278,2,388.98,1,1,1,111,3,Lost,North America,24,F,Budget,279.27,0.9998383657558289
GM04414,541,1,8.06,1,1,1,111,3,Lost,North America,31,M,Budget,5.33,0.9999999999999336
GM04415,18,9,6215.32,5,3,4,534,12,Loyal Customers,MENA,60,F,Standard,4204.11,2.9469349256137584e-06
GM04416,69,4,164.86,3,2,1,321,6,Potential Loyalists,MENA,70,M,Budget,117.1,0.0002851129391235559
GM04417,63,8,3806.8900000000003,3,3,3,333,9,Potential Loyalists,MENA,65,M,Standard,2446.6,0.00012720461542341138
GM04418,66,11,5012.86,3,3,3,333,9,Potential Loyalists,Central Asia,42,F,Standard,3479.75,0.00016880009716068391
GM04419,143,18,8066.27,2,5,4,254,11,At Risk,Europe,49,M,Standard,5640.73,0.07042396825862973
GM04420,213,4,1583.8,1,2,2,122,5,Potential Loyalists,Europe,55,M,Standard,1047.14,0.976438056278204
GM04421,45,12,23644.43,4,4,5,445,13,Champions,Central Asia,39,M,Premium,16160.2,3.288209271446592e-05
GM04422,212,5,2121.21,1,2,2,122,5,Potential Loyalists,Southeast Asia,33,M,Standard,1437.31,0.9596779523826557
GM04423,78,8,4627.25,3,3,3,333,9,Potential Loyalists,North America,69,F,Standard,3152.29,0.00041703770632111416
GM04424,106,5,599.76,2,2,1,221,5,Potential Loyalists,North America,46,F,Budget,420.59,0.005970870553472723
GM04425,86,10,4455.389999999999,3,3,3,333,9,Potential Loyalists,Europe,33,M,Standard,2900.86,0.0008397552621955078
GM04426,140,13,4404.04,2,4,3,243,9,At Risk,MENA,29,F,Standard,2972.82,0.05689662616017975
GM04427,143,4,484.53,2,2,1,221,5,Potential Loyalists,Europe,34,F,Budget,332.9,0.10277312441044494
GM04428,39,16,5091.91,4,4,3,443,11,Loyal Customers,Central Asia,54,F,Standard,3354.09,1.7910312276476172e-05
GM04429,259,5,3355.5699999999997,1,2,3,123,6,Potential Loyalists,Europe,44,M,Standard,2238.63,0.9991518818434865
GM04430,114,2,92.92,2,1,1,211,4,Potential Loyalists,North America,42,F,Budget,65.34,0.010635452552042466
GM04431,102,13,7238.72,3,4,4,344,11,Potential Loyalists,North America,30,F,Standard,4880.0,0.00396531575128306
GM04432,18,17,7437.83,5,4,4,544,13,Champions,MENA,25,F,Standard,4959.98,2.657487229819508e-06
GM04433,125,11,4676.08,2,3,3,233,8,Potential Loyalists,MENA,22,M,Standard,3103.61,0.017438771083715235
GM04434,19,4,445.34999999999997,5,2,1,521,8,Recent Customers,Southeast Asia,29,M,Budget,302.76,3.928125755177197e-06
GM04435,57,16,6899.15,4,4,4,444,12,Loyal Customers,Central Asia,58,F,Standard,4660.25,7.477411321306952e-05
GM04436,37,9,1482.53,4,3,2,432,9,Loyal Customers,Europe,20,M,Standard,1019.37,1.832459441845585e-05
GM04437,375,1,301.51,1,1,1,111,3,Lost,Europe,52,F,Budget,199.35,0.9999999475479194
GM04438,53,12,2934.1,4,4,3,443,11,Loyal Customers,North America,50,M,Standard,1940.4,5.496031579417996e-05
GM04439,403,4,778.96,1,2,2,122,5,Potential Loyalists,Southeast Asia,39,F,Budget,554.43,0.999999993285088
GM04440,501,1,119.59,1,1,1,111,3,Lost,Europe,67,F,Budget,79.07,0.9999999999979758
GM04441,105,6,421.24,2,2,1,221,5,Potential Loyalists,Southeast Asia,61,F,Budget,294.18,0.004739657330311168
GM04442,141,4,253.51,2,2,1,221,5,Potential Loyalists,North America,26,F,Budget,170.11,0.08256127884064016
GM04443,98,14,4907.34,3,4,3,343,10,Potential Loyalists,Europe,58,F,Standard,3389.5,0.0019858574866121136
GM04444,53,4,473.36,4,2,1,421,7,Recent Customers,MENA,35,M,Budget,321.42,7.647312646167369e-05
GM04445,71,10,4653.68,3,3,3,333,9,Potential Loyalists,MENA,67,F,Standard,3116.59,0.00028930149925975013
GM04446,25,3,1037.75,5,1,2,512,8,Recent Customers,Southeast Asia,46,M,Standard,669.36,5.93423248351614e-06
GM04447,26,23,26150.06,5,5,5,555,15,Champions,Europe,56,F,Premium,17720.66,8.105735894200284e-06
GM04448,70,5,639.35,3,2,1,321,6,Potential Loyalists,North America,44,M,Budget,405.93,0.000335543834214697
GM04449,176,8,4002.44,2,3,3,233,8,Potential Loyalists,Europe,53,F,Standard,2764.48,0.5720524684328224
GM04450,35,5,918.22,4,2,2,422,8,Recent Customers,North America,62,F,Budget,603.7,1.5425964039114578e-05
GM04451,318,8,9415.92,1,3,4,134,8,Potential Loyalists,MENA,34,M,Premium,6422.08,0.9999937032272612
GM04452,174,7,587.36,2,3,1,231,6,Potential Loyalists,North America,51,M,Budget,405.0,0.5450496562009102
GM04453,106,4,328.71999999999997,2,2,1,221,5,Potential Loyalists,North America,63,Other,Budget,211.84,0.005523429994102601
GM04454,20,9,2832.48,5,3,2,532,10,Loyal Customers,North America,20,M,Standard,1798.78,4.627335329459263e-06
GM04455,174,5,1233.46,2,2,2,222,6,Potential Loyalists,Southeast Asia,22,M,Standard,767.86,0.5349291471799996
GM04456,247,10,4394.71,1,3,3,133,7,Potential Loyalists,Central Asia,31,M,Standard,3020.67,0.9974291454910214
GM04457,60,8,15939.22,3,3,5,335,11,Potential Loyalists,North America,20,Other,Premium,10459.42,9.201892567561109e-05
GM04458,91,4,1196.8899999999999,3,2,2,322,7,Potential Loyalists,Europe,40,Other,Standard,804.3,0.0015312797952649474
GM04459,54,3,1738.62,4,1,2,412,7,Recent Customers,MENA,56,F,Standard,1155.69,7.43070660331884e-05
GM04460,112,6,1870.2200000000003,2,2,2,222,6,Potential Loyalists,MENA,47,F,Standard,1360.16,0.009470030357696802
GM04461,104,17,14325.79,2,4,5,245,11,At Risk,MENA,67,M,Premium,9764.92,0.0036162342501497944
GM04462,55,17,9138.0,4,4,4,444,12,Loyal Customers,MENA,62,Other,Standard,6111.2,5.856340141035883e-05
GM04463,59,26,30523.34,3,5,5,355,13,Champions,Southeast Asia,40,M,Premium,21101.78,0.0001070268911030115
GM04464,111,3,641.16,2,1,1,211,4,Potential Loyalists,Europe,44,M,Budget,435.61,0.008310531965065435
GM04465,191,11,7001.1,2,3,4,234,9,Potential Loyalists,North America,71,M,Standard,4897.82,0.8498705379058423
GM04466,34,19,7173.44,4,5,4,454,13,Champions,MENA,27,F,Standard,4885.49,1.0823410343569799e-05
GM04467,46,9,2161.7,4,3,2,432,9,Loyal Customers,Europe,42,F,Standard,1467.66,3.231079771801447e-05
GM04468,53,10,6395.86,4,3,4,434,11,Loyal Customers,Europe,30,M,Standard,4285.71,5.5260427079234705e-05
GM04469,15,3,517.14,5,1,1,511,7,Recent Customers,Southeast Asia,33,Other,Budget,328.75,2.8916126979528123e-06
GM04470,47,15,13178.48,4,4,5,445,13,Champions,Southeast Asia,58,M,Premium,8760.75,3.171892255756452e-05
GM04471,80,10,4319.86,3,3,3,333,9,Potential Loyalists,Southeast Asia,51,M,Standard,2936.71,0.0004168164535475145
GM04472,671,1,92.29,1,1,1,111,3,Lost,Southeast Asia,54,M,Budget,67.12,1.0
GM04473,419,7,2894.17,1,3,2,132,6,Potential Loyalists,Europe,39,F,Standard,2032.12,0.9999999979737557
GM04474,13,18,20837.73,5,5,5,555,15,Champions,Europe,34,F,Premium,14052.98,2.6778121525850686e-06
GM04475,123,14,12312.99,2,4,5,245,11,At Risk,North America,40,M,Premium,8138.78,0.016448957829859192
GM04476,68,22,24984.57,3,5,5,355,13,Champions,MENA,71,F,Premium,16965.19,0.00021851088215005571
GM04477,27,6,1033.8400000000001,5,2,2,522,9,Recent Customers,MENA,53,M,Budget,671.17,8.104326294287344e-06
GM04478,46,10,3084.9,4,3,3,433,10,Loyal Customers,Europe,66,F,Standard,1878.96,3.732766993467659e-05
GM04479,124,7,409.55,2,3,1,231,6,Potential Loyalists,North America,26,Other,Budget,283.8,0.01857205948780965
GM04480,102,7,757.36,3,3,2,332,8,Potential Loyalists,North America,69,M,Budget,468.6,0.0033550725166880224
GM04481,47,8,2251.09,4,3,2,432,9,Loyal Customers,Europe,19,F,Standard,1503.25,3.91134752085599e-05
GM04482,78,9,8265.23,3,3,4,334,10,Potential Loyalists,MENA,49,F,Premium,5796.85,0.0004760571249417919
GM04483,34,21,29362.82,4,5,5,455,14,Champions,North America,67,M,Premium,20045.5,1.686962126344591e-05
GM04484,19,18,8676.34,5,5,4,554,14,Champions,North America,70,F,Standard,5831.83,2.9481016935622896e-06
GM04485,132,5,2294.05,2,2,2,222,6,Potential Loyalists,Europe,39,F,Standard,1466.86,0.038569104646542215
GM04486,237,6,2815.77,1,2,2,122,5,Potential Loyalists,North America,60,M,Standard,1912.7,0.9943657037765333
GM04487,17,18,6219.91,5,5,4,554,14,Champions,Central Asia,30,M,Standard,4191.17,2.487518356883456e-06
GM04488,23,7,1036.35,5,3,2,532,10,Loyal Customers,Europe,25,M,Budget,708.16,6.209079697336136e-06
GM04489,88,17,11294.74,3,4,5,345,12,Potential Loyalists,North America,18,F,Standard,7807.12,0.0008112321014568109
GM04490,34,13,3923.52,4,4,3,443,11,Loyal Customers,North America,34,F,Standard,2801.9,1.1568665163553626e-05
GM04491,332,3,447.37,1,1,1,111,3,Lost,Europe,29,F,Budget,313.53,0.9999981776048166
GM04492,37,21,33288.02,4,5,5,455,14,Champions,North America,21,M,Premium,22942.63,2.2771910746567994e-05
GM04493,95,10,4759.92,3,3,3,333,9,Potential Loyalists,North America,70,M,Standard,3066.2,0.0015814985912575815
GM04494,33,14,12326.43,4,4,5,445,13,Champions,North America,30,M,Premium,8138.15,1.0328819159174473e-05
GM04495,39,16,21849.12,4,4,5,445,13,Champions,North America,48,F,Premium,14852.04,2.2013003676666956e-05
GM04496,62,19,9915.369999999999,3,5,4,354,12,Potential Loyalists,North America,58,Other,Standard,6816.77,8.629182470304994e-05
GM04497,74,14,5627.11,3,4,3,343,10,Potential Loyalists,MENA,24,F,Standard,3886.2,0.0002862007860639512
GM04498,55,12,5591.68,4,4,3,443,11,Loyal Customers,Europe,40,M,Standard,3844.25,6.494874152640738e-05
GM04499,54,2,156.21,4,1,1,411,6,Recent Customers,Europe,41,F,Budget,106.89,8.898445309972323e-05
GM04500,22,24,37518.37,5,5,5,555,15,Champions,MENA,22,F,Premium,25525.59,6.4747331285375245e-06
GM04501,26,19,5555.349999999999,5,5,3,553,13,Champions,North America,22,M,Standard,3715.31,5.339151669302032e-06
GM04502,45,24,28086.63,4,5,5,455,14,Champions,MENA,34,F,Premium,18869.68,3.7645327333962185e-05
GM04503,16,10,4927.32,5,3,3,533,11,Loyal Customers,Europe,47,M,Standard,3393.7,3.098858234423844e-06
GM04504,28,7,4321.46,5,3,3,533,11,Loyal Customers,Central Asia,26,M,Standard,2809.17,7.531422254295176e-06
GM04505,212,2,38.3,1,1,1,111,3,Lost,MENA,23,M,Budget,25.32,0.9701739489578497
GM04506,18,19,8506.46,5,5,4,554,14,Champions,Europe,42,M,Standard,5722.7,2.9952039700124395e-06
GM04507,201,12,11405.9,1,4,5,145,10,At Risk,North America,36,M,Premium,7984.66,0.9063639077627144
GM04508,108,11,4637.12,2,3,3,233,8,Potential Loyalists,Central Asia,33,M,Standard,3222.31,0.005742241815854153
GM04509,101,11,16710.64,3,3,5,335,11,Potential Loyalists,North America,38,M,Premium,11348.39,0.0026909805882673293
GM04510,132,9,2630.29,2,3,2,232,7,Potential Loyalists,Southeast Asia,19,F,Standard,1647.76,0.030071459195457718
GM04511,36,16,6781.51,4,4,4,444,12,Loyal Customers,Europe,27,Other,Standard,4664.52,1.267405492353646e-05
GM04512,45,25,31350.29,4,5,5,455,14,Champions,MENA,33,F,Premium,21688.82,3.666385789060632e-05
GM04513,31,9,3068.37,5,3,3,533,11,Loyal Customers,Central Asia,54,M,Standard,1990.07,9.699336112383924e-06
GM04514,396,4,2876.73,1,2,2,122,5,Potential Loyalists,North America,32,M,Standard,1947.35,0.9999999853299262
GM04515,24,18,7360.59,5,5,4,554,14,Champions,North America,30,M,Standard,4953.02,4.323828896474748e-06
GM04516,25,22,28848.7,5,5,5,555,15,Champions,MENA,30,M,Premium,19707.14,7.19656112732659e-06
GM04517,809,1,0.0,1,1,1,111,3,Lost,MENA,49,F,Budget,0.0,1.0
GM04518,160,18,10372.93,2,5,5,255,12,At Risk,Southeast Asia,62,F,Standard,7169.93,0.23580598901645383
GM04519,276,1,48.2,1,1,1,111,3,Lost,Europe,64,F,Budget,31.87,0.9998586183665122
GM04520,24,18,8118.8099999999995,5,5,4,554,14,Champions,Central Asia,63,F,Standard,5518.27,4.470755700958723e-06
GM04521,442,5,3459.16,1,2,3,123,6,Potential Loyalists,Southeast Asia,25,M,Standard,2402.49,0.9999999996488935
GM04522,77,11,4343.29,3,3,3,333,9,Potential Loyalists,North America,60,M,Standard,2987.87,0.0003933356020519552
GM04523,21,16,8505.77,5,4,4,544,13,Champions,Southeast Asia,35,F,Standard,5701.27,3.2708399485690263e-06
GM04524,22,29,34491.93,5,5,5,555,15,Champions,North America,53,M,Premium,23797.38,5.5593641521724416e-06
GM04525,27,19,7160.7300000000005,5,5,4,554,14,Champions,North America,43,M,Standard,4595.01,5.624838570385916e-06
GM04526,370,4,532.29,1,2,1,121,4,Potential Loyalists,MENA,27,M,Budget,361.23,0.9999999105174175
GM04527,34,7,4639.02,4,3,3,433,10,Loyal Customers,North America,48,M,Standard,3180.7,1.3616403915364636e-05
GM04528,22,34,40002.44,5,5,5,555,15,Champions,Southeast Asia,50,M,Premium,27336.02,5.880374805467249e-06
GM04529,326,8,3549.46,1,3,3,133,7,Potential Loyalists,North America,46,F,Standard,2562.22,0.999996844250249
GM04530,171,5,720.75,2,2,2,222,6,Potential Loyalists,Europe,22,F,Budget,492.71,0.4973917480132515
GM04531,340,3,1572.22,1,1,2,112,4,Lost,Europe,30,M,Standard,1039.48,0.9999987906100356
GM04532,150,11,9280.16,2,3,4,234,9,Potential Loyalists,Europe,18,M,Premium,6508.21,0.1453468148602944
GM04533,84,5,366.34,3,2,1,321,6,Potential Loyalists,Europe,40,F,Budget,244.42,0.0009472405726912616
GM04534,37,11,3056.3199999999997,4,3,3,433,10,Loyal Customers,Europe,57,M,Standard,2019.34,1.9097975072404096e-05
GM04535,107,19,10489.529999999999,2,5,5,255,12,At Risk,North America,20,M,Standard,7044.66,0.0036650929444310824
GM04536,19,18,5862.24,5,5,4,554,14,Champions,North America,20,M,Standard,3998.03,2.589599424556458e-06
GM04537,15,6,646.47,5,2,1,521,8,Recent Customers,MENA,24,M,Budget,439.86,3.50450405069086e-06
GM04538,89,6,678.61,3,2,2,322,7,Potential Loyalists,North America,53,F,Budget,415.26,0.0015138098554940084
GM04539,81,7,936.6099999999999,3,3,2,332,8,Potential Loyalists,Central Asia,52,F,Budget,619.45,0.0007815771239557721
GM04540,32,24,29721.22,4,5,5,455,14,Champions,Central Asia,32,M,Premium,19944.39,1.3722256685615475e-05
GM04541,105,7,716.07,2,3,2,232,7,Potential Loyalists,Europe,57,M,Budget,509.68,0.004571355227150188
GM04542,29,12,13379.65,5,4,5,545,14,Champions,MENA,20,M,Premium,8455.94,7.370382357576077e-06
GM04543,49,6,1186.57,4,2,2,422,8,Recent Customers,Europe,46,M,Standard,817.46,5.645457000181376e-05
GM04544,144,11,5711.389999999999,2,3,3,233,8,Potential Loyalists,Europe,47,Other,Standard,3695.24,0.07960157016402404
GM04545,225,19,8256.87,1,5,4,154,10,At Risk,MENA,56,F,Standard,5671.79,0.9812629821855814
GM04546,103,10,4982.41,3,3,3,333,9,Potential Loyalists,North America,35,F,Standard,3396.05,0.0031876110749382326
GM04547,20,11,6011.43,5,3,4,534,12,Loyal Customers,Central Asia,28,F,Standard,3958.1,3.818416133010827e-06
GM04548,291,5,444.64,1,2,1,121,4,Potential Loyalists,North America,60,F,Budget,309.72,0.9999543366144414
GM04549,35,14,7087.71,4,4,4,444,12,Loyal Customers,North America,66,F,Standard,4959.17,1.100510190555586e-05
GM04550,22,12,6120.32,5,4,4,544,13,Champions,North America,55,M,Standard,4162.14,4.298671477577859e-06
GM04551,73,3,532.52,3,1,1,311,5,Potential Loyalists,Southeast Asia,57,M,Budget,363.75,0.00035238878500671136
GM04552,64,15,24437.28,3,4,5,345,12,Potential Loyalists,Central Asia,18,F,Premium,16901.71,0.00015548557651955518
GM04553,20,19,6896.88,5,5,4,554,14,Champions,Europe,46,M,Standard,4705.33,3.058641588110557e-06
GM04554,67,4,1235.96,3,2,2,322,7,Potential Loyalists,Southeast Asia,27,Other,Standard,791.71,0.00018120885264107233
GM04555,122,9,3747.96,2,3,3,233,8,Potential Loyalists,MENA,45,F,Standard,2548.22,0.017787586452945918
GM04556,129,12,3913.4,2,4,3,243,9,At Risk,North America,48,F,Standard,2664.01,0.024763171468404812
GM04557,16,22,21036.18,5,5,5,555,15,Champions,North America,36,M,Premium,14713.69,2.6687233502800454e-06
GM04558,47,2,420.51,4,1,1,411,6,Recent Customers,North America,20,F,Budget,273.06,4.1285972383296606e-05
GM04559,21,25,33028.98,5,5,5,555,15,Champions,Southeast Asia,53,M,Premium,22734.36,5.945680977434874e-06
GM04560,134,12,2542.83,2,4,2,242,8,At Risk,Southeast Asia,60,Other,Standard,1836.8,0.03521873889686837
GM04561,84,19,27418.61,3,5,5,355,13,Champions,North America,32,M,Premium,18522.81,0.0008838614827436365
GM04562,135,15,6279.150000000001,2,4,4,244,10,At Risk,Europe,50,F,Standard,4305.79,0.03760026565064514
GM04563,38,19,6222.08,4,5,4,454,13,Champions,Southeast Asia,58,F,Standard,4433.07,1.4026490947654566e-05
GM04564,201,3,341.23,1,1,1,111,3,Lost,Central Asia,60,M,Budget,227.71,0.9353149346413403
GM04565,54,8,3542.79,4,3,3,433,10,Loyal Customers,Europe,68,M,Standard,2427.97,6.728265984236697e-05
GM04566,46,19,6550.5,4,5,4,454,13,Champions,Southeast Asia,62,Other,Standard,4594.55,2.4604113265829753e-05
GM04567,154,1,0.0,2,1,1,211,4,Potential Loyalists,Europe,43,M,Budget,0.0,0.2884454554600923
GM04568,125,11,3743.78,2,3,3,233,8,Potential Loyalists,Europe,33,F,Standard,2518.05,0.019441053378365044
GM04569,86,10,2893.91,3,3,2,332,8,Potential Loyalists,Europe,53,M,Standard,1902.34,0.0008354149462751895
GM04570,47,18,8165.94,4,5,4,454,13,Champions,Southeast Asia,50,F,Standard,5466.54,2.701560958076292e-05
GM04571,70,13,8204.05,3,4,4,344,11,Potential Loyalists,MENA,37,F,Standard,5670.74,0.00020002180775056214
GM04572,318,2,360.27000000000004,1,1,1,111,3,Lost,North America,30,M,Budget,238.2,0.9999941814764028
GM04573,18,35,34760.02,5,5,5,555,15,Champions,Europe,50,M,Premium,23080.33,4.267474261077413e-06
GM04574,77,17,8071.23,3,4,4,344,11,Potential Loyalists,North America,22,F,Standard,5699.38,0.00037809269979299987
GM04575,16,12,6652.21,5,4,4,544,13,Champions,North America,54,M,Standard,4502.09,2.785331743654978e-06
GM04576,332,6,540.11,1,2,1,121,4,Potential Loyalists,Europe,31,M,Budget,387.08,0.9999979857385318
GM04577,13,3,368.40000000000003,5,1,1,511,7,Recent Customers,MENA,44,F,Budget,225.84,3.2789652395615533e-06
GM04578,227,6,2634.92,1,2,2,122,5,Potential Loyalists,Europe,40,M,Standard,1798.84,0.9882059485425989
GM04579,24,18,6161.79,5,5,4,554,14,Champions,Southeast Asia,31,M,Standard,4093.34,3.937090317146904e-06
GM04580,142,15,7888.7,2,4,4,244,10,At Risk,North America,57,F,Standard,5498.17,0.06006305808577033
GM04581,46,7,4143.82,4,3,3,433,10,Loyal Customers,Southeast Asia,21,M,Standard,2678.66,2.7042780777959694e-05
GM04582,92,6,837.77,3,2,2,322,7,Potential Loyalists,Europe,56,M,Budget,559.03,0.0017359962517746242
GM04583,67,6,579.77,3,2,1,321,6,Potential Loyalists,North America,69,M,Budget,380.53,0.00020225413777470386
GM04584,51,4,277.40999999999997,4,2,1,421,7,Recent Customers,North America,36,F,Budget,168.82,6.433737256803749e-05
GM04585,14,17,17388.75,5,4,5,545,14,Champions,North America,64,F,Premium,11946.22,2.738208203420689e-06
GM04586,245,1,196.55,1,1,1,111,3,Lost,Southeast Asia,71,F,Budget,129.95,0.9979071790286838
GM04587,429,1,172.89,1,1,1,111,3,Lost,MENA,21,M,Budget,114.31,0.9999999992527486
GM04588,56,17,7414.41,4,4,4,444,12,Loyal Customers,Europe,47,M,Standard,5016.79,6.714845248005932e-05
GM04589,72,19,8797.84,3,5,4,354,12,Potential Loyalists,North America,36,M,Standard,6046.09,0.0001887032083294196
GM04590,79,7,1023.63,3,3,2,332,8,Potential Loyalists,North America,48,M,Budget,690.27,0.0007836807953136297
GM04591,142,10,3852.6499999999996,2,3,3,233,8,Potential Loyalists,North America,48,F,Standard,2704.32,0.06581146282876066
GM04592,676,1,164.13,1,1,1,111,3,Lost,Europe,26,M,Budget,119.37,1.0
GM04593,66,14,4669.22,3,4,3,343,10,Potential Loyalists,MENA,70,M,Standard,3193.28,0.00017015243776443703
GM04594,45,18,10015.95,4,5,4,454,13,Champions,Europe,30,M,Standard,6817.54,2.8927914471207474e-05
GM04595,104,5,475.21000000000004,2,2,1,221,5,Potential Loyalists,MENA,31,F,Budget,314.86,0.004458864317883182
GM04596,134,9,3768.95,2,3,3,233,8,Potential Loyalists,North America,63,F,Standard,2557.79,0.03854648632385706
GM04597,579,2,39.97,1,1,1,111,3,Lost,North America,71,F,Budget,29.07,0.9999999999999967
GM04598,23,13,4758.68,5,4,3,543,12,Loyal Customers,Europe,27,F,Standard,3203.7,4.4963051220608544e-06
GM04599,78,8,4990.41,3,3,3,333,9,Potential Loyalists,MENA,65,F,Standard,3401.56,0.0005120452950738194
GM04600,61,27,37313.08,3,5,5,355,13,Champions,Europe,48,M,Premium,24551.2,0.0002065006072527394
GM04601,325,8,5955.95,1,3,4,134,8,Potential Loyalists,Europe,54,M,Standard,4286.36,0.9999954319588624
GM04602,251,13,7227.7,1,4,4,144,9,At Risk,North America,40,F,Standard,5097.09,0.9979784868399392
GM04603,53,6,572.35,4,2,1,421,7,Recent Customers,Southeast Asia,44,F,Budget,379.34,6.271174921735854e-05
GM04604,157,19,10129.3,2,5,5,255,12,At Risk,MENA,23,F,Standard,6817.63,0.18162072231153298
GM04605,120,10,6743.22,2,3,4,234,9,Potential Loyalists,North America,43,F,Standard,4618.96,0.013972284298716582
GM04606,13,23,30025.14,5,5,5,555,15,Champions,Southeast Asia,19,F,Premium,20266.51,2.8379168468862348e-06
GM04607,176,12,5713.86,2,4,3,243,9,At Risk,North America,62,F,Standard,3956.9,0.5687738794552489
GM04608,310,4,718.81,1,2,2,122,5,Potential Loyalists,Europe,30,F,Budget,486.9,0.9999884526199132
GM04609,74,19,6493.08,3,5,4,354,12,Potential Loyalists,Southeast Asia,68,F,Standard,4520.01,0.0002547041389301682
GM04610,129,13,6149.67,2,4,4,244,10,At Risk,MENA,67,M,Standard,4251.27,0.023264666460781624
GM04611,17,12,5173.36,5,4,3,543,12,Loyal Customers,Europe,36,F,Standard,3454.53,2.9374212684898892e-06
GM04612,41,36,50438.25,4,5,5,455,14,Champions,Central Asia,18,F,Premium,33705.0,4.314343857653078e-05
GM04613,107,16,8192.039999999999,2,4,4,244,10,At Risk,MENA,57,M,Standard,5595.84,0.0038713952481441937
GM04614,61,19,7224.55,3,5,4,354,12,Potential Loyalists,Central Asia,49,F,Standard,4850.98,9.392857144276318e-05
GM04615,197,6,1893.2900000000002,2,2,2,222,6,Potential Loyalists,Europe,39,F,Standard,1251.76,0.8820836911149873
GM04616,32,5,470.63,4,2,1,421,7,Recent Customers,Europe,65,M,Budget,303.61,1.379016302232413e-05
GM04617,254,1,241.62,1,1,1,111,3,Lost,North America,46,F,Budget,159.75,0.9989822556248822
GM04618,72,4,225.66000000000003,3,2,1,321,6,Potential Loyalists,Southeast Asia,19,M,Budget,155.0,0.00034514577043694866
GM04619,467,2,343.09000000000003,1,1,1,111,3,Lost,Europe,57,F,Budget,244.23,0.99999999998499
GM04620,183,6,805.76,2,2,2,222,6,Potential Loyalists,Southeast Asia,55,F,Budget,572.39,0.7110372927819336
GM04621,17,16,5502.16,5,4,3,543,12,Loyal Customers,Southeast Asia,65,M,Standard,3686.77,2.542858194206629e-06
GM04622,57,22,19937.27,4,5,5,455,14,Champions,North America,28,M,Premium,13800.75,7.261867327058551e-05
GM04623,37,19,8935.09,4,5,4,454,13,Champions,Europe,34,F,Standard,5879.89,1.4797592519948332e-05
GM04624,350,4,538.5699999999999,1,2,1,121,4,Potential Loyalists,North America,68,M,Budget,384.22,0.9999995355342329
GM04625,31,28,37204.74,5,5,5,555,15,Champions,Southeast Asia,60,M,Premium,25199.05,1.2988640956744721e-05
GM04626,64,19,27766.73,3,5,5,355,13,Champions,North America,25,F,Premium,19159.95,0.0001654647164994935
GM04627,18,34,38047.229999999996,5,5,5,555,15,Champions,Europe,39,M,Premium,25479.67,4.420957254229396e-06
GM04628,29,16,11011.119999999999,5,4,5,545,14,Champions,MENA,21,M,Standard,7594.85,7.451534209916474e-06
GM04629,130,7,2103.33,2,3,2,232,7,Potential Loyalists,North America,28,F,Standard,1469.56,0.02688457883122968
GM04630,45,11,4231.1,4,3,3,433,10,Loyal Customers,MENA,25,F,Standard,2819.65,3.0260678401157267e-05
GM04631,38,26,26631.120000000003,4,5,5,455,14,Champions,Central Asia,26,F,Premium,17941.91,2.0278586351033063e-05
GM04632,38,17,7241.85,4,4,4,444,12,Loyal Customers,Europe,43,F,Standard,4853.66,1.3981632017408093e-05
GM04633,209,18,8609.76,1,5,4,154,10,At Risk,North America,19,M,Standard,5999.75,0.9316641781416892
GM04634,54,12,5540.63,4,4,3,443,11,Loyal Customers,Southeast Asia,33,M,Standard,3635.6,5.964046384907384e-05
GM04635,60,14,6298.01,3,4,4,344,11,Potential Loyalists,Europe,48,M,Standard,4364.89,0.00010958172714812857
GM04636,38,15,5849.82,4,4,4,444,12,Loyal Customers,Southeast Asia,23,F,Standard,3909.33,1.457002242687754e-05
GM04637,643,4,2392.97,1,2,2,122,5,Potential Loyalists,Europe,70,F,Standard,1740.34,1.0
GM04638,65,14,5898.58,3,4,4,344,11,Potential Loyalists,North America,38,F,Standard,4009.64,0.00012183672541257078
GM04639,37,19,7814.7,4,5,4,454,13,Champions,North America,43,F,Standard,5295.41,1.1845683291013266e-05
GM04640,626,1,35.54,1,1,1,111,3,Lost,North America,36,F,Budget,25.85,1.0
GM04641,59,11,5117.18,3,3,3,333,9,Potential Loyalists,Southeast Asia,45,M,Standard,3415.47,9.32319608746353e-05
GM04642,23,37,40279.54,5,5,5,555,15,Champions,Europe,25,M,Premium,26842.64,6.535161251046498e-06
GM04643,57,3,455.54,4,1,1,411,6,Recent Customers,Southeast Asia,31,M,Budget,288.32,0.00010134991446053138
GM04644,31,4,1676.99,5,2,2,522,9,Recent Customers,Europe,41,M,Standard,1062.37,1.1342017922828656e-05
GM04645,80,10,14346.27,3,3,5,335,11,Potential Loyalists,North America,65,F,Premium,9679.04,0.00047230915045603546
GM04646,37,27,32659.04,4,5,5,455,14,Champions,North America,61,M,Premium,21958.47,1.8526294381175044e-05
GM04647,74,6,549.06,3,2,1,321,6,Potential Loyalists,North America,54,F,Budget,365.73,0.000382511214982445
GM04648,92,3,421.66999999999996,3,1,1,311,5,Potential Loyalists,Europe,43,F,Budget,288.13,0.001948969879206893
GM04649,225,11,6095.37,1,3,4,134,8,Potential Loyalists,Southeast Asia,48,M,Standard,4227.66,0.9836039462960006
GM04650,116,7,3223.15,2,3,3,233,8,Potential Loyalists,Europe,68,M,Standard,2150.14,0.010449416663790572
GM04651,21,11,16023.74,5,3,5,535,13,Champions,Central Asia,49,M,Premium,10664.62,4.488049350289094e-06
GM04652,120,4,404.34999999999997,2,2,1,221,5,Potential Loyalists,North America,67,M,Standard,273.39,0.01440849866394675
GM04653,122,32,30038.09,2,5,5,255,12,At Risk,MENA,58,F,Premium,20839.73,0.014462645122827703
GM04654,29,3,1082.17,5,1,2,512,8,Recent Customers,North America,19,M,Standard,776.49,9.33791888391256e-06
GM04655,25,17,21805.27,5,4,5,545,14,Champions,MENA,42,F,Premium,15095.51,5.998175217583294e-06
GM04656,48,14,6142.41,4,4,4,444,12,Loyal Customers,Europe,69,F,Standard,4063.46,3.3876604864692315e-05
GM04657,42,19,6742.43,4,5,4,454,13,Champions,North America,61,F,Standard,4489.0,1.545101500494026e-05
GM04658,28,18,8443.83,5,5,4,554,14,Champions,MENA,19,F,Standard,5685.02,5.912127684978569e-06
GM04659,71,8,12217.27,3,3,5,335,11,Potential Loyalists,Europe,59,M,Premium,8579.42,0.00026836774419324564
GM04660,64,11,5280.3099999999995,3,3,3,333,9,Potential Loyalists,North America,18,M,Standard,3717.34,0.00014463510385938198
GM04661,166,4,375.32000000000005,2,2,1,221,5,Potential Loyalists,MENA,53,M,Budget,232.15,0.4309789565128994
GM04662,199,5,1602.1,1,2,2,122,5,Potential Loyalists,North America,29,M,Standard,1142.52,0.9188289265186097
GM04663,35,7,2213.3999999999996,4,3,2,432,9,Loyal Customers,MENA,26,F,Standard,1409.56,1.686912318602045e-05
GM04664,27,4,1704.37,5,2,2,522,9,Recent Customers,North America,53,F,Standard,1128.72,7.328468919396206e-06
GM04665,32,8,1233.34,4,3,2,432,9,Loyal Customers,North America,58,M,Standard,822.09,1.2501833064146615e-05
GM04666,29,16,5636.02,5,4,3,543,12,Loyal Customers,North America,45,M,Standard,3751.06,6.380750783165235e-06
GM04667,16,5,547.19,5,2,1,521,8,Recent Customers,Central Asia,55,M,Budget,360.1,3.785749160622576e-06
GM04668,17,28,37819.22,5,5,5,555,15,Champions,North America,50,F,Premium,25119.03,4.14617817692765e-06
GM04669,31,39,49026.41,5,5,5,555,15,Champions,North America,59,F,Premium,32283.06,1.5477721327968704e-05
GM04670,65,3,769.36,3,1,2,312,6,Potential Loyalists,North America,63,F,Standard,493.89,0.00019283137214388079
GM04671,15,7,509.40999999999997,5,3,1,531,9,Loyal Customers,Europe,39,F,Budget,347.72,3.4055496282050365e-06
GM04672,92,5,1095.12,3,2,2,322,7,Potential Loyalists,Southeast Asia,42,M,Budget,729.56,0.001938990222914111
GM04673,104,7,3247.79,2,3,3,233,8,Potential Loyalists,North America,35,M,Standard,2362.03,0.003997006883584986
GM04674,68,19,9061.56,3,5,4,354,12,Potential Loyalists,Central Asia,23,M,Standard,6299.22,0.00016479273778147573
GM04675,78,6,3993.48,3,2,3,323,8,Potential Loyalists,MENA,35,M,Standard,2724.83,0.0004378344530482091
GM04676,31,3,2172.16,5,1,2,512,8,Recent Customers,Southeast Asia,69,F,Standard,1372.59,8.95490640875519e-06
GM04677,168,9,2499.48,2,3,2,232,7,Potential Loyalists,Central Asia,33,F,Standard,1682.35,0.41133238325508786
GM04678,116,6,924.7900000000001,2,2,2,222,6,Potential Loyalists,Southeast Asia,32,F,Budget,583.99,0.010523295680930352
GM04679,45,17,7689.0,4,4,4,444,12,Loyal Customers,North America,65,F,Standard,5155.41,2.560610221531535e-05
GM04680,173,3,655.63,2,1,1,211,4,Potential Loyalists,North America,25,M,Standard,476.82,0.5592052652938104
GM04681,73,8,4195.48,3,3,3,333,9,Potential Loyalists,Europe,30,M,Standard,2804.49,0.0003425476794000772
GM04682,34,16,6251.88,4,4,4,444,12,Loyal Customers,Europe,60,F,Standard,4110.19,1.1391573758781268e-05
GM04683,184,5,1606.9,2,2,2,222,6,Potential Loyalists,Southeast Asia,24,F,Standard,1110.65,0.6963382448617367
GM04684,57,18,8138.7,4,5,4,454,13,Champions,Europe,34,M,Standard,5490.14,7.295066281217678e-05
GM04685,48,30,29169.5,4,5,5,455,14,Champions,North America,67,F,Premium,19689.61,3.74149854896872e-05
GM04686,47,34,36822.21,4,5,5,455,14,Champions,MENA,49,F,Premium,24412.67,4.289840431706914e-05
GM04687,143,4,3115.9700000000003,2,2,3,223,7,Potential Loyalists,Europe,39,M,Standard,2244.21,0.07545972748987585
GM04688,22,5,281.53,5,2,1,521,8,Recent Customers,Central Asia,68,F,Budget,179.76,6.384231721680428e-06
GM04689,150,5,1790.73,2,2,2,222,6,Potential Loyalists,MENA,30,M,Standard,1183.27,0.18377029659940147
GM04690,56,4,606.4200000000001,4,2,1,421,7,Recent Customers,Southeast Asia,64,F,Standard,403.13,8.526623968773157e-05
GM04691,34,16,8811.36,4,4,4,444,12,Loyal Customers,Europe,40,F,Standard,6087.08,1.145002048395426e-05
GM04692,14,18,24127.739999999998,5,5,5,555,15,Champions,Europe,71,Other,Premium,16771.75,2.9568136852088696e-06
GM04693,108,4,163.08,2,2,1,221,5,Potential Loyalists,Europe,46,M,Budget,108.5,0.006946685792287007
GM04694,668,1,38.37,1,1,1,111,3,Lost,MENA,39,M,Budget,27.91,1.0
GM04695,187,16,19263.87,2,4,5,245,11,At Risk,MENA,18,M,Premium,13593.83,0.7862316233798827
GM04696,20,13,4779.67,5,4,3,543,12,Loyal Customers,Southeast Asia,46,M,Standard,3457.36,3.708275629546975e-06
GM04697,49,19,11572.86,4,5,5,455,14,Champions,MENA,65,F,Standard,7747.82,3.4791129657882046e-05
GM04698,345,5,891.45,1,2,2,122,5,Potential Loyalists,MENA,22,F,Budget,603.08,0.9999992260145356
GM04699,118,3,1547.24,2,1,2,212,5,Potential Loyalists,Europe,52,M,Standard,1006.1,0.013406370666431784
GM04700,35,14,5908.32,4,4,4,444,12,Loyal Customers,Southeast Asia,27,M,Standard,3882.49,1.2189001120268484e-05
GM04701,26,10,3075.06,5,3,3,533,11,Loyal Customers,Europe,36,M,Standard,1983.91,5.871620298419582e-06
GM04702,811,1,56.34,1,1,1,111,3,Lost,Central Asia,54,M,Budget,40.97,1.0
GM04703,57,21,26961.62,4,5,5,455,14,Champions,North America,24,M,Premium,18598.1,9.048896709658483e-05
GM04704,71,9,4132.18,3,3,3,333,9,Potential Loyalists,North America,63,M,Standard,2759.48,0.00022563602782774326
GM04705,24,17,19101.170000000002,5,4,5,545,14,Champions,MENA,52,F,Premium,12424.82,5.8724575966267265e-06
GM04706,47,7,1112.53,4,3,2,432,9,Loyal Customers,MENA,62,M,Budget,754.04,4.637521715926334e-05
GM04707,100,23,34491.42,3,5,5,355,13,Champions,North America,30,F,Premium,22586.32,0.0035054409655372377
GM04708,395,2,324.12,1,1,1,111,3,Lost,Europe,27,F,Budget,230.52,0.9999999890613788
GM04709,121,7,3003.93,2,3,3,233,8,Potential Loyalists,North America,19,M,Standard,2073.06,0.01597341725247166
GM04710,99,18,8764.15,3,5,4,354,12,Potential Loyalists,North America,23,F,Standard,5911.81,0.0018295542249679487
GM04711,336,2,357.55,1,1,1,111,3,Lost,MENA,25,F,Budget,236.4,0.9999986815724057
GM04712,374,3,294.42,1,1,1,111,3,Lost,MENA,53,F,Budget,208.01,0.9999999328951995
GM04713,187,7,3495.1800000000003,2,3,3,233,8,Potential Loyalists,Europe,42,M,Standard,2405.26,0.7543417911764899
GM04714,50,16,17981.42,4,4,5,445,13,Champions,North America,61,M,Premium,12535.21,4.2521378485553684e-05
GM04715,33,6,2116.8199999999997,4,2,2,422,8,Recent Customers,MENA,64,F,Standard,1348.5,1.1930447949680854e-05
GM04716,20,14,7380.68,5,4,4,544,13,Champions,Europe,57,F,Standard,5054.03,3.863066123066317e-06
GM04717,169,4,2133.3399999999997,2,2,2,222,6,Potential Loyalists,North America,24,M,Standard,1399.32,0.41292484940797214
GM04718,331,3,760.4399999999999,1,1,2,112,4,Lost,Southeast Asia,63,M,Standard,535.15,0.999997272288292
GM04719,13,21,14698.24,5,5,5,555,15,Champions,MENA,40,M,Premium,9813.62,1.988865132883697e-06
GM04720,38,14,5159.38,4,4,3,443,11,Loyal Customers,Southeast Asia,36,M,Standard,3502.25,1.2429555797864264e-05
GM04721,216,4,2762.4,1,2,2,122,5,Potential Loyalists,Europe,63,F,Standard,1912.56,0.9778593369152272
GM04722,115,33,40100.25,2,5,5,255,12,At Risk,Central Asia,39,M,Premium,27344.38,0.012943534990392937
GM04723,158,4,1194.94,2,2,2,222,6,Potential Loyalists,Europe,30,M,Standard,785.08,0.31364657778562927
GM04724,147,3,548.38,2,1,1,211,4,Potential Loyalists,MENA,38,F,Standard,345.53,0.12756613381216939
GM04725,153,17,7005.01,2,4,4,244,10,At Risk,Europe,18,M,Standard,4838.98,0.12855753131305056
GM04726,32,23,29815.33,4,5,5,455,14,Champions,Central Asia,36,F,Premium,20258.9,1.4566469123305578e-05
GM04727,95,19,9478.81,3,5,4,354,12,Potential Loyalists,Southeast Asia,50,F,Standard,6557.93,0.0013130994778246222
GM04728,85,10,4258.849999999999,3,3,3,333,9,Potential Loyalists,North America,21,M,Standard,2915.29,0.0007121573967150608
GM04729,43,13,5948.37,4,4,4,444,12,Loyal Customers,North America,59,F,Standard,4045.63,2.0660940863424383e-05
GM04730,208,5,820.22,1,2,2,122,5,Potential Loyalists,Europe,20,F,Budget,583.07,0.9570605736607024
GM04731,26,13,5027.63,5,4,3,543,12,Loyal Customers,Europe,44,M,Standard,3257.46,6.045982973164702e-06
GM04732,58,23,26415.51,3,5,5,355,13,Champions,Central Asia,69,M,Premium,18115.13,0.00010777680264092447
GM04733,32,19,9617.82,4,5,4,454,13,Champions,North America,58,F,Standard,6600.72,7.488900443080202e-06
GM04734,624,1,48.85,1,1,1,111,3,Lost,Southeast Asia,52,F,Budget,35.53,1.0
GM04735,19,24,29649.629999999997,5,5,5,555,15,Champions,MENA,45,F,Premium,20498.21,4.2370120963522404e-06
GM04736,38,4,768.12,4,2,2,422,8,Recent Customers,Central Asia,23,M,Budget,481.34,2.1633381809539054e-05
GM04737,26,17,8987.99,5,4,4,544,13,Champions,MENA,23,F,Standard,6190.41,5.420042448514831e-06
GM04738,69,6,767.5300000000001,3,2,2,322,7,Potential Loyalists,Europe,61,M,Budget,530.58,0.00026978618681835695
GM04739,103,14,8143.48,3,4,4,344,11,Potential Loyalists,MENA,40,F,Standard,5439.36,0.0028710380549425048
GM04740,62,15,6145.37,3,4,4,344,11,Potential Loyalists,North America,50,F,Standard,4118.88,0.00011128221061106724
GM04741,39,6,527.4699999999999,4,2,1,421,7,Recent Customers,North America,33,F,Budget,331.03,2.1389618188516305e-05
GM04742,268,11,3721.6,1,3,3,133,7,Potential Loyalists,Central Asia,41,F,Standard,2546.59,0.9995316210798921
GM04743,24,29,35199.67,5,5,5,555,15,Champions,Central Asia,22,F,Premium,23077.52,8.294494200036646e-06
GM04744,99,13,6623.78,3,4,4,344,11,Potential Loyalists,Southeast Asia,58,F,Standard,4629.91,0.00219686301428149
GM04745,22,38,43939.44,5,5,5,555,15,Champions,Europe,59,M,Premium,29631.62,6.750795596597993e-06
GM04746,237,6,513.14,1,2,1,121,4,Potential Loyalists,Central Asia,30,F,Budget,358.65,0.9965717174662959
GM04747,326,3,1301.9,1,1,2,112,4,Lost,Europe,64,F,Standard,899.18,0.9999965523629637
GM04748,278,2,440.49,1,1,1,111,3,Lost,Central Asia,29,M,Budget,302.11,0.9998578525671411
GM04749,139,2,242.34,2,1,1,211,4,Potential Loyalists,MENA,22,F,Budget,157.38,0.14055093263265525
GM04750,30,16,21770.73,5,4,5,545,14,Champions,North America,54,M,Premium,14952.77,8.928038194612268e-06
GM04751,90,7,3035.23,3,3,3,333,9,Potential Loyalists,Europe,48,F,Standard,2013.96,0.0012303368697525472
GM04752,279,7,636.71,1,3,1,131,5,Potential Loyalists,MENA,45,F,Budget,436.61,0.9998389184677958
GM04753,51,9,4591.79,4,3,3,433,10,Loyal Customers,North America,45,M,Standard,3042.97,4.629552861666063e-05
GM04754,198,1,115.93,1,1,1,111,3,Lost,MENA,47,F,Budget,76.65,0.9132912966763506
GM04755,66,16,5665.3,3,4,3,343,10,Potential Loyalists,Southeast Asia,35,M,Standard,3859.1,0.00013097195940995937
GM04756,29,33,40986.81,5,5,5,555,15,Champions,Southeast Asia,61,F,Premium,26817.65,1.0836305259863337e-05
GM04757,259,4,483.38,1,2,1,121,4,Potential Loyalists,Central Asia,44,M,Budget,343.15,0.9992931491733529
GM04758,73,10,10238.69,3,3,5,335,11,Potential Loyalists,North America,52,M,Premium,6970.38,0.0002450940781026511
GM04759,54,11,11587.0,4,3,5,435,12,Loyal Customers,MENA,43,M,Premium,8185.88,6.486569253090779e-05
GM04760,38,9,4874.91,4,3,3,433,10,Loyal Customers,Southeast Asia,56,M,Standard,3269.75,1.6813950053263612e-05
GM04761,294,5,419.02000000000004,1,2,1,121,4,Potential Loyalists,MENA,66,F,Budget,301.52,0.9999543069069278
GM04762,43,9,3996.3599999999997,4,3,3,433,10,Loyal Customers,Southeast Asia,68,F,Standard,2777.76,2.3171033889581522e-05
GM04763,152,4,1932.09,2,2,2,222,6,Potential Loyalists,North America,35,M,Standard,1252.89,0.1457653156610196
GM04764,23,15,6076.8099999999995,5,4,4,544,13,Champions,Europe,50,M,Standard,4181.88,4.485641444563676e-06
GM04765,106,14,5018.06,2,4,3,243,9,At Risk,MENA,42,M,Standard,3241.31,0.0034922408974991143
GM04766,71,6,3409.83,3,2,3,323,8,Potential Loyalists,Southeast Asia,48,F,Standard,2440.21,0.00023110466863972165
GM04767,63,15,6062.34,3,4,4,344,11,Potential Loyalists,Southeast Asia,54,F,Standard,3902.09,0.0001027668141398168
GM04768,137,15,4522.93,2,4,3,243,9,At Risk,Central Asia,19,M,Standard,3153.17,0.04343798033268743
GM04769,272,5,1051.08,1,2,2,122,5,Potential Loyalists,North America,50,F,Budget,751.06,0.9997342928886062
GM04770,17,7,2812.14,5,3,2,532,10,Loyal Customers,Europe,56,M,Standard,2032.03,3.5282828196457447e-06
GM04771,62,29,37460.47,3,5,5,355,13,Champions,Central Asia,60,F,Premium,24685.32,0.00019050996219365285
GM04772,152,6,681.5600000000001,2,2,2,222,6,Potential Loyalists,MENA,60,F,Budget,467.5,0.17147653763063325
GM04773,69,19,9066.67,3,5,4,354,12,Potential Loyalists,Europe,49,F,Standard,6077.98,0.0001642043285593267
GM04774,131,2,185.88,2,1,1,211,4,Potential Loyalists,North America,35,F,Budget,111.72,0.04655620405275054
GM04775,14,34,34620.23,5,5,5,555,15,Champions,Europe,34,F,Premium,22839.39,3.0195793696457257e-06
GM04776,174,10,8507.21,2,3,4,234,9,Potential Loyalists,North America,51,F,Premium,5819.64,0.5127430165800779
GM04777,40,17,6991.84,4,4,4,444,12,Loyal Customers,Central Asia,56,F,Standard,4837.97,1.773808921450138e-05
GM04778,197,13,6538.13,2,4,4,244,10,At Risk,Europe,24,M,Standard,4623.95,0.8649706698911428
GM04779,107,6,2299.52,2,2,2,222,6,Potential Loyalists,Europe,59,M,Standard,1658.04,0.006545820385081953
GM04780,105,17,9246.66,2,4,4,244,10,At Risk,Europe,71,M,Standard,6187.61,0.003643560045696096
GM04781,22,34,44260.93,5,5,5,555,15,Champions,Central Asia,70,F,Premium,30075.16,9.128685828983043e-06
GM04782,50,15,8217.11,4,4,4,444,12,Loyal Customers,Europe,52,M,Standard,5608.29,5.385430263725846e-05
GM04783,88,10,4970.42,3,3,3,333,9,Potential Loyalists,North America,47,M,Standard,3426.68,0.0009079812243466178
GM04784,29,16,6071.97,5,4,4,544,13,Champions,Europe,29,M,Standard,3969.33,6.589374923819534e-06
GM04785,30,17,6741.61,5,4,4,544,13,Champions,MENA,52,M,Standard,4428.61,7.30365653122675e-06
GM04786,30,18,8838.01,5,5,4,554,14,Champions,MENA,28,F,Standard,5800.5,6.935205731734362e-06
GM04787,515,4,2431.03,1,2,2,122,5,Potential Loyalists,Southeast Asia,61,F,Standard,1708.32,0.9999999999989959
GM04788,35,10,3278.0099999999998,4,3,3,433,10,Loyal Customers,Southeast Asia,21,F,Standard,2181.86,1.2106982967569109e-05
GM04789,59,3,1279.13,3,1,2,312,6,Potential Loyalists,MENA,42,F,Standard,835.86,0.00010688880549034625
GM04790,26,26,28949.51,5,5,5,555,15,Champions,Europe,65,F,Premium,19423.98,7.716365996130064e-06
GM04791,116,9,4107.0199999999995,2,3,3,233,8,Potential Loyalists,Central Asia,49,F,Standard,2673.77,0.010321813455022377
GM04792,882,1,101.46,1,1,1,111,3,Lost,Southeast Asia,37,M,Budget,73.79,1.0
GM04793,16,5,2678.08,5,2,2,522,9,Recent Customers,Central Asia,67,F,Standard,1807.32,3.0952786351521457e-06
GM04794,143,31,40848.520000000004,2,5,5,255,12,At Risk,Europe,48,M,Premium,28750.41,0.12202325725204036
GM04795,216,5,774.37,1,2,2,122,5,Potential Loyalists,Europe,21,M,Budget,538.47,0.9750563568575392
GM04796,71,13,3364.19,3,4,3,343,10,Potential Loyalists,Europe,71,F,Standard,2273.59,0.00025119033978323127
GM04797,69,16,20171.350000000002,3,4,5,345,12,Potential Loyalists,Europe,55,M,Premium,13856.61,0.0002625439296929935
GM04798,24,17,8285.210000000001,5,4,4,544,13,Champions,North America,70,M,Standard,5543.55,4.3798830338042815e-06
GM04799,89,19,10195.82,3,5,5,355,13,Champions,Europe,64,M,Standard,6972.62,0.0009378761552760294
GM04800,48,19,8101.83,4,5,4,454,13,Champions,North America,18,M,Standard,5553.08,2.8867324996760806e-05
GM04801,136,9,6136.099999999999,2,3,4,234,9,Potential Loyalists,Europe,20,M,Standard,4340.47,0.04383532629578322
GM04802,198,8,3671.53,1,3,3,133,7,Potential Loyalists,Central Asia,54,M,Standard,2477.58,0.9159910738482019
GM04803,45,13,23810.36,4,4,5,445,13,Champions,Southeast Asia,39,F,Premium,16398.09,2.7995814727071275e-05
GM04804,15,10,5814.37,5,3,4,534,12,Loyal Customers,Europe,34,F,Standard,3877.32,2.7161601978277145e-06
GM04805,186,17,7038.97,2,4,4,244,10,At Risk,North America,31,M,Standard,4884.97,0.6682642122734227
GM04806,99,8,3563.38,3,3,3,333,9,Potential Loyalists,MENA,58,F,Standard,2416.59,0.0024567736918276453
GM04807,88,29,45034.87,3,5,5,355,13,Champions,Central Asia,52,M,Premium,30674.8,0.0017951992029754875
GM04808,36,20,24660.55,4,5,5,455,14,Champions,Southeast Asia,30,M,Premium,16729.33,1.5289465796626895e-05
GM04809,33,12,4516.45,4,4,3,443,11,Loyal Customers,Europe,52,M,Standard,3201.37,9.514458560198577e-06
GM04810,196,6,324.94,2,2,1,221,5,Potential Loyalists,Southeast Asia,60,F,Budget,219.23,0.8752126823039431
GM04811,96,10,3092.7700000000004,3,3,3,333,9,Potential Loyalists,Europe,19,M,Standard,2060.69,0.0018540463130394022
GM04812,408,5,1899.5,1,2,2,122,5,Potential Loyalists,Southeast Asia,64,F,Standard,1285.54,0.9999999966846
GM04813,97,18,19419.75,3,5,5,355,13,Champions,Central Asia,30,F,Premium,13051.22,0.0025753517473736717
GM04814,25,19,7797.08,5,5,4,554,14,Champions,MENA,68,F,Standard,5228.22,4.7297631689427225e-06
GM04815,80,26,29592.22,3,5,5,355,13,Champions,North America,71,F,Premium,20053.55,0.0006878235437943819
GM04816,420,3,397.33000000000004,1,1,1,111,3,Lost,Southeast Asia,33,F,Budget,284.13,0.9999999984604577
GM04817,117,19,8187.4,2,5,4,254,11,At Risk,Southeast Asia,35,M,Standard,5757.53,0.006884022460465659
GM04818,157,6,1037.6599999999999,2,2,2,222,6,Potential Loyalists,North America,24,M,Budget,683.73,0.22801181578156426
GM04819,17,18,7365.0,5,5,4,554,14,Champions,Southeast Asia,62,F,Standard,4845.05,2.2857770516026505e-06
GM04820,325,3,528.9,1,1,1,111,3,Lost,Europe,53,F,Budget,349.69,0.9999965296000508
GM04821,26,19,9454.12,5,5,4,554,14,Champions,Europe,58,M,Standard,6470.22,5.18672505216715e-06
GM04822,62,13,15617.98,3,4,5,345,12,Potential Loyalists,Europe,47,M,Premium,10521.89,0.00012385544511858403
GM04823,214,5,728.36,1,2,2,122,5,Potential Loyalists,MENA,59,M,Budget,485.59,0.9721797367955554
GM04824,74,12,2924.17,3,4,3,343,10,Potential Loyalists,MENA,58,M,Standard,2000.74,0.00026293625822691426
GM04825,156,5,513.9,2,2,1,221,5,Potential Loyalists,MENA,24,M,Budget,344.11,0.2886225656802859
GM04826,24,26,22683.14,5,5,5,555,15,Champions,Europe,32,F,Premium,15117.45,5.730771301124188e-06
GM04827,46,5,1324.38,4,2,2,422,8,Recent Customers,North America,57,F,Standard,863.18,3.577008798421849e-05
GM04828,65,7,1591.22,3,3,2,332,8,Potential Loyalists,Europe,36,F,Standard,1091.11,0.0001798884128422288
GM04829,80,38,47034.67,3,5,5,355,13,Champions,Europe,60,F,Premium,32638.18,0.0008443950851250586
GM04830,13,8,4205.6900000000005,5,3,3,533,11,Loyal Customers,MENA,54,F,Standard,2694.5,2.052548080181515e-06
GM04831,109,16,4471.55,2,4,3,243,9,At Risk,North America,19,M,Standard,3052.85,0.003958839412546796
GM04832,115,36,55100.53,2,5,5,255,12,At Risk,North America,59,M,Premium,37832.12,0.019494646266172182
GM04833,61,19,8717.48,3,5,4,354,12,Potential Loyalists,North America,65,F,Standard,6022.11,8.488735943308548e-05
GM04834,140,11,5066.2,2,3,3,233,8,Potential Loyalists,Europe,30,F,Standard,3353.21,0.057513658101322494
GM04835,14,30,40035.34,5,5,5,555,15,Champions,MENA,57,M,Premium,27011.73,3.627893514799327e-06
GM04836,336,4,2397.35,1,2,2,122,5,Potential Loyalists,Central Asia,58,Other,Standard,1668.96,0.999998841524391
GM04837,136,10,3507.26,2,3,3,233,8,Potential Loyalists,MENA,60,M,Standard,2481.05,0.0508348240087343
GM04838,413,7,3802.1000000000004,1,3,3,133,7,Potential Loyalists,MENA,60,M,Standard,2730.83,0.9999999969796023
GM04839,401,1,203.17,1,1,1,111,3,Lost,Central Asia,48,M,Budget,134.33,0.999999993716902
GM04840,177,6,2932.09,2,2,3,223,7,Potential Loyalists,Europe,33,M,Standard,1997.18,0.5881995166366589
GM04841,52,4,1743.25,4,2,2,422,8,Recent Customers,Southeast Asia,59,F,Standard,1217.89,5.317629412941788e-05
GM04842,452,4,2464.34,1,2,2,122,5,Potential Loyalists,Southeast Asia,61,F,Standard,1656.54,0.9999999998589801
GM04843,116,7,813.63,2,3,2,232,7,Potential Loyalists,Europe,23,M,Budget,567.92,0.011106464276528515
GM04844,201,8,8041.549999999999,1,3,4,134,8,Potential Loyalists,Central Asia,45,F,Premium,5494.32,0.9047383619349213
GM04845,22,5,2263.37,5,2,2,522,9,Recent Customers,Europe,49,F,Standard,1514.58,5.269648345721178e-06
GM04846,23,17,5437.61,5,4,3,543,12,Loyal Customers,MENA,61,F,Standard,3707.27,3.963397815246989e-06
GM04847,24,15,7880.92,5,4,4,544,13,Champions,Southeast Asia,27,F,Standard,5322.19,4.023361437032096e-06
GM04848,62,2,84.71,3,1,1,311,5,Potential Loyalists,Europe,67,M,Budget,59.57,0.0003182063442865375
GM04849,125,1,34.74,2,1,1,211,4,Potential Loyalists,North America,35,F,Budget,20.88,0.07568331854788524
GM04850,27,4,577.14,5,2,1,521,8,Recent Customers,Central Asia,21,M,Budget,365.98,1.3278964432251278e-05
GM04851,374,5,2058.96,1,2,2,122,5,Potential Loyalists,Southeast Asia,26,F,Standard,1392.44,0.9999999218069356
GM04852,25,14,6981.54,5,4,4,544,13,Champions,MENA,24,M,Standard,4717.5,5.79706518434416e-06
GM04853,314,5,668.8,1,2,1,121,4,Potential Loyalists,North America,67,F,Budget,471.77,0.9999906066884875
GM04854,54,18,8764.6,4,5,4,454,13,Champions,Europe,25,F,Standard,5890.2,5.3480365514230275e-05
GM04855,113,15,6867.5,2,4,4,244,10,At Risk,North America,60,M,Standard,4749.05,0.006136211838020086
GM04856,378,5,1408.63,1,2,2,122,5,Potential Loyalists,Europe,24,M,Standard,1006.14,0.999999952681337
GM04857,107,10,3772.8199999999997,2,3,3,233,8,Potential Loyalists,Europe,58,F,Standard,2502.41,0.004467190231949777
GM04858,40,15,4835.86,4,4,3,443,11,Loyal Customers,Southeast Asia,57,F,Standard,3248.64,1.5164806871137368e-05
GM04859,94,7,1215.69,3,3,2,332,8,Potential Loyalists,Southeast Asia,20,M,Budget,797.19,0.0019250075421592245
GM04860,32,24,24537.32,4,5,5,455,14,Champions,Southeast Asia,34,F,Premium,16245.5,1.0588794709339403e-05
GM04861,39,25,26888.46,4,5,5,455,14,Champions,North America,19,M,Premium,17514.08,2.010553320696117e-05
GM04862,376,3,1355.18,1,1,2,112,4,Lost,North America,32,M,Standard,943.67,0.9999999320399486
GM04863,166,5,1646.31,2,2,2,222,6,Potential Loyalists,Central Asia,63,M,Standard,1118.19,0.39721241793283296
GM04864,36,18,19312.14,4,5,5,455,14,Champions,Europe,46,M,Premium,13404.4,1.748493679863159e-05
GM04865,14,8,2966.0699999999997,5,3,3,533,11,Loyal Customers,Europe,67,F,Standard,2012.23,2.576896207183987e-06
GM04866,28,19,6220.91,5,5,4,554,14,Champions,North America,65,F,Standard,4175.22,5.63254766070242e-06
GM04867,117,6,282.94,2,2,1,221,5,Potential Loyalists,Europe,69,M,Budget,178.28,0.01998795094291403
GM04868,152,10,7402.8,2,3,4,234,9,Potential Loyalists,Europe,39,F,Standard,5086.93,0.15447281398949864
GM04869,398,3,207.14,1,1,1,111,3,Lost,North America,21,M,Budget,141.34,0.9999999913288654
GM04870,75,13,5817.05,3,4,4,344,11,Potential Loyalists,North America,69,F,Standard,4028.33,0.0003564392650973985
GM04871,167,8,3837.9900000000002,2,3,3,233,8,Potential Loyalists,MENA,23,M,Standard,2631.36,0.36852527993953665
GM04872,110,5,1847.31,2,2,2,222,6,Potential Loyalists,Europe,55,F,Standard,1194.24,0.007148390039674943
GM04873,43,13,15589.87,4,4,5,445,13,Champions,Europe,43,F,Premium,10263.6,2.986454567332794e-05
GM04874,133,8,3403.4,2,3,3,233,8,Potential Loyalists,Europe,28,M,Standard,2269.73,0.03916960209372251
GM04875,42,8,2678.48,4,3,2,432,9,Loyal Customers,Europe,43,F,Standard,1803.97,2.866630663071559e-05
GM04876,50,20,30466.63,4,5,5,455,14,Champions,North America,34,M,Premium,20705.05,6.241246255177387e-05
GM04877,47,12,6275.49,4,4,4,444,12,Loyal Customers,North America,41,M,Standard,4273.72,3.026571604926431e-05
GM04878,122,3,1756.19,2,1,2,212,5,Potential Loyalists,North America,45,M,Standard,1119.76,0.015965439157483413
GM04879,28,10,2115.99,5,3,2,532,10,Loyal Customers,Europe,52,M,Standard,1399.2,8.542100194569339e-06
GM04880,17,26,29384.93,5,5,5,555,15,Champions,North America,48,M,Premium,19920.72,3.783173298641323e-06
GM04881,25,36,43610.13,5,5,5,555,15,Champions,Europe,30,M,Premium,29790.58,8.926286074425808e-06
GM04882,113,5,2963.52,2,2,3,223,7,Potential Loyalists,MENA,71,M,Standard,1928.91,0.007814445686792824
GM04883,69,14,4351.05,3,4,3,343,10,Potential Loyalists,North America,52,M,Standard,3027.74,0.00016450162049498198
GM04884,124,14,7936.89,2,4,4,244,10,At Risk,Europe,33,F,Standard,5453.84,0.016463239891698636
GM04885,102,26,38313.12,3,5,5,355,13,Champions,Central Asia,32,F,Premium,27275.48,0.00527070393001772
GM04886,177,7,2602.98,2,3,2,232,7,Potential Loyalists,Southeast Asia,60,M,Standard,1845.13,0.584006894228936
GM04887,528,3,410.99,1,1,1,111,3,Lost,Europe,35,M,Budget,289.17,0.9999999999997848
GM04888,129,7,1929.33,2,3,2,232,7,Potential Loyalists,North America,64,M,Standard,1353.84,0.03219225078959398
GM04889,96,6,820.78,3,2,2,322,7,Potential Loyalists,Central Asia,54,F,Budget,556.27,0.003611028953513552
GM04890,111,11,8969.49,2,3,4,234,9,Potential Loyalists,North America,65,F,Premium,6048.05,0.006635354057955544
GM04891,476,1,72.3,1,1,1,111,3,Lost,Europe,65,M,Budget,47.8,0.9999999999868707
GM04892,139,12,8436.880000000001,2,4,4,244,10,At Risk,Central Asia,66,M,Standard,5815.78,0.05705223617972676
GM04893,113,2,278.41,2,1,1,211,4,Potential Loyalists,North America,58,M,Budget,170.37,0.009464382803095289
GM04894,196,10,3851.95,2,3,3,233,8,Potential Loyalists,Europe,44,M,Standard,2681.54,0.8649451760007946
GM04895,39,8,3371.79,4,3,3,433,10,Loyal Customers,MENA,52,F,Standard,2276.88,1.7904205388268242e-05
GM04896,23,8,3508.75,5,3,3,533,11,Loyal Customers,Central Asia,69,F,Standard,2309.79,5.561403328445254e-06
GM04897,52,6,3455.6499999999996,4,2,3,423,9,Recent Customers,Europe,62,M,Standard,2325.06,6.278833221374106e-05
GM04898,97,4,351.08,3,2,1,321,6,Potential Loyalists,Europe,71,F,Budget,221.98,0.002930874013787554
GM04899,88,19,7998.13,3,5,4,354,12,Potential Loyalists,Central Asia,52,M,Standard,5574.7,0.0008515457680056647
GM04900,422,4,165.73,1,2,1,121,4,Potential Loyalists,Southeast Asia,45,M,Budget,114.79,0.9999999990224677
GM04901,98,8,4510.5,3,3,3,333,9,Potential Loyalists,Central Asia,56,F,Standard,3041.77,0.0024451186243853932
GM04902,60,18,7546.17,3,5,4,354,12,Potential Loyalists,MENA,55,F,Standard,5156.95,8.373273678022139e-05
GM04903,81,11,9366.5,3,3,4,334,10,Potential Loyalists,Europe,26,M,Premium,6479.7,0.0005570914491421849
GM04904,343,1,31.99,1,1,1,111,3,Lost,Europe,29,M,Budget,21.15,0.9999991898515976
GM04905,110,10,3283.7400000000002,2,3,3,233,8,Potential Loyalists,Southeast Asia,32,F,Standard,2172.82,0.0056164855777787945
GM04906,33,19,6077.42,4,5,4,454,13,Champions,Europe,38,F,Standard,4308.98,8.667885575050198e-06
GM04907,97,16,7474.33,3,4,4,344,11,Potential Loyalists,Southeast Asia,69,M,Standard,5030.69,0.0016878635451875567
GM04908,23,18,8482.89,5,5,4,554,14,Champions,Europe,52,M,Standard,5740.98,4.266604332857436e-06
GM04909,295,3,465.09000000000003,1,1,1,111,3,Lost,North America,59,M,Budget,328.2,0.9999561269765507
GM04910,80,35,31353.81,3,5,5,355,13,Champions,MENA,50,F,Premium,21933.07,0.0004934449534865636
GM04911,29,8,3306.89,5,3,3,533,11,Loyal Customers,Southeast Asia,68,F,Standard,2220.62,7.670287845289741e-06
GM04912,13,30,36056.25,5,5,5,555,15,Champions,North America,36,M,Premium,24043.15,3.0073967865527587e-06
GM04913,97,6,1011.64,3,2,2,322,7,Potential Loyalists,MENA,40,F,Budget,622.83,0.002381164896435919
GM04914,49,10,20679.91,4,3,5,435,12,Loyal Customers,Europe,30,F,Premium,14100.41,4.399557908569064e-05
GM04915,71,10,7308.389999999999,3,3,4,334,10,Potential Loyalists,Europe,61,M,Premium,5068.48,0.00026650481302710737
GM04916,51,14,5332.52,4,4,3,443,11,Loyal Customers,Southeast Asia,18,M,Standard,3443.07,3.717753818749224e-05
GM04917,90,5,1562.9,3,2,2,322,7,Potential Loyalists,Europe,68,F,Standard,1075.28,0.0014914287869628414
GM04918,102,15,7493.9,3,4,4,344,11,Potential Loyalists,MENA,46,F,Standard,5211.85,0.003423282107822812
GM04919,86,33,48641.119999999995,3,5,5,355,13,Champions,North America,41,F,Premium,33002.58,0.0014762631629007888
GM04920,181,5,566.0,2,2,1,221,5,Potential Loyalists,Europe,33,F,Budget,398.73,0.7535471064922058
GM04921,106,7,286.44,2,3,1,231,6,Potential Loyalists,Southeast Asia,42,M,Budget,195.84,0.005634643717923673
GM04922,73,18,8076.95,3,5,4,354,12,Potential Loyalists,North America,40,M,Standard,5434.05,0.00023376184410804464
GM04923,559,3,2746.63,1,1,2,112,4,Lost,North America,45,F,Standard,1997.55,0.9999999999999747
GM04924,34,19,7236.59,4,5,4,454,13,Champions,Southeast Asia,64,M,Standard,5114.89,8.729556793085925e-06
GM04925,231,7,4093.08,1,3,3,133,7,Potential Loyalists,Central Asia,33,F,Standard,2868.33,0.9914534800210536
GM04926,94,19,6043.08,3,5,4,354,12,Potential Loyalists,Europe,60,F,Standard,3986.14,0.00126653066165524
GM04927,45,14,6050.01,4,4,4,444,12,Loyal Customers,MENA,55,F,Standard,4111.53,2.6459342811103162e-05
GM04928,74,6,1743.06,3,2,2,322,7,Potential Loyalists,Europe,28,M,Standard,1230.31,0.0003439106193923466
GM04929,20,19,10282.9,5,5,5,555,15,Champions,North America,20,F,Standard,6759.51,3.3546454405367276e-06
GM04930,34,2,376.6,4,1,1,411,6,Recent Customers,Southeast Asia,32,F,Budget,232.74,1.628362094663966e-05
GM04931,153,16,7470.1900000000005,2,4,4,244,10,At Risk,MENA,18,F,Standard,5164.77,0.1430165146216052
GM04932,61,18,7740.8,3,5,4,354,12,Potential Loyalists,Europe,24,F,Standard,5182.27,8.624301562275809e-05
GM04933,106,12,14925.369999999999,2,4,5,245,11,At Risk,Southeast Asia,18,M,Premium,10362.14,0.003854967721869073
GM04934,25,7,3155.9800000000005,5,3,3,533,11,Loyal Customers,MENA,66,M,Standard,2160.67,6.07959770958406e-06
GM04935,18,16,7330.8,5,4,4,544,13,Champions,MENA,49,M,Standard,4980.62,2.985538519055511e-06
GM04936,132,9,2573.13,2,3,2,232,7,Potential Loyalists,Europe,26,M,Standard,1726.1,0.03395224500086257
GM04937,55,7,763.35,4,3,2,432,9,Loyal Customers,Southeast Asia,46,F,Budget,502.23,7.018410844377748e-05
GM04938,76,6,597.51,3,2,1,321,6,Potential Loyalists,North America,43,F,Budget,393.94,0.0004483806110766533
GM04939,41,13,5550.4,4,4,3,443,11,Loyal Customers,North America,40,F,Standard,3893.12,1.9181160188203503e-05
GM04940,67,19,10003.76,3,5,4,354,12,Potential Loyalists,North America,62,F,Standard,6794.03,0.0001757185989988467
GM04941,223,6,990.21,1,2,2,122,5,Potential Loyalists,Europe,60,M,Budget,680.7,0.9862223263507046
GM04942,37,19,6427.48,4,5,4,454,13,Champions,MENA,46,Other,Standard,4293.22,1.2105883478913608e-05
GM04943,80,27,35686.38,3,5,5,355,13,Champions,North America,69,M,Premium,24012.75,0.0007375392269394188
GM04944,25,14,8652.09,5,4,4,544,13,Champions,Europe,55,M,Standard,5553.41,6.4245725234216935e-06
GM04945,14,19,16368.68,5,5,5,555,15,Champions,North America,50,F,Premium,10845.88,2.089652437665474e-06
GM04946,787,1,205.6,1,1,1,111,3,Lost,Southeast Asia,24,F,Budget,149.53,1.0
GM04947,77,16,7197.55,3,4,4,344,11,Potential Loyalists,North America,29,F,Standard,5008.88,0.00031224894645623695
GM04948,39,19,9325.279999999999,4,5,4,454,13,Champions,North America,48,M,Standard,6188.49,1.382415581939194e-05
GM04949,23,26,30606.45,5,5,5,555,15,Champions,North America,49,F,Premium,20375.92,6.2382561353885415e-06
GM04950,74,8,2368.13,3,3,2,332,8,Potential Loyalists,North America,71,M,Standard,1554.52,0.0003150015283942302
GM04951,567,7,789.74,1,3,2,132,6,Potential Loyalists,MENA,37,M,Budget,574.36,0.9999999999999887
GM04952,17,39,52522.23,5,5,5,555,15,Champions,Central Asia,68,F,Premium,35798.1,6.311664741505647e-06
GM04953,41,10,3653.36,4,3,3,433,10,Loyal Customers,MENA,34,F,Standard,2434.4,2.3693210165796545e-05
GM04954,54,5,167.45,4,2,1,421,7,Recent Customers,North America,53,F,Budget,110.42,8.455583391675084e-05
GM04955,330,4,1648.94,1,2,2,122,5,Potential Loyalists,MENA,20,F,Standard,1149.68,0.9999970695365327
GM04956,42,15,4792.01,4,4,3,443,11,Loyal Customers,North America,18,F,Standard,3235.53,2.0133410731957633e-05
GM04957,146,14,7077.8099999999995,2,4,4,244,10,At Risk,Europe,67,F,Standard,4909.45,0.0903604918813083
GM04958,28,16,8599.1,5,4,4,544,13,Champions,North America,44,F,Standard,5816.07,6.212475099446782e-06
GM04959,108,12,14963.0,2,4,5,245,11,At Risk,Europe,70,F,Premium,10159.62,0.0060112938912253505
GM04960,35,39,47160.2,4,5,5,455,14,Champions,North America,64,F,Premium,31364.34,2.0182884179705106e-05
GM04961,27,10,5507.4,5,3,3,533,11,Loyal Customers,MENA,57,Other,Standard,3902.24,6.728512473820184e-06
GM04962,23,3,288.68,5,1,1,511,7,Recent Customers,Europe,50,M,Budget,188.19,7.19725334947318e-06
GM04963,40,22,29557.56,4,5,5,455,14,Champions,Europe,37,F,Premium,19768.42,2.451204973465792e-05
GM04964,45,12,4482.68,4,4,3,443,11,Loyal Customers,North America,31,F,Standard,2978.42,2.5100640877362582e-05
GM04965,48,19,9628.76,4,5,4,454,13,Champions,MENA,53,M,Standard,6505.33,3.73184820806699e-05
GM04966,49,5,177.63,4,2,1,421,7,Recent Customers,Europe,22,F,Budget,115.85,5.930360221947903e-05
GM04967,78,6,3715.4900000000002,3,2,3,323,8,Potential Loyalists,Southeast Asia,40,M,Standard,2353.8,0.0004815204941300265
GM04968,104,5,397.14,2,2,1,221,5,Potential Loyalists,North America,62,F,Budget,265.48,0.004390498556978581
GM04969,166,18,30509.81,2,5,5,255,12,At Risk,Southeast Asia,32,F,Premium,21226.94,0.39529496758997573
GM04970,138,3,588.56,2,1,1,211,4,Potential Loyalists,MENA,23,M,Budget,380.83,0.0743976005237247
GM04971,93,14,7218.13,3,4,4,344,11,Potential Loyalists,MENA,50,M,Standard,4907.8,0.0013079485483231891
GM04972,181,7,4221.6900000000005,2,3,3,233,8,Potential Loyalists,Southeast Asia,36,F,Standard,2823.47,0.6311284629776927
GM04973,17,17,11159.28,5,4,5,545,14,Champions,MENA,30,M,Standard,7617.29,2.763370021838162e-06
GM04974,126,5,441.34000000000003,2,2,1,221,5,Potential Loyalists,North America,46,M,Budget,304.23,0.026496555168706328
GM04975,14,38,47674.02,5,5,5,555,15,Champions,Europe,23,M,Premium,32668.79,3.9915514820072404e-06
GM04976,36,10,9390.7,4,3,4,434,11,Loyal Customers,MENA,32,F,Premium,6251.37,1.4953597240461534e-05
GM04977,41,19,9223.06,4,5,4,454,13,Champions,Europe,33,F,Standard,6377.58,1.972520046291807e-05
GM04978,325,7,855.53,1,3,2,132,6,Potential Loyalists,Europe,41,F,Budget,602.19,0.9999962880773409
GM04979,277,5,590.7800000000001,1,2,1,121,4,Potential Loyalists,Central Asia,40,M,Budget,394.05,0.9998366178024668
GM04980,48,8,6558.68,4,3,4,434,11,Loyal Customers,Central Asia,65,F,Standard,4406.44,4.831488581766774e-05
GM04981,57,15,6220.639999999999,4,4,4,444,12,Loyal Customers,Southeast Asia,27,F,Standard,4420.42,6.684105078667668e-05
GM04982,66,28,25121.9,3,5,5,355,13,Champions,Europe,71,M,Premium,16548.84,0.00017428748798552703
GM04983,26,6,687.45,5,2,2,522,9,Recent Customers,North America,58,F,Budget,452.94,7.227084378107118e-06
GM04984,49,7,834.62,4,3,2,432,9,Loyal Customers,North America,58,F,Budget,552.16,4.3777290005639347e-05
GM04985,64,7,3154.69,3,3,3,333,9,Potential Loyalists,North America,66,F,Standard,2053.95,0.00014573838139682362
GM04986,48,13,4480.15,4,4,3,443,11,Loyal Customers,Europe,34,M,Standard,3040.96,3.6820596807342705e-05
GM04987,15,5,443.9,5,2,1,521,8,Recent Customers,North America,66,M,Budget,297.76,3.267260573634783e-06
GM04988,38,6,1040.88,4,2,2,422,8,Recent Customers,North America,61,M,Budget,683.79,1.9883293475742903e-05
GM04989,19,16,6192.48,5,4,4,544,13,Champions,North America,62,M,Standard,4167.83,2.880098653580143e-06
GM04990,125,7,3163.95,2,3,3,233,8,Potential Loyalists,North America,47,F,Standard,2218.58,0.019465361073749504
GM04991,23,14,5485.9,5,4,3,543,12,Loyal Customers,Southeast Asia,61,M,Standard,3761.61,4.314009189618639e-06
GM04992,196,6,3625.71,2,2,3,223,7,Potential Loyalists,North America,63,F,Standard,2608.24,0.9018546953701234
GM04993,34,14,6986.2300000000005,4,4,4,444,12,Loyal Customers,Europe,27,M,Standard,4615.45,1.1102484016380701e-05
GM04994,15,13,5981.43,5,4,4,544,13,Champions,North America,36,M,Standard,4059.23,2.5750817508957536e-06
GM04995,34,11,4075.68,4,3,3,433,10,Loyal Customers,Central Asia,46,F,Standard,2623.68,1.2247128387521619e-05
GM04996,53,15,8242.5,4,4,4,444,12,Loyal Customers,Southeast Asia,19,M,Standard,5452.55,4.9556831855031335e-05
GM04997,229,11,4795.38,1,3,3,133,7,Potential Loyalists,Central Asia,53,F,Standard,3371.25,0.990880127485571
GM04998,131,10,5944.66,2,3,4,234,9,Potential Loyalists,Europe,36,M,Standard,4045.43,0.030999595610026152
GM04999,64,7,546.89,3,3,1,331,7,Potential Loyalists,North America,24,M,Budget,357.4,0.00018949341656017402
GM05000,43,12,5621.97,4,4,3,443,11,Loyal Customers,North America,43,F,Standard,3812.94,2.3012781233657338e-05
