Month,region,channel,category,Revenue,Orders,Avg_Order
2022-01,Central Asia,Call Center,Beauty,5330.36,3,1776.7866666666666
2022-01,Central Asia,Call Center,Electronics,2178.0299999999997,3,726.0099999999999
2022-01,Central Asia,Call Center,Fashion,1862.87,2,931.435
2022-01,Central Asia,Call Center,Food & Grocery,3892.97,5,778.5939999999999
2022-01,Central Asia,Call Center,Home & Garden,3576.67,3,1192.2233333333334
2022-01,Central Asia,Call Center,Sports,2571.1499999999996,2,1285.5749999999998
2022-01,Central Asia,In-Store,Beauty,2758.69,6,459.7816666666667
2022-01,Central Asia,In-Store,Electronics,6916.549999999999,14,494.03928571428565
2022-01,Central Asia,In-Store,Fashion,16094.039999999999,18,894.1133333333332
2022-01,Central Asia,In-Store,Food & Grocery,9334.33,10,933.433
2022-01,Central Asia,In-Store,Home & Garden,3979.9,8,497.4875
2022-01,Central Asia,In-Store,Sports,8851.289999999999,11,804.6627272727272
2022-01,Central Asia,Mobile App,Beauty,9273.789999999999,12,772.8158333333332
2022-01,Central Asia,Mobile App,Electronics,15816.65,18,878.7027777777778
2022-01,Central Asia,Mobile App,Fashion,16887.82,9,1876.4244444444444
2022-01,Central Asia,Mobile App,Food & Grocery,9006.85,11,818.8045454545455
2022-01,Central Asia,Mobile App,Home & Garden,5692.01,8,711.50125
2022-01,Central Asia,Mobile App,Sports,10301.24,12,858.4366666666666
2022-01,Central Asia,Online,Beauty,12064.199999999999,18,670.2333333333332
2022-01,Central Asia,Online,Electronics,11423.27,17,671.9570588235295
2022-01,Central Asia,Online,Fashion,13249.27,17,779.3688235294118
2022-01,Central Asia,Online,Food & Grocery,14862.84,22,675.5836363636364
2022-01,Central Asia,Online,Home & Garden,12422.14,17,730.7141176470587
2022-01,Central Asia,Online,Sports,8072.210000000001,13,620.9392307692308
2022-01,Europe,Call Center,Beauty,2397.0099999999998,4,599.2524999999999
2022-01,Europe,Call Center,Electronics,3960.71,4,990.1775
2022-01,Europe,Call Center,Fashion,4832.16,2,2416.08
2022-01,Europe,Call Center,Food & Grocery,5506.6,4,1376.65
2022-01,Europe,Call Center,Sports,2104.72,2,1052.36
2022-01,Europe,In-Store,Beauty,12888.01,17,758.1182352941177
2022-01,Europe,In-Store,Electronics,9289.53,13,714.5792307692308
2022-01,Europe,In-Store,Fashion,17570.29,20,878.5145
2022-01,Europe,In-Store,Food & Grocery,20867.7,21,993.7
2022-01,Europe,In-Store,Home & Garden,22492.4,23,977.9304347826088
2022-01,Europe,In-Store,Sports,13226.34,18,734.7966666666666
2022-01,Europe,Mobile App,Beauty,20373.0,24,848.875
2022-01,Europe,Mobile App,Electronics,20231.559999999998,21,963.4076190476189
2022-01,Europe,Mobile App,Fashion,13989.53,18,777.1961111111111
2022-01,Europe,Mobile App,Food & Grocery,21166.7,25,846.668
2022-01,Europe,Mobile App,Home & Garden,11127.41,16,695.463125
2022-01,Europe,Mobile App,Sports,26550.53,32,829.7040625
2022-01,Europe,Online,Beauty,15266.05,24,636.0854166666667
2022-01,Europe,Online,Electronics,30038.87,35,858.2534285714286
2022-01,Europe,Online,Fashion,37089.64,44,842.9463636363636
2022-01,Europe,Online,Food & Grocery,21695.43,28,774.8367857142857
2022-01,Europe,Online,Home & Garden,25344.95,32,792.0296875
2022-01,Europe,Online,Sports,29656.29,32,926.7590625
2022-01,MENA,Call Center,Beauty,1604.62,2,802.31
2022-01,MENA,Call Center,Electronics,2436.97,3,812.3233333333333
2022-01,MENA,Call Center,Food & Grocery,2423.61,2,1211.805
2022-01,MENA,Call Center,Home & Garden,1874.5099999999998,3,624.8366666666666
2022-01,MENA,In-Store,Beauty,13269.52,20,663.476
2022-01,MENA,In-Store,Electronics,23189.72,28,828.2042857142858
2022-01,MENA,In-Store,Fashion,7463.09,11,678.4627272727273
2022-01,MENA,In-Store,Food & Grocery,14955.18,12,1246.265
2022-01,MENA,In-Store,Home & Garden,17651.91,23,767.474347826087
2022-01,MENA,In-Store,Sports,5278.71,12,439.8925
2022-01,MENA,Mobile App,Beauty,7325.92,12,610.4933333333333
2022-01,MENA,Mobile App,Electronics,12491.12,17,734.7717647058824
2022-01,MENA,Mobile App,Fashion,11123.4,20,556.17
2022-01,MENA,Mobile App,Food & Grocery,17795.59,19,936.61
2022-01,MENA,Mobile App,Home & Garden,13194.99,16,824.686875
2022-01,MENA,Mobile App,Sports,9088.34,12,757.3616666666667
2022-01,MENA,Online,Beauty,7397.53,14,528.395
2022-01,MENA,Online,Electronics,14215.47,17,836.2041176470588
2022-01,MENA,Online,Fashion,21418.64,27,793.282962962963
2022-01,MENA,Online,Food & Grocery,19591.350000000002,24,816.3062500000001
2022-01,MENA,Online,Home & Garden,26394.61,34,776.3120588235295
2022-01,MENA,Online,Sports,17855.58,25,714.2232
2022-01,North America,Call Center,Beauty,4296.93,6,716.1550000000001
2022-01,North America,Call Center,Electronics,4481.719999999999,4,1120.4299999999998
2022-01,North America,Call Center,Fashion,535.71,1,535.71
2022-01,North America,Call Center,Food & Grocery,2814.7400000000002,4,703.6850000000001
2022-01,North America,Call Center,Home & Garden,3106.38,2,1553.19
2022-01,North America,Call Center,Sports,3854.12,6,642.3533333333334
2022-01,North America,In-Store,Beauty,16552.41,24,689.68375
2022-01,North America,In-Store,Electronics,31242.32,36,867.8422222222222
2022-01,North America,In-Store,Fashion,25634.56,32,801.08
2022-01,North America,In-Store,Food & Grocery,20080.36,25,803.2144000000001
2022-01,North America,In-Store,Home & Garden,34465.52,36,957.3755555555555
2022-01,North America,In-Store,Sports,25605.13,33,775.9130303030304
2022-01,North America,Mobile App,Beauty,28801.86,30,960.062
2022-01,North America,Mobile App,Electronics,19102.79,25,764.1116000000001
2022-01,North America,Mobile App,Fashion,16547.62,27,612.8748148148147
2022-01,North America,Mobile App,Food & Grocery,30407.14,31,980.8754838709677
2022-01,North America,Mobile App,Home & Garden,40736.57,41,993.5748780487805
2022-01,North America,Mobile App,Sports,14880.84,28,531.4585714285714
2022-01,North America,Online,Beauty,56644.42,50,1132.8884
2022-01,North America,Online,Electronics,30214.6,42,719.395238095238
2022-01,North America,Online,Fashion,25427.36,32,794.605
2022-01,North America,Online,Food & Grocery,35167.05,45,781.49
2022-01,North America,Online,Home & Garden,33693.62,44,765.764090909091
2022-01,North America,Online,Sports,42596.06,60,709.9343333333333
2022-01,Southeast Asia,Call Center,Beauty,730.0,2,365.0
2022-01,Southeast Asia,Call Center,Electronics,5085.65,6,847.6083333333332
2022-01,Southeast Asia,Call Center,Fashion,854.8900000000001,5,170.978
2022-01,Southeast Asia,Call Center,Food & Grocery,820.94,4,205.235
2022-01,Southeast Asia,Call Center,Sports,1387.2,2,693.6
2022-01,Southeast Asia,In-Store,Beauty,11825.55,14,844.6821428571428
2022-01,Southeast Asia,In-Store,Electronics,13187.48,16,824.2175
2022-01,Southeast Asia,In-Store,Fashion,8829.56,11,802.6872727272727
2022-01,Southeast Asia,In-Store,Food & Grocery,6419.16,14,458.51142857142855
2022-01,Southeast Asia,In-Store,Home & Garden,13957.2,17,821.0117647058823
2022-01,Southeast Asia,In-Store,Sports,5734.280000000001,11,521.2981818181819
2022-01,Southeast Asia,Mobile App,Beauty,9767.2,19,514.0631578947368
2022-01,Southeast Asia,Mobile App,Electronics,5322.98,15,354.8653333333333
2022-01,Southeast Asia,Mobile App,Fashion,10034.51,7,1433.5014285714285
2022-01,Southeast Asia,Mobile App,Food & Grocery,14076.51,14,1005.465
2022-01,Southeast Asia,Mobile App,Home & Garden,13713.23,14,979.5164285714285
2022-01,Southeast Asia,Mobile App,Sports,14096.09,18,783.1161111111111
2022-01,Southeast Asia,Online,Beauty,17509.17,21,833.7699999999999
2022-01,Southeast Asia,Online,Electronics,10890.35,22,495.01590909090913
2022-01,Southeast Asia,Online,Fashion,10647.15,14,760.5107142857142
2022-01,Southeast Asia,Online,Food & Grocery,21889.42,31,706.1103225806451
2022-01,Southeast Asia,Online,Home & Garden,14078.57,20,703.9285
2022-01,Southeast Asia,Online,Sports,8912.41,17,524.2594117647059
2022-02,Central Asia,Call Center,Beauty,4040.9,3,1346.9666666666667
2022-02,Central Asia,Call Center,Electronics,4232.26,5,846.452
2022-02,Central Asia,Call Center,Fashion,1795.44,4,448.86
2022-02,Central Asia,Call Center,Food & Grocery,2815.0899999999997,4,703.7724999999999
2022-02,Central Asia,Call Center,Home & Garden,919.9200000000001,2,459.96000000000004
2022-02,Central Asia,In-Store,Beauty,14124.18,16,882.76125
2022-02,Central Asia,In-Store,Electronics,6549.24,9,727.6933333333333
2022-02,Central Asia,In-Store,Fashion,9211.26,17,541.8388235294118
2022-02,Central Asia,In-Store,Food & Grocery,4929.82,7,704.26
2022-02,Central Asia,In-Store,Home & Garden,14249.19,14,1017.7992857142857
2022-02,Central Asia,In-Store,Sports,6566.67,10,656.667
2022-02,Central Asia,Mobile App,Beauty,13280.99,13,1021.6146153846154
2022-02,Central Asia,Mobile App,Electronics,10202.27,13,784.7900000000001
2022-02,Central Asia,Mobile App,Fashion,9932.51,11,902.9554545454546
2022-02,Central Asia,Mobile App,Food & Grocery,2437.06,6,406.1766666666667
2022-02,Central Asia,Mobile App,Home & Garden,6854.54,6,1142.4233333333334
2022-02,Central Asia,Mobile App,Sports,11074.21,13,851.8623076923076
2022-02,Central Asia,Online,Beauty,10281.64,16,642.6025
2022-02,Central Asia,Online,Electronics,10855.33,14,775.3807142857142
2022-02,Central Asia,Online,Fashion,7167.66,17,421.6270588235294
2022-02,Central Asia,Online,Food & Grocery,12243.25,15,816.2166666666667
2022-02,Central Asia,Online,Home & Garden,10437.62,14,745.5442857142858
2022-02,Central Asia,Online,Sports,12009.68,11,1091.7890909090909
2022-02,Europe,Call Center,Beauty,3618.05,2,1809.025
2022-02,Europe,Call Center,Electronics,1720.3300000000002,4,430.08250000000004
2022-02,Europe,Call Center,Fashion,865.9100000000001,2,432.95500000000004
2022-02,Europe,Call Center,Food & Grocery,1707.39,2,853.695
2022-02,Europe,Call Center,Home & Garden,4293.389999999999,4,1073.3474999999999
2022-02,Europe,Call Center,Sports,630.35,3,210.11666666666667
2022-02,Europe,In-Store,Beauty,22827.59,26,877.9842307692307
2022-02,Europe,In-Store,Electronics,15563.16,26,598.5830769230769
2022-02,Europe,In-Store,Fashion,12782.94,16,798.93375
2022-02,Europe,In-Store,Food & Grocery,18638.99,29,642.7237931034483
2022-02,Europe,In-Store,Home & Garden,3593.73,6,598.955
2022-02,Europe,In-Store,Sports,16472.77,24,686.3654166666666
2022-02,Europe,Mobile App,Beauty,17528.52,22,796.7509090909091
2022-02,Europe,Mobile App,Electronics,14717.12,18,817.6177777777779
2022-02,Europe,Mobile App,Fashion,29358.579999999998,29,1012.3648275862068
2022-02,Europe,Mobile App,Food & Grocery,20333.97,19,1070.2089473684211
2022-02,Europe,Mobile App,Home & Garden,13344.39,24,556.01625
2022-02,Europe,Mobile App,Sports,28890.07,25,1155.6028
2022-02,Europe,Online,Beauty,25781.05,22,1171.865909090909
2022-02,Europe,Online,Electronics,27568.95,33,835.4227272727273
2022-02,Europe,Online,Fashion,21856.56,28,780.5914285714287
2022-02,Europe,Online,Food & Grocery,20776.48,20,1038.824
2022-02,Europe,Online,Home & Garden,17367.76,30,578.9253333333332
2022-02,Europe,Online,Sports,32274.05,32,1008.5640625
2022-02,MENA,Call Center,Beauty,1775.29,3,591.7633333333333
2022-02,MENA,Call Center,Electronics,674.39,3,224.79666666666665
2022-02,MENA,Call Center,Food & Grocery,1434.07,1,1434.07
2022-02,MENA,Call Center,Home & Garden,2428.99,4,607.2475
2022-02,MENA,Call Center,Sports,2606.55,2,1303.275
2022-02,MENA,In-Store,Beauty,8583.78,12,715.315
2022-02,MENA,In-Store,Electronics,11222.08,19,590.6357894736842
2022-02,MENA,In-Store,Fashion,10413.51,15,694.234
2022-02,MENA,In-Store,Food & Grocery,7225.14,13,555.78
2022-02,MENA,In-Store,Home & Garden,10468.46,14,747.7471428571428
2022-02,MENA,In-Store,Sports,14788.81,14,1056.3435714285713
2022-02,MENA,Mobile App,Beauty,8977.38,12,748.1149999999999
2022-02,MENA,Mobile App,Electronics,4904.12,10,490.412
2022-02,MENA,Mobile App,Fashion,10134.029999999999,10,1013.4029999999999
2022-02,MENA,Mobile App,Food & Grocery,9830.39,11,893.6718181818181
2022-02,MENA,Mobile App,Home & Garden,9337.91,12,778.1591666666667
2022-02,MENA,Mobile App,Sports,9790.56,17,575.915294117647
2022-02,MENA,Online,Beauty,17250.57,13,1326.966923076923
2022-02,MENA,Online,Electronics,13687.71,18,760.4283333333333
2022-02,MENA,Online,Fashion,22209.77,21,1057.6080952380953
2022-02,MENA,Online,Food & Grocery,15725.84,17,925.0494117647058
2022-02,MENA,Online,Home & Garden,11485.75,20,574.2875
2022-02,MENA,Online,Sports,17012.28,19,895.3831578947368
2022-02,North America,Call Center,Beauty,782.87,2,391.435
2022-02,North America,Call Center,Electronics,7682.31,3,2560.77
2022-02,North America,Call Center,Fashion,1010.92,2,505.46
2022-02,North America,Call Center,Food & Grocery,6448.65,6,1074.7749999999999
2022-02,North America,Call Center,Home & Garden,3178.23,2,1589.115
2022-02,North America,Call Center,Sports,6871.79,6,1145.2983333333334
2022-02,North America,In-Store,Beauty,28567.06,31,921.5180645161291
2022-02,North America,In-Store,Electronics,14394.17,22,654.2804545454545
2022-02,North America,In-Store,Fashion,17663.11,25,706.5244
2022-02,North America,In-Store,Food & Grocery,25504.27,34,750.1255882352941
2022-02,North America,In-Store,Home & Garden,11762.29,21,560.1090476190477
2022-02,North America,In-Store,Sports,20508.54,22,932.2063636363637
2022-02,North America,Mobile App,Beauty,15843.38,23,688.8426086956522
2022-02,North America,Mobile App,Electronics,17690.99,24,737.1245833333334
2022-02,North America,Mobile App,Fashion,27670.46,30,922.3486666666666
2022-02,North America,Mobile App,Food & Grocery,25448.54,29,877.5358620689656
2022-02,North America,Mobile App,Home & Garden,11189.21,15,745.9473333333333
2022-02,North America,Mobile App,Sports,15221.35,20,761.0675
2022-02,North America,Online,Beauty,29043.54,39,744.7061538461538
2022-02,North America,Online,Electronics,42384.9,39,1086.7923076923078
2022-02,North America,Online,Fashion,36199.0,40,904.975
2022-02,North America,Online,Food & Grocery,19613.27,25,784.5308
2022-02,North America,Online,Home & Garden,35596.57,41,868.2090243902439
2022-02,North America,Online,Sports,30131.329999999998,40,753.28325
2022-02,Southeast Asia,Call Center,Beauty,2411.5299999999997,3,803.8433333333332
2022-02,Southeast Asia,Call Center,Fashion,3308.34,2,1654.17
2022-02,Southeast Asia,Call Center,Food & Grocery,1645.0,4,411.25
2022-02,Southeast Asia,Call Center,Home & Garden,155.18,1,155.18
2022-02,Southeast Asia,Call Center,Sports,214.42,1,214.42
2022-02,Southeast Asia,In-Store,Beauty,8011.85,11,728.35
2022-02,Southeast Asia,In-Store,Electronics,4845.54,9,538.3933333333333
2022-02,Southeast Asia,In-Store,Fashion,10903.3,14,778.8071428571428
2022-02,Southeast Asia,In-Store,Food & Grocery,10715.23,13,824.2484615384615
2022-02,Southeast Asia,In-Store,Home & Garden,8871.88,11,806.5345454545454
2022-02,Southeast Asia,In-Store,Sports,4368.22,11,397.1109090909091
2022-02,Southeast Asia,Mobile App,Beauty,9148.25,8,1143.53125
2022-02,Southeast Asia,Mobile App,Electronics,10237.53,10,1023.753
2022-02,Southeast Asia,Mobile App,Fashion,5723.61,10,572.361
2022-02,Southeast Asia,Mobile App,Food & Grocery,9447.33,9,1049.7033333333334
2022-02,Southeast Asia,Mobile App,Home & Garden,7743.53,11,703.9572727272727
2022-02,Southeast Asia,Mobile App,Sports,10890.43,14,777.8878571428571
2022-02,Southeast Asia,Online,Beauty,18840.02,18,1046.6677777777777
2022-02,Southeast Asia,Online,Electronics,10103.73,16,631.483125
2022-02,Southeast Asia,Online,Fashion,15275.73,17,898.5723529411764
2022-02,Southeast Asia,Online,Food & Grocery,6870.3,11,624.5727272727273
2022-02,Southeast Asia,Online,Home & Garden,11237.39,16,702.336875
2022-02,Southeast Asia,Online,Sports,11522.970000000001,13,886.3823076923078
2022-03,Central Asia,Call Center,Beauty,2457.87,1,2457.87
2022-03,Central Asia,Call Center,Electronics,522.73,3,174.24333333333334
2022-03,Central Asia,Call Center,Fashion,3388.27,3,1129.4233333333334
2022-03,Central Asia,Call Center,Home & Garden,682.19,1,682.19
2022-03,Central Asia,Call Center,Sports,523.05,1,523.05
2022-03,Central Asia,In-Store,Beauty,14869.25,14,1062.0892857142858
2022-03,Central Asia,In-Store,Electronics,10473.779999999999,13,805.6753846153845
2022-03,Central Asia,In-Store,Fashion,9279.09,17,545.8288235294118
2022-03,Central Asia,In-Store,Food & Grocery,8769.95,12,730.8291666666668
2022-03,Central Asia,In-Store,Home & Garden,14562.439999999999,17,856.6141176470587
2022-03,Central Asia,In-Store,Sports,2654.36,9,294.9288888888889
2022-03,Central Asia,Mobile App,Beauty,10781.300000000001,13,829.3307692307693
2022-03,Central Asia,Mobile App,Electronics,13603.02,14,971.6442857142857
2022-03,Central Asia,Mobile App,Fashion,11780.87,13,906.2207692307693
2022-03,Central Asia,Mobile App,Food & Grocery,7714.42,11,701.3109090909091
2022-03,Central Asia,Mobile App,Home & Garden,4632.73,9,514.7477777777777
2022-03,Central Asia,Mobile App,Sports,8786.1,12,732.1750000000001
2022-03,Central Asia,Online,Beauty,15137.029999999999,17,890.4135294117647
2022-03,Central Asia,Online,Electronics,9963.3,10,996.3299999999999
2022-03,Central Asia,Online,Fashion,15097.64,18,838.7577777777777
2022-03,Central Asia,Online,Food & Grocery,15060.88,20,753.044
2022-03,Central Asia,Online,Home & Garden,12468.21,16,779.263125
2022-03,Central Asia,Online,Sports,12214.95,15,814.33
2022-03,Europe,Call Center,Beauty,5593.7,6,932.2833333333333
2022-03,Europe,Call Center,Electronics,477.61,1,477.61
2022-03,Europe,Call Center,Fashion,257.83,2,128.915
2022-03,Europe,Call Center,Food & Grocery,1309.12,3,436.3733333333333
2022-03,Europe,Call Center,Home & Garden,2145.66,4,536.415
2022-03,Europe,Call Center,Sports,3653.0399999999995,4,913.2599999999999
2022-03,Europe,In-Store,Beauty,17495.9,25,699.836
2022-03,Europe,In-Store,Electronics,14745.48,14,1053.2485714285715
2022-03,Europe,In-Store,Fashion,12321.62,20,616.081
2022-03,Europe,In-Store,Food & Grocery,24821.86,27,919.3281481481482
2022-03,Europe,In-Store,Home & Garden,11972.33,22,544.1968181818182
2022-03,Europe,In-Store,Sports,19471.37,23,846.5813043478261
2022-03,Europe,Mobile App,Beauty,24287.44,29,837.4979310344827
2022-03,Europe,Mobile App,Electronics,18850.59,21,897.6471428571429
2022-03,Europe,Mobile App,Fashion,10418.73,19,548.3542105263158
2022-03,Europe,Mobile App,Food & Grocery,4849.900000000001,13,373.0692307692308
2022-03,Europe,Mobile App,Home & Garden,14804.14,19,779.1652631578947
2022-03,Europe,Mobile App,Sports,14262.41,21,679.162380952381
2022-03,Europe,Online,Beauty,25402.96,36,705.6377777777777
2022-03,Europe,Online,Electronics,24681.19,34,725.9173529411764
2022-03,Europe,Online,Fashion,20315.41,26,781.3619230769231
2022-03,Europe,Online,Food & Grocery,35457.46,41,864.8160975609755
2022-03,Europe,Online,Home & Garden,31513.88,37,851.7264864864865
2022-03,Europe,Online,Sports,27525.11,43,640.1188372093023
2022-03,MENA,Call Center,Beauty,819.03,1,819.03
2022-03,MENA,Call Center,Electronics,1731.32,3,577.1066666666667
2022-03,MENA,Call Center,Fashion,5707.54,6,951.2566666666667
2022-03,MENA,Call Center,Food & Grocery,3046.96,3,1015.6533333333333
2022-03,MENA,Call Center,Home & Garden,2423.99,3,807.9966666666666
2022-03,MENA,Call Center,Sports,6506.32,3,2168.773333333333
2022-03,MENA,In-Store,Beauty,13368.11,21,636.5766666666667
2022-03,MENA,In-Store,Electronics,13330.779999999999,12,1110.8983333333333
2022-03,MENA,In-Store,Fashion,9724.84,12,810.4033333333333
2022-03,MENA,In-Store,Food & Grocery,10878.83,18,604.3794444444444
2022-03,MENA,In-Store,Home & Garden,11006.34,13,846.6415384615385
2022-03,MENA,In-Store,Sports,12693.05,15,846.2033333333333
2022-03,MENA,Mobile App,Beauty,8895.42,10,889.542
2022-03,MENA,Mobile App,Electronics,6231.3,10,623.13
2022-03,MENA,Mobile App,Fashion,12342.42,19,649.6010526315789
2022-03,MENA,Mobile App,Food & Grocery,6339.0,16,396.1875
2022-03,MENA,Mobile App,Home & Garden,10114.08,11,919.4618181818182
2022-03,MENA,Mobile App,Sports,12149.210000000001,15,809.9473333333334
2022-03,MENA,Online,Beauty,17160.17,20,858.0084999999999
2022-03,MENA,Online,Electronics,23036.36,23,1001.5808695652174
2022-03,MENA,Online,Fashion,14661.09,23,637.4386956521739
2022-03,MENA,Online,Food & Grocery,23930.41,30,797.6803333333334
2022-03,MENA,Online,Home & Garden,13468.9,25,538.756
2022-03,MENA,Online,Sports,26644.920000000002,27,986.848888888889
2022-03,North America,Call Center,Beauty,4958.16,7,708.3085714285714
2022-03,North America,Call Center,Electronics,912.0699999999999,3,304.0233333333333
2022-03,North America,Call Center,Fashion,3530.89,5,706.178
2022-03,North America,Call Center,Food & Grocery,4425.25,4,1106.3125
2022-03,North America,Call Center,Home & Garden,5779.27,6,963.2116666666667
2022-03,North America,Call Center,Sports,5554.780000000001,3,1851.5933333333335
2022-03,North America,In-Store,Beauty,13918.86,28,497.1021428571429
2022-03,North America,In-Store,Electronics,39424.15,41,961.5646341463415
2022-03,North America,In-Store,Fashion,34354.63,34,1010.430294117647
2022-03,North America,In-Store,Food & Grocery,38379.31,37,1037.2786486486486
2022-03,North America,In-Store,Home & Garden,30346.67,31,978.9248387096774
2022-03,North America,In-Store,Sports,32675.29,34,961.0379411764707
2022-03,North America,Mobile App,Beauty,23502.27,29,810.4231034482759
2022-03,North America,Mobile App,Electronics,18016.81,28,643.4575000000001
2022-03,North America,Mobile App,Fashion,34904.88,38,918.5494736842105
2022-03,North America,Mobile App,Food & Grocery,23985.99,32,749.5621875
2022-03,North America,Mobile App,Home & Garden,21771.49,34,640.3379411764706
2022-03,North America,Mobile App,Sports,30444.36,31,982.0761290322581
2022-03,North America,Online,Beauty,41357.96,46,899.0860869565217
2022-03,North America,Online,Electronics,35584.97,43,827.5574418604651
2022-03,North America,Online,Fashion,30044.8,37,812.0216216216216
2022-03,North America,Online,Food & Grocery,26417.98,30,880.5993333333333
2022-03,North America,Online,Home & Garden,45765.13,49,933.9822448979592
2022-03,North America,Online,Sports,27351.99,33,828.8481818181818
2022-03,Southeast Asia,Call Center,Beauty,772.8,1,772.8
2022-03,Southeast Asia,Call Center,Electronics,1171.03,3,390.3433333333333
2022-03,Southeast Asia,Call Center,Fashion,218.29,1,218.29
2022-03,Southeast Asia,Call Center,Food & Grocery,4621.73,7,660.2471428571428
2022-03,Southeast Asia,Call Center,Home & Garden,4250.95,4,1062.7375
2022-03,Southeast Asia,Call Center,Sports,3101.1099999999997,2,1550.5549999999998
2022-03,Southeast Asia,In-Store,Beauty,11318.12,11,1028.92
2022-03,Southeast Asia,In-Store,Electronics,8796.4,16,549.775
2022-03,Southeast Asia,In-Store,Fashion,15056.03,14,1075.4307142857144
2022-03,Southeast Asia,In-Store,Food & Grocery,9715.43,14,693.9592857142858
2022-03,Southeast Asia,In-Store,Home & Garden,3435.17,11,312.28818181818184
2022-03,Southeast Asia,In-Store,Sports,7846.049999999999,8,980.7562499999999
2022-03,Southeast Asia,Mobile App,Beauty,18840.51,16,1177.531875
2022-03,Southeast Asia,Mobile App,Electronics,8532.98,8,1066.6225
2022-03,Southeast Asia,Mobile App,Fashion,9597.07,12,799.7558333333333
2022-03,Southeast Asia,Mobile App,Food & Grocery,10024.63,10,1002.463
2022-03,Southeast Asia,Mobile App,Home & Garden,12653.11,19,665.9531578947368
2022-03,Southeast Asia,Mobile App,Sports,14685.9,16,917.86875
2022-03,Southeast Asia,Online,Beauty,16260.130000000001,18,903.3405555555556
2022-03,Southeast Asia,Online,Electronics,14334.24,15,955.616
2022-03,Southeast Asia,Online,Fashion,15091.61,26,580.4465384615385
2022-03,Southeast Asia,Online,Food & Grocery,12165.43,18,675.8572222222223
2022-03,Southeast Asia,Online,Home & Garden,6614.6900000000005,9,734.9655555555556
2022-03,Southeast Asia,Online,Sports,9344.95,18,519.1638888888889
2022-04,Central Asia,Call Center,Beauty,3144.16,2,1572.08
2022-04,Central Asia,Call Center,Electronics,567.76,1,567.76
2022-04,Central Asia,Call Center,Fashion,447.07,1,447.07
2022-04,Central Asia,Call Center,Food & Grocery,2986.54,4,746.635
2022-04,Central Asia,Call Center,Home & Garden,6969.7,5,1393.94
2022-04,Central Asia,Call Center,Sports,66.67,1,66.67
2022-04,Central Asia,In-Store,Beauty,11815.3,10,1181.53
2022-04,Central Asia,In-Store,Electronics,8340.449999999999,12,695.0374999999999
2022-04,Central Asia,In-Store,Fashion,22722.47,21,1082.022380952381
2022-04,Central Asia,In-Store,Food & Grocery,4454.45,10,445.445
2022-04,Central Asia,In-Store,Home & Garden,15947.54,13,1226.7338461538461
2022-04,Central Asia,In-Store,Sports,5219.08,9,579.8977777777777
2022-04,Central Asia,Mobile App,Beauty,10701.63,12,891.8024999999999
2022-04,Central Asia,Mobile App,Electronics,12101.4,9,1344.6
2022-04,Central Asia,Mobile App,Fashion,11115.470000000001,10,1111.547
2022-04,Central Asia,Mobile App,Food & Grocery,9921.6,16,620.1
2022-04,Central Asia,Mobile App,Home & Garden,17575.04,18,976.3911111111112
2022-04,Central Asia,Mobile App,Sports,4892.45,10,489.245
2022-04,Central Asia,Online,Beauty,22620.4,21,1077.161904761905
2022-04,Central Asia,Online,Electronics,20020.35,15,1334.6899999999998
2022-04,Central Asia,Online,Fashion,19458.39,17,1144.6111764705881
2022-04,Central Asia,Online,Food & Grocery,6204.8,11,564.0727272727273
2022-04,Central Asia,Online,Home & Garden,17238.16,21,820.8647619047618
2022-04,Central Asia,Online,Sports,12385.41,9,1376.1566666666668
2022-04,Europe,Call Center,Beauty,1259.77,3,419.92333333333335
2022-04,Europe,Call Center,Electronics,3336.59,5,667.318
2022-04,Europe,Call Center,Fashion,5469.62,6,911.6033333333334
2022-04,Europe,Call Center,Food & Grocery,6908.99,6,1151.4983333333332
2022-04,Europe,Call Center,Home & Garden,2967.91,5,593.582
2022-04,Europe,Call Center,Sports,450.64,2,225.32
2022-04,Europe,In-Store,Beauty,12473.8,13,959.5230769230768
2022-04,Europe,In-Store,Electronics,19630.72,20,981.5360000000001
2022-04,Europe,In-Store,Fashion,18147.08,20,907.354
2022-04,Europe,In-Store,Food & Grocery,21606.75,27,800.25
2022-04,Europe,In-Store,Home & Garden,13322.04,28,475.7871428571429
2022-04,Europe,In-Store,Sports,21162.55,25,846.502
2022-04,Europe,Mobile App,Beauty,20399.9,19,1073.6789473684212
2022-04,Europe,Mobile App,Electronics,20468.88,22,930.4036363636365
2022-04,Europe,Mobile App,Fashion,18548.36,31,598.3341935483871
2022-04,Europe,Mobile App,Food & Grocery,14409.880000000001,15,960.6586666666667
2022-04,Europe,Mobile App,Home & Garden,17445.36,21,830.7314285714286
2022-04,Europe,Mobile App,Sports,19002.21,18,1055.6783333333333
2022-04,Europe,Online,Beauty,30778.5,38,809.9605263157895
2022-04,Europe,Online,Electronics,23237.74,29,801.3013793103448
2022-04,Europe,Online,Fashion,22054.35,28,787.655357142857
2022-04,Europe,Online,Food & Grocery,28466.04,30,948.868
2022-04,Europe,Online,Home & Garden,24586.89,30,819.563
2022-04,Europe,Online,Sports,18493.41,31,596.5616129032258
2022-04,MENA,Call Center,Beauty,406.69000000000005,2,203.34500000000003
2022-04,MENA,Call Center,Electronics,1019.98,1,1019.98
2022-04,MENA,Call Center,Fashion,9869.64,6,1644.9399999999998
2022-04,MENA,Call Center,Food & Grocery,7244.34,5,1448.868
2022-04,MENA,Call Center,Home & Garden,1766.85,3,588.9499999999999
2022-04,MENA,Call Center,Sports,2975.52,5,595.104
2022-04,MENA,In-Store,Beauty,11910.039999999999,14,850.7171428571428
2022-04,MENA,In-Store,Electronics,14468.79,17,851.1052941176471
2022-04,MENA,In-Store,Fashion,15746.4,16,984.15
2022-04,MENA,In-Store,Food & Grocery,15058.43,23,654.714347826087
2022-04,MENA,In-Store,Home & Garden,27044.86,18,1502.4922222222222
2022-04,MENA,In-Store,Sports,10633.99,11,966.7263636363637
2022-04,MENA,Mobile App,Beauty,12641.02,18,702.2788888888889
2022-04,MENA,Mobile App,Electronics,17246.68,20,862.3340000000001
2022-04,MENA,Mobile App,Fashion,9200.12,12,766.6766666666667
2022-04,MENA,Mobile App,Food & Grocery,8848.76,16,553.0475
2022-04,MENA,Mobile App,Home & Garden,9777.11,14,698.365
2022-04,MENA,Mobile App,Sports,12612.01,20,630.6005
2022-04,MENA,Online,Beauty,17458.88,23,759.0817391304348
2022-04,MENA,Online,Electronics,9199.98,19,484.2094736842105
2022-04,MENA,Online,Fashion,25570.54,25,1022.8216
2022-04,MENA,Online,Food & Grocery,23000.91,27,851.8855555555556
2022-04,MENA,Online,Home & Garden,21014.07,26,808.2334615384615
2022-04,MENA,Online,Sports,23515.07,27,870.9285185185186
2022-04,North America,Call Center,Beauty,1440.94,3,480.31333333333333
2022-04,North America,Call Center,Electronics,1847.0900000000001,5,369.418
2022-04,North America,Call Center,Fashion,5316.280000000001,8,664.5350000000001
2022-04,North America,Call Center,Food & Grocery,5834.950000000001,5,1166.9900000000002
2022-04,North America,Call Center,Home & Garden,4693.7,7,670.5285714285714
2022-04,North America,Call Center,Sports,3688.39,5,737.678
2022-04,North America,In-Store,Beauty,30779.09,34,905.2673529411765
2022-04,North America,In-Store,Electronics,9866.66,13,758.9738461538461
2022-04,North America,In-Store,Fashion,16936.55,34,498.13382352941176
2022-04,North America,In-Store,Food & Grocery,27322.9,34,803.614705882353
2022-04,North America,In-Store,Home & Garden,23154.67,29,798.4368965517241
2022-04,North America,In-Store,Sports,22977.29,25,919.0916000000001
2022-04,North America,Mobile App,Beauty,29107.98,28,1039.5707142857143
2022-04,North America,Mobile App,Electronics,21521.44,32,672.545
2022-04,North America,Mobile App,Fashion,17991.67,27,666.3581481481481
2022-04,North America,Mobile App,Food & Grocery,16353.81,20,817.6904999999999
2022-04,North America,Mobile App,Home & Garden,21250.46,26,817.3253846153846
2022-04,North America,Mobile App,Sports,27413.81,33,830.7215151515152
2022-04,North America,Online,Beauty,32341.46,46,703.0752173913044
2022-04,North America,Online,Electronics,29694.04,40,742.351
2022-04,North America,Online,Fashion,25265.14,37,682.8416216216216
2022-04,North America,Online,Food & Grocery,29527.46,38,777.0384210526315
2022-04,North America,Online,Home & Garden,29163.25,34,857.7426470588235
2022-04,North America,Online,Sports,33712.33,42,802.6745238095239
2022-04,Southeast Asia,Call Center,Beauty,777.53,3,259.1766666666667
2022-04,Southeast Asia,Call Center,Electronics,4226.3,2,2113.15
2022-04,Southeast Asia,Call Center,Fashion,164.26,1,164.26
2022-04,Southeast Asia,Call Center,Food & Grocery,258.53,1,258.53
2022-04,Southeast Asia,Call Center,Home & Garden,2349.9300000000003,3,783.3100000000001
2022-04,Southeast Asia,Call Center,Sports,3251.94,3,1083.98
2022-04,Southeast Asia,In-Store,Beauty,15461.46,23,672.2373913043477
2022-04,Southeast Asia,In-Store,Electronics,12025.64,12,1002.1366666666667
2022-04,Southeast Asia,In-Store,Fashion,9265.529999999999,10,926.5529999999999
2022-04,Southeast Asia,In-Store,Food & Grocery,6893.75,14,492.4107142857143
2022-04,Southeast Asia,In-Store,Home & Garden,5952.860000000001,8,744.1075000000001
2022-04,Southeast Asia,In-Store,Sports,11541.18,10,1154.118
2022-04,Southeast Asia,Mobile App,Beauty,7052.02,15,470.1346666666667
2022-04,Southeast Asia,Mobile App,Electronics,13318.960000000001,15,887.9306666666668
2022-04,Southeast Asia,Mobile App,Fashion,13787.08,13,1060.5446153846153
2022-04,Southeast Asia,Mobile App,Food & Grocery,6039.5,7,862.7857142857143
2022-04,Southeast Asia,Mobile App,Home & Garden,7934.87,13,610.3746153846154
2022-04,Southeast Asia,Mobile App,Sports,5865.27,14,418.9478571428572
2022-04,Southeast Asia,Online,Beauty,14973.48,19,788.077894736842
2022-04,Southeast Asia,Online,Electronics,17399.38,19,915.7568421052632
2022-04,Southeast Asia,Online,Fashion,11471.75,17,674.8088235294117
2022-04,Southeast Asia,Online,Food & Grocery,15629.99,14,1116.4278571428572
2022-04,Southeast Asia,Online,Home & Garden,11973.49,16,748.343125
2022-04,Southeast Asia,Online,Sports,6471.610000000001,13,497.8161538461539
2022-05,Central Asia,Call Center,Electronics,244.01,1,244.01
2022-05,Central Asia,Call Center,Fashion,1197.29,2,598.645
2022-05,Central Asia,Call Center,Food & Grocery,1312.7900000000002,3,437.59666666666675
2022-05,Central Asia,Call Center,Home & Garden,166.89,1,166.89
2022-05,Central Asia,Call Center,Sports,500.28999999999996,2,250.14499999999998
2022-05,Central Asia,In-Store,Beauty,11859.68,16,741.23
2022-05,Central Asia,In-Store,Electronics,8331.23,8,1041.40375
2022-05,Central Asia,In-Store,Fashion,2995.8700000000003,5,599.1740000000001
2022-05,Central Asia,In-Store,Food & Grocery,3604.79,10,360.479
2022-05,Central Asia,In-Store,Home & Garden,6233.06,11,566.6418181818182
2022-05,Central Asia,In-Store,Sports,3802.3599999999997,6,633.7266666666666
2022-05,Central Asia,Mobile App,Beauty,7785.429999999999,10,778.5429999999999
2022-05,Central Asia,Mobile App,Electronics,3670.0099999999998,8,458.75124999999997
2022-05,Central Asia,Mobile App,Fashion,7179.88,8,897.485
2022-05,Central Asia,Mobile App,Food & Grocery,8881.58,13,683.1984615384615
2022-05,Central Asia,Mobile App,Home & Garden,3526.21,6,587.7016666666667
2022-05,Central Asia,Mobile App,Sports,7763.900000000001,9,862.6555555555556
2022-05,Central Asia,Online,Beauty,8883.43,12,740.2858333333334
2022-05,Central Asia,Online,Electronics,19452.12,23,845.7443478260869
2022-05,Central Asia,Online,Fashion,12860.62,15,857.3746666666667
2022-05,Central Asia,Online,Food & Grocery,6628.79,9,736.5322222222222
2022-05,Central Asia,Online,Home & Garden,7163.29,11,651.2081818181819
2022-05,Central Asia,Online,Sports,21721.51,23,944.4134782608695
2022-05,Europe,Call Center,Beauty,1766.28,3,588.76
2022-05,Europe,Call Center,Electronics,3872.32,4,968.08
2022-05,Europe,Call Center,Fashion,7910.87,7,1130.1242857142856
2022-05,Europe,Call Center,Food & Grocery,1144.27,3,381.42333333333335
2022-05,Europe,Call Center,Home & Garden,3902.05,7,557.4357142857143
2022-05,Europe,Call Center,Sports,3759.67,5,751.934
2022-05,Europe,In-Store,Beauty,27384.690000000002,27,1014.2477777777779
2022-05,Europe,In-Store,Electronics,15638.88,24,651.62
2022-05,Europe,In-Store,Fashion,22441.44,23,975.7147826086956
2022-05,Europe,In-Store,Food & Grocery,16226.49,23,705.4995652173913
2022-05,Europe,In-Store,Home & Garden,15496.380000000001,21,737.9228571428572
2022-05,Europe,In-Store,Sports,25284.09,25,1011.3636
2022-05,Europe,Mobile App,Beauty,10147.95,19,534.1026315789474
2022-05,Europe,Mobile App,Electronics,9368.17,23,407.3117391304348
2022-05,Europe,Mobile App,Fashion,15659.16,19,824.1663157894736
2022-05,Europe,Mobile App,Food & Grocery,15668.69,18,870.4827777777778
2022-05,Europe,Mobile App,Home & Garden,19732.06,20,986.6030000000001
2022-05,Europe,Mobile App,Sports,24725.59,23,1075.0256521739132
2022-05,Europe,Online,Beauty,22713.24,39,582.3907692307693
2022-05,Europe,Online,Electronics,26154.43,32,817.3259375
2022-05,Europe,Online,Fashion,35139.82,34,1033.5241176470588
2022-05,Europe,Online,Food & Grocery,17585.97,27,651.3322222222223
2022-05,Europe,Online,Home & Garden,21766.62,30,725.554
2022-05,Europe,Online,Sports,26354.37,32,823.5740625
2022-05,MENA,Call Center,Beauty,1680.73,3,560.2433333333333
2022-05,MENA,Call Center,Electronics,2856.04,3,952.0133333333333
2022-05,MENA,Call Center,Fashion,6323.52,4,1580.88
2022-05,MENA,Call Center,Food & Grocery,4227.0599999999995,3,1409.0199999999998
2022-05,MENA,Call Center,Home & Garden,737.3100000000001,3,245.77
2022-05,MENA,Call Center,Sports,3051.4300000000003,4,762.8575000000001
2022-05,MENA,In-Store,Beauty,13005.51,18,722.5283333333333
2022-05,MENA,In-Store,Electronics,14592.39,16,912.024375
2022-05,MENA,In-Store,Fashion,14205.35,16,887.834375
2022-05,MENA,In-Store,Food & Grocery,9176.01,13,705.8469230769231
2022-05,MENA,In-Store,Home & Garden,15774.789999999999,19,830.2521052631579
2022-05,MENA,In-Store,Sports,18838.78,21,897.0847619047619
2022-05,MENA,Mobile App,Beauty,11380.18,13,875.3984615384616
2022-05,MENA,Mobile App,Electronics,11247.28,18,624.848888888889
2022-05,MENA,Mobile App,Fashion,9848.65,13,757.5884615384615
2022-05,MENA,Mobile App,Food & Grocery,17706.77,16,1106.673125
2022-05,MENA,Mobile App,Home & Garden,7352.6,15,490.17333333333335
2022-05,MENA,Mobile App,Sports,4224.51,11,384.04636363636365
2022-05,MENA,Online,Beauty,22680.91,23,986.1265217391305
2022-05,MENA,Online,Electronics,11231.99,19,591.1573684210526
2022-05,MENA,Online,Fashion,19167.399999999998,21,912.7333333333332
2022-05,MENA,Online,Food & Grocery,26155.47,22,1188.885
2022-05,MENA,Online,Home & Garden,12243.64,13,941.8184615384615
2022-05,MENA,Online,Sports,34366.81,40,859.1702499999999
2022-05,North America,Call Center,Beauty,6853.39,7,979.0557142857143
2022-05,North America,Call Center,Electronics,2478.99,4,619.7475
2022-05,North America,Call Center,Fashion,123.59,1,123.59
2022-05,North America,Call Center,Food & Grocery,2264.43,5,452.88599999999997
2022-05,North America,Call Center,Home & Garden,5386.65,8,673.33125
2022-05,North America,Call Center,Sports,11482.9,7,1640.4142857142856
2022-05,North America,In-Store,Beauty,20712.72,26,796.6430769230769
2022-05,North America,In-Store,Electronics,23099.88,32,721.87125
2022-05,North America,In-Store,Fashion,23165.38,32,723.918125
2022-05,North America,In-Store,Food & Grocery,20940.28,33,634.5539393939393
2022-05,North America,In-Store,Home & Garden,23305.84,32,728.3075
2022-05,North America,In-Store,Sports,17015.2,28,607.6857142857143
2022-05,North America,Mobile App,Beauty,17970.08,27,665.5585185185186
2022-05,North America,Mobile App,Electronics,19290.48,26,741.9415384615385
2022-05,North America,Mobile App,Fashion,30945.02,37,836.3518918918919
2022-05,North America,Mobile App,Food & Grocery,22449.34,29,774.1151724137931
2022-05,North America,Mobile App,Home & Garden,25285.17,30,842.8389999999999
2022-05,North America,Mobile App,Sports,17834.97,30,594.499
2022-05,North America,Online,Beauty,31255.14,47,665.0029787234042
2022-05,North America,Online,Electronics,29359.54,39,752.808717948718
2022-05,North America,Online,Fashion,47229.91,56,843.39125
2022-05,North America,Online,Food & Grocery,23946.55,42,570.1559523809524
2022-05,North America,Online,Home & Garden,38284.51,35,1093.843142857143
2022-05,North America,Online,Sports,39287.8,52,755.5346153846154
2022-05,Southeast Asia,Call Center,Beauty,1104.92,1,1104.92
2022-05,Southeast Asia,Call Center,Electronics,3448.3,4,862.075
2022-05,Southeast Asia,Call Center,Food & Grocery,821.98,3,273.99333333333334
2022-05,Southeast Asia,Call Center,Home & Garden,885.61,3,295.2033333333333
2022-05,Southeast Asia,Call Center,Sports,2154.3,1,2154.3
2022-05,Southeast Asia,In-Store,Beauty,7809.96,14,557.8542857142858
2022-05,Southeast Asia,In-Store,Electronics,11939.34,16,746.20875
2022-05,Southeast Asia,In-Store,Fashion,23730.6,23,1031.7652173913043
2022-05,Southeast Asia,In-Store,Food & Grocery,16038.85,17,943.4617647058824
2022-05,Southeast Asia,In-Store,Home & Garden,8479.99,14,605.7135714285714
2022-05,Southeast Asia,In-Store,Sports,7399.93,10,739.993
2022-05,Southeast Asia,Mobile App,Beauty,7154.43,12,596.2025
2022-05,Southeast Asia,Mobile App,Electronics,28101.13,22,1277.324090909091
2022-05,Southeast Asia,Mobile App,Fashion,15508.970000000001,19,816.2615789473684
2022-05,Southeast Asia,Mobile App,Food & Grocery,13139.039999999999,13,1010.6953846153846
2022-05,Southeast Asia,Mobile App,Home & Garden,8569.960000000001,10,856.9960000000001
2022-05,Southeast Asia,Mobile App,Sports,9642.6,14,688.7571428571429
2022-05,Southeast Asia,Online,Beauty,11289.810000000001,15,752.6540000000001
2022-05,Southeast Asia,Online,Electronics,23542.22,22,1070.1009090909092
2022-05,Southeast Asia,Online,Fashion,14579.29,18,809.9605555555556
2022-05,Southeast Asia,Online,Food & Grocery,13451.17,23,584.8334782608696
2022-05,Southeast Asia,Online,Home & Garden,11493.17,21,547.2938095238095
2022-05,Southeast Asia,Online,Sports,16442.36,16,1027.6475
2022-06,Central Asia,Call Center,Beauty,3533.6099999999997,3,1177.87
2022-06,Central Asia,Call Center,Electronics,789.53,1,789.53
2022-06,Central Asia,Call Center,Fashion,4838.35,3,1612.7833333333335
2022-06,Central Asia,Call Center,Food & Grocery,4065.13,6,677.5216666666666
2022-06,Central Asia,Call Center,Home & Garden,3086.69,2,1543.345
2022-06,Central Asia,Call Center,Sports,1921.56,1,1921.56
2022-06,Central Asia,In-Store,Beauty,10091.4,11,917.4
2022-06,Central Asia,In-Store,Electronics,6386.92,8,798.365
2022-06,Central Asia,In-Store,Fashion,8288.49,13,637.5761538461538
2022-06,Central Asia,In-Store,Food & Grocery,4629.62,8,578.7025
2022-06,Central Asia,In-Store,Home & Garden,12967.529999999999,11,1178.8663636363635
2022-06,Central Asia,In-Store,Sports,8097.22,11,736.1109090909091
2022-06,Central Asia,Mobile App,Beauty,13553.56,17,797.2682352941176
2022-06,Central Asia,Mobile App,Electronics,3896.9300000000003,7,556.7042857142858
2022-06,Central Asia,Mobile App,Fashion,10349.720000000001,11,940.8836363636365
2022-06,Central Asia,Mobile App,Food & Grocery,12254.92,17,720.8776470588235
2022-06,Central Asia,Mobile App,Home & Garden,8531.89,12,710.9908333333333
2022-06,Central Asia,Mobile App,Sports,9241.77,11,840.1609090909092
2022-06,Central Asia,Online,Beauty,6384.07,12,532.0058333333333
2022-06,Central Asia,Online,Electronics,10634.91,21,506.4242857142857
2022-06,Central Asia,Online,Fashion,7895.41,10,789.5409999999999
2022-06,Central Asia,Online,Food & Grocery,9747.72,17,573.395294117647
2022-06,Central Asia,Online,Home & Garden,16323.019999999999,18,906.8344444444443
2022-06,Central Asia,Online,Sports,11113.66,17,653.744705882353
2022-06,Europe,Call Center,Beauty,1516.1800000000003,4,379.0450000000001
2022-06,Europe,Call Center,Electronics,2011.6100000000001,4,502.90250000000003
2022-06,Europe,Call Center,Fashion,1347.6,2,673.8
2022-06,Europe,Call Center,Food & Grocery,1872.9400000000003,4,468.23500000000007
2022-06,Europe,Call Center,Home & Garden,971.65,3,323.8833333333333
2022-06,Europe,In-Store,Beauty,15205.95,23,661.1282608695652
2022-06,Europe,In-Store,Electronics,18202.27,25,728.0908000000001
2022-06,Europe,In-Store,Fashion,26355.94,25,1054.2376
2022-06,Europe,In-Store,Food & Grocery,17139.96,28,612.1414285714285
2022-06,Europe,In-Store,Home & Garden,12999.27,20,649.9635000000001
2022-06,Europe,In-Store,Sports,13703.38,23,595.7991304347826
2022-06,Europe,Mobile App,Beauty,16102.15,18,894.5638888888889
2022-06,Europe,Mobile App,Electronics,21221.93,24,884.2470833333333
2022-06,Europe,Mobile App,Fashion,23416.04,23,1018.0886956521739
2022-06,Europe,Mobile App,Food & Grocery,16708.83,28,596.7439285714287
2022-06,Europe,Mobile App,Home & Garden,16402.489999999998,22,745.5677272727272
2022-06,Europe,Mobile App,Sports,17407.71,22,791.2595454545454
2022-06,Europe,Online,Beauty,22043.8,28,787.2785714285714
2022-06,Europe,Online,Electronics,23861.27,33,723.0687878787879
2022-06,Europe,Online,Fashion,27750.57,36,770.8491666666666
2022-06,Europe,Online,Food & Grocery,32533.65,33,985.8681818181818
2022-06,Europe,Online,Home & Garden,20423.65,33,618.8984848484849
2022-06,Europe,Online,Sports,30475.74,39,781.4292307692308
2022-06,MENA,Call Center,Beauty,829.3100000000001,2,414.65500000000003
2022-06,MENA,Call Center,Electronics,895.6099999999999,2,447.80499999999995
2022-06,MENA,Call Center,Fashion,4052.15,5,810.4300000000001
2022-06,MENA,Call Center,Food & Grocery,2058.98,4,514.745
2022-06,MENA,Call Center,Sports,1159.55,2,579.775
2022-06,MENA,In-Store,Beauty,10520.0,14,751.4285714285714
2022-06,MENA,In-Store,Electronics,15349.61,23,667.3743478260869
2022-06,MENA,In-Store,Fashion,10122.189999999999,15,674.8126666666666
2022-06,MENA,In-Store,Food & Grocery,7555.02,14,539.6442857142857
2022-06,MENA,In-Store,Home & Garden,10277.32,16,642.3325
2022-06,MENA,In-Store,Sports,10957.84,16,684.865
2022-06,MENA,Mobile App,Beauty,8865.85,10,886.585
2022-06,MENA,Mobile App,Electronics,16210.8,17,953.5764705882352
2022-06,MENA,Mobile App,Fashion,7944.71,10,794.471
2022-06,MENA,Mobile App,Food & Grocery,12086.23,18,671.4572222222222
2022-06,MENA,Mobile App,Home & Garden,7080.95,8,885.11875
2022-06,MENA,Mobile App,Sports,13250.74,17,779.4552941176471
2022-06,MENA,Online,Beauty,14075.029999999999,27,521.2974074074074
2022-06,MENA,Online,Electronics,10130.49,15,675.366
2022-06,MENA,Online,Fashion,18799.26,25,751.9703999999999
2022-06,MENA,Online,Food & Grocery,26513.43,28,946.9082142857143
2022-06,MENA,Online,Home & Garden,16213.369999999999,24,675.5570833333333
2022-06,MENA,Online,Sports,15735.460000000001,20,786.773
2022-06,North America,Call Center,Beauty,7586.21,5,1517.242
2022-06,North America,Call Center,Electronics,6175.02,8,771.8775
2022-06,North America,Call Center,Fashion,1527.6799999999998,3,509.22666666666663
2022-06,North America,Call Center,Food & Grocery,4381.0,5,876.2
2022-06,North America,Call Center,Home & Garden,407.1,2,203.55
2022-06,North America,Call Center,Sports,5242.91,7,748.9871428571429
2022-06,North America,In-Store,Beauty,23304.93,28,832.3189285714286
2022-06,North America,In-Store,Electronics,22754.93,25,910.1972000000001
2022-06,North America,In-Store,Fashion,9086.1,15,605.74
2022-06,North America,In-Store,Food & Grocery,28819.45,32,900.6078125
2022-06,North America,In-Store,Home & Garden,27082.27,29,933.8713793103449
2022-06,North America,In-Store,Sports,24063.45,35,687.5271428571428
2022-06,North America,Mobile App,Beauty,19348.95,23,841.258695652174
2022-06,North America,Mobile App,Electronics,16132.33,28,576.1546428571429
2022-06,North America,Mobile App,Fashion,29237.64,35,835.3611428571428
2022-06,North America,Mobile App,Food & Grocery,25364.08,31,818.1961290322581
2022-06,North America,Mobile App,Home & Garden,20717.86,29,714.4089655172414
2022-06,North America,Mobile App,Sports,21684.079999999998,32,677.6274999999999
2022-06,North America,Online,Beauty,32710.260000000002,45,726.8946666666667
2022-06,North America,Online,Electronics,38709.04,42,921.6438095238095
2022-06,North America,Online,Fashion,38567.73,40,964.19325
2022-06,North America,Online,Food & Grocery,33725.090000000004,42,802.9783333333335
2022-06,North America,Online,Home & Garden,36190.58,42,861.6804761904763
2022-06,North America,Online,Sports,33934.62,39,870.1184615384616
2022-06,Southeast Asia,Call Center,Beauty,568.82,1,568.82
2022-06,Southeast Asia,Call Center,Electronics,1550.39,4,387.5975
2022-06,Southeast Asia,Call Center,Fashion,586.85,1,586.85
2022-06,Southeast Asia,Call Center,Food & Grocery,186.83,1,186.83
2022-06,Southeast Asia,Call Center,Home & Garden,4646.34,5,929.268
2022-06,Southeast Asia,Call Center,Sports,2775.25,4,693.8125
2022-06,Southeast Asia,In-Store,Beauty,9174.68,12,764.5566666666667
2022-06,Southeast Asia,In-Store,Electronics,9159.68,12,763.3066666666667
2022-06,Southeast Asia,In-Store,Fashion,7217.97,10,721.797
2022-06,Southeast Asia,In-Store,Food & Grocery,8390.18,9,932.2422222222223
2022-06,Southeast Asia,In-Store,Home & Garden,6831.36,13,525.4892307692307
2022-06,Southeast Asia,In-Store,Sports,16475.5,23,716.3260869565217
2022-06,Southeast Asia,Mobile App,Beauty,13816.93,13,1062.8407692307692
2022-06,Southeast Asia,Mobile App,Electronics,20733.420000000002,14,1480.9585714285715
2022-06,Southeast Asia,Mobile App,Fashion,21755.58,13,1673.506153846154
2022-06,Southeast Asia,Mobile App,Food & Grocery,4906.63,9,545.1811111111111
2022-06,Southeast Asia,Mobile App,Home & Garden,7934.19,9,881.5766666666666
2022-06,Southeast Asia,Mobile App,Sports,6091.9400000000005,7,870.277142857143
2022-06,Southeast Asia,Online,Beauty,9294.05,17,546.7088235294117
2022-06,Southeast Asia,Online,Electronics,14795.630000000001,18,821.9794444444445
2022-06,Southeast Asia,Online,Fashion,11584.369999999999,19,609.7036842105263
2022-06,Southeast Asia,Online,Food & Grocery,10550.84,20,527.542
2022-06,Southeast Asia,Online,Home & Garden,12921.11,25,516.8444000000001
2022-06,Southeast Asia,Online,Sports,6572.99,13,505.6146153846154
2022-07,Central Asia,Call Center,Electronics,299.68,1,299.68
2022-07,Central Asia,Call Center,Fashion,4824.04,2,2412.02
2022-07,Central Asia,Call Center,Food & Grocery,2475.62,3,825.2066666666666
2022-07,Central Asia,Call Center,Home & Garden,1586.0500000000002,3,528.6833333333334
2022-07,Central Asia,Call Center,Sports,3064.54,1,3064.54
2022-07,Central Asia,In-Store,Beauty,3106.98,8,388.3725
2022-07,Central Asia,In-Store,Electronics,7257.0,7,1036.7142857142858
2022-07,Central Asia,In-Store,Fashion,6499.09,11,590.8263636363637
2022-07,Central Asia,In-Store,Food & Grocery,7360.4400000000005,13,566.1876923076924
2022-07,Central Asia,In-Store,Home & Garden,20194.96,18,1121.9422222222222
2022-07,Central Asia,In-Store,Sports,10310.57,14,736.4692857142857
2022-07,Central Asia,Mobile App,Beauty,7847.78,11,713.4345454545454
2022-07,Central Asia,Mobile App,Electronics,2867.11,8,358.38875
2022-07,Central Asia,Mobile App,Fashion,7390.14,7,1055.7342857142858
2022-07,Central Asia,Mobile App,Food & Grocery,7871.95,11,715.6318181818182
2022-07,Central Asia,Mobile App,Home & Garden,6345.84,13,488.14153846153846
2022-07,Central Asia,Mobile App,Sports,11452.36,14,818.0257142857143
2022-07,Central Asia,Online,Beauty,18724.61,19,985.5057894736842
2022-07,Central Asia,Online,Electronics,20502.64,20,1025.132
2022-07,Central Asia,Online,Fashion,8465.85,12,705.4875000000001
2022-07,Central Asia,Online,Food & Grocery,14211.58,18,789.5322222222222
2022-07,Central Asia,Online,Home & Garden,13949.95,14,996.4250000000001
2022-07,Central Asia,Online,Sports,14056.78,19,739.8305263157895
2022-07,Europe,Call Center,Beauty,2750.23,4,687.5575
2022-07,Europe,Call Center,Electronics,5650.58,6,941.7633333333333
2022-07,Europe,Call Center,Fashion,1497.4499999999998,3,499.1499999999999
2022-07,Europe,Call Center,Food & Grocery,8478.55,6,1413.0916666666665
2022-07,Europe,Call Center,Home & Garden,1843.94,4,460.985
2022-07,Europe,Call Center,Sports,2637.09,3,879.0300000000001
2022-07,Europe,In-Store,Beauty,12314.86,19,648.1505263157895
2022-07,Europe,In-Store,Electronics,16350.03,24,681.25125
2022-07,Europe,In-Store,Fashion,25566.32,24,1065.2633333333333
2022-07,Europe,In-Store,Food & Grocery,26394.17,25,1055.7667999999999
2022-07,Europe,In-Store,Home & Garden,20056.84,24,835.7016666666667
2022-07,Europe,In-Store,Sports,9280.949999999999,17,545.9382352941176
2022-07,Europe,Mobile App,Beauty,12584.94,21,599.2828571428572
2022-07,Europe,Mobile App,Electronics,17379.28,23,755.6208695652174
2022-07,Europe,Mobile App,Fashion,19932.629999999997,22,906.0286363636362
2022-07,Europe,Mobile App,Food & Grocery,14218.54,18,789.9188888888889
2022-07,Europe,Mobile App,Home & Garden,16824.62,21,801.1723809523809
2022-07,Europe,Mobile App,Sports,14672.97,20,733.6485
2022-07,Europe,Online,Beauty,32601.22,36,905.5894444444444
2022-07,Europe,Online,Electronics,30108.34,40,752.7085
2022-07,Europe,Online,Fashion,32879.89,35,939.4254285714286
2022-07,Europe,Online,Food & Grocery,23653.36,33,716.7684848484848
2022-07,Europe,Online,Home & Garden,23107.64,30,770.2546666666666
2022-07,Europe,Online,Sports,22622.38,31,729.7541935483871
2022-07,MENA,Call Center,Beauty,1711.6999999999998,5,342.34
2022-07,MENA,Call Center,Electronics,4451.79,7,635.97
2022-07,MENA,Call Center,Fashion,287.33,1,287.33
2022-07,MENA,Call Center,Food & Grocery,1260.6,3,420.2
2022-07,MENA,Call Center,Home & Garden,415.96000000000004,2,207.98000000000002
2022-07,MENA,Call Center,Sports,2781.86,2,1390.93
2022-07,MENA,In-Store,Beauty,20543.76,16,1283.985
2022-07,MENA,In-Store,Electronics,14746.480000000001,17,867.44
2022-07,MENA,In-Store,Fashion,11918.84,20,595.942
2022-07,MENA,In-Store,Food & Grocery,6989.259999999999,11,635.3872727272727
2022-07,MENA,In-Store,Home & Garden,11035.99,16,689.749375
2022-07,MENA,In-Store,Sports,13851.96,21,659.6171428571428
2022-07,MENA,Mobile App,Beauty,20987.46,28,749.5521428571428
2022-07,MENA,Mobile App,Electronics,9539.880000000001,16,596.2425000000001
2022-07,MENA,Mobile App,Fashion,13730.32,15,915.3546666666666
2022-07,MENA,Mobile App,Food & Grocery,8234.24,14,588.16
2022-07,MENA,Mobile App,Home & Garden,6813.27,14,486.6621428571429
2022-07,MENA,Mobile App,Sports,12175.4,21,579.7809523809524
2022-07,MENA,Online,Beauty,17718.239999999998,26,681.4707692307692
2022-07,MENA,Online,Electronics,20808.899999999998,25,832.3559999999999
2022-07,MENA,Online,Fashion,26152.61,31,843.6325806451613
2022-07,MENA,Online,Food & Grocery,11552.96,17,679.5858823529411
2022-07,MENA,Online,Home & Garden,26464.71,28,945.1682142857143
2022-07,MENA,Online,Sports,23857.32,28,852.0471428571428
2022-07,North America,Call Center,Beauty,2494.71,3,831.57
2022-07,North America,Call Center,Electronics,4010.34,7,572.9057142857143
2022-07,North America,Call Center,Fashion,4958.43,6,826.4050000000001
2022-07,North America,Call Center,Food & Grocery,5959.32,6,993.2199999999999
2022-07,North America,Call Center,Home & Garden,4405.23,4,1101.3075
2022-07,North America,Call Center,Sports,4776.65,6,796.1083333333332
2022-07,North America,In-Store,Beauty,28938.96,37,782.134054054054
2022-07,North America,In-Store,Electronics,26198.66,30,873.2886666666667
2022-07,North America,In-Store,Fashion,22444.31,28,801.5825000000001
2022-07,North America,In-Store,Food & Grocery,16946.94,22,770.3154545454545
2022-07,North America,In-Store,Home & Garden,22401.27,28,800.0453571428571
2022-07,North America,In-Store,Sports,27069.2,32,845.9125
2022-07,North America,Mobile App,Beauty,18702.8,27,692.6962962962963
2022-07,North America,Mobile App,Electronics,18315.66,27,678.3577777777778
2022-07,North America,Mobile App,Fashion,24576.25,30,819.2083333333334
2022-07,North America,Mobile App,Food & Grocery,19660.89,23,854.8213043478261
2022-07,North America,Mobile App,Home & Garden,33494.85,30,1116.495
2022-07,North America,Mobile App,Sports,29869.87,35,853.4248571428571
2022-07,North America,Online,Beauty,37837.77,42,900.8992857142856
2022-07,North America,Online,Electronics,20898.37,37,564.8208108108108
2022-07,North America,Online,Fashion,34254.51,37,925.7975675675676
2022-07,North America,Online,Food & Grocery,25573.579999999998,33,774.9569696969696
2022-07,North America,Online,Home & Garden,33351.79,43,775.623023255814
2022-07,North America,Online,Sports,17213.06,24,717.2108333333334
2022-07,Southeast Asia,Call Center,Beauty,1297.4099999999999,3,432.46999999999997
2022-07,Southeast Asia,Call Center,Electronics,447.21000000000004,3,149.07000000000002
2022-07,Southeast Asia,Call Center,Fashion,2618.7200000000003,4,654.6800000000001
2022-07,Southeast Asia,Call Center,Food & Grocery,753.94,1,753.94
2022-07,Southeast Asia,Call Center,Home & Garden,923.66,3,307.88666666666666
2022-07,Southeast Asia,Call Center,Sports,3831.3,2,1915.65
2022-07,Southeast Asia,In-Store,Beauty,16336.9,21,777.947619047619
2022-07,Southeast Asia,In-Store,Electronics,8310.15,11,755.4681818181817
2022-07,Southeast Asia,In-Store,Fashion,17008.45,18,944.9138888888889
2022-07,Southeast Asia,In-Store,Food & Grocery,8751.2,12,729.2666666666668
2022-07,Southeast Asia,In-Store,Home & Garden,5337.5599999999995,6,889.5933333333332
2022-07,Southeast Asia,In-Store,Sports,17642.17,16,1102.635625
2022-07,Southeast Asia,Mobile App,Beauty,9432.6,11,857.5090909090909
2022-07,Southeast Asia,Mobile App,Electronics,19838.42,16,1239.90125
2022-07,Southeast Asia,Mobile App,Fashion,8368.04,11,760.7309090909092
2022-07,Southeast Asia,Mobile App,Food & Grocery,5064.64,7,723.5200000000001
2022-07,Southeast Asia,Mobile App,Home & Garden,18025.19,20,901.2594999999999
2022-07,Southeast Asia,Mobile App,Sports,10219.21,19,537.8531578947368
2022-07,Southeast Asia,Online,Beauty,19297.49,26,742.2111538461539
2022-07,Southeast Asia,Online,Electronics,11494.279999999999,19,604.9621052631578
2022-07,Southeast Asia,Online,Fashion,10711.84,19,563.781052631579
2022-07,Southeast Asia,Online,Food & Grocery,10550.24,18,586.1244444444444
2022-07,Southeast Asia,Online,Home & Garden,8750.65,14,625.0464285714286
2022-07,Southeast Asia,Online,Sports,22655.35,24,943.9729166666666
2022-08,Central Asia,Call Center,Beauty,1551.0100000000002,2,775.5050000000001
2022-08,Central Asia,Call Center,Electronics,2266.81,3,755.6033333333334
2022-08,Central Asia,Call Center,Fashion,2939.97,3,979.9899999999999
2022-08,Central Asia,Call Center,Home & Garden,1170.58,1,1170.58
2022-08,Central Asia,Call Center,Sports,3766.01,2,1883.005
2022-08,Central Asia,In-Store,Beauty,6752.52,14,482.3228571428572
2022-08,Central Asia,In-Store,Electronics,11459.64,13,881.5107692307691
2022-08,Central Asia,In-Store,Fashion,9702.23,14,693.0164285714285
2022-08,Central Asia,In-Store,Food & Grocery,6588.19,10,658.819
2022-08,Central Asia,In-Store,Home & Garden,12884.88,15,858.992
2022-08,Central Asia,In-Store,Sports,14558.05,18,808.7805555555556
2022-08,Central Asia,Mobile App,Beauty,4824.27,12,402.02250000000004
2022-08,Central Asia,Mobile App,Electronics,11059.62,12,921.6350000000001
2022-08,Central Asia,Mobile App,Fashion,6132.299999999999,9,681.3666666666666
2022-08,Central Asia,Mobile App,Food & Grocery,8456.73,12,704.7275
2022-08,Central Asia,Mobile App,Home & Garden,12697.39,13,976.7223076923076
2022-08,Central Asia,Mobile App,Sports,5170.049999999999,8,646.2562499999999
2022-08,Central Asia,Online,Beauty,5383.549999999999,8,672.9437499999999
2022-08,Central Asia,Online,Electronics,15589.19,18,866.0661111111111
2022-08,Central Asia,Online,Fashion,11786.539999999999,16,736.6587499999999
2022-08,Central Asia,Online,Food & Grocery,12902.789999999999,17,758.9876470588234
2022-08,Central Asia,Online,Home & Garden,17213.56,25,688.5424
2022-08,Central Asia,Online,Sports,14327.34,20,716.367
2022-08,Europe,Call Center,Beauty,254.33,2,127.165
2022-08,Europe,Call Center,Electronics,1101.92,3,367.3066666666667
2022-08,Europe,Call Center,Fashion,4265.4,8,533.175
2022-08,Europe,Call Center,Food & Grocery,3927.21,2,1963.605
2022-08,Europe,Call Center,Home & Garden,2075.46,2,1037.73
2022-08,Europe,Call Center,Sports,5937.78,5,1187.556
2022-08,Europe,In-Store,Beauty,10243.8,12,853.65
2022-08,Europe,In-Store,Electronics,29231.58,30,974.3860000000001
2022-08,Europe,In-Store,Fashion,20066.93,28,716.6760714285714
2022-08,Europe,In-Store,Food & Grocery,16631.3,22,755.9681818181817
2022-08,Europe,In-Store,Home & Garden,26607.44,23,1156.8452173913042
2022-08,Europe,In-Store,Sports,20441.03,30,681.3676666666667
2022-08,Europe,Mobile App,Beauty,19266.05,18,1070.336111111111
2022-08,Europe,Mobile App,Electronics,21745.17,27,805.3766666666666
2022-08,Europe,Mobile App,Fashion,15648.550000000001,19,823.6078947368421
2022-08,Europe,Mobile App,Food & Grocery,21114.31,26,812.0888461538462
2022-08,Europe,Mobile App,Home & Garden,26279.64,28,938.5585714285714
2022-08,Europe,Mobile App,Sports,17507.25,26,673.3557692307693
2022-08,Europe,Online,Beauty,41940.59,42,998.5854761904761
2022-08,Europe,Online,Electronics,29279.96,25,1171.1984
2022-08,Europe,Online,Fashion,28293.56,33,857.380606060606
2022-08,Europe,Online,Food & Grocery,23655.27,28,844.8310714285715
2022-08,Europe,Online,Home & Garden,19999.43,30,666.6476666666666
2022-08,Europe,Online,Sports,29819.75,36,828.3263888888889
2022-08,MENA,Call Center,Beauty,713.48,2,356.74
2022-08,MENA,Call Center,Electronics,4170.57,4,1042.6425
2022-08,MENA,Call Center,Fashion,4659.3,3,1553.1000000000001
2022-08,MENA,Call Center,Food & Grocery,664.29,1,664.29
2022-08,MENA,Call Center,Home & Garden,4285.88,5,857.176
2022-08,MENA,Call Center,Sports,5798.129999999999,5,1159.6259999999997
2022-08,MENA,In-Store,Beauty,16464.5,16,1029.03125
2022-08,MENA,In-Store,Electronics,11694.29,15,779.6193333333334
2022-08,MENA,In-Store,Fashion,13910.41,13,1070.0315384615385
2022-08,MENA,In-Store,Food & Grocery,9841.22,15,656.0813333333333
2022-08,MENA,In-Store,Home & Garden,13563.53,17,797.854705882353
2022-08,MENA,In-Store,Sports,14674.67,18,815.2594444444444
2022-08,MENA,Mobile App,Beauty,8864.0,11,805.8181818181819
2022-08,MENA,Mobile App,Electronics,18931.82,22,860.5372727272727
2022-08,MENA,Mobile App,Fashion,12979.01,22,589.955
2022-08,MENA,Mobile App,Food & Grocery,13233.83,15,882.2553333333333
2022-08,MENA,Mobile App,Home & Garden,9843.19,10,984.3190000000001
2022-08,MENA,Mobile App,Sports,6529.71,8,816.21375
2022-08,MENA,Online,Beauty,12952.65,21,616.7928571428571
2022-08,MENA,Online,Electronics,26733.31,21,1273.014761904762
2022-08,MENA,Online,Fashion,12183.380000000001,10,1218.3380000000002
2022-08,MENA,Online,Food & Grocery,17625.27,22,801.1486363636363
2022-08,MENA,Online,Home & Garden,16002.06,27,592.6688888888889
2022-08,MENA,Online,Sports,17532.6,30,584.42
2022-08,North America,Call Center,Beauty,2265.32,6,377.55333333333334
2022-08,North America,Call Center,Electronics,8377.43,9,930.8255555555556
2022-08,North America,Call Center,Fashion,1745.83,5,349.166
2022-08,North America,Call Center,Home & Garden,3619.75,5,723.95
2022-08,North America,Call Center,Sports,4779.24,7,682.7485714285714
2022-08,North America,In-Store,Beauty,16289.14,20,814.457
2022-08,North America,In-Store,Electronics,27236.43,29,939.1872413793103
2022-08,North America,In-Store,Fashion,27226.22,30,907.5406666666667
2022-08,North America,In-Store,Food & Grocery,20456.75,23,889.4239130434783
2022-08,North America,In-Store,Home & Garden,22465.66,28,802.345
2022-08,North America,In-Store,Sports,27072.28,37,731.6832432432432
2022-08,North America,Mobile App,Beauty,26392.11,32,824.7534375
2022-08,North America,Mobile App,Electronics,25376.24,30,845.8746666666667
2022-08,North America,Mobile App,Fashion,34897.41,27,1292.496666666667
2022-08,North America,Mobile App,Food & Grocery,31504.84,36,875.1344444444444
2022-08,North America,Mobile App,Home & Garden,36014.13,28,1286.2189285714285
2022-08,North America,Mobile App,Sports,19565.1,31,631.1322580645161
2022-08,North America,Online,Beauty,23470.329999999998,41,572.4470731707316
2022-08,North America,Online,Electronics,38487.95,44,874.7261363636363
2022-08,North America,Online,Fashion,21322.52,32,666.32875
2022-08,North America,Online,Food & Grocery,42758.58,45,950.1906666666667
2022-08,North America,Online,Home & Garden,37644.13,48,784.2527083333333
2022-08,North America,Online,Sports,30046.899999999998,38,790.707894736842
2022-08,Southeast Asia,Call Center,Beauty,5478.47,4,1369.6175
2022-08,Southeast Asia,Call Center,Electronics,4880.2,3,1626.7333333333333
2022-08,Southeast Asia,Call Center,Food & Grocery,3629.9800000000005,5,725.9960000000001
2022-08,Southeast Asia,Call Center,Home & Garden,648.2,2,324.1
2022-08,Southeast Asia,Call Center,Sports,2897.2200000000003,4,724.3050000000001
2022-08,Southeast Asia,In-Store,Beauty,16916.49,13,1301.2684615384617
2022-08,Southeast Asia,In-Store,Electronics,6227.73,8,778.46625
2022-08,Southeast Asia,In-Store,Fashion,8606.02,11,782.3654545454546
2022-08,Southeast Asia,In-Store,Food & Grocery,8635.69,17,507.98176470588237
2022-08,Southeast Asia,In-Store,Home & Garden,8386.57,11,762.4154545454545
2022-08,Southeast Asia,In-Store,Sports,8516.779999999999,12,709.7316666666666
2022-08,Southeast Asia,Mobile App,Beauty,8571.51,8,1071.43875
2022-08,Southeast Asia,Mobile App,Electronics,10130.82,14,723.63
2022-08,Southeast Asia,Mobile App,Fashion,9513.310000000001,12,792.7758333333335
2022-08,Southeast Asia,Mobile App,Food & Grocery,12261.93,15,817.462
2022-08,Southeast Asia,Mobile App,Home & Garden,9633.0,13,741.0
2022-08,Southeast Asia,Mobile App,Sports,14924.34,19,785.4915789473685
2022-08,Southeast Asia,Online,Beauty,9055.93,19,476.6278947368421
2022-08,Southeast Asia,Online,Electronics,25243.11,26,970.8888461538462
2022-08,Southeast Asia,Online,Fashion,23659.02,21,1126.6200000000001
2022-08,Southeast Asia,Online,Food & Grocery,6377.57,14,455.5407142857143
2022-08,Southeast Asia,Online,Home & Garden,6039.03,19,317.8436842105263
2022-08,Southeast Asia,Online,Sports,9507.72,15,633.848
2022-09,Central Asia,Call Center,Beauty,496.45000000000005,2,248.22500000000002
2022-09,Central Asia,Call Center,Fashion,2214.77,2,1107.385
2022-09,Central Asia,Call Center,Home & Garden,1281.56,2,640.78
2022-09,Central Asia,In-Store,Beauty,6764.620000000001,8,845.5775000000001
2022-09,Central Asia,In-Store,Electronics,11446.56,12,953.88
2022-09,Central Asia,In-Store,Fashion,7630.65,7,1090.0928571428572
2022-09,Central Asia,In-Store,Food & Grocery,13760.61,13,1058.5084615384617
2022-09,Central Asia,In-Store,Home & Garden,4066.36,7,580.9085714285715
2022-09,Central Asia,In-Store,Sports,12989.93,11,1180.9027272727274
2022-09,Central Asia,Mobile App,Beauty,5961.42,9,662.38
2022-09,Central Asia,Mobile App,Electronics,8876.96,9,986.3288888888887
2022-09,Central Asia,Mobile App,Fashion,4620.1,10,462.01000000000005
2022-09,Central Asia,Mobile App,Food & Grocery,9460.75,10,946.075
2022-09,Central Asia,Mobile App,Home & Garden,10183.25,14,727.375
2022-09,Central Asia,Mobile App,Sports,8679.35,11,789.0318181818183
2022-09,Central Asia,Online,Beauty,4280.3,12,356.69166666666666
2022-09,Central Asia,Online,Electronics,14365.41,15,957.694
2022-09,Central Asia,Online,Fashion,8554.37,16,534.648125
2022-09,Central Asia,Online,Food & Grocery,16695.71,19,878.7215789473684
2022-09,Central Asia,Online,Home & Garden,6609.88,12,550.8233333333334
2022-09,Central Asia,Online,Sports,12073.18,12,1006.0983333333334
2022-09,Europe,Call Center,Beauty,830.6099999999999,2,415.30499999999995
2022-09,Europe,Call Center,Electronics,2623.2200000000003,3,874.4066666666668
2022-09,Europe,Call Center,Fashion,1291.0100000000002,4,322.75250000000005
2022-09,Europe,Call Center,Food & Grocery,4285.18,6,714.1966666666667
2022-09,Europe,Call Center,Home & Garden,7543.32,9,838.1466666666666
2022-09,Europe,Call Center,Sports,121.12,1,121.12
2022-09,Europe,In-Store,Beauty,16075.62,24,669.8175
2022-09,Europe,In-Store,Electronics,14573.5,24,607.2291666666666
2022-09,Europe,In-Store,Fashion,14401.91,21,685.8052380952381
2022-09,Europe,In-Store,Food & Grocery,18131.35,23,788.3195652173912
2022-09,Europe,In-Store,Home & Garden,11793.380000000001,22,536.0627272727273
2022-09,Europe,In-Store,Sports,22029.44,24,917.8933333333333
2022-09,Europe,Mobile App,Beauty,9785.71,14,698.9792857142857
2022-09,Europe,Mobile App,Electronics,21537.05,22,978.9568181818181
2022-09,Europe,Mobile App,Fashion,18045.510000000002,22,820.2504545454547
2022-09,Europe,Mobile App,Food & Grocery,16735.65,20,836.7825
2022-09,Europe,Mobile App,Home & Garden,17327.21,18,962.6227777777777
2022-09,Europe,Mobile App,Sports,17559.9,26,675.3807692307693
2022-09,Europe,Online,Beauty,23280.73,31,750.9912903225807
2022-09,Europe,Online,Electronics,22749.71,30,758.3236666666667
2022-09,Europe,Online,Fashion,23255.15,32,726.7234375
2022-09,Europe,Online,Food & Grocery,34721.67,33,1052.171818181818
2022-09,Europe,Online,Home & Garden,30655.26,36,851.535
2022-09,Europe,Online,Sports,23651.7,27,875.9888888888889
2022-09,MENA,Call Center,Beauty,225.0,1,225.0
2022-09,MENA,Call Center,Electronics,4086.27,3,1362.09
2022-09,MENA,Call Center,Fashion,1676.49,2,838.245
2022-09,MENA,Call Center,Food & Grocery,5228.33,6,871.3883333333333
2022-09,MENA,Call Center,Home & Garden,2100.1800000000003,3,700.0600000000001
2022-09,MENA,Call Center,Sports,2626.3199999999997,2,1313.1599999999999
2022-09,MENA,In-Store,Beauty,11730.33,18,651.685
2022-09,MENA,In-Store,Electronics,15239.740000000002,18,846.6522222222223
2022-09,MENA,In-Store,Fashion,25955.79,25,1038.2316
2022-09,MENA,In-Store,Food & Grocery,11434.09,16,714.630625
2022-09,MENA,In-Store,Home & Garden,13514.76,19,711.3031578947368
2022-09,MENA,In-Store,Sports,20129.5,18,1118.3055555555557
2022-09,MENA,Mobile App,Beauty,13948.17,19,734.1142105263158
2022-09,MENA,Mobile App,Electronics,15888.720000000001,17,934.6305882352942
2022-09,MENA,Mobile App,Fashion,12530.54,14,895.0385714285715
2022-09,MENA,Mobile App,Food & Grocery,11732.44,18,651.8022222222222
2022-09,MENA,Mobile App,Home & Garden,10760.26,16,672.51625
2022-09,MENA,Mobile App,Sports,11954.56,16,747.16
2022-09,MENA,Online,Beauty,12505.07,20,625.2535
2022-09,MENA,Online,Electronics,20058.96,30,668.632
2022-09,MENA,Online,Fashion,12981.14,18,721.1744444444444
2022-09,MENA,Online,Food & Grocery,26298.37,26,1011.4757692307692
2022-09,MENA,Online,Home & Garden,7533.97,15,502.2646666666667
2022-09,MENA,Online,Sports,26941.79,21,1282.942380952381
2022-09,North America,Call Center,Beauty,6521.44,5,1304.288
2022-09,North America,Call Center,Electronics,6526.74,7,932.3914285714285
2022-09,North America,Call Center,Fashion,5019.69,6,836.6149999999999
2022-09,North America,Call Center,Food & Grocery,1582.43,5,316.486
2022-09,North America,Call Center,Home & Garden,8129.0,7,1161.2857142857142
2022-09,North America,Call Center,Sports,890.8199999999999,4,222.70499999999998
2022-09,North America,In-Store,Beauty,33110.78,44,752.5177272727273
2022-09,North America,In-Store,Electronics,21267.74,30,708.9246666666667
2022-09,North America,In-Store,Fashion,18471.05,25,738.842
2022-09,North America,In-Store,Food & Grocery,17078.63,18,948.8127777777778
2022-09,North America,In-Store,Home & Garden,26145.71,35,747.0202857142857
2022-09,North America,In-Store,Sports,18419.28,28,657.8314285714285
2022-09,North America,Mobile App,Beauty,24235.06,26,932.1176923076923
2022-09,North America,Mobile App,Electronics,14163.01,27,524.555925925926
2022-09,North America,Mobile App,Fashion,34818.58,35,994.8165714285715
2022-09,North America,Mobile App,Food & Grocery,17544.8,28,626.6
2022-09,North America,Mobile App,Home & Garden,8041.13,16,502.570625
2022-09,North America,Mobile App,Sports,26903.84,29,927.7186206896552
2022-09,North America,Online,Beauty,31092.71,37,840.3435135135135
2022-09,North America,Online,Electronics,35945.13,52,691.2524999999999
2022-09,North America,Online,Fashion,40646.45,47,864.8180851063829
2022-09,North America,Online,Food & Grocery,42216.6,47,898.2255319148936
2022-09,North America,Online,Home & Garden,29669.31,39,760.7515384615385
2022-09,North America,Online,Sports,27705.350000000002,47,589.4755319148936
2022-09,Southeast Asia,Call Center,Beauty,2295.54,3,765.18
2022-09,Southeast Asia,Call Center,Fashion,3188.9700000000003,2,1594.4850000000001
2022-09,Southeast Asia,Call Center,Food & Grocery,314.84,1,314.84
2022-09,Southeast Asia,Call Center,Home & Garden,274.66,1,274.66
2022-09,Southeast Asia,Call Center,Sports,1889.24,2,944.62
2022-09,Southeast Asia,In-Store,Beauty,4807.38,8,600.9225
2022-09,Southeast Asia,In-Store,Electronics,15567.48,21,741.3085714285714
2022-09,Southeast Asia,In-Store,Fashion,17075.760000000002,15,1138.3840000000002
2022-09,Southeast Asia,In-Store,Food & Grocery,14146.34,16,884.14625
2022-09,Southeast Asia,In-Store,Home & Garden,9577.53,14,684.1092857142858
2022-09,Southeast Asia,In-Store,Sports,6243.64,12,520.3033333333334
2022-09,Southeast Asia,Mobile App,Beauty,10760.08,14,768.5771428571428
2022-09,Southeast Asia,Mobile App,Electronics,16452.35,14,1175.167857142857
2022-09,Southeast Asia,Mobile App,Fashion,7832.76,11,712.069090909091
2022-09,Southeast Asia,Mobile App,Food & Grocery,9795.57,12,816.2975
2022-09,Southeast Asia,Mobile App,Home & Garden,6231.539999999999,10,623.1539999999999
2022-09,Southeast Asia,Mobile App,Sports,4688.450000000001,6,781.4083333333334
2022-09,Southeast Asia,Online,Beauty,6836.53,10,683.653
2022-09,Southeast Asia,Online,Electronics,12251.199999999999,14,875.0857142857142
2022-09,Southeast Asia,Online,Fashion,10401.4,17,611.8470588235294
2022-09,Southeast Asia,Online,Food & Grocery,20331.0,19,1070.0526315789473
2022-09,Southeast Asia,Online,Home & Garden,12418.699999999999,14,887.05
2022-09,Southeast Asia,Online,Sports,16667.06,24,694.4608333333334
2022-10,Central Asia,Call Center,Beauty,2917.0299999999997,2,1458.5149999999999
2022-10,Central Asia,Call Center,Electronics,5052.46,4,1263.115
2022-10,Central Asia,Call Center,Fashion,2067.53,1,2067.53
2022-10,Central Asia,Call Center,Food & Grocery,1766.3,2,883.15
2022-10,Central Asia,Call Center,Home & Garden,442.08,1,442.08
2022-10,Central Asia,Call Center,Sports,2467.41,4,616.8525
2022-10,Central Asia,In-Store,Beauty,7723.4,10,772.3399999999999
2022-10,Central Asia,In-Store,Electronics,13138.39,12,1094.8658333333333
2022-10,Central Asia,In-Store,Fashion,10451.76,12,870.98
2022-10,Central Asia,In-Store,Food & Grocery,6117.5,7,873.9285714285714
2022-10,Central Asia,In-Store,Home & Garden,7372.860000000001,12,614.4050000000001
2022-10,Central Asia,In-Store,Sports,3757.2799999999997,5,751.4559999999999
2022-10,Central Asia,Mobile App,Beauty,14547.42,14,1039.1014285714286
2022-10,Central Asia,Mobile App,Electronics,5703.830000000001,8,712.9787500000001
2022-10,Central Asia,Mobile App,Fashion,5594.86,6,932.4766666666666
2022-10,Central Asia,Mobile App,Food & Grocery,5465.15,12,455.4291666666666
2022-10,Central Asia,Mobile App,Home & Garden,11893.09,14,849.5064285714286
2022-10,Central Asia,Mobile App,Sports,6752.31,6,1125.385
2022-10,Central Asia,Online,Beauty,17688.08,18,982.6711111111113
2022-10,Central Asia,Online,Electronics,7544.91,13,580.3776923076923
2022-10,Central Asia,Online,Fashion,10111.49,15,674.0993333333333
2022-10,Central Asia,Online,Food & Grocery,5073.05,10,507.305
2022-10,Central Asia,Online,Home & Garden,18703.78,22,850.1718181818181
2022-10,Central Asia,Online,Sports,13048.43,15,869.8953333333334
2022-10,Europe,Call Center,Beauty,404.37,4,101.0925
2022-10,Europe,Call Center,Electronics,3265.98,5,653.196
2022-10,Europe,Call Center,Fashion,2554.85,5,510.96999999999997
2022-10,Europe,Call Center,Food & Grocery,6346.13,7,906.59
2022-10,Europe,Call Center,Home & Garden,5523.15,6,920.525
2022-10,Europe,Call Center,Sports,3335.09,4,833.7725
2022-10,Europe,In-Store,Beauty,11773.210000000001,18,654.0672222222223
2022-10,Europe,In-Store,Electronics,14047.68,19,739.3515789473685
2022-10,Europe,In-Store,Fashion,20226.21,23,879.4004347826086
2022-10,Europe,In-Store,Food & Grocery,10475.92,19,551.3642105263158
2022-10,Europe,In-Store,Home & Garden,20517.43,26,789.131923076923
2022-10,Europe,In-Store,Sports,16310.32,25,652.4128
2022-10,Europe,Mobile App,Beauty,19070.91,22,866.8595454545455
2022-10,Europe,Mobile App,Electronics,19162.39,26,737.015
2022-10,Europe,Mobile App,Fashion,10302.05,16,643.878125
2022-10,Europe,Mobile App,Food & Grocery,10625.43,18,590.3016666666667
2022-10,Europe,Mobile App,Home & Garden,20311.829999999998,21,967.2299999999999
2022-10,Europe,Mobile App,Sports,10821.9,20,541.095
2022-10,Europe,Online,Beauty,28294.11,40,707.35275
2022-10,Europe,Online,Electronics,36149.42,41,881.6931707317073
2022-10,Europe,Online,Fashion,26581.34,35,759.4668571428572
2022-10,Europe,Online,Food & Grocery,17019.77,24,709.1570833333334
2022-10,Europe,Online,Home & Garden,34949.01,40,873.7252500000001
2022-10,Europe,Online,Sports,19517.35,33,591.4348484848484
2022-10,MENA,Call Center,Beauty,2638.44,5,527.688
2022-10,MENA,Call Center,Electronics,1916.26,3,638.7533333333333
2022-10,MENA,Call Center,Fashion,749.22,1,749.22
2022-10,MENA,Call Center,Food & Grocery,2860.78,3,953.5933333333334
2022-10,MENA,Call Center,Home & Garden,1916.35,4,479.0875
2022-10,MENA,Call Center,Sports,4286.12,4,1071.53
2022-10,MENA,In-Store,Beauty,16359.78,18,908.8766666666667
2022-10,MENA,In-Store,Electronics,16986.920000000002,20,849.3460000000001
2022-10,MENA,In-Store,Fashion,12216.6,16,763.5375
2022-10,MENA,In-Store,Food & Grocery,12331.72,15,822.1146666666666
2022-10,MENA,In-Store,Home & Garden,14779.32,12,1231.61
2022-10,MENA,In-Store,Sports,12364.69,20,618.2345
2022-10,MENA,Mobile App,Beauty,8335.77,14,595.4121428571428
2022-10,MENA,Mobile App,Electronics,14913.68,25,596.5472
2022-10,MENA,Mobile App,Fashion,6834.76,10,683.476
2022-10,MENA,Mobile App,Food & Grocery,17623.69,16,1101.480625
2022-10,MENA,Mobile App,Home & Garden,12499.439999999999,19,657.8652631578947
2022-10,MENA,Mobile App,Sports,7978.07,14,569.8621428571429
2022-10,MENA,Online,Beauty,19290.91,29,665.2037931034482
2022-10,MENA,Online,Electronics,22273.55,24,928.0645833333333
2022-10,MENA,Online,Fashion,15967.22,21,760.3438095238095
2022-10,MENA,Online,Food & Grocery,19635.64,24,818.1516666666666
2022-10,MENA,Online,Home & Garden,17152.08,18,952.8933333333334
2022-10,MENA,Online,Sports,24411.47,32,762.8584375
2022-10,North America,Call Center,Beauty,823.1,1,823.1
2022-10,North America,Call Center,Electronics,4358.11,3,1452.7033333333331
2022-10,North America,Call Center,Fashion,4627.22,7,661.0314285714286
2022-10,North America,Call Center,Food & Grocery,5280.110000000001,10,528.0110000000001
2022-10,North America,Call Center,Home & Garden,1668.8899999999999,4,417.22249999999997
2022-10,North America,Call Center,Sports,6701.429999999999,6,1116.905
2022-10,North America,In-Store,Beauty,25903.77,26,996.2988461538462
2022-10,North America,In-Store,Electronics,20689.62,24,862.0675
2022-10,North America,In-Store,Fashion,32000.7,40,800.0175
2022-10,North America,In-Store,Food & Grocery,17758.01,31,572.8390322580644
2022-10,North America,In-Store,Home & Garden,33640.62,36,934.4616666666667
2022-10,North America,In-Store,Sports,24014.96,32,750.4675
2022-10,North America,Mobile App,Beauty,27287.43,28,974.5510714285714
2022-10,North America,Mobile App,Electronics,24118.33,32,753.6978125
2022-10,North America,Mobile App,Fashion,20680.06,28,738.5735714285714
2022-10,North America,Mobile App,Food & Grocery,21221.94,30,707.3979999999999
2022-10,North America,Mobile App,Home & Garden,17814.21,20,890.7104999999999
2022-10,North America,Mobile App,Sports,27433.15,34,806.8573529411765
2022-10,North America,Online,Beauty,57252.770000000004,46,1244.6254347826089
2022-10,North America,Online,Electronics,28804.97,31,929.1925806451613
2022-10,North America,Online,Fashion,29735.15,36,825.9763888888889
2022-10,North America,Online,Food & Grocery,35407.5,40,885.1875
2022-10,North America,Online,Home & Garden,27512.55,40,687.81375
2022-10,North America,Online,Sports,28670.17,44,651.5947727272727
2022-10,Southeast Asia,Call Center,Beauty,660.21,4,165.0525
2022-10,Southeast Asia,Call Center,Electronics,3099.77,4,774.9425
2022-10,Southeast Asia,Call Center,Fashion,1436.37,1,1436.37
2022-10,Southeast Asia,Call Center,Food & Grocery,1419.3,1,1419.3
2022-10,Southeast Asia,Call Center,Home & Garden,1197.6799999999998,2,598.8399999999999
2022-10,Southeast Asia,Call Center,Sports,1996.38,4,499.095
2022-10,Southeast Asia,In-Store,Beauty,11018.11,12,918.1758333333333
2022-10,Southeast Asia,In-Store,Electronics,13891.09,14,992.2207142857143
2022-10,Southeast Asia,In-Store,Fashion,5864.32,10,586.432
2022-10,Southeast Asia,In-Store,Food & Grocery,16032.82,15,1068.8546666666666
2022-10,Southeast Asia,In-Store,Home & Garden,12934.6,22,587.9363636363637
2022-10,Southeast Asia,In-Store,Sports,11693.949999999999,16,730.8718749999999
2022-10,Southeast Asia,Mobile App,Beauty,8819.13,12,734.9274999999999
2022-10,Southeast Asia,Mobile App,Electronics,6381.47,9,709.0522222222222
2022-10,Southeast Asia,Mobile App,Fashion,15168.960000000001,18,842.72
2022-10,Southeast Asia,Mobile App,Food & Grocery,17566.989999999998,22,798.4995454545453
2022-10,Southeast Asia,Mobile App,Home & Garden,5110.33,12,425.86083333333335
2022-10,Southeast Asia,Mobile App,Sports,2280.92,6,380.15333333333336
2022-10,Southeast Asia,Online,Beauty,18484.02,22,840.1827272727273
2022-10,Southeast Asia,Online,Electronics,7953.929999999999,14,568.1378571428571
2022-10,Southeast Asia,Online,Fashion,12294.46,19,647.0768421052632
2022-10,Southeast Asia,Online,Food & Grocery,16197.48,27,599.9066666666666
2022-10,Southeast Asia,Online,Home & Garden,10666.91,14,761.9221428571428
2022-10,Southeast Asia,Online,Sports,10810.84,17,635.9317647058824
2022-11,Central Asia,Call Center,Beauty,548.56,2,274.28
2022-11,Central Asia,Call Center,Electronics,156.13,1,156.13
2022-11,Central Asia,Call Center,Fashion,1831.84,1,1831.84
2022-11,Central Asia,Call Center,Food & Grocery,243.13000000000002,2,121.56500000000001
2022-11,Central Asia,Call Center,Home & Garden,5037.92,7,719.7028571428572
2022-11,Central Asia,Call Center,Sports,2079.25,3,693.0833333333334
2022-11,Central Asia,In-Store,Beauty,7107.110000000001,12,592.2591666666667
2022-11,Central Asia,In-Store,Electronics,7158.88,5,1431.776
2022-11,Central Asia,In-Store,Fashion,3939.7999999999997,9,437.75555555555553
2022-11,Central Asia,In-Store,Food & Grocery,17943.71,16,1121.481875
2022-11,Central Asia,In-Store,Home & Garden,8097.21,12,674.7675
2022-11,Central Asia,In-Store,Sports,14614.47,21,695.9271428571428
2022-11,Central Asia,Mobile App,Beauty,12841.74,13,987.8261538461538
2022-11,Central Asia,Mobile App,Electronics,6134.64,7,876.3771428571429
2022-11,Central Asia,Mobile App,Fashion,12795.61,17,752.6829411764706
2022-11,Central Asia,Mobile App,Food & Grocery,9592.64,11,872.0581818181818
2022-11,Central Asia,Mobile App,Home & Garden,8191.89,8,1023.98625
2022-11,Central Asia,Mobile App,Sports,5766.19,10,576.6189999999999
2022-11,Central Asia,Online,Beauty,9801.88,17,576.5811764705882
2022-11,Central Asia,Online,Electronics,17321.53,19,911.6594736842104
2022-11,Central Asia,Online,Fashion,7971.97,13,613.2284615384616
2022-11,Central Asia,Online,Food & Grocery,10860.53,14,775.7521428571429
2022-11,Central Asia,Online,Home & Garden,15444.46,18,858.0255555555555
2022-11,Central Asia,Online,Sports,12808.65,15,853.91
2022-11,Europe,Call Center,Beauty,1260.53,4,315.1325
2022-11,Europe,Call Center,Electronics,4755.38,6,792.5633333333334
2022-11,Europe,Call Center,Fashion,3093.53,5,618.706
2022-11,Europe,Call Center,Food & Grocery,2648.26,4,662.065
2022-11,Europe,Call Center,Home & Garden,3238.7,6,539.7833333333333
2022-11,Europe,Call Center,Sports,1920.57,2,960.285
2022-11,Europe,In-Store,Beauty,16056.5,22,729.8409090909091
2022-11,Europe,In-Store,Electronics,12464.8,23,541.9478260869565
2022-11,Europe,In-Store,Fashion,5706.26,12,475.5216666666667
2022-11,Europe,In-Store,Food & Grocery,16071.95,25,642.878
2022-11,Europe,In-Store,Home & Garden,18372.5,25,734.9
2022-11,Europe,In-Store,Sports,17164.23,22,780.1922727272727
2022-11,Europe,Mobile App,Beauty,11039.19,19,581.01
2022-11,Europe,Mobile App,Electronics,18415.33,27,682.0492592592593
2022-11,Europe,Mobile App,Fashion,20842.17,25,833.6868
2022-11,Europe,Mobile App,Food & Grocery,15168.64,22,689.4836363636364
2022-11,Europe,Mobile App,Home & Garden,17902.17,19,942.2194736842105
2022-11,Europe,Mobile App,Sports,14006.51,20,700.3255
2022-11,Europe,Online,Beauty,13030.71,26,501.1811538461538
2022-11,Europe,Online,Electronics,28706.53,35,820.1865714285714
2022-11,Europe,Online,Fashion,31079.82,35,887.9948571428571
2022-11,Europe,Online,Food & Grocery,23360.89,30,778.6963333333333
2022-11,Europe,Online,Home & Garden,30737.69,41,749.6997560975609
2022-11,Europe,Online,Sports,37163.32,35,1061.809142857143
2022-11,MENA,Call Center,Beauty,1204.23,3,401.41
2022-11,MENA,Call Center,Electronics,2768.79,7,395.5414285714286
2022-11,MENA,Call Center,Fashion,1248.38,2,624.19
2022-11,MENA,Call Center,Food & Grocery,2076.2400000000002,4,519.0600000000001
2022-11,MENA,Call Center,Home & Garden,672.53,1,672.53
2022-11,MENA,Call Center,Sports,481.58000000000004,2,240.79000000000002
2022-11,MENA,In-Store,Beauty,11424.18,15,761.612
2022-11,MENA,In-Store,Electronics,16364.26,19,861.2768421052632
2022-11,MENA,In-Store,Fashion,17746.23,26,682.5473076923076
2022-11,MENA,In-Store,Food & Grocery,6211.4,16,388.2125
2022-11,MENA,In-Store,Home & Garden,9340.92,10,934.092
2022-11,MENA,In-Store,Sports,7148.42,13,549.8784615384616
2022-11,MENA,Mobile App,Beauty,10167.64,18,564.8688888888888
2022-11,MENA,Mobile App,Electronics,6391.47,13,491.6515384615385
2022-11,MENA,Mobile App,Fashion,15572.039999999999,17,916.0023529411765
2022-11,MENA,Mobile App,Food & Grocery,11415.18,17,671.4811764705883
2022-11,MENA,Mobile App,Home & Garden,6976.07,10,697.607
2022-11,MENA,Mobile App,Sports,12358.93,12,1029.9108333333334
2022-11,MENA,Online,Beauty,15630.77,22,710.4895454545455
2022-11,MENA,Online,Electronics,13522.289999999999,20,676.1144999999999
2022-11,MENA,Online,Fashion,9580.43,19,504.23315789473685
2022-11,MENA,Online,Food & Grocery,19271.61,17,1133.624117647059
2022-11,MENA,Online,Home & Garden,6443.04,14,460.21714285714285
2022-11,MENA,Online,Sports,20118.67,26,773.795
2022-11,North America,Call Center,Beauty,7567.75,6,1261.2916666666667
2022-11,North America,Call Center,Electronics,3921.1,4,980.275
2022-11,North America,Call Center,Fashion,10193.39,8,1274.17375
2022-11,North America,Call Center,Food & Grocery,2683.95,5,536.79
2022-11,North America,Call Center,Home & Garden,1657.99,3,552.6633333333333
2022-11,North America,Call Center,Sports,6870.95,4,1717.7375
2022-11,North America,In-Store,Beauty,16656.28,33,504.73575757575753
2022-11,North America,In-Store,Electronics,29338.3,38,772.0605263157895
2022-11,North America,In-Store,Fashion,25633.989999999998,29,883.9306896551724
2022-11,North America,In-Store,Food & Grocery,24539.0,32,766.84375
2022-11,North America,In-Store,Home & Garden,32307.21,30,1076.907
2022-11,North America,In-Store,Sports,25606.68,31,826.021935483871
2022-11,North America,Mobile App,Beauty,19141.02,27,708.9266666666667
2022-11,North America,Mobile App,Electronics,15547.28,27,575.8251851851852
2022-11,North America,Mobile App,Fashion,15146.380000000001,20,757.3190000000001
2022-11,North America,Mobile App,Food & Grocery,33982.0,34,999.4705882352941
2022-11,North America,Mobile App,Home & Garden,15593.91,22,708.8140909090909
2022-11,North America,Mobile App,Sports,14552.97,22,661.4986363636364
2022-11,North America,Online,Beauty,46304.56,50,926.0912
2022-11,North America,Online,Electronics,29744.25,29,1025.6637931034484
2022-11,North America,Online,Fashion,24906.15,37,673.1391891891892
2022-11,North America,Online,Food & Grocery,21898.62,34,644.0770588235293
2022-11,North America,Online,Home & Garden,49576.53,49,1011.7659183673469
2022-11,North America,Online,Sports,38834.1,45,862.98
2022-11,Southeast Asia,Call Center,Beauty,304.24,1,304.24
2022-11,Southeast Asia,Call Center,Electronics,2113.32,1,2113.32
2022-11,Southeast Asia,Call Center,Fashion,626.13,1,626.13
2022-11,Southeast Asia,Call Center,Food & Grocery,2089.68,5,417.936
2022-11,Southeast Asia,Call Center,Home & Garden,2258.76,1,2258.76
2022-11,Southeast Asia,In-Store,Beauty,4087.73,8,510.96625
2022-11,Southeast Asia,In-Store,Electronics,10060.53,12,838.3775
2022-11,Southeast Asia,In-Store,Fashion,5444.030000000001,8,680.5037500000001
2022-11,Southeast Asia,In-Store,Food & Grocery,14889.369999999999,16,930.5856249999999
2022-11,Southeast Asia,In-Store,Home & Garden,10080.37,13,775.413076923077
2022-11,Southeast Asia,In-Store,Sports,23130.4,18,1285.0222222222224
2022-11,Southeast Asia,Mobile App,Beauty,6123.24,12,510.27
2022-11,Southeast Asia,Mobile App,Electronics,10879.0,12,906.5833333333334
2022-11,Southeast Asia,Mobile App,Fashion,11704.16,13,900.3199999999999
2022-11,Southeast Asia,Mobile App,Food & Grocery,11404.91,15,760.3273333333333
2022-11,Southeast Asia,Mobile App,Home & Garden,12902.36,17,758.9623529411765
2022-11,Southeast Asia,Mobile App,Sports,12769.87,15,851.3246666666668
2022-11,Southeast Asia,Online,Beauty,14980.68,22,680.94
2022-11,Southeast Asia,Online,Electronics,10546.7,19,555.0894736842106
2022-11,Southeast Asia,Online,Fashion,22168.11,18,1231.5616666666667
2022-11,Southeast Asia,Online,Food & Grocery,13158.96,15,877.2639999999999
2022-11,Southeast Asia,Online,Home & Garden,18989.0,21,904.2380952380952
2022-11,Southeast Asia,Online,Sports,26653.68,29,919.0924137931034
2022-12,Central Asia,Call Center,Beauty,1796.63,2,898.315
2022-12,Central Asia,Call Center,Electronics,735.66,1,735.66
2022-12,Central Asia,Call Center,Fashion,1122.6200000000001,2,561.3100000000001
2022-12,Central Asia,Call Center,Food & Grocery,1983.2199999999998,4,495.80499999999995
2022-12,Central Asia,Call Center,Home & Garden,5139.789999999999,4,1284.9474999999998
2022-12,Central Asia,Call Center,Sports,599.33,1,599.33
2022-12,Central Asia,In-Store,Beauty,8006.38,11,727.8527272727273
2022-12,Central Asia,In-Store,Electronics,9940.65,17,584.7441176470588
2022-12,Central Asia,In-Store,Fashion,8023.14,16,501.44625
2022-12,Central Asia,In-Store,Food & Grocery,8063.56,12,671.9633333333334
2022-12,Central Asia,In-Store,Home & Garden,8759.0,13,673.7692307692307
2022-12,Central Asia,In-Store,Sports,12585.0,14,898.9285714285714
2022-12,Central Asia,Mobile App,Beauty,7195.22,11,654.1109090909091
2022-12,Central Asia,Mobile App,Electronics,9964.77,13,766.5207692307692
2022-12,Central Asia,Mobile App,Fashion,6822.69,11,620.2445454545455
2022-12,Central Asia,Mobile App,Food & Grocery,5224.49,9,580.4988888888888
2022-12,Central Asia,Mobile App,Home & Garden,3935.02,11,357.7290909090909
2022-12,Central Asia,Mobile App,Sports,16531.57,15,1102.1046666666666
2022-12,Central Asia,Online,Beauty,19323.1,21,920.147619047619
2022-12,Central Asia,Online,Electronics,24992.03,26,961.2319230769231
2022-12,Central Asia,Online,Fashion,24270.760000000002,23,1055.2504347826089
2022-12,Central Asia,Online,Food & Grocery,22424.17,17,1319.0688235294117
2022-12,Central Asia,Online,Home & Garden,22158.69,19,1166.246842105263
2022-12,Central Asia,Online,Sports,8393.25,19,441.75
2022-12,Europe,Call Center,Beauty,5242.009999999999,4,1310.5024999999998
2022-12,Europe,Call Center,Electronics,3364.23,3,1121.41
2022-12,Europe,Call Center,Fashion,2996.31,5,599.262
2022-12,Europe,Call Center,Food & Grocery,2743.91,3,914.6366666666667
2022-12,Europe,Call Center,Home & Garden,1046.54,3,348.84666666666664
2022-12,Europe,In-Store,Beauty,15651.76,25,626.0704000000001
2022-12,Europe,In-Store,Electronics,26771.440000000002,26,1029.6707692307693
2022-12,Europe,In-Store,Fashion,15346.88,15,1023.1253333333333
2022-12,Europe,In-Store,Food & Grocery,18968.96,27,702.554074074074
2022-12,Europe,In-Store,Home & Garden,18549.85,22,843.175
2022-12,Europe,In-Store,Sports,24052.45,21,1145.354761904762
2022-12,Europe,Mobile App,Beauty,9050.21,15,603.3473333333333
2022-12,Europe,Mobile App,Electronics,16530.28,23,718.7078260869565
2022-12,Europe,Mobile App,Fashion,13104.640000000001,19,689.7178947368421
2022-12,Europe,Mobile App,Food & Grocery,19979.86,24,832.4941666666667
2022-12,Europe,Mobile App,Home & Garden,22795.43,22,1036.155909090909
2022-12,Europe,Mobile App,Sports,12023.06,13,924.8507692307692
2022-12,Europe,Online,Beauty,20357.899999999998,24,848.2458333333333
2022-12,Europe,Online,Electronics,26011.52,33,788.2278787878788
2022-12,Europe,Online,Fashion,35526.3,43,826.1930232558141
2022-12,Europe,Online,Food & Grocery,19706.52,25,788.2608
2022-12,Europe,Online,Home & Garden,22270.43,23,968.2795652173913
2022-12,Europe,Online,Sports,31628.08,36,878.5577777777778
2022-12,MENA,Call Center,Beauty,1582.94,3,527.6466666666666
2022-12,MENA,Call Center,Electronics,5925.08,4,1481.27
2022-12,MENA,Call Center,Fashion,235.36,2,117.68
2022-12,MENA,Call Center,Food & Grocery,4895.7699999999995,8,611.9712499999999
2022-12,MENA,Call Center,Sports,248.18,1,248.18
2022-12,MENA,In-Store,Beauty,16867.03,16,1054.189375
2022-12,MENA,In-Store,Electronics,5724.79,10,572.479
2022-12,MENA,In-Store,Fashion,15777.810000000001,18,876.5450000000001
2022-12,MENA,In-Store,Food & Grocery,13169.47,21,627.117619047619
2022-12,MENA,In-Store,Home & Garden,17686.25,24,736.9270833333334
2022-12,MENA,In-Store,Sports,10356.289999999999,17,609.1935294117646
2022-12,MENA,Mobile App,Beauty,15366.49,14,1097.6064285714285
2022-12,MENA,Mobile App,Electronics,8307.19,16,519.199375
2022-12,MENA,Mobile App,Fashion,10980.06,12,915.005
2022-12,MENA,Mobile App,Food & Grocery,10085.34,15,672.356
2022-12,MENA,Mobile App,Home & Garden,15047.28,18,835.96
2022-12,MENA,Mobile App,Sports,15828.08,18,879.3377777777778
2022-12,MENA,Online,Beauty,22969.35,30,765.645
2022-12,MENA,Online,Electronics,19720.79,25,788.8316
2022-12,MENA,Online,Fashion,20452.72,27,757.5081481481482
2022-12,MENA,Online,Food & Grocery,20040.24,25,801.6096000000001
2022-12,MENA,Online,Home & Garden,13964.52,23,607.1530434782609
2022-12,MENA,Online,Sports,31921.54,28,1140.055
2022-12,North America,Call Center,Beauty,5353.02,5,1070.604
2022-12,North America,Call Center,Electronics,7733.3,6,1288.8833333333334
2022-12,North America,Call Center,Fashion,7988.679999999999,7,1141.24
2022-12,North America,Call Center,Food & Grocery,83.11,1,83.11
2022-12,North America,Call Center,Sports,2223.72,7,317.6742857142857
2022-12,North America,In-Store,Beauty,18239.02,28,651.3935714285715
2022-12,North America,In-Store,Electronics,29941.48,46,650.9017391304347
2022-12,North America,In-Store,Fashion,18451.75,25,738.07
2022-12,North America,In-Store,Food & Grocery,41126.31,40,1028.1577499999999
2022-12,North America,In-Store,Home & Garden,26228.01,28,936.7146428571428
2022-12,North America,In-Store,Sports,17644.92,26,678.6507692307691
2022-12,North America,Mobile App,Beauty,16853.6,20,842.68
2022-12,North America,Mobile App,Electronics,25826.039999999997,29,890.5531034482758
2022-12,North America,Mobile App,Fashion,18869.4,24,786.225
2022-12,North America,Mobile App,Food & Grocery,22402.18,29,772.4889655172414
2022-12,North America,Mobile App,Home & Garden,12031.22,20,601.5609999999999
2022-12,North America,Mobile App,Sports,15888.16,33,481.4593939393939
2022-12,North America,Online,Beauty,23129.48,37,625.1210810810811
2022-12,North America,Online,Electronics,45592.65,53,860.238679245283
2022-12,North America,Online,Fashion,36781.21,44,835.9365909090909
2022-12,North America,Online,Food & Grocery,33166.31,35,947.6088571428571
2022-12,North America,Online,Home & Garden,30247.44,38,795.9852631578947
2022-12,North America,Online,Sports,25561.62,37,690.8545945945946
2022-12,Southeast Asia,Call Center,Beauty,889.5,2,444.75
2022-12,Southeast Asia,Call Center,Electronics,1223.03,2,611.515
2022-12,Southeast Asia,Call Center,Fashion,346.53999999999996,3,115.51333333333332
2022-12,Southeast Asia,Call Center,Food & Grocery,251.1,1,251.1
2022-12,Southeast Asia,Call Center,Home & Garden,3700.3399999999997,4,925.0849999999999
2022-12,Southeast Asia,Call Center,Sports,5343.23,3,1781.0766666666666
2022-12,Southeast Asia,In-Store,Beauty,10398.51,16,649.906875
2022-12,Southeast Asia,In-Store,Electronics,12863.24,9,1429.2488888888888
2022-12,Southeast Asia,In-Store,Fashion,10431.02,12,869.2516666666667
2022-12,Southeast Asia,In-Store,Food & Grocery,6887.15,11,626.1045454545455
2022-12,Southeast Asia,In-Store,Home & Garden,10305.98,12,858.8316666666666
2022-12,Southeast Asia,In-Store,Sports,12101.42,15,806.7613333333334
2022-12,Southeast Asia,Mobile App,Beauty,18569.87,16,1160.616875
2022-12,Southeast Asia,Mobile App,Electronics,9615.3,11,874.1181818181817
2022-12,Southeast Asia,Mobile App,Fashion,10652.56,12,887.7133333333333
2022-12,Southeast Asia,Mobile App,Food & Grocery,6915.42,10,691.542
2022-12,Southeast Asia,Mobile App,Home & Garden,14583.42,17,857.8482352941177
2022-12,Southeast Asia,Mobile App,Sports,12462.28,15,830.8186666666667
2022-12,Southeast Asia,Online,Beauty,13662.779999999999,18,759.0433333333333
2022-12,Southeast Asia,Online,Electronics,21158.11,19,1113.5847368421053
2022-12,Southeast Asia,Online,Fashion,16965.04,20,848.2520000000001
2022-12,Southeast Asia,Online,Food & Grocery,12951.69,25,518.0676
2022-12,Southeast Asia,Online,Home & Garden,25297.68,30,843.256
2022-12,Southeast Asia,Online,Sports,10109.33,16,631.833125
2023-01,Central Asia,Call Center,Beauty,4829.740000000001,4,1207.4350000000002
2023-01,Central Asia,Call Center,Electronics,1903.6499999999999,2,951.8249999999999
2023-01,Central Asia,Call Center,Fashion,3174.8999999999996,3,1058.3
2023-01,Central Asia,Call Center,Food & Grocery,785.05,1,785.05
2023-01,Central Asia,Call Center,Sports,1435.4,3,478.4666666666667
2023-01,Central Asia,In-Store,Beauty,7624.6900000000005,7,1089.2414285714287
2023-01,Central Asia,In-Store,Electronics,11546.83,13,888.2176923076923
2023-01,Central Asia,In-Store,Fashion,12322.22,18,684.5677777777778
2023-01,Central Asia,In-Store,Food & Grocery,5562.63,8,695.32875
2023-01,Central Asia,In-Store,Home & Garden,5163.99,11,469.45363636363635
2023-01,Central Asia,In-Store,Sports,12749.61,12,1062.4675
2023-01,Central Asia,Mobile App,Beauty,10530.99,12,877.5825
2023-01,Central Asia,Mobile App,Electronics,14767.61,12,1230.6341666666667
2023-01,Central Asia,Mobile App,Fashion,7264.08,12,605.34
2023-01,Central Asia,Mobile App,Food & Grocery,13282.39,16,830.149375
2023-01,Central Asia,Mobile App,Home & Garden,5320.16,8,665.02
2023-01,Central Asia,Mobile App,Sports,4868.75,6,811.4583333333334
2023-01,Central Asia,Online,Beauty,20663.06,22,939.23
2023-01,Central Asia,Online,Electronics,11114.61,15,740.974
2023-01,Central Asia,Online,Fashion,7416.81,13,570.5238461538462
2023-01,Central Asia,Online,Food & Grocery,10444.029999999999,17,614.3547058823528
2023-01,Central Asia,Online,Home & Garden,18669.95,20,933.4975000000001
2023-01,Central Asia,Online,Sports,13493.18,14,963.7985714285714
2023-01,Europe,Call Center,Beauty,140.64000000000001,2,70.32000000000001
2023-01,Europe,Call Center,Electronics,1385.0,2,692.5
2023-01,Europe,Call Center,Fashion,2233.18,3,744.3933333333333
2023-01,Europe,Call Center,Food & Grocery,3461.49,6,576.915
2023-01,Europe,Call Center,Home & Garden,611.0699999999999,2,305.53499999999997
2023-01,Europe,Call Center,Sports,7811.26,6,1301.8766666666668
2023-01,Europe,In-Store,Beauty,19343.05,20,967.1524999999999
2023-01,Europe,In-Store,Electronics,12303.51,23,534.9352173913044
2023-01,Europe,In-Store,Fashion,17919.61,17,1054.094705882353
2023-01,Europe,In-Store,Food & Grocery,21038.33,28,751.3689285714287
2023-01,Europe,In-Store,Home & Garden,18775.04,26,722.1169230769231
2023-01,Europe,In-Store,Sports,11512.11,19,605.9005263157895
2023-01,Europe,Mobile App,Beauty,25975.94,28,927.7121428571428
2023-01,Europe,Mobile App,Electronics,18941.5,25,757.66
2023-01,Europe,Mobile App,Fashion,19651.010000000002,24,818.7920833333334
2023-01,Europe,Mobile App,Food & Grocery,13444.58,23,584.5469565217392
2023-01,Europe,Mobile App,Home & Garden,21983.32,27,814.197037037037
2023-01,Europe,Mobile App,Sports,14893.0,27,551.5925925925926
2023-01,Europe,Online,Beauty,31792.17,33,963.3990909090909
2023-01,Europe,Online,Electronics,11781.82,22,535.5372727272727
2023-01,Europe,Online,Fashion,25650.72,33,777.2945454545455
2023-01,Europe,Online,Food & Grocery,30214.78,33,915.5993939393938
2023-01,Europe,Online,Home & Garden,18348.81,33,556.0245454545455
2023-01,Europe,Online,Sports,15488.84,26,595.7246153846154
2023-01,MENA,Call Center,Beauty,2644.61,5,528.922
2023-01,MENA,Call Center,Electronics,2494.8900000000003,4,623.7225000000001
2023-01,MENA,Call Center,Fashion,6295.459999999999,4,1573.8649999999998
2023-01,MENA,Call Center,Food & Grocery,6019.02,9,668.7800000000001
2023-01,MENA,Call Center,Home & Garden,963.86,2,481.93
2023-01,MENA,Call Center,Sports,6683.27,3,2227.7566666666667
2023-01,MENA,In-Store,Beauty,7938.87,15,529.258
2023-01,MENA,In-Store,Electronics,17418.01,21,829.4290476190475
2023-01,MENA,In-Store,Fashion,20342.39,20,1017.1195
2023-01,MENA,In-Store,Food & Grocery,11043.58,16,690.22375
2023-01,MENA,In-Store,Home & Garden,18562.2,20,928.11
2023-01,MENA,In-Store,Sports,16170.02,17,951.1776470588236
2023-01,MENA,Mobile App,Beauty,9361.25,15,624.0833333333334
2023-01,MENA,Mobile App,Electronics,10440.58,18,580.0322222222222
2023-01,MENA,Mobile App,Fashion,15307.99,17,900.47
2023-01,MENA,Mobile App,Food & Grocery,8937.210000000001,18,496.5116666666667
2023-01,MENA,Mobile App,Home & Garden,9876.64,15,658.4426666666666
2023-01,MENA,Mobile App,Sports,16573.56,22,753.3436363636364
2023-01,MENA,Online,Beauty,15154.77,24,631.44875
2023-01,MENA,Online,Electronics,25659.489999999998,34,754.6908823529411
2023-01,MENA,Online,Fashion,18021.739999999998,28,643.6335714285714
2023-01,MENA,Online,Food & Grocery,24153.3,24,1006.3874999999999
2023-01,MENA,Online,Home & Garden,21762.69,25,870.5075999999999
2023-01,MENA,Online,Sports,16071.98,25,642.8792
2023-01,North America,Call Center,Beauty,7399.15,5,1479.83
2023-01,North America,Call Center,Electronics,3348.49,4,837.1225
2023-01,North America,Call Center,Fashion,3637.8,5,727.5600000000001
2023-01,North America,Call Center,Food & Grocery,2746.84,4,686.71
2023-01,North America,Call Center,Home & Garden,3872.9500000000003,4,968.2375000000001
2023-01,North America,Call Center,Sports,1469.2,5,293.84000000000003
2023-01,North America,In-Store,Beauty,19999.55,30,666.6516666666666
2023-01,North America,In-Store,Electronics,21249.25,28,758.9017857142857
2023-01,North America,In-Store,Fashion,22763.59,29,784.9513793103448
2023-01,North America,In-Store,Food & Grocery,22615.42,29,779.8420689655172
2023-01,North America,In-Store,Home & Garden,24387.38,31,786.6896774193549
2023-01,North America,In-Store,Sports,10191.65,16,636.978125
2023-01,North America,Mobile App,Beauty,10545.75,21,502.17857142857144
2023-01,North America,Mobile App,Electronics,18621.08,31,600.6800000000001
2023-01,North America,Mobile App,Fashion,19672.82,21,936.8009523809524
2023-01,North America,Mobile App,Food & Grocery,16212.04,23,704.8713043478261
2023-01,North America,Mobile App,Home & Garden,24516.08,23,1065.9165217391305
2023-01,North America,Mobile App,Sports,21147.82,23,919.4704347826087
2023-01,North America,Online,Beauty,27638.59,33,837.5330303030303
2023-01,North America,Online,Electronics,31410.84,32,981.58875
2023-01,North America,Online,Fashion,41207.34,51,807.9870588235293
2023-01,North America,Online,Food & Grocery,33606.75,42,800.1607142857143
2023-01,North America,Online,Home & Garden,37744.51,42,898.6788095238096
2023-01,North America,Online,Sports,31486.09,32,983.9403125
2023-01,Southeast Asia,Call Center,Beauty,840.4100000000001,2,420.20500000000004
2023-01,Southeast Asia,Call Center,Electronics,4218.15,3,1406.05
2023-01,Southeast Asia,Call Center,Fashion,1591.45,2,795.725
2023-01,Southeast Asia,Call Center,Food & Grocery,1184.5700000000002,2,592.2850000000001
2023-01,Southeast Asia,Call Center,Home & Garden,402.98,1,402.98
2023-01,Southeast Asia,Call Center,Sports,4082.13,5,816.426
2023-01,Southeast Asia,In-Store,Beauty,9486.44,19,499.2863157894737
2023-01,Southeast Asia,In-Store,Electronics,11166.8,14,797.6285714285714
2023-01,Southeast Asia,In-Store,Fashion,18080.26,16,1130.01625
2023-01,Southeast Asia,In-Store,Food & Grocery,7661.18,12,638.4316666666667
2023-01,Southeast Asia,In-Store,Home & Garden,14483.02,15,965.5346666666667
2023-01,Southeast Asia,In-Store,Sports,9057.34,11,823.3945454545454
2023-01,Southeast Asia,Mobile App,Beauty,16169.73,18,898.3183333333333
2023-01,Southeast Asia,Mobile App,Electronics,8793.66,14,628.1185714285714
2023-01,Southeast Asia,Mobile App,Fashion,6359.47,14,454.2478571428572
2023-01,Southeast Asia,Mobile App,Food & Grocery,15268.49,13,1174.4992307692307
2023-01,Southeast Asia,Mobile App,Home & Garden,7478.16,8,934.77
2023-01,Southeast Asia,Mobile App,Sports,10056.86,12,838.0716666666667
2023-01,Southeast Asia,Online,Beauty,16455.25,20,822.7625
2023-01,Southeast Asia,Online,Electronics,19273.68,21,917.7942857142857
2023-01,Southeast Asia,Online,Fashion,18639.8,21,887.6095238095238
2023-01,Southeast Asia,Online,Food & Grocery,12417.38,15,827.8253333333333
2023-01,Southeast Asia,Online,Home & Garden,13690.27,16,855.641875
2023-01,Southeast Asia,Online,Sports,12343.8,21,587.8
2023-02,Central Asia,Call Center,Electronics,1986.69,4,496.6725
2023-02,Central Asia,Call Center,Fashion,2234.63,3,744.8766666666667
2023-02,Central Asia,Call Center,Food & Grocery,2479.06,3,826.3533333333334
2023-02,Central Asia,Call Center,Home & Garden,1380.99,2,690.495
2023-02,Central Asia,Call Center,Sports,3807.66,4,951.915
2023-02,Central Asia,In-Store,Beauty,2911.81,8,363.97625
2023-02,Central Asia,In-Store,Electronics,7157.12,9,795.2355555555555
2023-02,Central Asia,In-Store,Fashion,2157.0099999999998,5,431.40199999999993
2023-02,Central Asia,In-Store,Food & Grocery,4065.66,8,508.2075
2023-02,Central Asia,In-Store,Home & Garden,5055.2,6,842.5333333333333
2023-02,Central Asia,In-Store,Sports,11453.630000000001,13,881.0484615384617
2023-02,Central Asia,Mobile App,Beauty,5680.75,8,710.09375
2023-02,Central Asia,Mobile App,Electronics,6063.49,3,2021.1633333333332
2023-02,Central Asia,Mobile App,Fashion,6466.63,12,538.8858333333334
2023-02,Central Asia,Mobile App,Food & Grocery,6449.62,9,716.6244444444444
2023-02,Central Asia,Mobile App,Home & Garden,3738.18,8,467.2725
2023-02,Central Asia,Mobile App,Sports,2958.53,7,422.6471428571429
2023-02,Central Asia,Online,Beauty,11621.13,14,830.0807142857142
2023-02,Central Asia,Online,Electronics,9850.52,11,895.5018181818182
2023-02,Central Asia,Online,Fashion,10102.81,14,721.6292857142856
2023-02,Central Asia,Online,Food & Grocery,13981.92,10,1398.192
2023-02,Central Asia,Online,Home & Garden,17745.649999999998,22,806.6204545454544
2023-02,Central Asia,Online,Sports,14621.36,10,1462.136
2023-02,Europe,Call Center,Beauty,2484.88,4,621.22
2023-02,Europe,Call Center,Electronics,2474.81,3,824.9366666666666
2023-02,Europe,Call Center,Fashion,1013.6,1,1013.6
2023-02,Europe,Call Center,Food & Grocery,2952.25,5,590.45
2023-02,Europe,Call Center,Home & Garden,5783.34,6,963.89
2023-02,Europe,Call Center,Sports,1249.25,3,416.4166666666667
2023-02,Europe,In-Store,Beauty,14590.78,22,663.2172727272728
2023-02,Europe,In-Store,Electronics,22123.39,27,819.3848148148148
2023-02,Europe,In-Store,Fashion,17280.01,24,720.0004166666666
2023-02,Europe,In-Store,Food & Grocery,12471.960000000001,15,831.464
2023-02,Europe,In-Store,Home & Garden,17441.71,19,917.9847368421052
2023-02,Europe,In-Store,Sports,16581.74,25,663.2696000000001
2023-02,Europe,Mobile App,Beauty,12990.93,13,999.3023076923077
2023-02,Europe,Mobile App,Electronics,30607.53,26,1177.2126923076924
2023-02,Europe,Mobile App,Fashion,8776.279999999999,13,675.0984615384615
2023-02,Europe,Mobile App,Food & Grocery,20291.44,26,780.4399999999999
2023-02,Europe,Mobile App,Home & Garden,21807.86,26,838.7638461538462
2023-02,Europe,Mobile App,Sports,14536.26,20,726.813
2023-02,Europe,Online,Beauty,21247.829999999998,37,574.2656756756757
2023-02,Europe,Online,Electronics,29170.0,31,940.9677419354839
2023-02,Europe,Online,Fashion,14289.56,24,595.3983333333333
2023-02,Europe,Online,Food & Grocery,12239.65,20,611.9825
2023-02,Europe,Online,Home & Garden,19220.48,33,582.4387878787878
2023-02,Europe,Online,Sports,19265.61,26,740.985
2023-02,MENA,Call Center,Beauty,1180.98,1,1180.98
2023-02,MENA,Call Center,Electronics,7404.9,5,1480.98
2023-02,MENA,Call Center,Fashion,312.97,2,156.485
2023-02,MENA,Call Center,Food & Grocery,1325.29,2,662.645
2023-02,MENA,Call Center,Home & Garden,2542.62,3,847.54
2023-02,MENA,In-Store,Beauty,16258.93,21,774.234761904762
2023-02,MENA,In-Store,Electronics,6319.38,9,702.1533333333333
2023-02,MENA,In-Store,Fashion,19528.31,23,849.0569565217392
2023-02,MENA,In-Store,Food & Grocery,8035.219999999999,14,573.9442857142857
2023-02,MENA,In-Store,Home & Garden,12814.210000000001,18,711.9005555555556
2023-02,MENA,In-Store,Sports,20316.4,15,1354.4266666666667
2023-02,MENA,Mobile App,Beauty,8876.12,12,739.6766666666667
2023-02,MENA,Mobile App,Electronics,14029.67,19,738.4036842105263
2023-02,MENA,Mobile App,Fashion,13788.82,15,919.2546666666666
2023-02,MENA,Mobile App,Food & Grocery,16538.28,21,787.5371428571428
2023-02,MENA,Mobile App,Home & Garden,10021.29,17,589.4876470588235
2023-02,MENA,Mobile App,Sports,10881.71,15,725.4473333333333
2023-02,MENA,Online,Beauty,26594.14,22,1208.8245454545454
2023-02,MENA,Online,Electronics,7590.82,13,583.9092307692307
2023-02,MENA,Online,Fashion,12658.99,20,632.9495
2023-02,MENA,Online,Food & Grocery,17136.22,19,901.9063157894738
2023-02,MENA,Online,Home & Garden,15938.27,23,692.9682608695653
2023-02,MENA,Online,Sports,13861.51,18,770.0838888888889
2023-02,North America,Call Center,Beauty,385.65,2,192.825
2023-02,North America,Call Center,Electronics,52.76,1,52.76
2023-02,North America,Call Center,Fashion,5789.54,5,1157.908
2023-02,North America,Call Center,Food & Grocery,2978.54,3,992.8466666666667
2023-02,North America,Call Center,Home & Garden,5397.18,4,1349.295
2023-02,North America,Call Center,Sports,5191.179999999999,6,865.1966666666666
2023-02,North America,In-Store,Beauty,34978.72,36,971.6311111111112
2023-02,North America,In-Store,Electronics,15087.42,21,718.4485714285714
2023-02,North America,In-Store,Fashion,15277.39,20,763.8695
2023-02,North America,In-Store,Food & Grocery,14462.24,20,723.112
2023-02,North America,In-Store,Home & Garden,18486.78,29,637.4751724137931
2023-02,North America,In-Store,Sports,17629.32,24,734.555
2023-02,North America,Mobile App,Beauty,20832.3,21,992.0142857142857
2023-02,North America,Mobile App,Electronics,17398.69,28,621.3817857142857
2023-02,North America,Mobile App,Fashion,15823.25,22,719.2386363636364
2023-02,North America,Mobile App,Food & Grocery,15048.06,22,684.0027272727273
2023-02,North America,Mobile App,Home & Garden,19488.77,28,696.0275
2023-02,North America,Mobile App,Sports,23975.57,21,1141.6938095238095
2023-02,North America,Online,Beauty,25783.12,33,781.3066666666666
2023-02,North America,Online,Electronics,26090.36,42,621.1990476190476
2023-02,North America,Online,Fashion,34026.7,38,895.4394736842105
2023-02,North America,Online,Food & Grocery,33729.2,36,936.9222222222221
2023-02,North America,Online,Home & Garden,34453.090000000004,39,883.4125641025641
2023-02,North America,Online,Sports,36215.69,37,978.8024324324325
2023-02,Southeast Asia,Call Center,Beauty,74.82,1,74.82
2023-02,Southeast Asia,Call Center,Electronics,1623.9,3,541.3000000000001
2023-02,Southeast Asia,Call Center,Fashion,978.14,3,326.0466666666667
2023-02,Southeast Asia,Call Center,Food & Grocery,1905.18,5,381.036
2023-02,Southeast Asia,Call Center,Home & Garden,614.89,2,307.445
2023-02,Southeast Asia,Call Center,Sports,2927.89,4,731.9725
2023-02,Southeast Asia,In-Store,Beauty,10128.26,14,723.4471428571429
2023-02,Southeast Asia,In-Store,Electronics,5260.17,9,584.4633333333334
2023-02,Southeast Asia,In-Store,Fashion,11770.98,14,840.7842857142857
2023-02,Southeast Asia,In-Store,Food & Grocery,7992.139999999999,11,726.5581818181818
2023-02,Southeast Asia,In-Store,Home & Garden,5528.08,10,552.808
2023-02,Southeast Asia,In-Store,Sports,3787.45,8,473.43125
2023-02,Southeast Asia,Mobile App,Beauty,8520.01,12,710.0008333333334
2023-02,Southeast Asia,Mobile App,Electronics,5686.45,8,710.80625
2023-02,Southeast Asia,Mobile App,Fashion,11528.12,16,720.5075
2023-02,Southeast Asia,Mobile App,Food & Grocery,9780.04,12,815.0033333333334
2023-02,Southeast Asia,Mobile App,Home & Garden,7198.460000000001,8,899.8075000000001
2023-02,Southeast Asia,Mobile App,Sports,8555.51,7,1222.2157142857143
2023-02,Southeast Asia,Online,Beauty,12844.72,15,856.3146666666667
2023-02,Southeast Asia,Online,Electronics,16926.44,23,735.9321739130435
2023-02,Southeast Asia,Online,Fashion,12046.93,23,523.7795652173913
2023-02,Southeast Asia,Online,Food & Grocery,10029.99,10,1002.999
2023-02,Southeast Asia,Online,Home & Garden,11444.6,21,544.9809523809524
2023-02,Southeast Asia,Online,Sports,10422.36,18,579.02
2023-03,Central Asia,Call Center,Beauty,2496.89,4,624.2225
2023-03,Central Asia,Call Center,Electronics,680.9,2,340.45
2023-03,Central Asia,Call Center,Fashion,1121.0,1,1121.0
2023-03,Central Asia,Call Center,Food & Grocery,136.92,2,68.46
2023-03,Central Asia,Call Center,Home & Garden,175.52,1,175.52
2023-03,Central Asia,Call Center,Sports,2836.9300000000003,2,1418.4650000000001
2023-03,Central Asia,In-Store,Beauty,10038.74,17,590.5141176470588
2023-03,Central Asia,In-Store,Electronics,11236.47,11,1021.4972727272726
2023-03,Central Asia,In-Store,Fashion,5182.3,10,518.23
2023-03,Central Asia,In-Store,Food & Grocery,14415.83,15,961.0553333333334
2023-03,Central Asia,In-Store,Home & Garden,2138.69,5,427.738
2023-03,Central Asia,In-Store,Sports,5212.3099999999995,9,579.1455555555555
2023-03,Central Asia,Mobile App,Beauty,7947.12,10,794.712
2023-03,Central Asia,Mobile App,Electronics,13995.13,19,736.5857894736841
2023-03,Central Asia,Mobile App,Fashion,8273.74,12,689.4783333333334
2023-03,Central Asia,Mobile App,Food & Grocery,11370.029999999999,12,947.5024999999999
2023-03,Central Asia,Mobile App,Home & Garden,9697.810000000001,14,692.7007142857144
2023-03,Central Asia,Mobile App,Sports,11337.23,15,755.8153333333333
2023-03,Central Asia,Online,Beauty,20243.57,16,1265.223125
2023-03,Central Asia,Online,Electronics,18286.4,19,962.4421052631579
2023-03,Central Asia,Online,Fashion,10961.32,19,576.9115789473684
2023-03,Central Asia,Online,Food & Grocery,28786.57,20,1439.3285
2023-03,Central Asia,Online,Home & Garden,12913.4,10,1291.34
2023-03,Central Asia,Online,Sports,16600.65,19,873.7184210526317
2023-03,Europe,Call Center,Beauty,2033.17,1,2033.17
2023-03,Europe,Call Center,Electronics,823.28,2,411.64
2023-03,Europe,Call Center,Fashion,706.46,1,706.46
2023-03,Europe,Call Center,Food & Grocery,2659.04,4,664.76
2023-03,Europe,Call Center,Home & Garden,6650.76,9,738.9733333333334
2023-03,Europe,Call Center,Sports,306.94,1,306.94
2023-03,Europe,In-Store,Beauty,27886.34,31,899.5593548387097
2023-03,Europe,In-Store,Electronics,15311.24,18,850.6244444444444
2023-03,Europe,In-Store,Fashion,17787.55,27,658.7981481481481
2023-03,Europe,In-Store,Food & Grocery,18483.36,22,840.1527272727272
2023-03,Europe,In-Store,Home & Garden,9396.67,14,671.1907142857143
2023-03,Europe,In-Store,Sports,29766.010000000002,35,850.4574285714286
2023-03,Europe,Mobile App,Beauty,11458.24,19,603.0652631578947
2023-03,Europe,Mobile App,Electronics,15773.880000000001,26,606.6876923076924
2023-03,Europe,Mobile App,Fashion,18063.0,16,1128.9375
2023-03,Europe,Mobile App,Food & Grocery,11062.06,23,480.9591304347826
2023-03,Europe,Mobile App,Home & Garden,19901.08,21,947.6704761904763
2023-03,Europe,Mobile App,Sports,15144.15,16,946.509375
2023-03,Europe,Online,Beauty,27896.44,34,820.4835294117647
2023-03,Europe,Online,Electronics,18841.38,29,649.7027586206897
2023-03,Europe,Online,Fashion,29859.14,39,765.6189743589744
2023-03,Europe,Online,Food & Grocery,30670.18,35,876.2908571428571
2023-03,Europe,Online,Home & Garden,36862.54,38,970.0668421052632
2023-03,Europe,Online,Sports,37417.37,34,1100.5108823529413
2023-03,MENA,Call Center,Beauty,7772.37,6,1295.395
2023-03,MENA,Call Center,Electronics,1094.03,2,547.015
2023-03,MENA,Call Center,Fashion,472.68,2,236.34
2023-03,MENA,Call Center,Food & Grocery,1007.28,3,335.76
2023-03,MENA,Call Center,Home & Garden,1441.02,3,480.34
2023-03,MENA,Call Center,Sports,704.54,2,352.27
2023-03,MENA,In-Store,Beauty,7391.04,13,568.5415384615385
2023-03,MENA,In-Store,Electronics,10699.05,13,823.0038461538461
2023-03,MENA,In-Store,Fashion,10340.41,16,646.275625
2023-03,MENA,In-Store,Food & Grocery,8228.86,12,685.7383333333333
2023-03,MENA,In-Store,Home & Garden,10890.14,15,726.0093333333333
2023-03,MENA,In-Store,Sports,10528.75,10,1052.875
2023-03,MENA,Mobile App,Beauty,9894.72,13,761.1323076923077
2023-03,MENA,Mobile App,Electronics,14610.619999999999,13,1123.893846153846
2023-03,MENA,Mobile App,Fashion,12342.83,17,726.0488235294117
2023-03,MENA,Mobile App,Food & Grocery,19833.09,22,901.5040909090909
2023-03,MENA,Mobile App,Home & Garden,11327.83,17,666.3429411764706
2023-03,MENA,Mobile App,Sports,11219.58,11,1019.9618181818182
2023-03,MENA,Online,Beauty,15618.29,19,822.0152631578948
2023-03,MENA,Online,Electronics,19688.06,28,703.1450000000001
2023-03,MENA,Online,Fashion,15559.93,25,622.3972
2023-03,MENA,Online,Food & Grocery,23650.15,22,1075.0068181818183
2023-03,MENA,Online,Home & Garden,19188.09,24,799.50375
2023-03,MENA,Online,Sports,16327.08,19,859.32
2023-03,North America,Call Center,Beauty,5774.59,6,962.4316666666667
2023-03,North America,Call Center,Electronics,9610.89,7,1372.9842857142855
2023-03,North America,Call Center,Fashion,7891.83,7,1127.4042857142856
2023-03,North America,Call Center,Food & Grocery,6182.06,7,883.1514285714286
2023-03,North America,Call Center,Home & Garden,9934.71,6,1655.7849999999999
2023-03,North America,Call Center,Sports,1903.1499999999999,5,380.63
2023-03,North America,In-Store,Beauty,14360.42,23,624.3660869565217
2023-03,North America,In-Store,Electronics,19981.28,31,644.5574193548387
2023-03,North America,In-Store,Fashion,17396.41,28,621.3003571428571
2023-03,North America,In-Store,Food & Grocery,24066.71,23,1046.378695652174
2023-03,North America,In-Store,Home & Garden,29768.79,36,826.9108333333334
2023-03,North America,In-Store,Sports,16076.460000000001,22,730.7481818181818
2023-03,North America,Mobile App,Beauty,17105.02,22,777.5009090909091
2023-03,North America,Mobile App,Electronics,19642.27,30,654.7423333333334
2023-03,North America,Mobile App,Fashion,29232.86,27,1082.6985185185185
2023-03,North America,Mobile App,Food & Grocery,14672.89,17,863.1111764705882
2023-03,North America,Mobile App,Home & Garden,18492.94,34,543.91
2023-03,North America,Mobile App,Sports,26429.83,31,852.5751612903226
2023-03,North America,Online,Beauty,25605.79,38,673.8365789473685
2023-03,North America,Online,Electronics,26538.7,35,758.2485714285715
2023-03,North America,Online,Fashion,33531.18,43,779.7948837209302
2023-03,North America,Online,Food & Grocery,27733.29,38,729.8234210526316
2023-03,North America,Online,Home & Garden,37533.57,52,721.7994230769231
2023-03,North America,Online,Sports,25472.94,36,707.5816666666666
2023-03,Southeast Asia,Call Center,Beauty,296.27,1,296.27
2023-03,Southeast Asia,Call Center,Electronics,2106.81,3,702.27
2023-03,Southeast Asia,Call Center,Fashion,4152.24,2,2076.12
2023-03,Southeast Asia,Call Center,Food & Grocery,2261.19,2,1130.595
2023-03,Southeast Asia,Call Center,Home & Garden,3711.5099999999998,3,1237.1699999999998
2023-03,Southeast Asia,Call Center,Sports,1454.96,3,484.9866666666667
2023-03,Southeast Asia,In-Store,Beauty,2297.49,5,459.49799999999993
2023-03,Southeast Asia,In-Store,Electronics,13967.13,16,872.945625
2023-03,Southeast Asia,In-Store,Fashion,6616.99,11,601.5445454545454
2023-03,Southeast Asia,In-Store,Food & Grocery,8431.45,16,526.965625
2023-03,Southeast Asia,In-Store,Home & Garden,5842.4,9,649.1555555555556
2023-03,Southeast Asia,In-Store,Sports,13717.84,17,806.9317647058824
2023-03,Southeast Asia,Mobile App,Beauty,13546.36,13,1042.0276923076924
2023-03,Southeast Asia,Mobile App,Electronics,12493.42,16,780.83875
2023-03,Southeast Asia,Mobile App,Fashion,10809.84,13,831.5261538461539
2023-03,Southeast Asia,Mobile App,Food & Grocery,6696.030000000001,10,669.6030000000001
2023-03,Southeast Asia,Mobile App,Home & Garden,6124.11,14,437.43642857142856
2023-03,Southeast Asia,Mobile App,Sports,8409.06,12,700.755
2023-03,Southeast Asia,Online,Beauty,5107.66,17,300.4505882352941
2023-03,Southeast Asia,Online,Electronics,14525.33,22,660.2422727272727
2023-03,Southeast Asia,Online,Fashion,10695.560000000001,15,713.0373333333334
2023-03,Southeast Asia,Online,Food & Grocery,9303.61,16,581.475625
2023-03,Southeast Asia,Online,Home & Garden,15635.83,18,868.6572222222222
2023-03,Southeast Asia,Online,Sports,15833.63,15,1055.5753333333332
2023-04,Central Asia,Call Center,Beauty,559.44,2,279.72
2023-04,Central Asia,Call Center,Fashion,124.89,1,124.89
2023-04,Central Asia,Call Center,Food & Grocery,4386.68,2,2193.34
2023-04,Central Asia,Call Center,Home & Garden,3661.07,5,732.214
2023-04,Central Asia,In-Store,Beauty,14637.35,14,1045.525
2023-04,Central Asia,In-Store,Electronics,13705.85,16,856.615625
2023-04,Central Asia,In-Store,Fashion,3250.41,7,464.3442857142857
2023-04,Central Asia,In-Store,Food & Grocery,16414.4,15,1094.2933333333335
2023-04,Central Asia,In-Store,Home & Garden,10390.48,15,692.6986666666667
2023-04,Central Asia,In-Store,Sports,9616.8,9,1068.5333333333333
2023-04,Central Asia,Mobile App,Beauty,6801.54,8,850.1925
2023-04,Central Asia,Mobile App,Electronics,1979.86,5,395.972
2023-04,Central Asia,Mobile App,Fashion,12067.61,14,861.9721428571429
2023-04,Central Asia,Mobile App,Food & Grocery,7679.34,7,1097.0485714285714
2023-04,Central Asia,Mobile App,Home & Garden,4866.34,12,405.52833333333336
2023-04,Central Asia,Mobile App,Sports,6584.5,11,598.5909090909091
2023-04,Central Asia,Online,Beauty,3836.9300000000003,7,548.1328571428572
2023-04,Central Asia,Online,Electronics,11579.6,17,681.1529411764706
2023-04,Central Asia,Online,Fashion,10929.48,14,780.6771428571428
2023-04,Central Asia,Online,Food & Grocery,13790.4,18,766.1333333333333
2023-04,Central Asia,Online,Home & Garden,5590.45,11,508.22272727272724
2023-04,Central Asia,Online,Sports,14833.99,14,1059.5707142857143
2023-04,Europe,Call Center,Beauty,1285.3899999999999,3,428.4633333333333
2023-04,Europe,Call Center,Electronics,1872.49,3,624.1633333333333
2023-04,Europe,Call Center,Fashion,6276.51,6,1046.085
2023-04,Europe,Call Center,Food & Grocery,2313.55,3,771.1833333333334
2023-04,Europe,Call Center,Home & Garden,3456.0699999999997,6,576.0116666666667
2023-04,Europe,Call Center,Sports,2775.41,4,693.8525
2023-04,Europe,In-Store,Beauty,13801.11,22,627.3231818181819
2023-04,Europe,In-Store,Electronics,21015.45,23,913.7152173913043
2023-04,Europe,In-Store,Fashion,16020.85,25,640.8340000000001
2023-04,Europe,In-Store,Food & Grocery,27688.83,24,1153.70125
2023-04,Europe,In-Store,Home & Garden,19296.71,27,714.692962962963
2023-04,Europe,In-Store,Sports,18164.89,24,756.8704166666666
2023-04,Europe,Mobile App,Beauty,18565.8,25,742.632
2023-04,Europe,Mobile App,Electronics,11394.35,24,474.76458333333335
2023-04,Europe,Mobile App,Fashion,12583.7,18,699.0944444444444
2023-04,Europe,Mobile App,Food & Grocery,16099.11,24,670.79625
2023-04,Europe,Mobile App,Home & Garden,20846.93,26,801.8050000000001
2023-04,Europe,Mobile App,Sports,12966.6,20,648.33
2023-04,Europe,Online,Beauty,19893.32,33,602.8278787878788
2023-04,Europe,Online,Electronics,27017.9,36,750.4972222222223
2023-04,Europe,Online,Fashion,20939.55,29,722.053448275862
2023-04,Europe,Online,Food & Grocery,18864.12,21,898.2914285714285
2023-04,Europe,Online,Home & Garden,17981.48,24,749.2283333333334
2023-04,Europe,Online,Sports,17272.010000000002,24,719.6670833333334
2023-04,MENA,Call Center,Beauty,5120.8099999999995,4,1280.2024999999999
2023-04,MENA,Call Center,Electronics,1213.02,3,404.34
2023-04,MENA,Call Center,Fashion,1528.47,2,764.235
2023-04,MENA,Call Center,Food & Grocery,426.57,1,426.57
2023-04,MENA,Call Center,Home & Garden,3484.37,6,580.7283333333334
2023-04,MENA,Call Center,Sports,468.96,1,468.96
2023-04,MENA,In-Store,Beauty,15242.189999999999,19,802.2205263157894
2023-04,MENA,In-Store,Electronics,8334.51,13,641.1161538461539
2023-04,MENA,In-Store,Fashion,12475.85,16,779.740625
2023-04,MENA,In-Store,Food & Grocery,15919.25,21,758.0595238095239
2023-04,MENA,In-Store,Home & Garden,12184.939999999999,14,870.352857142857
2023-04,MENA,In-Store,Sports,7378.2300000000005,17,434.01352941176475
2023-04,MENA,Mobile App,Beauty,16297.44,20,814.8720000000001
2023-04,MENA,Mobile App,Electronics,9126.869999999999,14,651.9192857142856
2023-04,MENA,Mobile App,Fashion,12706.16,16,794.135
2023-04,MENA,Mobile App,Food & Grocery,11673.99,15,778.266
2023-04,MENA,Mobile App,Home & Garden,16330.2,20,816.51
2023-04,MENA,Mobile App,Sports,13920.56,20,696.028
2023-04,MENA,Online,Beauty,15344.29,18,852.4605555555556
2023-04,MENA,Online,Electronics,11508.88,19,605.7305263157895
2023-04,MENA,Online,Fashion,16757.62,22,761.7099999999999
2023-04,MENA,Online,Food & Grocery,10995.03,16,687.189375
2023-04,MENA,Online,Home & Garden,24992.41,28,892.5860714285715
2023-04,MENA,Online,Sports,25196.73,33,763.5372727272727
2023-04,North America,Call Center,Beauty,3020.74,3,1006.9133333333333
2023-04,North America,Call Center,Electronics,5500.79,5,1100.158
2023-04,North America,Call Center,Fashion,5347.09,6,891.1816666666667
2023-04,North America,Call Center,Food & Grocery,9121.220000000001,6,1520.2033333333336
2023-04,North America,Call Center,Home & Garden,10832.99,9,1203.6655555555556
2023-04,North America,Call Center,Sports,10518.85,10,1051.885
2023-04,North America,In-Store,Beauty,25893.84,34,761.5835294117647
2023-04,North America,In-Store,Electronics,27228.88,35,777.9680000000001
2023-04,North America,In-Store,Fashion,28101.57,39,720.5530769230769
2023-04,North America,In-Store,Food & Grocery,20305.1,32,634.534375
2023-04,North America,In-Store,Home & Garden,20339.6,21,968.5523809523809
2023-04,North America,In-Store,Sports,20203.7,26,777.0653846153847
2023-04,North America,Mobile App,Beauty,23258.49,31,750.273870967742
2023-04,North America,Mobile App,Electronics,25196.96,24,1049.8733333333332
2023-04,North America,Mobile App,Fashion,16574.05,20,828.7025
2023-04,North America,Mobile App,Food & Grocery,31990.87,31,1031.9635483870968
2023-04,North America,Mobile App,Home & Garden,18548.8,25,741.952
2023-04,North America,Mobile App,Sports,15029.07,27,556.6322222222223
2023-04,North America,Online,Beauty,37556.43,45,834.5873333333334
2023-04,North America,Online,Electronics,21603.94,30,720.1313333333333
2023-04,North America,Online,Fashion,37893.45,43,881.2430232558139
2023-04,North America,Online,Food & Grocery,22333.1,35,638.0885714285714
2023-04,North America,Online,Home & Garden,16244.31,24,676.8462499999999
2023-04,North America,Online,Sports,25959.82,34,763.5241176470588
2023-04,Southeast Asia,Call Center,Beauty,7501.88,3,2500.6266666666666
2023-04,Southeast Asia,Call Center,Electronics,5663.74,5,1132.748
2023-04,Southeast Asia,Call Center,Fashion,3399.2799999999997,5,679.856
2023-04,Southeast Asia,Call Center,Food & Grocery,2819.62,4,704.905
2023-04,Southeast Asia,Call Center,Home & Garden,3186.56,3,1062.1866666666667
2023-04,Southeast Asia,Call Center,Sports,1829.16,2,914.58
2023-04,Southeast Asia,In-Store,Beauty,9433.539999999999,11,857.5945454545454
2023-04,Southeast Asia,In-Store,Electronics,8418.03,16,526.126875
2023-04,Southeast Asia,In-Store,Fashion,12699.81,16,793.738125
2023-04,Southeast Asia,In-Store,Food & Grocery,11275.43,13,867.3407692307693
2023-04,Southeast Asia,In-Store,Home & Garden,13293.81,11,1208.5281818181818
2023-04,Southeast Asia,In-Store,Sports,7866.97,13,605.1515384615385
2023-04,Southeast Asia,Mobile App,Beauty,15975.44,14,1141.1028571428571
2023-04,Southeast Asia,Mobile App,Electronics,5098.64,9,566.5155555555556
2023-04,Southeast Asia,Mobile App,Fashion,7090.45,7,1012.9214285714286
2023-04,Southeast Asia,Mobile App,Food & Grocery,9538.53,11,867.139090909091
2023-04,Southeast Asia,Mobile App,Home & Garden,8184.8099999999995,13,629.6007692307692
2023-04,Southeast Asia,Mobile App,Sports,11343.02,13,872.5400000000001
2023-04,Southeast Asia,Online,Beauty,18688.38,18,1038.2433333333333
2023-04,Southeast Asia,Online,Electronics,10245.2,20,512.26
2023-04,Southeast Asia,Online,Fashion,13763.210000000001,16,860.2006250000001
2023-04,Southeast Asia,Online,Food & Grocery,19391.84,24,807.9933333333333
2023-04,Southeast Asia,Online,Home & Garden,13351.73,23,580.51
2023-04,Southeast Asia,Online,Sports,12571.27,14,897.9478571428572
2023-05,Central Asia,Call Center,Beauty,346.71,1,346.71
2023-05,Central Asia,Call Center,Electronics,1236.83,2,618.415
2023-05,Central Asia,Call Center,Food & Grocery,211.51,2,105.755
2023-05,Central Asia,Call Center,Home & Garden,741.82,1,741.82
2023-05,Central Asia,Call Center,Sports,432.28999999999996,2,216.14499999999998
2023-05,Central Asia,In-Store,Beauty,9265.42,6,1544.2366666666667
2023-05,Central Asia,In-Store,Electronics,4178.96,9,464.3288888888889
2023-05,Central Asia,In-Store,Fashion,11344.130000000001,12,945.3441666666668
2023-05,Central Asia,In-Store,Food & Grocery,9638.15,15,642.5433333333333
2023-05,Central Asia,In-Store,Home & Garden,9034.55,16,564.659375
2023-05,Central Asia,In-Store,Sports,10511.74,13,808.5953846153845
2023-05,Central Asia,Mobile App,Beauty,5339.71,6,889.9516666666667
2023-05,Central Asia,Mobile App,Electronics,7180.39,11,652.7627272727273
2023-05,Central Asia,Mobile App,Fashion,7932.37,11,721.1245454545455
2023-05,Central Asia,Mobile App,Food & Grocery,5537.18,9,615.2422222222223
2023-05,Central Asia,Mobile App,Home & Garden,9743.53,12,811.9608333333334
2023-05,Central Asia,Mobile App,Sports,18462.68,21,879.1752380952381
2023-05,Central Asia,Online,Beauty,11822.57,20,591.1285
2023-05,Central Asia,Online,Electronics,16922.86,18,940.1588888888889
2023-05,Central Asia,Online,Fashion,18740.510000000002,20,937.0255000000001
2023-05,Central Asia,Online,Food & Grocery,13099.619999999999,12,1091.635
2023-05,Central Asia,Online,Home & Garden,18528.54,19,975.1863157894737
2023-05,Central Asia,Online,Sports,10119.5,19,532.6052631578947
2023-05,Europe,Call Center,Beauty,1547.81,3,515.9366666666666
2023-05,Europe,Call Center,Electronics,3160.91,2,1580.455
2023-05,Europe,Call Center,Fashion,6558.31,8,819.78875
2023-05,Europe,Call Center,Food & Grocery,4691.29,4,1172.8225
2023-05,Europe,Call Center,Home & Garden,585.95,1,585.95
2023-05,Europe,Call Center,Sports,2810.41,3,936.8033333333333
2023-05,Europe,In-Store,Beauty,18305.02,29,631.2075862068966
2023-05,Europe,In-Store,Electronics,17681.31,25,707.2524000000001
2023-05,Europe,In-Store,Fashion,15384.75,21,732.6071428571429
2023-05,Europe,In-Store,Food & Grocery,13666.65,19,719.2973684210526
2023-05,Europe,In-Store,Home & Garden,21383.29,19,1125.4363157894738
2023-05,Europe,In-Store,Sports,16818.23,27,622.8974074074074
2023-05,Europe,Mobile App,Beauty,15737.21,24,655.7170833333333
2023-05,Europe,Mobile App,Electronics,16785.12,26,645.5815384615385
2023-05,Europe,Mobile App,Fashion,10443.65,19,549.6657894736842
2023-05,Europe,Mobile App,Food & Grocery,15143.28,20,757.164
2023-05,Europe,Mobile App,Home & Garden,18465.61,30,615.5203333333334
2023-05,Europe,Mobile App,Sports,12332.26,23,536.1852173913044
2023-05,Europe,Online,Beauty,21670.53,32,677.2040625
2023-05,Europe,Online,Electronics,15578.52,26,599.1738461538462
2023-05,Europe,Online,Fashion,19706.94,27,729.8866666666667
2023-05,Europe,Online,Food & Grocery,21103.420000000002,32,659.4818750000001
2023-05,Europe,Online,Home & Garden,15454.29,25,618.1716
2023-05,Europe,Online,Sports,22818.579999999998,24,950.7741666666666
2023-05,MENA,Call Center,Beauty,1822.24,4,455.56
2023-05,MENA,Call Center,Electronics,5215.44,3,1738.4799999999998
2023-05,MENA,Call Center,Fashion,693.09,2,346.545
2023-05,MENA,Call Center,Food & Grocery,1246.73,3,415.57666666666665
2023-05,MENA,Call Center,Home & Garden,4950.84,4,1237.71
2023-05,MENA,Call Center,Sports,823.87,3,274.62333333333333
2023-05,MENA,In-Store,Beauty,14148.7,14,1010.6214285714286
2023-05,MENA,In-Store,Electronics,22248.11,22,1011.2777272727272
2023-05,MENA,In-Store,Fashion,6740.25,13,518.4807692307693
2023-05,MENA,In-Store,Food & Grocery,18516.08,20,925.8040000000001
2023-05,MENA,In-Store,Home & Garden,19447.61,20,972.3805
2023-05,MENA,In-Store,Sports,9402.21,17,553.0711764705882
2023-05,MENA,Mobile App,Beauty,12716.58,12,1059.715
2023-05,MENA,Mobile App,Electronics,10837.27,15,722.4846666666667
2023-05,MENA,Mobile App,Fashion,8126.97,13,625.1515384615385
2023-05,MENA,Mobile App,Food & Grocery,5581.67,10,558.167
2023-05,MENA,Mobile App,Home & Garden,4668.75,11,424.4318181818182
2023-05,MENA,Mobile App,Sports,18198.82,26,699.9546153846154
2023-05,MENA,Online,Beauty,13707.5,21,652.7380952380952
2023-05,MENA,Online,Electronics,19032.31,25,761.2924
2023-05,MENA,Online,Fashion,17538.42,29,604.7731034482758
2023-05,MENA,Online,Food & Grocery,16904.21,23,734.965652173913
2023-05,MENA,Online,Home & Garden,24877.72,24,1036.5716666666667
2023-05,MENA,Online,Sports,21667.09,30,722.2363333333334
2023-05,North America,Call Center,Beauty,3736.2599999999998,3,1245.4199999999998
2023-05,North America,Call Center,Electronics,4571.94,4,1142.985
2023-05,North America,Call Center,Fashion,10866.42,10,1086.642
2023-05,North America,Call Center,Food & Grocery,1279.58,3,426.52666666666664
2023-05,North America,Call Center,Home & Garden,5297.25,6,882.875
2023-05,North America,Call Center,Sports,2143.1800000000003,5,428.6360000000001
2023-05,North America,In-Store,Beauty,25057.57,27,928.0581481481481
2023-05,North America,In-Store,Electronics,24199.9,25,967.9960000000001
2023-05,North America,In-Store,Fashion,22963.36,25,918.5344
2023-05,North America,In-Store,Food & Grocery,9836.7,16,614.79375
2023-05,North America,In-Store,Home & Garden,24882.489999999998,27,921.5737037037036
2023-05,North America,In-Store,Sports,10544.119999999999,14,753.1514285714285
2023-05,North America,Mobile App,Beauty,21369.96,27,791.48
2023-05,North America,Mobile App,Electronics,14957.36,27,553.9762962962964
2023-05,North America,Mobile App,Fashion,23664.12,30,788.804
2023-05,North America,Mobile App,Food & Grocery,25515.84,34,750.4658823529412
2023-05,North America,Mobile App,Home & Garden,19058.56,34,560.5458823529412
2023-05,North America,Mobile App,Sports,22346.66,31,720.86
2023-05,North America,Online,Beauty,34886.98,41,850.9019512195123
2023-05,North America,Online,Electronics,27536.07,34,809.8844117647059
2023-05,North America,Online,Fashion,39526.44,39,1013.4984615384616
2023-05,North America,Online,Food & Grocery,36176.59,41,882.3558536585365
2023-05,North America,Online,Home & Garden,33559.51,40,838.98775
2023-05,North America,Online,Sports,27225.79,40,680.64475
2023-05,Southeast Asia,Call Center,Beauty,1642.21,3,547.4033333333333
2023-05,Southeast Asia,Call Center,Electronics,870.52,1,870.52
2023-05,Southeast Asia,Call Center,Fashion,3665.0,3,1221.6666666666667
2023-05,Southeast Asia,Call Center,Food & Grocery,724.74,3,241.58
2023-05,Southeast Asia,Call Center,Home & Garden,4458.030000000001,2,2229.0150000000003
2023-05,Southeast Asia,Call Center,Sports,7747.51,4,1936.8775
2023-05,Southeast Asia,In-Store,Beauty,4178.55,8,522.31875
2023-05,Southeast Asia,In-Store,Electronics,11570.73,10,1157.0729999999999
2023-05,Southeast Asia,In-Store,Fashion,12818.880000000001,17,754.0517647058824
2023-05,Southeast Asia,In-Store,Food & Grocery,11491.02,12,957.585
2023-05,Southeast Asia,In-Store,Home & Garden,4334.79,11,394.0718181818182
2023-05,Southeast Asia,In-Store,Sports,7924.99,10,792.499
2023-05,Southeast Asia,Mobile App,Beauty,14338.37,18,796.5761111111111
2023-05,Southeast Asia,Mobile App,Electronics,11918.65,15,794.5766666666666
2023-05,Southeast Asia,Mobile App,Fashion,9884.359999999999,15,658.9573333333333
2023-05,Southeast Asia,Mobile App,Food & Grocery,7800.59,13,600.0453846153846
2023-05,Southeast Asia,Mobile App,Home & Garden,8906.46,12,742.2049999999999
2023-05,Southeast Asia,Mobile App,Sports,12353.88,18,686.3266666666666
2023-05,Southeast Asia,Online,Beauty,17764.66,18,986.9255555555555
2023-05,Southeast Asia,Online,Electronics,20511.67,23,891.8117391304347
2023-05,Southeast Asia,Online,Fashion,4049.2,13,311.4769230769231
2023-05,Southeast Asia,Online,Food & Grocery,15720.64,19,827.4021052631579
2023-05,Southeast Asia,Online,Home & Garden,8397.49,15,559.8326666666667
2023-05,Southeast Asia,Online,Sports,15691.19,18,871.7327777777778
2023-06,Central Asia,Call Center,Beauty,2880.29,2,1440.145
2023-06,Central Asia,Call Center,Electronics,938.46,2,469.23
2023-06,Central Asia,Call Center,Fashion,121.42,2,60.71
2023-06,Central Asia,Call Center,Food & Grocery,732.21,3,244.07000000000002
2023-06,Central Asia,Call Center,Home & Garden,6966.31,4,1741.5775
2023-06,Central Asia,Call Center,Sports,1327.1100000000001,3,442.37000000000006
2023-06,Central Asia,In-Store,Beauty,5446.71,12,453.8925
2023-06,Central Asia,In-Store,Electronics,6086.650000000001,9,676.2944444444445
2023-06,Central Asia,In-Store,Fashion,6732.75,12,561.0625
2023-06,Central Asia,In-Store,Food & Grocery,7082.98,15,472.1986666666666
2023-06,Central Asia,In-Store,Home & Garden,12590.44,16,786.9025
2023-06,Central Asia,In-Store,Sports,6085.76,17,357.9858823529412
2023-06,Central Asia,Mobile App,Beauty,6486.110000000001,11,589.6463636363637
2023-06,Central Asia,Mobile App,Electronics,10338.82,10,1033.882
2023-06,Central Asia,Mobile App,Fashion,8639.3,17,508.19411764705876
2023-06,Central Asia,Mobile App,Food & Grocery,15659.31,12,1304.9424999999999
2023-06,Central Asia,Mobile App,Home & Garden,4535.12,9,503.90222222222224
2023-06,Central Asia,Mobile App,Sports,4302.35,9,478.03888888888895
2023-06,Central Asia,Online,Beauty,15771.91,18,876.2172222222222
2023-06,Central Asia,Online,Electronics,10576.43,16,661.026875
2023-06,Central Asia,Online,Fashion,13464.42,15,897.628
2023-06,Central Asia,Online,Food & Grocery,8874.21,16,554.638125
2023-06,Central Asia,Online,Home & Garden,12030.68,14,859.3342857142858
2023-06,Central Asia,Online,Sports,10984.89,13,844.9915384615384
2023-06,Europe,Call Center,Beauty,3980.5,2,1990.25
2023-06,Europe,Call Center,Electronics,10996.68,6,1832.78
2023-06,Europe,Call Center,Fashion,2719.01,6,453.16833333333335
2023-06,Europe,Call Center,Food & Grocery,4182.52,4,1045.63
2023-06,Europe,Call Center,Home & Garden,4622.54,5,924.508
2023-06,Europe,Call Center,Sports,3534.83,4,883.7075
2023-06,Europe,In-Store,Beauty,20517.129999999997,31,661.8429032258064
2023-06,Europe,In-Store,Electronics,14394.32,23,625.84
2023-06,Europe,In-Store,Fashion,20112.93,20,1005.6465000000001
2023-06,Europe,In-Store,Food & Grocery,14249.23,28,508.9010714285714
2023-06,Europe,In-Store,Home & Garden,15864.83,20,793.2415
2023-06,Europe,In-Store,Sports,11928.289999999999,16,745.5181249999999
2023-06,Europe,Mobile App,Beauty,6038.17,11,548.9245454545454
2023-06,Europe,Mobile App,Electronics,16873.16,25,674.9264
2023-06,Europe,Mobile App,Fashion,24903.57,28,889.4132142857143
2023-06,Europe,Mobile App,Food & Grocery,13708.4,21,652.7809523809524
2023-06,Europe,Mobile App,Home & Garden,23563.48,27,872.7214814814814
2023-06,Europe,Mobile App,Sports,20890.39,23,908.2778260869565
2023-06,Europe,Online,Beauty,31141.72,32,973.17875
2023-06,Europe,Online,Electronics,21351.53,28,762.5546428571428
2023-06,Europe,Online,Fashion,24023.48,27,889.7585185185185
2023-06,Europe,Online,Food & Grocery,15977.02,25,639.0808000000001
2023-06,Europe,Online,Home & Garden,27867.25,40,696.68125
2023-06,Europe,Online,Sports,34963.11,41,852.7587804878049
2023-06,MENA,Call Center,Beauty,533.06,1,533.06
2023-06,MENA,Call Center,Electronics,1106.87,1,1106.87
2023-06,MENA,Call Center,Fashion,1474.35,5,294.87
2023-06,MENA,Call Center,Food & Grocery,4276.55,6,712.7583333333333
2023-06,MENA,Call Center,Home & Garden,2152.77,3,717.59
2023-06,MENA,Call Center,Sports,4097.19,6,682.8649999999999
2023-06,MENA,In-Store,Beauty,20071.24,18,1115.068888888889
2023-06,MENA,In-Store,Electronics,10719.77,13,824.5976923076923
2023-06,MENA,In-Store,Fashion,10720.4,17,630.6117647058824
2023-06,MENA,In-Store,Food & Grocery,14130.07,11,1284.5518181818181
2023-06,MENA,In-Store,Home & Garden,18909.27,15,1260.618
2023-06,MENA,In-Store,Sports,11689.39,18,649.4105555555556
2023-06,MENA,Mobile App,Beauty,13026.31,17,766.2535294117647
2023-06,MENA,Mobile App,Electronics,13452.91,16,840.806875
2023-06,MENA,Mobile App,Fashion,12349.380000000001,18,686.0766666666667
2023-06,MENA,Mobile App,Food & Grocery,16357.29,20,817.8645
2023-06,MENA,Mobile App,Home & Garden,20038.739999999998,19,1054.6705263157894
2023-06,MENA,Mobile App,Sports,13584.19,16,849.011875
2023-06,MENA,Online,Beauty,18403.629999999997,21,876.3633333333332
2023-06,MENA,Online,Electronics,23271.54,19,1224.8178947368422
2023-06,MENA,Online,Fashion,16186.57,24,674.4404166666667
2023-06,MENA,Online,Food & Grocery,18429.15,26,708.8134615384616
2023-06,MENA,Online,Home & Garden,15561.73,26,598.5280769230769
2023-06,MENA,Online,Sports,9683.81,18,537.9894444444444
2023-06,North America,Call Center,Beauty,1831.08,5,366.216
2023-06,North America,Call Center,Electronics,678.22,3,226.07333333333335
2023-06,North America,Call Center,Fashion,186.73,2,93.365
2023-06,North America,Call Center,Food & Grocery,2827.97,4,706.9925
2023-06,North America,Call Center,Home & Garden,5864.5599999999995,5,1172.9119999999998
2023-06,North America,Call Center,Sports,9322.24,7,1331.7485714285715
2023-06,North America,In-Store,Beauty,36560.17,40,914.00425
2023-06,North America,In-Store,Electronics,23930.27,27,886.3062962962963
2023-06,North America,In-Store,Fashion,32605.32,38,858.0347368421053
2023-06,North America,In-Store,Food & Grocery,17402.95,30,580.0983333333334
2023-06,North America,In-Store,Home & Garden,20937.09,31,675.39
2023-06,North America,In-Store,Sports,19214.989999999998,29,662.5858620689654
2023-06,North America,Mobile App,Beauty,16168.3,18,898.2388888888888
2023-06,North America,Mobile App,Electronics,25928.829999999998,30,864.2943333333333
2023-06,North America,Mobile App,Fashion,21973.62,29,757.7110344827586
2023-06,North America,Mobile App,Food & Grocery,23989.059999999998,27,888.4837037037037
2023-06,North America,Mobile App,Home & Garden,30900.24,37,835.1416216216217
2023-06,North America,Mobile App,Sports,29259.51,30,975.3169999999999
2023-06,North America,Online,Beauty,28562.22,35,816.0634285714286
2023-06,North America,Online,Electronics,28157.98,43,654.8367441860465
2023-06,North America,Online,Fashion,22450.37,37,606.7667567567568
2023-06,North America,Online,Food & Grocery,37082.21,42,882.9097619047619
2023-06,North America,Online,Home & Garden,31244.55,45,694.3233333333333
2023-06,North America,Online,Sports,33106.86,34,973.7311764705883
2023-06,Southeast Asia,Call Center,Beauty,4531.15,3,1510.3833333333332
2023-06,Southeast Asia,Call Center,Electronics,1207.6,2,603.8
2023-06,Southeast Asia,Call Center,Fashion,1767.1399999999999,3,589.0466666666666
2023-06,Southeast Asia,Call Center,Food & Grocery,1213.65,2,606.825
2023-06,Southeast Asia,Call Center,Home & Garden,1102.3,2,551.15
2023-06,Southeast Asia,Call Center,Sports,529.43,1,529.43
2023-06,Southeast Asia,In-Store,Beauty,13444.78,18,746.9322222222222
2023-06,Southeast Asia,In-Store,Electronics,14030.47,20,701.5235
2023-06,Southeast Asia,In-Store,Fashion,4250.44,8,531.305
2023-06,Southeast Asia,In-Store,Food & Grocery,9568.53,12,797.3775
2023-06,Southeast Asia,In-Store,Home & Garden,13318.310000000001,16,832.3943750000001
2023-06,Southeast Asia,In-Store,Sports,11236.210000000001,13,864.3238461538463
2023-06,Southeast Asia,Mobile App,Beauty,6676.29,10,667.629
2023-06,Southeast Asia,Mobile App,Electronics,12650.06,17,744.1211764705882
2023-06,Southeast Asia,Mobile App,Fashion,10368.03,10,1036.803
2023-06,Southeast Asia,Mobile App,Food & Grocery,6686.05,13,514.3115384615385
2023-06,Southeast Asia,Mobile App,Home & Garden,8983.4,10,898.3399999999999
2023-06,Southeast Asia,Mobile App,Sports,3310.45,4,827.6125
2023-06,Southeast Asia,Online,Beauty,20176.79,30,672.5596666666667
2023-06,Southeast Asia,Online,Electronics,16678.11,17,981.0652941176471
2023-06,Southeast Asia,Online,Fashion,17185.73,19,904.5121052631579
2023-06,Southeast Asia,Online,Food & Grocery,14908.22,20,745.411
2023-06,Southeast Asia,Online,Home & Garden,11060.69,18,614.4827777777778
2023-06,Southeast Asia,Online,Sports,20352.89,24,848.0370833333333
2023-07,Central Asia,Call Center,Electronics,4888.679999999999,5,977.7359999999999
2023-07,Central Asia,Call Center,Fashion,2544.59,5,508.918
2023-07,Central Asia,Call Center,Food & Grocery,1350.05,2,675.025
2023-07,Central Asia,Call Center,Home & Garden,2290.14,2,1145.07
2023-07,Central Asia,Call Center,Sports,1724.19,2,862.095
2023-07,Central Asia,In-Store,Beauty,12154.31,13,934.946923076923
2023-07,Central Asia,In-Store,Electronics,13963.710000000001,11,1269.4281818181819
2023-07,Central Asia,In-Store,Fashion,8843.72,12,736.9766666666666
2023-07,Central Asia,In-Store,Food & Grocery,7879.3099999999995,9,875.4788888888888
2023-07,Central Asia,In-Store,Home & Garden,7159.71,10,715.971
2023-07,Central Asia,In-Store,Sports,9067.97,11,824.360909090909
2023-07,Central Asia,Mobile App,Beauty,6904.160000000001,12,575.3466666666667
2023-07,Central Asia,Mobile App,Electronics,5999.37,4,1499.8425
2023-07,Central Asia,Mobile App,Fashion,4760.45,8,595.05625
2023-07,Central Asia,Mobile App,Food & Grocery,8459.130000000001,11,769.0118181818183
2023-07,Central Asia,Mobile App,Home & Garden,10074.87,13,774.99
2023-07,Central Asia,Mobile App,Sports,7765.92,10,776.592
2023-07,Central Asia,Online,Beauty,12031.960000000001,20,601.5980000000001
2023-07,Central Asia,Online,Electronics,11240.07,19,591.5826315789474
2023-07,Central Asia,Online,Fashion,13915.11,20,695.7555
2023-07,Central Asia,Online,Food & Grocery,11656.65,17,685.685294117647
2023-07,Central Asia,Online,Home & Garden,16098.93,19,847.312105263158
2023-07,Central Asia,Online,Sports,12277.289999999999,14,876.9492857142857
2023-07,Europe,Call Center,Beauty,2515.0299999999997,2,1257.5149999999999
2023-07,Europe,Call Center,Electronics,6390.22,8,798.7775
2023-07,Europe,Call Center,Fashion,6266.75,4,1566.6875
2023-07,Europe,Call Center,Food & Grocery,3825.6000000000004,6,637.6
2023-07,Europe,Call Center,Home & Garden,6010.79,7,858.6842857142857
2023-07,Europe,Call Center,Sports,6589.6,7,941.3714285714286
2023-07,Europe,In-Store,Beauty,21767.39,25,870.6956
2023-07,Europe,In-Store,Electronics,10437.78,18,579.8766666666667
2023-07,Europe,In-Store,Fashion,25694.76,23,1117.1634782608694
2023-07,Europe,In-Store,Food & Grocery,13080.93,20,654.0465
2023-07,Europe,In-Store,Home & Garden,10571.13,17,621.8311764705882
2023-07,Europe,In-Store,Sports,20138.15,21,958.9595238095238
2023-07,Europe,Mobile App,Beauty,17841.37,21,849.5890476190476
2023-07,Europe,Mobile App,Electronics,20358.95,21,969.4738095238096
2023-07,Europe,Mobile App,Fashion,24289.48,20,1214.474
2023-07,Europe,Mobile App,Food & Grocery,21295.46,19,1120.8136842105262
2023-07,Europe,Mobile App,Home & Garden,10959.6,21,521.8857142857144
2023-07,Europe,Mobile App,Sports,22144.13,25,885.7652
2023-07,Europe,Online,Beauty,21289.579999999998,28,760.3421428571428
2023-07,Europe,Online,Electronics,19745.69,33,598.3542424242423
2023-07,Europe,Online,Fashion,29266.9,30,975.5633333333334
2023-07,Europe,Online,Food & Grocery,27302.39,27,1011.1996296296296
2023-07,Europe,Online,Home & Garden,27095.12,33,821.0642424242424
2023-07,Europe,Online,Sports,33886.479999999996,39,868.8841025641025
2023-07,MENA,Call Center,Beauty,742.14,1,742.14
2023-07,MENA,Call Center,Fashion,801.27,1,801.27
2023-07,MENA,Call Center,Food & Grocery,2142.65,3,714.2166666666667
2023-07,MENA,Call Center,Home & Garden,8419.05,7,1202.7214285714285
2023-07,MENA,Call Center,Sports,7077.67,5,1415.534
2023-07,MENA,In-Store,Beauty,11298.52,16,706.1575
2023-07,MENA,In-Store,Electronics,17529.75,21,834.75
2023-07,MENA,In-Store,Fashion,13899.03,14,992.7878571428572
2023-07,MENA,In-Store,Food & Grocery,13199.05,16,824.940625
2023-07,MENA,In-Store,Home & Garden,16017.32,16,1001.0825
2023-07,MENA,In-Store,Sports,12270.42,23,533.4965217391305
2023-07,MENA,Mobile App,Beauty,19632.22,19,1033.2747368421053
2023-07,MENA,Mobile App,Electronics,15711.380000000001,16,981.9612500000001
2023-07,MENA,Mobile App,Fashion,9531.49,14,680.8207142857143
2023-07,MENA,Mobile App,Food & Grocery,28471.73,26,1095.0665384615384
2023-07,MENA,Mobile App,Home & Garden,8433.65,16,527.103125
2023-07,MENA,Mobile App,Sports,6227.06,12,518.9216666666667
2023-07,MENA,Online,Beauty,21437.22,18,1190.9566666666667
2023-07,MENA,Online,Electronics,13533.46,25,541.3384
2023-07,MENA,Online,Fashion,28478.99,31,918.6770967741936
2023-07,MENA,Online,Food & Grocery,17770.29,27,658.1588888888889
2023-07,MENA,Online,Home & Garden,22689.940000000002,26,872.69
2023-07,MENA,Online,Sports,13588.32,15,905.888
2023-07,North America,Call Center,Beauty,4444.49,7,634.9271428571428
2023-07,North America,Call Center,Electronics,1543.89,3,514.63
2023-07,North America,Call Center,Fashion,6346.68,4,1586.67
2023-07,North America,Call Center,Food & Grocery,3689.81,5,737.962
2023-07,North America,Call Center,Home & Garden,743.52,4,185.88
2023-07,North America,Call Center,Sports,3399.14,5,679.828
2023-07,North America,In-Store,Beauty,20225.11,29,697.4175862068965
2023-07,North America,In-Store,Electronics,30402.07,30,1013.4023333333333
2023-07,North America,In-Store,Fashion,17211.08,28,614.6814285714287
2023-07,North America,In-Store,Food & Grocery,25328.76,34,744.9635294117646
2023-07,North America,In-Store,Home & Garden,20785.71,29,716.7486206896551
2023-07,North America,In-Store,Sports,22142.87,30,738.0956666666666
2023-07,North America,Mobile App,Beauty,28122.65,27,1041.5796296296296
2023-07,North America,Mobile App,Electronics,18912.82,25,756.5128
2023-07,North America,Mobile App,Fashion,19602.5,27,726.0185185185185
2023-07,North America,Mobile App,Food & Grocery,20223.13,28,722.2546428571429
2023-07,North America,Mobile App,Home & Garden,31501.2,28,1125.0428571428572
2023-07,North America,Mobile App,Sports,29109.989999999998,32,909.6871874999999
2023-07,North America,Online,Beauty,38683.33,48,805.9027083333334
2023-07,North America,Online,Electronics,47680.04,50,953.6008
2023-07,North America,Online,Fashion,20716.38,31,668.2703225806451
2023-07,North America,Online,Food & Grocery,27462.38,37,742.2264864864865
2023-07,North America,Online,Home & Garden,35355.5,38,930.4078947368421
2023-07,North America,Online,Sports,25946.59,32,810.8309375
2023-07,Southeast Asia,Call Center,Beauty,3000.85,3,1000.2833333333333
2023-07,Southeast Asia,Call Center,Electronics,821.41,1,821.41
2023-07,Southeast Asia,Call Center,Fashion,3366.69,2,1683.345
2023-07,Southeast Asia,Call Center,Food & Grocery,5098.16,6,849.6933333333333
2023-07,Southeast Asia,Call Center,Home & Garden,1251.67,3,417.22333333333336
2023-07,Southeast Asia,Call Center,Sports,227.94,1,227.94
2023-07,Southeast Asia,In-Store,Beauty,12897.47,17,758.6747058823529
2023-07,Southeast Asia,In-Store,Electronics,13559.49,14,968.535
2023-07,Southeast Asia,In-Store,Fashion,13410.49,16,838.155625
2023-07,Southeast Asia,In-Store,Food & Grocery,8553.0,10,855.3
2023-07,Southeast Asia,In-Store,Home & Garden,6917.53,10,691.7529999999999
2023-07,Southeast Asia,In-Store,Sports,15507.53,15,1033.8353333333334
2023-07,Southeast Asia,Mobile App,Beauty,11234.27,13,864.1746153846154
2023-07,Southeast Asia,Mobile App,Electronics,11573.97,17,680.8217647058823
2023-07,Southeast Asia,Mobile App,Fashion,6573.929999999999,16,410.87062499999996
2023-07,Southeast Asia,Mobile App,Food & Grocery,8792.6,13,676.3538461538462
2023-07,Southeast Asia,Mobile App,Home & Garden,14283.09,17,840.1817647058824
2023-07,Southeast Asia,Mobile App,Sports,4493.52,9,499.28000000000003
2023-07,Southeast Asia,Online,Beauty,21429.69,18,1190.5383333333332
2023-07,Southeast Asia,Online,Electronics,10484.08,15,698.9386666666667
2023-07,Southeast Asia,Online,Fashion,14484.68,19,762.3515789473685
2023-07,Southeast Asia,Online,Food & Grocery,23044.57,30,768.1523333333333
2023-07,Southeast Asia,Online,Home & Garden,20659.16,20,1032.958
2023-07,Southeast Asia,Online,Sports,17942.02,17,1055.4129411764707
2023-08,Central Asia,Call Center,Beauty,1530.5700000000002,2,765.2850000000001
2023-08,Central Asia,Call Center,Electronics,1166.4099999999999,3,388.8033333333333
2023-08,Central Asia,Call Center,Fashion,4470.79,3,1490.2633333333333
2023-08,Central Asia,Call Center,Food & Grocery,1675.48,2,837.74
2023-08,Central Asia,Call Center,Home & Garden,547.8,1,547.8
2023-08,Central Asia,Call Center,Sports,2245.35,2,1122.675
2023-08,Central Asia,In-Store,Beauty,14854.56,16,928.41
2023-08,Central Asia,In-Store,Electronics,7827.17,10,782.717
2023-08,Central Asia,In-Store,Fashion,7383.6900000000005,15,492.24600000000004
2023-08,Central Asia,In-Store,Food & Grocery,6233.16,8,779.145
2023-08,Central Asia,In-Store,Home & Garden,6433.37,9,714.8188888888889
2023-08,Central Asia,In-Store,Sports,9672.86,8,1209.1075
2023-08,Central Asia,Mobile App,Beauty,15050.66,21,716.6980952380952
2023-08,Central Asia,Mobile App,Electronics,18117.97,19,953.5773684210527
2023-08,Central Asia,Mobile App,Fashion,13049.470000000001,13,1003.8053846153847
2023-08,Central Asia,Mobile App,Food & Grocery,10035.88,9,1115.0977777777778
2023-08,Central Asia,Mobile App,Home & Garden,12414.869999999999,10,1241.4869999999999
2023-08,Central Asia,Mobile App,Sports,8758.43,7,1251.2042857142858
2023-08,Central Asia,Online,Beauty,10328.49,13,794.4992307692307
2023-08,Central Asia,Online,Electronics,15602.3,21,742.9666666666666
2023-08,Central Asia,Online,Fashion,12674.439999999999,22,576.110909090909
2023-08,Central Asia,Online,Food & Grocery,10474.18,16,654.63625
2023-08,Central Asia,Online,Home & Garden,8476.7,12,706.3916666666668
2023-08,Central Asia,Online,Sports,17201.79,19,905.3573684210527
2023-08,Europe,Call Center,Beauty,6034.73,6,1005.7883333333333
2023-08,Europe,Call Center,Electronics,2241.87,6,373.645
2023-08,Europe,Call Center,Fashion,4463.21,5,892.642
2023-08,Europe,Call Center,Food & Grocery,952.48,4,238.12
2023-08,Europe,Call Center,Home & Garden,8092.9,10,809.29
2023-08,Europe,Call Center,Sports,334.03000000000003,2,167.01500000000001
2023-08,Europe,In-Store,Beauty,15737.62,25,629.5048
2023-08,Europe,In-Store,Electronics,14389.56,19,757.3452631578947
2023-08,Europe,In-Store,Fashion,15148.95,18,841.6083333333333
2023-08,Europe,In-Store,Food & Grocery,15407.25,23,669.8804347826087
2023-08,Europe,In-Store,Home & Garden,15861.33,27,587.4566666666667
2023-08,Europe,In-Store,Sports,25177.129999999997,23,1094.6578260869564
2023-08,Europe,Mobile App,Beauty,22870.35,22,1039.5613636363635
2023-08,Europe,Mobile App,Electronics,16234.7,21,773.0809523809525
2023-08,Europe,Mobile App,Fashion,21443.28,26,824.7415384615384
2023-08,Europe,Mobile App,Food & Grocery,21661.73,23,941.814347826087
2023-08,Europe,Mobile App,Home & Garden,16025.94,23,696.78
2023-08,Europe,Mobile App,Sports,20913.82,27,774.585925925926
2023-08,Europe,Online,Beauty,31850.73,41,776.8470731707317
2023-08,Europe,Online,Electronics,17076.97,23,742.4769565217392
2023-08,Europe,Online,Fashion,21460.31,44,487.7343181818182
2023-08,Europe,Online,Food & Grocery,27261.899999999998,30,908.7299999999999
2023-08,Europe,Online,Home & Garden,32487.73,40,812.19325
2023-08,Europe,Online,Sports,20867.53,32,652.1103125
2023-08,MENA,Call Center,Beauty,907.72,2,453.86
2023-08,MENA,Call Center,Electronics,2748.7799999999997,2,1374.3899999999999
2023-08,MENA,Call Center,Fashion,1914.04,2,957.02
2023-08,MENA,Call Center,Food & Grocery,1996.34,3,665.4466666666666
2023-08,MENA,Call Center,Home & Garden,1200.9099999999999,2,600.4549999999999
2023-08,MENA,Call Center,Sports,1984.17,3,661.39
2023-08,MENA,In-Store,Beauty,10900.4,16,681.275
2023-08,MENA,In-Store,Electronics,10209.23,12,850.7691666666666
2023-08,MENA,In-Store,Fashion,13663.56,15,910.904
2023-08,MENA,In-Store,Food & Grocery,13756.7,14,982.6214285714286
2023-08,MENA,In-Store,Home & Garden,14474.67,19,761.8247368421053
2023-08,MENA,In-Store,Sports,9571.99,14,683.7135714285714
2023-08,MENA,Mobile App,Beauty,11398.2,14,814.157142857143
2023-08,MENA,Mobile App,Electronics,9524.25,14,680.3035714285714
2023-08,MENA,Mobile App,Fashion,15881.43,14,1134.3878571428572
2023-08,MENA,Mobile App,Food & Grocery,18181.51,17,1069.5005882352941
2023-08,MENA,Mobile App,Home & Garden,10829.86,17,637.0505882352942
2023-08,MENA,Mobile App,Sports,14868.38,18,826.021111111111
2023-08,MENA,Online,Beauty,20013.84,30,667.128
2023-08,MENA,Online,Electronics,19164.84,31,618.2206451612903
2023-08,MENA,Online,Fashion,14253.16,22,647.8709090909091
2023-08,MENA,Online,Food & Grocery,18272.16,24,761.34
2023-08,MENA,Online,Home & Garden,22940.4,26,882.323076923077
2023-08,MENA,Online,Sports,29986.49,27,1110.6107407407408
2023-08,North America,Call Center,Beauty,6709.14,9,745.46
2023-08,North America,Call Center,Electronics,1933.46,3,644.4866666666667
2023-08,North America,Call Center,Fashion,2469.17,5,493.834
2023-08,North America,Call Center,Food & Grocery,10289.95,11,935.45
2023-08,North America,Call Center,Home & Garden,1732.4499999999998,4,433.11249999999995
2023-08,North America,Call Center,Sports,6971.16,11,633.7418181818182
2023-08,North America,In-Store,Beauty,33152.19,34,975.0644117647059
2023-08,North America,In-Store,Electronics,29439.46,37,795.6610810810811
2023-08,North America,In-Store,Fashion,29923.9,32,935.121875
2023-08,North America,In-Store,Food & Grocery,26182.2,31,844.5870967741936
2023-08,North America,In-Store,Home & Garden,20564.68,30,685.4893333333333
2023-08,North America,In-Store,Sports,25729.7,34,756.7558823529412
2023-08,North America,Mobile App,Beauty,20845.61,22,947.5277272727272
2023-08,North America,Mobile App,Electronics,19014.48,24,792.27
2023-08,North America,Mobile App,Fashion,23400.67,25,936.0268
2023-08,North America,Mobile App,Food & Grocery,20057.33,23,872.0578260869567
2023-08,North America,Mobile App,Home & Garden,22083.53,35,630.958
2023-08,North America,Mobile App,Sports,25982.53,27,962.3159259259259
2023-08,North America,Online,Beauty,37043.05,36,1028.9736111111113
2023-08,North America,Online,Electronics,30629.64,38,806.0431578947369
2023-08,North America,Online,Fashion,35331.68,47,751.7378723404255
2023-08,North America,Online,Food & Grocery,28598.08,34,841.12
2023-08,North America,Online,Home & Garden,31279.19,47,665.5146808510638
2023-08,North America,Online,Sports,27121.0,33,821.8484848484849
2023-08,Southeast Asia,Call Center,Beauty,1944.24,3,648.08
2023-08,Southeast Asia,Call Center,Electronics,1553.26,4,388.315
2023-08,Southeast Asia,Call Center,Fashion,3703.07,4,925.7675
2023-08,Southeast Asia,Call Center,Food & Grocery,2395.71,4,598.9275
2023-08,Southeast Asia,Call Center,Home & Garden,1806.6599999999999,2,903.3299999999999
2023-08,Southeast Asia,Call Center,Sports,4152.65,3,1384.2166666666665
2023-08,Southeast Asia,In-Store,Beauty,5587.14,7,798.1628571428572
2023-08,Southeast Asia,In-Store,Electronics,8517.23,14,608.3735714285714
2023-08,Southeast Asia,In-Store,Fashion,7396.14,10,739.614
2023-08,Southeast Asia,In-Store,Food & Grocery,10142.43,11,922.039090909091
2023-08,Southeast Asia,In-Store,Home & Garden,18280.09,15,1218.6726666666666
2023-08,Southeast Asia,In-Store,Sports,21030.71,21,1001.462380952381
2023-08,Southeast Asia,Mobile App,Beauty,8616.33,13,662.7946153846153
2023-08,Southeast Asia,Mobile App,Electronics,8572.880000000001,14,612.3485714285715
2023-08,Southeast Asia,Mobile App,Fashion,15684.390000000001,16,980.2743750000001
2023-08,Southeast Asia,Mobile App,Food & Grocery,4552.2699999999995,8,569.0337499999999
2023-08,Southeast Asia,Mobile App,Home & Garden,6504.8,9,722.7555555555556
2023-08,Southeast Asia,Mobile App,Sports,8896.45,13,684.3423076923077
2023-08,Southeast Asia,Online,Beauty,18283.03,24,761.7929166666667
2023-08,Southeast Asia,Online,Electronics,10879.92,15,725.328
2023-08,Southeast Asia,Online,Fashion,16340.04,21,778.0971428571429
2023-08,Southeast Asia,Online,Food & Grocery,24283.08,27,899.3733333333334
2023-08,Southeast Asia,Online,Home & Garden,13498.56,16,843.66
2023-08,Southeast Asia,Online,Sports,25203.61,28,900.1289285714286
2023-09,Central Asia,Call Center,Beauty,1490.13,1,1490.13
2023-09,Central Asia,Call Center,Electronics,915.21,2,457.605
2023-09,Central Asia,Call Center,Food & Grocery,1132.85,2,566.425
2023-09,Central Asia,Call Center,Home & Garden,483.4,1,483.4
2023-09,Central Asia,Call Center,Sports,1837.9499999999998,3,612.65
2023-09,Central Asia,In-Store,Beauty,14406.449999999999,14,1029.0321428571428
2023-09,Central Asia,In-Store,Electronics,9203.58,16,575.22375
2023-09,Central Asia,In-Store,Fashion,6188.87,12,515.7391666666666
2023-09,Central Asia,In-Store,Food & Grocery,11686.15,12,973.8458333333333
2023-09,Central Asia,In-Store,Home & Garden,9194.09,12,766.1741666666667
2023-09,Central Asia,In-Store,Sports,10607.31,8,1325.91375
2023-09,Central Asia,Mobile App,Beauty,6846.1,11,622.3727272727273
2023-09,Central Asia,Mobile App,Electronics,2220.39,3,740.13
2023-09,Central Asia,Mobile App,Fashion,9278.07,14,662.7192857142857
2023-09,Central Asia,Mobile App,Food & Grocery,9594.9,13,738.0692307692308
2023-09,Central Asia,Mobile App,Home & Garden,3404.45,10,340.445
2023-09,Central Asia,Mobile App,Sports,4308.01,5,861.6020000000001
2023-09,Central Asia,Online,Beauty,12299.77,18,683.3205555555555
2023-09,Central Asia,Online,Electronics,16210.31,24,675.4295833333333
2023-09,Central Asia,Online,Fashion,8989.86,14,642.1328571428572
2023-09,Central Asia,Online,Food & Grocery,8407.36,15,560.4906666666667
2023-09,Central Asia,Online,Home & Garden,9300.45,14,664.3178571428572
2023-09,Central Asia,Online,Sports,19583.5,20,979.175
2023-09,Europe,Call Center,Beauty,3046.21,8,380.77625
2023-09,Europe,Call Center,Electronics,4878.0199999999995,6,813.0033333333332
2023-09,Europe,Call Center,Fashion,3945.8199999999997,3,1315.2733333333333
2023-09,Europe,Call Center,Food & Grocery,261.73,1,261.73
2023-09,Europe,Call Center,Home & Garden,958.4300000000001,4,239.60750000000002
2023-09,Europe,Call Center,Sports,1981.53,1,1981.53
2023-09,Europe,In-Store,Beauty,23645.73,22,1074.8059090909092
2023-09,Europe,In-Store,Electronics,16016.279999999999,27,593.1955555555555
2023-09,Europe,In-Store,Fashion,11976.33,21,570.3014285714286
2023-09,Europe,In-Store,Food & Grocery,18802.67,20,940.1334999999999
2023-09,Europe,In-Store,Home & Garden,12854.369999999999,17,756.1394117647059
2023-09,Europe,In-Store,Sports,19220.71,23,835.6830434782609
2023-09,Europe,Mobile App,Beauty,14832.24,21,706.2971428571428
2023-09,Europe,Mobile App,Electronics,18542.45,23,806.1934782608696
2023-09,Europe,Mobile App,Fashion,13310.630000000001,12,1109.2191666666668
2023-09,Europe,Mobile App,Food & Grocery,19480.36,23,846.9721739130435
2023-09,Europe,Mobile App,Home & Garden,30369.9,26,1168.073076923077
2023-09,Europe,Mobile App,Sports,14001.08,19,736.8989473684211
2023-09,Europe,Online,Beauty,18105.49,28,646.6246428571429
2023-09,Europe,Online,Electronics,27534.379999999997,32,860.4493749999999
2023-09,Europe,Online,Fashion,22580.02,29,778.6213793103449
2023-09,Europe,Online,Food & Grocery,23230.26,32,725.945625
2023-09,Europe,Online,Home & Garden,17164.08,23,746.264347826087
2023-09,Europe,Online,Sports,26257.77,35,750.222
2023-09,MENA,Call Center,Beauty,1064.6,2,532.3
2023-09,MENA,Call Center,Electronics,3671.34,5,734.268
2023-09,MENA,Call Center,Fashion,7364.530000000001,6,1227.4216666666669
2023-09,MENA,Call Center,Food & Grocery,1602.67,5,320.534
2023-09,MENA,Call Center,Home & Garden,1327.8000000000002,2,663.9000000000001
2023-09,MENA,Call Center,Sports,1766.45,4,441.6125
2023-09,MENA,In-Store,Beauty,15936.6,15,1062.44
2023-09,MENA,In-Store,Electronics,9475.43,18,526.4127777777778
2023-09,MENA,In-Store,Fashion,5370.139999999999,15,358.0093333333333
2023-09,MENA,In-Store,Food & Grocery,16370.83,15,1091.3886666666667
2023-09,MENA,In-Store,Home & Garden,15246.98,14,1089.07
2023-09,MENA,In-Store,Sports,10827.93,14,773.4235714285714
2023-09,MENA,Mobile App,Beauty,6168.5599999999995,8,771.0699999999999
2023-09,MENA,Mobile App,Electronics,10311.18,18,572.8433333333334
2023-09,MENA,Mobile App,Fashion,15861.79,20,793.0895
2023-09,MENA,Mobile App,Food & Grocery,8029.860000000001,10,802.9860000000001
2023-09,MENA,Mobile App,Home & Garden,7794.509999999999,14,556.7507142857143
2023-09,MENA,Mobile App,Sports,10419.23,14,744.2307142857143
2023-09,MENA,Online,Beauty,17163.08,23,746.2208695652174
2023-09,MENA,Online,Electronics,19773.64,22,898.8018181818181
2023-09,MENA,Online,Fashion,23503.4,25,940.1360000000001
2023-09,MENA,Online,Food & Grocery,19494.75,33,590.75
2023-09,MENA,Online,Home & Garden,10455.04,18,580.8355555555556
2023-09,MENA,Online,Sports,14024.17,17,824.9511764705883
2023-09,North America,Call Center,Beauty,3504.4900000000002,5,700.898
2023-09,North America,Call Center,Electronics,134.66,1,134.66
2023-09,North America,Call Center,Fashion,5744.29,3,1914.7633333333333
2023-09,North America,Call Center,Food & Grocery,2188.81,5,437.762
2023-09,North America,Call Center,Home & Garden,533.9300000000001,3,177.9766666666667
2023-09,North America,Call Center,Sports,4817.29,5,963.458
2023-09,North America,In-Store,Beauty,13687.13,25,547.4852
2023-09,North America,In-Store,Electronics,28509.19,29,983.0755172413793
2023-09,North America,In-Store,Fashion,21222.01,26,816.2311538461538
2023-09,North America,In-Store,Food & Grocery,36454.95,37,985.2689189189189
2023-09,North America,In-Store,Home & Garden,32224.87,31,1039.511935483871
2023-09,North America,In-Store,Sports,26944.78,30,898.1593333333333
2023-09,North America,Mobile App,Beauty,21110.829999999998,27,781.8825925925926
2023-09,North America,Mobile App,Electronics,13807.05,23,600.3065217391304
2023-09,North America,Mobile App,Fashion,24962.79,29,860.7858620689656
2023-09,North America,Mobile App,Food & Grocery,15432.84,21,734.8971428571429
2023-09,North America,Mobile App,Home & Garden,7992.74,16,499.54625
2023-09,North America,Mobile App,Sports,15893.18,23,691.0078260869566
2023-09,North America,Online,Beauty,23510.75,35,671.7357142857143
2023-09,North America,Online,Electronics,26705.649999999998,33,809.2621212121212
2023-09,North America,Online,Fashion,24868.04,37,672.1091891891892
2023-09,North America,Online,Food & Grocery,33406.299999999996,35,954.4657142857142
2023-09,North America,Online,Home & Garden,23680.18,30,789.3393333333333
2023-09,North America,Online,Sports,33532.17,42,798.385
2023-09,Southeast Asia,Call Center,Beauty,432.98,1,432.98
2023-09,Southeast Asia,Call Center,Electronics,4225.049999999999,6,704.1749999999998
2023-09,Southeast Asia,Call Center,Fashion,1980.3199999999997,3,660.1066666666666
2023-09,Southeast Asia,Call Center,Food & Grocery,2621.58,4,655.395
2023-09,Southeast Asia,Call Center,Home & Garden,252.17,1,252.17
2023-09,Southeast Asia,Call Center,Sports,2272.73,4,568.1825
2023-09,Southeast Asia,In-Store,Beauty,9828.96,13,756.073846153846
2023-09,Southeast Asia,In-Store,Electronics,12600.26,22,572.7390909090909
2023-09,Southeast Asia,In-Store,Fashion,6848.74,15,456.5826666666666
2023-09,Southeast Asia,In-Store,Food & Grocery,8687.91,12,723.9925
2023-09,Southeast Asia,In-Store,Home & Garden,10653.78,12,887.815
2023-09,Southeast Asia,In-Store,Sports,15880.439999999999,18,882.2466666666666
2023-09,Southeast Asia,Mobile App,Beauty,5421.110000000001,6,903.5183333333334
2023-09,Southeast Asia,Mobile App,Electronics,8555.27,12,712.9391666666667
2023-09,Southeast Asia,Mobile App,Fashion,8941.97,12,745.1641666666666
2023-09,Southeast Asia,Mobile App,Food & Grocery,3366.04,4,841.51
2023-09,Southeast Asia,Mobile App,Home & Garden,5381.54,12,448.46166666666664
2023-09,Southeast Asia,Mobile App,Sports,9515.17,13,731.9361538461538
2023-09,Southeast Asia,Online,Beauty,18910.74,22,859.579090909091
2023-09,Southeast Asia,Online,Electronics,19320.95,25,772.8380000000001
2023-09,Southeast Asia,Online,Fashion,10718.49,18,595.4716666666667
2023-09,Southeast Asia,Online,Food & Grocery,28781.47,28,1027.909642857143
2023-09,Southeast Asia,Online,Home & Garden,17717.1,16,1107.31875
2023-09,Southeast Asia,Online,Sports,25362.17,17,1491.8923529411763
2023-10,Central Asia,Call Center,Beauty,888.13,1,888.13
2023-10,Central Asia,Call Center,Electronics,402.68,2,201.34
2023-10,Central Asia,Call Center,Fashion,1343.04,3,447.68
2023-10,Central Asia,Call Center,Food & Grocery,1336.3500000000001,2,668.1750000000001
2023-10,Central Asia,Call Center,Home & Garden,582.82,1,582.82
2023-10,Central Asia,Call Center,Sports,731.51,3,243.83666666666667
2023-10,Central Asia,In-Store,Beauty,4797.25,5,959.45
2023-10,Central Asia,In-Store,Electronics,11963.13,13,920.2407692307692
2023-10,Central Asia,In-Store,Fashion,8728.49,8,1091.06125
2023-10,Central Asia,In-Store,Food & Grocery,15546.8,13,1195.9076923076923
2023-10,Central Asia,In-Store,Home & Garden,4797.35,6,799.5583333333334
2023-10,Central Asia,In-Store,Sports,14270.66,15,951.3773333333334
2023-10,Central Asia,Mobile App,Beauty,7219.96,11,656.36
2023-10,Central Asia,Mobile App,Electronics,8317.99,16,519.874375
2023-10,Central Asia,Mobile App,Fashion,7939.0599999999995,9,882.1177777777777
2023-10,Central Asia,Mobile App,Food & Grocery,11088.19,10,1108.819
2023-10,Central Asia,Mobile App,Home & Garden,13074.43,10,1307.443
2023-10,Central Asia,Mobile App,Sports,6361.66,10,636.1659999999999
2023-10,Central Asia,Online,Beauty,9928.32,13,763.7169230769231
2023-10,Central Asia,Online,Electronics,15317.75,23,665.9891304347826
2023-10,Central Asia,Online,Fashion,7863.05,13,604.85
2023-10,Central Asia,Online,Food & Grocery,10835.380000000001,17,637.3752941176472
2023-10,Central Asia,Online,Home & Garden,11236.3,17,660.9588235294117
2023-10,Central Asia,Online,Sports,13602.71,17,800.1594117647059
2023-10,Europe,Call Center,Beauty,2319.65,8,289.95625
2023-10,Europe,Call Center,Electronics,5756.4,5,1151.28
2023-10,Europe,Call Center,Fashion,571.64,1,571.64
2023-10,Europe,Call Center,Food & Grocery,2150.1,2,1075.05
2023-10,Europe,Call Center,Home & Garden,667.95,2,333.975
2023-10,Europe,Call Center,Sports,1020.7,2,510.35
2023-10,Europe,In-Store,Beauty,17922.9,27,663.8111111111111
2023-10,Europe,In-Store,Electronics,22654.22,27,839.0451851851852
2023-10,Europe,In-Store,Fashion,18325.63,22,832.9831818181818
2023-10,Europe,In-Store,Food & Grocery,5212.5,11,473.8636363636364
2023-10,Europe,In-Store,Home & Garden,16319.37,26,627.6680769230769
2023-10,Europe,In-Store,Sports,18032.05,23,784.0021739130434
2023-10,Europe,Mobile App,Beauty,14317.390000000001,21,681.7804761904763
2023-10,Europe,Mobile App,Electronics,7805.72,16,487.8575
2023-10,Europe,Mobile App,Fashion,16842.15,17,990.714705882353
2023-10,Europe,Mobile App,Food & Grocery,24334.32,25,973.3728
2023-10,Europe,Mobile App,Home & Garden,15902.28,19,836.9621052631579
2023-10,Europe,Mobile App,Sports,10360.57,18,575.5872222222222
2023-10,Europe,Online,Beauty,20833.04,37,563.0551351351352
2023-10,Europe,Online,Electronics,14831.72,32,463.49125
2023-10,Europe,Online,Fashion,28762.94,26,1106.266923076923
2023-10,Europe,Online,Food & Grocery,22837.6,31,736.6967741935483
2023-10,Europe,Online,Home & Garden,19593.829999999998,34,576.2891176470588
2023-10,Europe,Online,Sports,18410.95,26,708.1134615384616
2023-10,MENA,Call Center,Beauty,7228.58,6,1204.7633333333333
2023-10,MENA,Call Center,Electronics,2555.88,3,851.96
2023-10,MENA,Call Center,Fashion,2217.54,5,443.508
2023-10,MENA,Call Center,Food & Grocery,1172.51,4,293.1275
2023-10,MENA,Call Center,Home & Garden,3411.5,4,852.875
2023-10,MENA,Call Center,Sports,1973.42,4,493.355
2023-10,MENA,In-Store,Beauty,3525.19,11,320.4718181818182
2023-10,MENA,In-Store,Electronics,11970.3,14,855.0214285714285
2023-10,MENA,In-Store,Fashion,11946.08,20,597.304
2023-10,MENA,In-Store,Food & Grocery,13490.52,19,710.0273684210526
2023-10,MENA,In-Store,Home & Garden,12971.93,13,997.8407692307693
2023-10,MENA,In-Store,Sports,15794.55,14,1128.1821428571427
2023-10,MENA,Mobile App,Beauty,18854.94,19,992.3652631578947
2023-10,MENA,Mobile App,Electronics,14990.33,20,749.5165
2023-10,MENA,Mobile App,Fashion,17405.29,21,828.8233333333334
2023-10,MENA,Mobile App,Food & Grocery,6370.58,11,579.1436363636363
2023-10,MENA,Mobile App,Home & Garden,17281.88,17,1016.5811764705883
2023-10,MENA,Mobile App,Sports,16060.57,19,845.2931578947369
2023-10,MENA,Online,Beauty,21009.0,24,875.375
2023-10,MENA,Online,Electronics,19772.54,29,681.811724137931
2023-10,MENA,Online,Fashion,9641.41,17,567.1417647058823
2023-10,MENA,Online,Food & Grocery,19666.329999999998,19,1035.07
2023-10,MENA,Online,Home & Garden,20686.59,25,827.4636
2023-10,MENA,Online,Sports,12369.99,19,651.0521052631578
2023-10,North America,Call Center,Beauty,2915.03,3,971.6766666666667
2023-10,North America,Call Center,Electronics,2739.99,3,913.3299999999999
2023-10,North America,Call Center,Fashion,1633.76,3,544.5866666666667
2023-10,North America,Call Center,Food & Grocery,8539.91,10,853.991
2023-10,North America,Call Center,Home & Garden,738.46,2,369.23
2023-10,North America,Call Center,Sports,3652.67,3,1217.5566666666666
2023-10,North America,In-Store,Beauty,19230.39,23,836.1039130434782
2023-10,North America,In-Store,Electronics,25955.53,28,926.9832142857142
2023-10,North America,In-Store,Fashion,12183.33,27,451.2344444444444
2023-10,North America,In-Store,Food & Grocery,24788.7,38,652.3342105263158
2023-10,North America,In-Store,Home & Garden,19171.7,20,958.585
2023-10,North America,In-Store,Sports,32431.86,32,1013.495625
2023-10,North America,Mobile App,Beauty,19087.27,34,561.390294117647
2023-10,North America,Mobile App,Electronics,24774.78,28,884.8135714285714
2023-10,North America,Mobile App,Fashion,26848.5,32,839.015625
2023-10,North America,Mobile App,Food & Grocery,23478.44,28,838.5157142857142
2023-10,North America,Mobile App,Home & Garden,24086.64,31,776.9883870967742
2023-10,North America,Mobile App,Sports,25483.28,33,772.220606060606
2023-10,North America,Online,Beauty,26436.91,28,944.1753571428571
2023-10,North America,Online,Electronics,28763.51,43,668.9188372093023
2023-10,North America,Online,Fashion,38660.85,40,966.52125
2023-10,North America,Online,Food & Grocery,26487.5,33,802.6515151515151
2023-10,North America,Online,Home & Garden,33199.86,45,737.7746666666667
2023-10,North America,Online,Sports,28753.88,41,701.3141463414635
2023-10,Southeast Asia,Call Center,Beauty,367.15,2,183.575
2023-10,Southeast Asia,Call Center,Electronics,698.98,3,232.99333333333334
2023-10,Southeast Asia,Call Center,Fashion,2195.66,3,731.8866666666667
2023-10,Southeast Asia,Call Center,Food & Grocery,2873.02,1,2873.02
2023-10,Southeast Asia,Call Center,Home & Garden,2696.46,4,674.115
2023-10,Southeast Asia,Call Center,Sports,3824.53,3,1274.8433333333335
2023-10,Southeast Asia,In-Store,Beauty,18363.28,26,706.28
2023-10,Southeast Asia,In-Store,Electronics,9364.03,13,720.3100000000001
2023-10,Southeast Asia,In-Store,Fashion,7310.67,14,522.1907142857143
2023-10,Southeast Asia,In-Store,Food & Grocery,6348.24,11,577.1127272727273
2023-10,Southeast Asia,In-Store,Home & Garden,10242.3,16,640.14375
2023-10,Southeast Asia,In-Store,Sports,10270.34,17,604.1376470588235
2023-10,Southeast Asia,Mobile App,Beauty,4630.0,8,578.75
2023-10,Southeast Asia,Mobile App,Electronics,8014.3,11,728.5727272727273
2023-10,Southeast Asia,Mobile App,Fashion,12404.720000000001,16,775.2950000000001
2023-10,Southeast Asia,Mobile App,Food & Grocery,7815.83,14,558.2735714285715
2023-10,Southeast Asia,Mobile App,Home & Garden,12658.85,15,843.9233333333334
2023-10,Southeast Asia,Mobile App,Sports,5393.75,11,490.34090909090907
2023-10,Southeast Asia,Online,Beauty,11010.0,17,647.6470588235294
2023-10,Southeast Asia,Online,Electronics,15109.53,23,656.9360869565218
2023-10,Southeast Asia,Online,Fashion,15685.32,15,1045.6879999999999
2023-10,Southeast Asia,Online,Food & Grocery,16398.7,20,819.9350000000001
2023-10,Southeast Asia,Online,Home & Garden,17298.03,17,1017.5311764705882
2023-10,Southeast Asia,Online,Sports,15583.81,22,708.355
2023-11,Central Asia,Call Center,Beauty,1170.47,1,1170.47
2023-11,Central Asia,Call Center,Electronics,2969.07,3,989.69
2023-11,Central Asia,Call Center,Fashion,1893.39,4,473.3475
2023-11,Central Asia,Call Center,Food & Grocery,722.37,1,722.37
2023-11,Central Asia,Call Center,Home & Garden,3114.87,2,1557.435
2023-11,Central Asia,Call Center,Sports,4324.43,3,1441.4766666666667
2023-11,Central Asia,In-Store,Beauty,2933.2,5,586.64
2023-11,Central Asia,In-Store,Electronics,15048.0,14,1074.857142857143
2023-11,Central Asia,In-Store,Fashion,3630.4300000000003,6,605.0716666666667
2023-11,Central Asia,In-Store,Food & Grocery,10616.7,17,624.5117647058823
2023-11,Central Asia,In-Store,Home & Garden,12776.78,14,912.6271428571429
2023-11,Central Asia,In-Store,Sports,8619.83,11,783.6209090909091
2023-11,Central Asia,Mobile App,Beauty,13336.08,13,1025.8523076923077
2023-11,Central Asia,Mobile App,Electronics,8947.7,11,813.4272727272728
2023-11,Central Asia,Mobile App,Fashion,13958.43,19,734.6542105263158
2023-11,Central Asia,Mobile App,Food & Grocery,7849.55,11,713.5954545454546
2023-11,Central Asia,Mobile App,Home & Garden,11548.26,10,1154.826
2023-11,Central Asia,Mobile App,Sports,5747.1900000000005,8,718.3987500000001
2023-11,Central Asia,Online,Beauty,15881.0,19,835.8421052631579
2023-11,Central Asia,Online,Electronics,9904.39,17,582.6111764705882
2023-11,Central Asia,Online,Fashion,4174.68,6,695.7800000000001
2023-11,Central Asia,Online,Food & Grocery,10714.11,16,669.631875
2023-11,Central Asia,Online,Home & Garden,16270.35,23,707.4065217391304
2023-11,Central Asia,Online,Sports,12389.539999999999,13,953.0415384615384
2023-11,Europe,Call Center,Beauty,2631.3,3,877.1
2023-11,Europe,Call Center,Electronics,2804.95,4,701.2375
2023-11,Europe,Call Center,Fashion,2957.46,7,422.4942857142857
2023-11,Europe,Call Center,Food & Grocery,2348.3500000000004,4,587.0875000000001
2023-11,Europe,Call Center,Home & Garden,2662.5,4,665.625
2023-11,Europe,Call Center,Sports,2513.2,7,359.0285714285714
2023-11,Europe,In-Store,Beauty,23154.67,27,857.5803703703704
2023-11,Europe,In-Store,Electronics,20941.85,25,837.674
2023-11,Europe,In-Store,Fashion,16266.79,21,774.6090476190477
2023-11,Europe,In-Store,Food & Grocery,10572.64,19,556.4547368421053
2023-11,Europe,In-Store,Home & Garden,20034.32,24,834.7633333333333
2023-11,Europe,In-Store,Sports,15617.94,21,743.7114285714285
2023-11,Europe,Mobile App,Beauty,16139.95,18,896.6638888888889
2023-11,Europe,Mobile App,Electronics,14351.41,15,956.7606666666667
2023-11,Europe,Mobile App,Fashion,15230.08,20,761.504
2023-11,Europe,Mobile App,Food & Grocery,13184.89,25,527.3956
2023-11,Europe,Mobile App,Home & Garden,14009.76,21,667.1314285714286
2023-11,Europe,Mobile App,Sports,17884.71,27,662.3966666666666
2023-11,Europe,Online,Beauty,19263.12,26,740.8892307692307
2023-11,Europe,Online,Electronics,22201.97,31,716.1925806451613
2023-11,Europe,Online,Fashion,18113.5,32,566.046875
2023-11,Europe,Online,Food & Grocery,22127.86,29,763.0296551724139
2023-11,Europe,Online,Home & Garden,25248.02,37,682.3789189189189
2023-11,Europe,Online,Sports,28592.53,32,893.5165625
2023-11,MENA,Call Center,Beauty,450.5,2,225.25
2023-11,MENA,Call Center,Electronics,1855.25,4,463.8125
2023-11,MENA,Call Center,Fashion,912.99,1,912.99
2023-11,MENA,Call Center,Food & Grocery,1597.74,3,532.58
2023-11,MENA,Call Center,Home & Garden,590.13,1,590.13
2023-11,MENA,Call Center,Sports,1115.81,4,278.9525
2023-11,MENA,In-Store,Beauty,10311.82,11,937.4381818181818
2023-11,MENA,In-Store,Electronics,8902.1,17,523.6529411764706
2023-11,MENA,In-Store,Fashion,8771.27,14,626.5192857142857
2023-11,MENA,In-Store,Food & Grocery,5818.84,15,387.92266666666666
2023-11,MENA,In-Store,Home & Garden,13841.619999999999,19,728.5063157894737
2023-11,MENA,In-Store,Sports,16084.21,20,804.2104999999999
2023-11,MENA,Mobile App,Beauty,10987.7,15,732.5133333333334
2023-11,MENA,Mobile App,Electronics,11310.37,17,665.3158823529412
2023-11,MENA,Mobile App,Fashion,14815.17,23,644.1378260869566
2023-11,MENA,Mobile App,Food & Grocery,7870.58,10,787.058
2023-11,MENA,Mobile App,Home & Garden,16235.24,16,1014.7025
2023-11,MENA,Mobile App,Sports,12616.43,17,742.1429411764706
2023-11,MENA,Online,Beauty,15483.71,21,737.3195238095237
2023-11,MENA,Online,Electronics,19998.57,25,799.9428
2023-11,MENA,Online,Fashion,12231.29,22,555.9677272727273
2023-11,MENA,Online,Food & Grocery,22438.77,22,1019.944090909091
2023-11,MENA,Online,Home & Garden,20730.37,24,863.7654166666666
2023-11,MENA,Online,Sports,17183.91,20,859.1955
2023-11,North America,Call Center,Beauty,2194.12,4,548.53
2023-11,North America,Call Center,Electronics,6714.679999999999,11,610.4254545454545
2023-11,North America,Call Center,Fashion,5419.14,4,1354.785
2023-11,North America,Call Center,Food & Grocery,5195.63,3,1731.8766666666668
2023-11,North America,Call Center,Home & Garden,1526.6299999999999,2,763.3149999999999
2023-11,North America,Call Center,Sports,7214.35,7,1030.6214285714286
2023-11,North America,In-Store,Beauty,19497.45,28,696.3375
2023-11,North America,In-Store,Electronics,20496.08,24,854.0033333333334
2023-11,North America,In-Store,Fashion,15613.460000000001,26,600.5176923076923
2023-11,North America,In-Store,Food & Grocery,17656.65,23,767.6804347826088
2023-11,North America,In-Store,Home & Garden,17581.88,20,879.094
2023-11,North America,In-Store,Sports,22999.33,29,793.0803448275863
2023-11,North America,Mobile App,Beauty,22600.25,27,837.0462962962963
2023-11,North America,Mobile App,Electronics,16482.739999999998,26,633.9515384615383
2023-11,North America,Mobile App,Fashion,22817.61,27,845.0966666666667
2023-11,North America,Mobile App,Food & Grocery,22404.78,29,772.5786206896552
2023-11,North America,Mobile App,Home & Garden,40608.18,34,1194.3582352941175
2023-11,North America,Mobile App,Sports,19137.719999999998,23,832.0747826086955
2023-11,North America,Online,Beauty,36226.8,42,862.5428571428572
2023-11,North America,Online,Electronics,36812.78,42,876.4947619047618
2023-11,North America,Online,Fashion,37876.44,48,789.0925000000001
2023-11,North America,Online,Food & Grocery,39664.64,45,881.4364444444444
2023-11,North America,Online,Home & Garden,41235.75,41,1005.75
2023-11,North America,Online,Sports,33779.95,48,703.7489583333332
2023-11,Southeast Asia,Call Center,Beauty,7107.75,5,1421.55
2023-11,Southeast Asia,Call Center,Electronics,3103.1499999999996,6,517.1916666666666
2023-11,Southeast Asia,Call Center,Fashion,3847.83,4,961.9575
2023-11,Southeast Asia,Call Center,Food & Grocery,1936.91,3,645.6366666666667
2023-11,Southeast Asia,Call Center,Home & Garden,1337.55,1,1337.55
2023-11,Southeast Asia,In-Store,Beauty,11064.17,13,851.09
2023-11,Southeast Asia,In-Store,Electronics,14727.67,16,920.479375
2023-11,Southeast Asia,In-Store,Fashion,15796.12,14,1128.2942857142857
2023-11,Southeast Asia,In-Store,Food & Grocery,13431.54,17,790.0905882352941
2023-11,Southeast Asia,In-Store,Home & Garden,11451.9,14,817.9928571428571
2023-11,Southeast Asia,In-Store,Sports,9565.49,17,562.6758823529411
2023-11,Southeast Asia,Mobile App,Beauty,5142.24,11,467.4763636363636
2023-11,Southeast Asia,Mobile App,Electronics,1563.5,4,390.875
2023-11,Southeast Asia,Mobile App,Fashion,12730.12,11,1157.2836363636363
2023-11,Southeast Asia,Mobile App,Food & Grocery,9710.1,10,971.01
2023-11,Southeast Asia,Mobile App,Home & Garden,11086.22,13,852.7861538461538
2023-11,Southeast Asia,Mobile App,Sports,9837.42,13,756.7246153846154
2023-11,Southeast Asia,Online,Beauty,22367.920000000002,26,860.3046153846154
2023-11,Southeast Asia,Online,Electronics,15137.44,17,890.4376470588236
2023-11,Southeast Asia,Online,Fashion,8532.05,14,609.4321428571428
2023-11,Southeast Asia,Online,Food & Grocery,14706.21,20,735.3104999999999
2023-11,Southeast Asia,Online,Home & Garden,21076.18,24,878.1741666666667
2023-11,Southeast Asia,Online,Sports,12826.32,19,675.0694736842105
2023-12,Central Asia,Call Center,Beauty,1486.3000000000002,2,743.1500000000001
2023-12,Central Asia,Call Center,Electronics,1367.8899999999999,3,455.9633333333333
2023-12,Central Asia,Call Center,Food & Grocery,596.97,1,596.97
2023-12,Central Asia,Call Center,Home & Garden,142.11,1,142.11
2023-12,Central Asia,Call Center,Sports,474.02,1,474.02
2023-12,Central Asia,In-Store,Beauty,6976.51,10,697.6510000000001
2023-12,Central Asia,In-Store,Electronics,10833.54,13,833.3492307692309
2023-12,Central Asia,In-Store,Fashion,9370.5,10,937.05
2023-12,Central Asia,In-Store,Food & Grocery,2302.91,7,328.9871428571428
2023-12,Central Asia,In-Store,Home & Garden,842.66,3,280.88666666666666
2023-12,Central Asia,In-Store,Sports,8483.47,9,942.6077777777778
2023-12,Central Asia,Mobile App,Beauty,8913.91,10,891.391
2023-12,Central Asia,Mobile App,Electronics,4087.0299999999993,6,681.1716666666665
2023-12,Central Asia,Mobile App,Fashion,2171.4900000000002,4,542.8725000000001
2023-12,Central Asia,Mobile App,Food & Grocery,16053.96,17,944.350588235294
2023-12,Central Asia,Mobile App,Home & Garden,7713.18,14,550.9414285714286
2023-12,Central Asia,Mobile App,Sports,4799.26,10,479.92600000000004
2023-12,Central Asia,Online,Beauty,9431.15,16,589.446875
2023-12,Central Asia,Online,Electronics,14071.189999999999,17,827.7170588235293
2023-12,Central Asia,Online,Fashion,13399.22,17,788.1894117647058
2023-12,Central Asia,Online,Food & Grocery,13835.529999999999,19,728.1857894736842
2023-12,Central Asia,Online,Home & Garden,10051.81,11,913.800909090909
2023-12,Central Asia,Online,Sports,17371.96,19,914.3136842105263
2023-12,Europe,Call Center,Beauty,10204.83,5,2040.966
2023-12,Europe,Call Center,Electronics,793.62,2,396.81
2023-12,Europe,Call Center,Fashion,2149.15,3,716.3833333333333
2023-12,Europe,Call Center,Food & Grocery,3086.56,8,385.82
2023-12,Europe,Call Center,Home & Garden,2772.0,6,462.0
2023-12,Europe,Call Center,Sports,4636.29,6,772.715
2023-12,Europe,In-Store,Beauty,11135.56,19,586.0821052631578
2023-12,Europe,In-Store,Electronics,31471.36,34,925.6282352941176
2023-12,Europe,In-Store,Fashion,19212.2,27,711.562962962963
2023-12,Europe,In-Store,Food & Grocery,14101.4,19,742.1789473684211
2023-12,Europe,In-Store,Home & Garden,14444.03,22,656.5468181818183
2023-12,Europe,In-Store,Sports,10320.43,17,607.0841176470589
2023-12,Europe,Mobile App,Beauty,18644.21,28,665.8646428571428
2023-12,Europe,Mobile App,Electronics,20340.62,21,968.6009523809523
2023-12,Europe,Mobile App,Fashion,15271.38,20,763.569
2023-12,Europe,Mobile App,Food & Grocery,16259.91,27,602.2188888888888
2023-12,Europe,Mobile App,Home & Garden,21299.68,25,851.9872
2023-12,Europe,Mobile App,Sports,19409.33,25,776.3732000000001
2023-12,Europe,Online,Beauty,21740.12,30,724.6706666666666
2023-12,Europe,Online,Electronics,27923.920000000002,29,962.8937931034484
2023-12,Europe,Online,Fashion,25455.86,43,591.9967441860465
2023-12,Europe,Online,Food & Grocery,33732.590000000004,34,992.1350000000001
2023-12,Europe,Online,Home & Garden,24073.43,37,650.6332432432432
2023-12,Europe,Online,Sports,26979.27,36,749.4241666666667
2023-12,MENA,Call Center,Beauty,575.43,1,575.43
2023-12,MENA,Call Center,Electronics,3161.02,3,1053.6733333333334
2023-12,MENA,Call Center,Fashion,3628.28,7,518.3257142857143
2023-12,MENA,Call Center,Food & Grocery,1107.5600000000002,2,553.7800000000001
2023-12,MENA,Call Center,Home & Garden,3115.2,7,445.0285714285714
2023-12,MENA,Call Center,Sports,2081.77,3,693.9233333333333
2023-12,MENA,In-Store,Beauty,5259.9800000000005,13,404.61384615384617
2023-12,MENA,In-Store,Electronics,6253.19,13,481.01461538461535
2023-12,MENA,In-Store,Fashion,10924.880000000001,16,682.8050000000001
2023-12,MENA,In-Store,Food & Grocery,14163.93,10,1416.393
2023-12,MENA,In-Store,Home & Garden,4781.150000000001,8,597.6437500000001
2023-12,MENA,In-Store,Sports,10589.25,14,756.375
2023-12,MENA,Mobile App,Beauty,13436.75,19,707.1973684210526
2023-12,MENA,Mobile App,Electronics,13048.31,16,815.519375
2023-12,MENA,Mobile App,Fashion,11487.630000000001,16,717.9768750000001
2023-12,MENA,Mobile App,Food & Grocery,10562.07,18,586.7816666666666
2023-12,MENA,Mobile App,Home & Garden,4472.95,12,372.74583333333334
2023-12,MENA,Mobile App,Sports,22044.05,22,1002.0022727272727
2023-12,MENA,Online,Beauty,23141.4,23,1006.1478260869566
2023-12,MENA,Online,Electronics,12541.25,22,570.0568181818181
2023-12,MENA,Online,Fashion,26034.6,34,765.7235294117646
2023-12,MENA,Online,Food & Grocery,38623.98,31,1245.9348387096775
2023-12,MENA,Online,Home & Garden,20518.1,21,977.0523809523809
2023-12,MENA,Online,Sports,14664.04,28,523.7157142857143
2023-12,North America,Call Center,Beauty,2875.09,4,718.7725
2023-12,North America,Call Center,Electronics,4282.98,5,856.5959999999999
2023-12,North America,Call Center,Fashion,2002.69,4,500.6725
2023-12,North America,Call Center,Food & Grocery,2076.74,5,415.34799999999996
2023-12,North America,Call Center,Home & Garden,7402.530000000001,8,925.3162500000001
2023-12,North America,Call Center,Sports,5088.1,9,565.3444444444444
2023-12,North America,In-Store,Beauty,29459.74,44,669.5395454545455
2023-12,North America,In-Store,Electronics,30538.36,36,848.2877777777778
2023-12,North America,In-Store,Fashion,29080.15,34,855.2985294117648
2023-12,North America,In-Store,Food & Grocery,20687.89,29,713.3755172413793
2023-12,North America,In-Store,Home & Garden,17446.85,29,601.6155172413793
2023-12,North America,In-Store,Sports,26084.31,29,899.4589655172414
2023-12,North America,Mobile App,Beauty,13438.87,21,639.9461904761905
2023-12,North America,Mobile App,Electronics,13634.41,24,568.1004166666667
2023-12,North America,Mobile App,Fashion,25144.88,30,838.1626666666667
2023-12,North America,Mobile App,Food & Grocery,25229.88,36,700.83
2023-12,North America,Mobile App,Home & Garden,16143.82,21,768.7533333333333
2023-12,North America,Mobile App,Sports,9152.87,17,538.4041176470589
2023-12,North America,Online,Beauty,23595.0,40,589.875
2023-12,North America,Online,Electronics,38627.39,42,919.6997619047619
2023-12,North America,Online,Fashion,30786.26,45,684.1391111111111
2023-12,North America,Online,Food & Grocery,26804.3,30,893.4766666666667
2023-12,North America,Online,Home & Garden,42210.78,50,844.2156
2023-12,North America,Online,Sports,43696.31,48,910.3397916666667
2023-12,Southeast Asia,Call Center,Beauty,920.58,2,460.29
2023-12,Southeast Asia,Call Center,Electronics,1406.72,2,703.36
2023-12,Southeast Asia,Call Center,Fashion,3852.14,3,1284.0466666666666
2023-12,Southeast Asia,Call Center,Home & Garden,1025.78,1,1025.78
2023-12,Southeast Asia,Call Center,Sports,3237.98,3,1079.3266666666666
2023-12,Southeast Asia,In-Store,Beauty,11516.67,15,767.778
2023-12,Southeast Asia,In-Store,Electronics,5104.37,8,638.04625
2023-12,Southeast Asia,In-Store,Fashion,9962.86,19,524.361052631579
2023-12,Southeast Asia,In-Store,Food & Grocery,13959.710000000001,18,775.5394444444445
2023-12,Southeast Asia,In-Store,Home & Garden,10552.32,14,753.7371428571429
2023-12,Southeast Asia,In-Store,Sports,12076.6,21,575.0761904761905
2023-12,Southeast Asia,Mobile App,Beauty,10826.53,11,984.23
2023-12,Southeast Asia,Mobile App,Electronics,12128.77,14,866.3407142857143
2023-12,Southeast Asia,Mobile App,Fashion,6239.85,14,445.7035714285715
2023-12,Southeast Asia,Mobile App,Food & Grocery,10570.33,11,960.9390909090909
2023-12,Southeast Asia,Mobile App,Home & Garden,9746.38,12,812.1983333333333
2023-12,Southeast Asia,Mobile App,Sports,9275.3,13,713.4846153846154
2023-12,Southeast Asia,Online,Beauty,28095.399999999998,28,1003.4071428571427
2023-12,Southeast Asia,Online,Electronics,17387.13,21,827.9585714285715
2023-12,Southeast Asia,Online,Fashion,13723.130000000001,16,857.6956250000001
2023-12,Southeast Asia,Online,Food & Grocery,14076.61,21,670.3147619047619
2023-12,Southeast Asia,Online,Home & Garden,12521.24,19,659.0126315789473
2023-12,Southeast Asia,Online,Sports,16726.43,19,880.3384210526316
2024-01,Central Asia,Call Center,Electronics,2915.43,3,971.81
2024-01,Central Asia,Call Center,Fashion,883.92,2,441.96
2024-01,Central Asia,Call Center,Food & Grocery,1113.1599999999999,2,556.5799999999999
2024-01,Central Asia,Call Center,Home & Garden,2108.3,3,702.7666666666668
2024-01,Central Asia,Call Center,Sports,3900.28,2,1950.14
2024-01,Central Asia,In-Store,Beauty,12341.52,17,725.9717647058824
2024-01,Central Asia,In-Store,Electronics,8078.419999999999,11,734.4018181818182
2024-01,Central Asia,In-Store,Fashion,8175.89,8,1021.98625
2024-01,Central Asia,In-Store,Food & Grocery,3287.2400000000002,8,410.90500000000003
2024-01,Central Asia,In-Store,Home & Garden,7801.5599999999995,8,975.1949999999999
2024-01,Central Asia,In-Store,Sports,8185.12,17,481.47764705882355
2024-01,Central Asia,Mobile App,Beauty,6656.9400000000005,9,739.6600000000001
2024-01,Central Asia,Mobile App,Electronics,8416.35,11,765.1227272727273
2024-01,Central Asia,Mobile App,Fashion,14887.13,21,708.9109523809524
2024-01,Central Asia,Mobile App,Food & Grocery,14202.28,12,1183.5233333333333
2024-01,Central Asia,Mobile App,Home & Garden,3807.29,7,543.8985714285715
2024-01,Central Asia,Mobile App,Sports,11878.41,14,848.4578571428572
2024-01,Central Asia,Online,Beauty,13626.2,14,973.3000000000001
2024-01,Central Asia,Online,Electronics,12748.35,16,796.771875
2024-01,Central Asia,Online,Fashion,13927.39,17,819.2582352941176
2024-01,Central Asia,Online,Food & Grocery,6235.13,13,479.62538461538463
2024-01,Central Asia,Online,Home & Garden,15436.58,17,908.0341176470588
2024-01,Central Asia,Online,Sports,8693.11,13,668.7007692307693
2024-01,Europe,Call Center,Beauty,366.92,2,183.46
2024-01,Europe,Call Center,Electronics,2221.89,4,555.4725
2024-01,Europe,Call Center,Fashion,5838.799999999999,5,1167.7599999999998
2024-01,Europe,Call Center,Food & Grocery,1570.71,3,523.57
2024-01,Europe,Call Center,Home & Garden,2179.94,5,435.988
2024-01,Europe,Call Center,Sports,1211.67,3,403.89000000000004
2024-01,Europe,In-Store,Beauty,15203.09,26,584.7342307692307
2024-01,Europe,In-Store,Electronics,27123.28,33,821.9175757575757
2024-01,Europe,In-Store,Fashion,8579.710000000001,12,714.9758333333334
2024-01,Europe,In-Store,Food & Grocery,15691.17,19,825.8510526315789
2024-01,Europe,In-Store,Home & Garden,12647.11,18,702.6172222222223
2024-01,Europe,In-Store,Sports,11386.83,18,632.6016666666667
2024-01,Europe,Mobile App,Beauty,12777.42,20,638.871
2024-01,Europe,Mobile App,Electronics,8765.03,22,398.41045454545457
2024-01,Europe,Mobile App,Fashion,13182.41,20,659.1205
2024-01,Europe,Mobile App,Food & Grocery,21983.58,23,955.8078260869567
2024-01,Europe,Mobile App,Home & Garden,12366.58,17,727.4458823529412
2024-01,Europe,Mobile App,Sports,17116.170000000002,24,713.17375
2024-01,Europe,Online,Beauty,17242.95,21,821.0928571428572
2024-01,Europe,Online,Electronics,24294.57,31,783.6958064516128
2024-01,Europe,Online,Fashion,28829.44,37,779.1740540540541
2024-01,Europe,Online,Food & Grocery,24859.84,32,776.87
2024-01,Europe,Online,Home & Garden,41136.1,41,1003.3195121951219
2024-01,Europe,Online,Sports,24418.37,30,813.9456666666666
2024-01,MENA,Call Center,Beauty,62.23,1,62.23
2024-01,MENA,Call Center,Electronics,686.6800000000001,2,343.34000000000003
2024-01,MENA,Call Center,Fashion,2925.58,7,417.94
2024-01,MENA,Call Center,Food & Grocery,3224.83,1,3224.83
2024-01,MENA,Call Center,Home & Garden,674.67,2,337.335
2024-01,MENA,Call Center,Sports,1722.8200000000002,5,344.564
2024-01,MENA,In-Store,Beauty,11108.26,14,793.4471428571429
2024-01,MENA,In-Store,Electronics,16231.82,16,1014.48875
2024-01,MENA,In-Store,Fashion,14873.03,17,874.8841176470588
2024-01,MENA,In-Store,Food & Grocery,7854.4400000000005,13,604.1876923076924
2024-01,MENA,In-Store,Home & Garden,7171.74,13,551.6723076923076
2024-01,MENA,In-Store,Sports,18235.36,22,828.88
2024-01,MENA,Mobile App,Beauty,12738.14,20,636.9069999999999
2024-01,MENA,Mobile App,Electronics,14955.960000000001,17,879.7623529411766
2024-01,MENA,Mobile App,Fashion,9497.98,12,791.4983333333333
2024-01,MENA,Mobile App,Food & Grocery,3710.67,10,371.067
2024-01,MENA,Mobile App,Home & Garden,9812.94,15,654.196
2024-01,MENA,Mobile App,Sports,10360.69,13,796.9761538461539
2024-01,MENA,Online,Beauty,8511.38,17,500.66941176470584
2024-01,MENA,Online,Electronics,11600.69,18,644.4827777777778
2024-01,MENA,Online,Fashion,32284.47,32,1008.8896875
2024-01,MENA,Online,Food & Grocery,19847.35,23,862.9282608695652
2024-01,MENA,Online,Home & Garden,23734.67,28,847.6667857142857
2024-01,MENA,Online,Sports,14256.89,20,712.8444999999999
2024-01,North America,Call Center,Beauty,6660.42,5,1332.084
2024-01,North America,Call Center,Electronics,1011.4599999999999,2,505.72999999999996
2024-01,North America,Call Center,Fashion,3757.09,5,751.418
2024-01,North America,Call Center,Food & Grocery,3542.08,7,506.01142857142855
2024-01,North America,Call Center,Home & Garden,2252.66,2,1126.33
2024-01,North America,Call Center,Sports,2316.83,3,772.2766666666666
2024-01,North America,In-Store,Beauty,29035.87,36,806.5519444444444
2024-01,North America,In-Store,Electronics,32333.7,33,979.809090909091
2024-01,North America,In-Store,Fashion,30037.68,35,858.2194285714286
2024-01,North America,In-Store,Food & Grocery,25644.58,29,884.2958620689656
2024-01,North America,In-Store,Home & Garden,16797.35,19,884.0710526315788
2024-01,North America,In-Store,Sports,12381.9,16,773.86875
2024-01,North America,Mobile App,Beauty,15367.09,24,640.2954166666667
2024-01,North America,Mobile App,Electronics,10353.75,21,493.0357142857143
2024-01,North America,Mobile App,Fashion,17512.37,28,625.4417857142856
2024-01,North America,Mobile App,Food & Grocery,30731.66,26,1181.9869230769232
2024-01,North America,Mobile App,Home & Garden,21677.059999999998,30,722.5686666666666
2024-01,North America,Mobile App,Sports,20247.87,26,778.7642307692307
2024-01,North America,Online,Beauty,36022.62,44,818.6959090909091
2024-01,North America,Online,Electronics,28951.21,43,673.283953488372
2024-01,North America,Online,Fashion,38355.229999999996,45,852.3384444444443
2024-01,North America,Online,Food & Grocery,32450.59,32,1014.0809375
2024-01,North America,Online,Home & Garden,38032.36,52,731.3915384615385
2024-01,North America,Online,Sports,28292.22,40,707.3055
2024-01,Southeast Asia,Call Center,Beauty,1597.04,2,798.52
2024-01,Southeast Asia,Call Center,Electronics,1154.56,4,288.64
2024-01,Southeast Asia,Call Center,Fashion,2051.85,5,410.37
2024-01,Southeast Asia,Call Center,Home & Garden,1327.79,2,663.895
2024-01,Southeast Asia,Call Center,Sports,1066.97,1,1066.97
2024-01,Southeast Asia,In-Store,Beauty,4655.7300000000005,9,517.3033333333334
2024-01,Southeast Asia,In-Store,Electronics,10701.02,17,629.4717647058824
2024-01,Southeast Asia,In-Store,Fashion,12807.08,13,985.16
2024-01,Southeast Asia,In-Store,Food & Grocery,2969.29,10,296.929
2024-01,Southeast Asia,In-Store,Home & Garden,15762.359999999999,17,927.1976470588235
2024-01,Southeast Asia,In-Store,Sports,6832.76,14,488.05428571428575
2024-01,Southeast Asia,Mobile App,Beauty,14853.900000000001,16,928.3687500000001
2024-01,Southeast Asia,Mobile App,Electronics,10304.810000000001,14,736.0578571428572
2024-01,Southeast Asia,Mobile App,Fashion,9201.0,11,836.4545454545455
2024-01,Southeast Asia,Mobile App,Food & Grocery,10489.21,15,699.2806666666667
2024-01,Southeast Asia,Mobile App,Home & Garden,12184.25,10,1218.425
2024-01,Southeast Asia,Mobile App,Sports,12112.78,15,807.5186666666667
2024-01,Southeast Asia,Online,Beauty,28465.48,20,1423.274
2024-01,Southeast Asia,Online,Electronics,6035.650000000001,11,548.6954545454546
2024-01,Southeast Asia,Online,Fashion,15757.779999999999,21,750.3704761904761
2024-01,Southeast Asia,Online,Food & Grocery,14567.61,23,633.3743478260869
2024-01,Southeast Asia,Online,Home & Garden,12250.3,21,583.347619047619
2024-01,Southeast Asia,Online,Sports,14198.6,17,835.2117647058824
2024-02,Central Asia,Call Center,Electronics,3197.38,3,1065.7933333333333
2024-02,Central Asia,Call Center,Fashion,1327.65,4,331.9125
2024-02,Central Asia,Call Center,Food & Grocery,3422.43,3,1140.81
2024-02,Central Asia,Call Center,Home & Garden,274.12,2,137.06
2024-02,Central Asia,Call Center,Sports,2469.0,3,823.0
2024-02,Central Asia,In-Store,Beauty,14413.0,15,960.8666666666667
2024-02,Central Asia,In-Store,Electronics,6944.66,7,992.0942857142857
2024-02,Central Asia,In-Store,Fashion,8622.34,12,718.5283333333333
2024-02,Central Asia,In-Store,Food & Grocery,7744.3099999999995,11,704.0281818181818
2024-02,Central Asia,In-Store,Home & Garden,7821.16,9,869.0177777777777
2024-02,Central Asia,In-Store,Sports,6970.07,13,536.1592307692307
2024-02,Central Asia,Mobile App,Beauty,13171.5,14,940.8214285714286
2024-02,Central Asia,Mobile App,Electronics,16016.3,17,942.135294117647
2024-02,Central Asia,Mobile App,Fashion,4243.23,8,530.40375
2024-02,Central Asia,Mobile App,Food & Grocery,9989.18,12,832.4316666666667
2024-02,Central Asia,Mobile App,Home & Garden,15513.710000000001,15,1034.2473333333335
2024-02,Central Asia,Mobile App,Sports,3870.92,7,552.9885714285714
2024-02,Central Asia,Online,Beauty,17990.45,15,1199.3633333333335
2024-02,Central Asia,Online,Electronics,8492.56,14,606.6114285714285
2024-02,Central Asia,Online,Fashion,15374.7,20,768.735
2024-02,Central Asia,Online,Food & Grocery,8945.34,13,688.103076923077
2024-02,Central Asia,Online,Home & Garden,8678.699999999999,11,788.9727272727272
2024-02,Central Asia,Online,Sports,15866.91,20,793.3455
2024-02,Europe,Call Center,Beauty,2079.67,3,693.2233333333334
2024-02,Europe,Call Center,Electronics,4189.42,6,698.2366666666667
2024-02,Europe,Call Center,Fashion,1690.0700000000002,4,422.51750000000004
2024-02,Europe,Call Center,Food & Grocery,497.71,2,248.855
2024-02,Europe,Call Center,Home & Garden,6068.0,5,1213.6
2024-02,Europe,Call Center,Sports,654.5799999999999,2,327.28999999999996
2024-02,Europe,In-Store,Beauty,18973.78,21,903.5133333333333
2024-02,Europe,In-Store,Electronics,16932.6,24,705.525
2024-02,Europe,In-Store,Fashion,14306.19,16,894.136875
2024-02,Europe,In-Store,Food & Grocery,10252.37,19,539.5984210526316
2024-02,Europe,In-Store,Home & Garden,23353.59,26,898.215
2024-02,Europe,In-Store,Sports,18057.44,22,820.7927272727272
2024-02,Europe,Mobile App,Beauty,10382.17,20,519.1085
2024-02,Europe,Mobile App,Electronics,21229.37,29,732.0472413793103
2024-02,Europe,Mobile App,Fashion,10149.5,21,483.3095238095238
2024-02,Europe,Mobile App,Food & Grocery,12963.43,21,617.3061904761905
2024-02,Europe,Mobile App,Home & Garden,8461.85,24,352.57708333333335
2024-02,Europe,Mobile App,Sports,22285.48,22,1012.9763636363637
2024-02,Europe,Online,Beauty,20707.39,25,828.2955999999999
2024-02,Europe,Online,Electronics,25488.899999999998,35,728.2542857142856
2024-02,Europe,Online,Fashion,21901.95,32,684.4359375
2024-02,Europe,Online,Food & Grocery,17025.6,25,681.0239999999999
2024-02,Europe,Online,Home & Garden,26941.77,30,898.059
2024-02,Europe,Online,Sports,22189.41,34,652.6297058823529
2024-02,MENA,Call Center,Beauty,1017.46,1,1017.46
2024-02,MENA,Call Center,Electronics,2576.03,3,858.6766666666667
2024-02,MENA,Call Center,Fashion,2568.45,4,642.1125
2024-02,MENA,Call Center,Food & Grocery,5096.030000000001,5,1019.2060000000001
2024-02,MENA,Call Center,Home & Garden,2365.11,2,1182.555
2024-02,MENA,Call Center,Sports,579.66,1,579.66
2024-02,MENA,In-Store,Beauty,7997.09,16,499.818125
2024-02,MENA,In-Store,Electronics,9270.84,19,487.93894736842105
2024-02,MENA,In-Store,Fashion,7850.34,13,603.8723076923077
2024-02,MENA,In-Store,Food & Grocery,9673.65,16,604.603125
2024-02,MENA,In-Store,Home & Garden,16770.43,12,1397.5358333333334
2024-02,MENA,In-Store,Sports,13573.77,16,848.360625
2024-02,MENA,Mobile App,Beauty,16094.47,19,847.0773684210526
2024-02,MENA,Mobile App,Electronics,11940.51,12,995.0425
2024-02,MENA,Mobile App,Fashion,11003.8,13,846.4461538461538
2024-02,MENA,Mobile App,Food & Grocery,24986.420000000002,21,1189.8295238095238
2024-02,MENA,Mobile App,Home & Garden,7405.37,13,569.6438461538462
2024-02,MENA,Mobile App,Sports,19520.46,18,1084.47
2024-02,MENA,Online,Beauty,19559.48,29,674.4648275862069
2024-02,MENA,Online,Electronics,18037.54,20,901.8770000000001
2024-02,MENA,Online,Fashion,19162.56,23,833.1547826086957
2024-02,MENA,Online,Food & Grocery,18239.13,28,651.3975
2024-02,MENA,Online,Home & Garden,12018.2,13,924.4769230769232
2024-02,MENA,Online,Sports,19321.46,27,715.6096296296296
2024-02,North America,Call Center,Beauty,4205.150000000001,5,841.0300000000001
2024-02,North America,Call Center,Electronics,3076.77,5,615.354
2024-02,North America,Call Center,Fashion,1957.66,4,489.415
2024-02,North America,Call Center,Food & Grocery,9793.73,9,1088.1922222222222
2024-02,North America,Call Center,Home & Garden,4858.22,7,694.0314285714286
2024-02,North America,Call Center,Sports,5710.74,6,951.79
2024-02,North America,In-Store,Beauty,17549.63,24,731.2345833333334
2024-02,North America,In-Store,Electronics,26438.07,27,979.1877777777778
2024-02,North America,In-Store,Fashion,11361.59,23,493.9821739130435
2024-02,North America,In-Store,Food & Grocery,25212.33,29,869.3906896551724
2024-02,North America,In-Store,Home & Garden,23495.93,24,978.9970833333333
2024-02,North America,In-Store,Sports,19633.9,31,633.3516129032258
2024-02,North America,Mobile App,Beauty,35041.31,35,1001.1802857142857
2024-02,North America,Mobile App,Electronics,18155.65,31,585.6661290322581
2024-02,North America,Mobile App,Fashion,15399.2,21,733.2952380952381
2024-02,North America,Mobile App,Food & Grocery,20799.65,28,742.844642857143
2024-02,North America,Mobile App,Home & Garden,23832.02,27,882.6674074074074
2024-02,North America,Mobile App,Sports,22217.64,33,673.2618181818182
2024-02,North America,Online,Beauty,42693.38,44,970.3040909090909
2024-02,North America,Online,Electronics,26350.05,38,693.4223684210526
2024-02,North America,Online,Fashion,27429.99,41,669.0241463414635
2024-02,North America,Online,Food & Grocery,24870.81,36,690.8558333333334
2024-02,North America,Online,Home & Garden,20578.12,33,623.5793939393939
2024-02,North America,Online,Sports,29363.68,37,793.612972972973
2024-02,Southeast Asia,Call Center,Beauty,2864.07,2,1432.035
2024-02,Southeast Asia,Call Center,Electronics,8300.43,5,1660.086
2024-02,Southeast Asia,Call Center,Fashion,1002.21,2,501.105
2024-02,Southeast Asia,Call Center,Food & Grocery,3413.04,4,853.26
2024-02,Southeast Asia,Call Center,Home & Garden,2295.02,4,573.755
2024-02,Southeast Asia,Call Center,Sports,942.57,1,942.57
2024-02,Southeast Asia,In-Store,Beauty,13321.77,16,832.610625
2024-02,Southeast Asia,In-Store,Electronics,5312.84,11,482.98545454545456
2024-02,Southeast Asia,In-Store,Fashion,7207.34,13,554.4107692307692
2024-02,Southeast Asia,In-Store,Food & Grocery,12905.54,11,1173.230909090909
2024-02,Southeast Asia,In-Store,Home & Garden,4241.23,8,530.15375
2024-02,Southeast Asia,In-Store,Sports,14043.460000000001,7,2006.2085714285715
2024-02,Southeast Asia,Mobile App,Beauty,12196.63,15,813.1086666666666
2024-02,Southeast Asia,Mobile App,Electronics,16608.83,15,1107.2553333333335
2024-02,Southeast Asia,Mobile App,Fashion,10704.75,15,713.65
2024-02,Southeast Asia,Mobile App,Food & Grocery,7165.0199999999995,9,796.1133333333332
2024-02,Southeast Asia,Mobile App,Home & Garden,6467.13,14,461.9378571428571
2024-02,Southeast Asia,Mobile App,Sports,16167.49,12,1347.2908333333332
2024-02,Southeast Asia,Online,Beauty,19733.11,23,857.9613043478261
2024-02,Southeast Asia,Online,Electronics,28465.14,27,1054.2644444444445
2024-02,Southeast Asia,Online,Fashion,14395.93,12,1199.6608333333334
2024-02,Southeast Asia,Online,Food & Grocery,14763.94,17,868.4670588235294
2024-02,Southeast Asia,Online,Home & Garden,11413.869999999999,15,760.9246666666666
2024-02,Southeast Asia,Online,Sports,15591.740000000002,19,820.6178947368422
2024-03,Central Asia,Call Center,Electronics,1679.6100000000001,2,839.8050000000001
2024-03,Central Asia,Call Center,Food & Grocery,276.58,1,276.58
2024-03,Central Asia,Call Center,Home & Garden,2387.79,2,1193.895
2024-03,Central Asia,Call Center,Sports,4875.57,3,1625.1899999999998
2024-03,Central Asia,In-Store,Beauty,10930.6,11,993.6909090909091
2024-03,Central Asia,In-Store,Electronics,13706.04,20,685.302
2024-03,Central Asia,In-Store,Fashion,9726.42,10,972.642
2024-03,Central Asia,In-Store,Food & Grocery,10449.98,13,803.8446153846154
2024-03,Central Asia,In-Store,Home & Garden,8588.27,13,660.6361538461539
2024-03,Central Asia,In-Store,Sports,6093.91,14,435.2792857142857
2024-03,Central Asia,Mobile App,Beauty,14225.89,15,948.3926666666666
2024-03,Central Asia,Mobile App,Electronics,7021.82,12,585.1516666666666
2024-03,Central Asia,Mobile App,Fashion,9558.78,8,1194.8475
2024-03,Central Asia,Mobile App,Food & Grocery,7720.77,14,551.4835714285715
2024-03,Central Asia,Mobile App,Home & Garden,10963.58,11,996.6890909090909
2024-03,Central Asia,Mobile App,Sports,7345.94,11,667.8127272727272
2024-03,Central Asia,Online,Beauty,7648.3,11,695.3000000000001
2024-03,Central Asia,Online,Electronics,9660.07,15,644.0046666666666
2024-03,Central Asia,Online,Fashion,14165.37,16,885.335625
2024-03,Central Asia,Online,Food & Grocery,16162.45,27,598.6092592592593
2024-03,Central Asia,Online,Home & Garden,16457.760000000002,15,1097.1840000000002
2024-03,Central Asia,Online,Sports,16697.1,18,927.6166666666666
2024-03,Europe,Call Center,Beauty,660.49,1,660.49
2024-03,Europe,Call Center,Electronics,2402.56,2,1201.28
2024-03,Europe,Call Center,Fashion,2118.0,2,1059.0
2024-03,Europe,Call Center,Food & Grocery,4295.24,5,859.048
2024-03,Europe,Call Center,Home & Garden,1417.78,2,708.89
2024-03,Europe,Call Center,Sports,2440.49,5,488.09799999999996
2024-03,Europe,In-Store,Beauty,13282.21,21,632.4861904761905
2024-03,Europe,In-Store,Electronics,29445.27,32,920.1646875
2024-03,Europe,In-Store,Fashion,21358.12,23,928.6139130434782
2024-03,Europe,In-Store,Food & Grocery,19949.57,21,949.9795238095238
2024-03,Europe,In-Store,Home & Garden,14068.58,21,669.932380952381
2024-03,Europe,In-Store,Sports,10562.109999999999,22,480.09590909090906
2024-03,Europe,Mobile App,Beauty,12473.99,18,692.9994444444444
2024-03,Europe,Mobile App,Electronics,13902.66,19,731.718947368421
2024-03,Europe,Mobile App,Fashion,14903.27,22,677.4213636363637
2024-03,Europe,Mobile App,Food & Grocery,14602.14,22,663.7336363636364
2024-03,Europe,Mobile App,Home & Garden,17869.0,16,1116.8125
2024-03,Europe,Mobile App,Sports,14540.88,21,692.4228571428571
2024-03,Europe,Online,Beauty,21780.31,27,806.6781481481482
2024-03,Europe,Online,Electronics,19387.96,26,745.6907692307692
2024-03,Europe,Online,Fashion,25219.8,38,663.6789473684211
2024-03,Europe,Online,Food & Grocery,19274.05,26,741.3096153846153
2024-03,Europe,Online,Home & Garden,23019.579999999998,23,1000.851304347826
2024-03,Europe,Online,Sports,13688.4,22,622.1999999999999
2024-03,MENA,Call Center,Beauty,360.06,2,180.03
2024-03,MENA,Call Center,Electronics,2108.74,4,527.185
2024-03,MENA,Call Center,Fashion,1860.91,3,620.3033333333334
2024-03,MENA,Call Center,Food & Grocery,2124.9700000000003,4,531.2425000000001
2024-03,MENA,Call Center,Home & Garden,4692.28,3,1564.0933333333332
2024-03,MENA,Call Center,Sports,1194.6799999999998,2,597.3399999999999
2024-03,MENA,In-Store,Beauty,17719.16,17,1042.3035294117647
2024-03,MENA,In-Store,Electronics,9202.49,16,575.155625
2024-03,MENA,In-Store,Fashion,12566.529999999999,12,1047.2108333333333
2024-03,MENA,In-Store,Food & Grocery,11428.9,18,634.9388888888889
2024-03,MENA,In-Store,Home & Garden,16477.43,16,1029.839375
2024-03,MENA,In-Store,Sports,13215.91,17,777.4064705882353
2024-03,MENA,Mobile App,Beauty,20295.37,25,811.8148
2024-03,MENA,Mobile App,Electronics,14354.27,11,1304.9336363636364
2024-03,MENA,Mobile App,Fashion,24419.79,15,1627.986
2024-03,MENA,Mobile App,Food & Grocery,18292.71,22,831.4868181818182
2024-03,MENA,Mobile App,Home & Garden,7105.240000000001,9,789.4711111111112
2024-03,MENA,Mobile App,Sports,20115.97,16,1257.248125
2024-03,MENA,Online,Beauty,24512.66,31,790.7309677419355
2024-03,MENA,Online,Electronics,15552.09,18,864.005
2024-03,MENA,Online,Fashion,15134.289999999999,17,890.2523529411765
2024-03,MENA,Online,Food & Grocery,17468.38,17,1027.5517647058823
2024-03,MENA,Online,Home & Garden,12273.26,14,876.6614285714286
2024-03,MENA,Online,Sports,9734.05,16,608.378125
2024-03,North America,Call Center,Beauty,3159.2000000000003,6,526.5333333333334
2024-03,North America,Call Center,Electronics,7064.01,7,1009.1442857142857
2024-03,North America,Call Center,Fashion,16393.37,16,1024.585625
2024-03,North America,Call Center,Food & Grocery,2457.5699999999997,4,614.3924999999999
2024-03,North America,Call Center,Home & Garden,4051.21,4,1012.8025
2024-03,North America,Call Center,Sports,3196.72,5,639.3439999999999
2024-03,North America,In-Store,Beauty,28459.04,30,948.6346666666667
2024-03,North America,In-Store,Electronics,19509.97,28,696.7846428571429
2024-03,North America,In-Store,Fashion,16689.09,23,725.6126086956522
2024-03,North America,In-Store,Food & Grocery,31632.5,42,753.1547619047619
2024-03,North America,In-Store,Home & Garden,22175.35,24,923.9729166666666
2024-03,North America,In-Store,Sports,19993.09,19,1052.2678947368422
2024-03,North America,Mobile App,Beauty,15168.02,30,505.60066666666665
2024-03,North America,Mobile App,Electronics,22420.07,29,773.1058620689655
2024-03,North America,Mobile App,Fashion,24054.39,28,859.0853571428571
2024-03,North America,Mobile App,Food & Grocery,22186.82,37,599.6437837837838
2024-03,North America,Mobile App,Home & Garden,22565.14,28,805.8978571428571
2024-03,North America,Mobile App,Sports,20059.76,33,607.8715151515152
2024-03,North America,Online,Beauty,29737.88,44,675.8609090909091
2024-03,North America,Online,Electronics,29465.9,34,866.6441176470589
2024-03,North America,Online,Fashion,39245.659999999996,39,1006.2989743589743
2024-03,North America,Online,Food & Grocery,36183.11,42,861.5026190476191
2024-03,North America,Online,Home & Garden,28373.49,42,675.5592857142858
2024-03,North America,Online,Sports,34005.5,44,772.8522727272727
2024-03,Southeast Asia,Call Center,Electronics,330.16,1,330.16
2024-03,Southeast Asia,Call Center,Fashion,511.61,2,255.805
2024-03,Southeast Asia,Call Center,Food & Grocery,1591.34,3,530.4466666666666
2024-03,Southeast Asia,Call Center,Home & Garden,3531.4700000000003,3,1177.1566666666668
2024-03,Southeast Asia,Call Center,Sports,544.53,1,544.53
2024-03,Southeast Asia,In-Store,Beauty,7154.81,14,511.0578571428572
2024-03,Southeast Asia,In-Store,Electronics,12734.95,17,749.114705882353
2024-03,Southeast Asia,In-Store,Fashion,10245.689999999999,9,1138.4099999999999
2024-03,Southeast Asia,In-Store,Food & Grocery,10957.05,13,842.8499999999999
2024-03,Southeast Asia,In-Store,Home & Garden,13687.279999999999,16,855.4549999999999
2024-03,Southeast Asia,In-Store,Sports,14196.9,19,747.2052631578947
2024-03,Southeast Asia,Mobile App,Beauty,8887.09,14,634.7921428571428
2024-03,Southeast Asia,Mobile App,Electronics,16316.390000000001,14,1165.4564285714287
2024-03,Southeast Asia,Mobile App,Fashion,13150.83,15,876.722
2024-03,Southeast Asia,Mobile App,Food & Grocery,5829.78,13,448.44461538461536
2024-03,Southeast Asia,Mobile App,Home & Garden,9263.51,14,661.6792857142857
2024-03,Southeast Asia,Mobile App,Sports,8218.73,5,1643.7459999999999
2024-03,Southeast Asia,Online,Beauty,8083.78,14,577.4128571428571
2024-03,Southeast Asia,Online,Electronics,13845.4,18,769.1888888888889
2024-03,Southeast Asia,Online,Fashion,15392.77,24,641.3654166666666
2024-03,Southeast Asia,Online,Food & Grocery,14420.06,15,961.3373333333333
2024-03,Southeast Asia,Online,Home & Garden,14206.32,19,747.7010526315789
2024-03,Southeast Asia,Online,Sports,14804.03,23,643.6534782608696
2024-04,Central Asia,Call Center,Beauty,473.78,1,473.78
2024-04,Central Asia,Call Center,Electronics,371.39,1,371.39
2024-04,Central Asia,Call Center,Fashion,3015.67,1,3015.67
2024-04,Central Asia,Call Center,Food & Grocery,4947.11,5,989.4219999999999
2024-04,Central Asia,Call Center,Home & Garden,3581.7999999999997,2,1790.8999999999999
2024-04,Central Asia,In-Store,Beauty,11522.32,12,960.1933333333333
2024-04,Central Asia,In-Store,Electronics,11536.92,11,1048.810909090909
2024-04,Central Asia,In-Store,Fashion,15409.82,17,906.46
2024-04,Central Asia,In-Store,Food & Grocery,11090.97,12,924.2475
2024-04,Central Asia,In-Store,Home & Garden,17853.57,16,1115.848125
2024-04,Central Asia,In-Store,Sports,7357.9400000000005,13,565.9953846153846
2024-04,Central Asia,Mobile App,Beauty,4619.65,10,461.965
2024-04,Central Asia,Mobile App,Electronics,7323.29,10,732.329
2024-04,Central Asia,Mobile App,Fashion,11934.18,12,994.515
2024-04,Central Asia,Mobile App,Food & Grocery,5949.88,10,594.988
2024-04,Central Asia,Mobile App,Home & Garden,7932.53,11,721.1390909090909
2024-04,Central Asia,Mobile App,Sports,6480.25,10,648.025
2024-04,Central Asia,Online,Beauty,11536.42,15,769.0946666666666
2024-04,Central Asia,Online,Electronics,16262.95,15,1084.1966666666667
2024-04,Central Asia,Online,Fashion,25641.399999999998,26,986.2076923076922
2024-04,Central Asia,Online,Food & Grocery,15879.0,15,1058.6
2024-04,Central Asia,Online,Home & Garden,10001.52,15,666.768
2024-04,Central Asia,Online,Sports,10969.69,14,783.5492857142857
2024-04,Europe,Call Center,Beauty,301.44,1,301.44
2024-04,Europe,Call Center,Electronics,5271.74,4,1317.935
2024-04,Europe,Call Center,Fashion,239.32,1,239.32
2024-04,Europe,Call Center,Food & Grocery,2619.13,2,1309.565
2024-04,Europe,Call Center,Sports,4185.16,6,697.5266666666666
2024-04,Europe,In-Store,Beauty,8694.56,14,621.04
2024-04,Europe,In-Store,Electronics,8000.42,11,727.3109090909091
2024-04,Europe,In-Store,Fashion,20827.71,33,631.1427272727273
2024-04,Europe,In-Store,Food & Grocery,23746.61,31,766.0196774193548
2024-04,Europe,In-Store,Home & Garden,19249.05,18,1069.3916666666667
2024-04,Europe,In-Store,Sports,4140.84,9,460.09333333333336
2024-04,Europe,Mobile App,Beauty,20255.11,21,964.5290476190477
2024-04,Europe,Mobile App,Electronics,18306.329999999998,22,832.105909090909
2024-04,Europe,Mobile App,Fashion,18069.23,19,951.0121052631579
2024-04,Europe,Mobile App,Food & Grocery,18718.57,25,748.7428
2024-04,Europe,Mobile App,Home & Garden,14209.09,18,789.3938888888889
2024-04,Europe,Mobile App,Sports,24746.99,21,1178.4280952380952
2024-04,Europe,Online,Beauty,17571.36,25,702.8544
2024-04,Europe,Online,Electronics,25891.61,34,761.5179411764706
2024-04,Europe,Online,Fashion,22899.38,32,715.605625
2024-04,Europe,Online,Food & Grocery,21610.52,33,654.8642424242424
2024-04,Europe,Online,Home & Garden,27609.25,38,726.5592105263158
2024-04,Europe,Online,Sports,27527.43,34,809.630294117647
2024-04,MENA,Call Center,Beauty,4219.0599999999995,3,1406.3533333333332
2024-04,MENA,Call Center,Electronics,1750.39,1,1750.39
2024-04,MENA,Call Center,Food & Grocery,3863.19,5,772.638
2024-04,MENA,Call Center,Home & Garden,1602.51,4,400.6275
2024-04,MENA,Call Center,Sports,2237.35,2,1118.675
2024-04,MENA,In-Store,Beauty,16598.55,20,829.9275
2024-04,MENA,In-Store,Electronics,13139.67,23,571.29
2024-04,MENA,In-Store,Fashion,17947.41,19,944.6005263157895
2024-04,MENA,In-Store,Food & Grocery,24830.03,26,955.0011538461538
2024-04,MENA,In-Store,Home & Garden,12898.58,16,806.16125
2024-04,MENA,In-Store,Sports,13039.92,14,931.4228571428572
2024-04,MENA,Mobile App,Beauty,11820.89,15,788.0593333333333
2024-04,MENA,Mobile App,Electronics,12667.720000000001,15,844.5146666666667
2024-04,MENA,Mobile App,Fashion,14271.87,18,792.8816666666667
2024-04,MENA,Mobile App,Food & Grocery,16989.89,16,1061.868125
2024-04,MENA,Mobile App,Home & Garden,8103.17,19,426.48263157894735
2024-04,MENA,Mobile App,Sports,11276.71,17,663.3358823529411
2024-04,MENA,Online,Beauty,18313.19,24,763.0495833333333
2024-04,MENA,Online,Electronics,12110.19,19,637.3784210526316
2024-04,MENA,Online,Fashion,14819.57,18,823.3094444444445
2024-04,MENA,Online,Food & Grocery,9788.7,16,611.79375
2024-04,MENA,Online,Home & Garden,9921.79,18,551.2105555555556
2024-04,MENA,Online,Sports,11482.25,18,637.9027777777778
2024-04,North America,Call Center,Beauty,5386.82,10,538.682
2024-04,North America,Call Center,Electronics,5487.48,10,548.7479999999999
2024-04,North America,Call Center,Fashion,2602.0299999999997,5,520.406
2024-04,North America,Call Center,Food & Grocery,2704.9,3,901.6333333333333
2024-04,North America,Call Center,Home & Garden,2440.18,3,813.3933333333333
2024-04,North America,Call Center,Sports,1985.19,5,397.038
2024-04,North America,In-Store,Beauty,21968.58,28,784.5921428571429
2024-04,North America,In-Store,Electronics,18636.53,22,847.1149999999999
2024-04,North America,In-Store,Fashion,44318.99,42,1055.2140476190475
2024-04,North America,In-Store,Food & Grocery,19259.760000000002,33,583.629090909091
2024-04,North America,In-Store,Home & Garden,25061.3,28,895.0464285714286
2024-04,North America,In-Store,Sports,30541.98,36,848.3883333333333
2024-04,North America,Mobile App,Beauty,18868.989999999998,26,725.7303846153845
2024-04,North America,Mobile App,Electronics,21159.56,27,783.6874074074075
2024-04,North America,Mobile App,Fashion,24019.73,21,1143.7966666666666
2024-04,North America,Mobile App,Food & Grocery,27227.45,35,777.9271428571428
2024-04,North America,Mobile App,Home & Garden,20815.89,17,1224.4641176470589
2024-04,North America,Mobile App,Sports,14964.109999999999,19,787.5847368421051
2024-04,North America,Online,Beauty,30098.1,35,859.9457142857142
2024-04,North America,Online,Electronics,21088.99,33,639.0603030303031
2024-04,North America,Online,Fashion,26706.48,36,741.8466666666667
2024-04,North America,Online,Food & Grocery,36979.82,47,786.8046808510638
2024-04,North America,Online,Home & Garden,29812.420000000002,43,693.3120930232559
2024-04,North America,Online,Sports,15377.710000000001,35,439.36314285714286
2024-04,Southeast Asia,Call Center,Beauty,1577.31,3,525.77
2024-04,Southeast Asia,Call Center,Electronics,3123.96,2,1561.98
2024-04,Southeast Asia,Call Center,Fashion,1963.6599999999999,2,981.8299999999999
2024-04,Southeast Asia,Call Center,Food & Grocery,763.53,1,763.53
2024-04,Southeast Asia,Call Center,Home & Garden,1280.45,3,426.81666666666666
2024-04,Southeast Asia,Call Center,Sports,1067.58,2,533.79
2024-04,Southeast Asia,In-Store,Beauty,4317.25,6,719.5416666666666
2024-04,Southeast Asia,In-Store,Electronics,13060.45,10,1306.045
2024-04,Southeast Asia,In-Store,Fashion,9778.24,11,888.930909090909
2024-04,Southeast Asia,In-Store,Food & Grocery,10325.78,16,645.36125
2024-04,Southeast Asia,In-Store,Home & Garden,12890.01,15,859.3340000000001
2024-04,Southeast Asia,In-Store,Sports,5527.3,11,502.4818181818182
2024-04,Southeast Asia,Mobile App,Beauty,9544.24,11,867.6581818181818
2024-04,Southeast Asia,Mobile App,Electronics,4934.25,8,616.78125
2024-04,Southeast Asia,Mobile App,Fashion,7567.55,14,540.5392857142857
2024-04,Southeast Asia,Mobile App,Food & Grocery,8086.74,12,673.895
2024-04,Southeast Asia,Mobile App,Home & Garden,13399.789999999999,17,788.2229411764705
2024-04,Southeast Asia,Mobile App,Sports,10054.0,16,628.375
2024-04,Southeast Asia,Online,Beauty,7972.8,10,797.28
2024-04,Southeast Asia,Online,Electronics,17138.27,19,902.0142105263158
2024-04,Southeast Asia,Online,Fashion,8752.58,14,625.1842857142857
2024-04,Southeast Asia,Online,Food & Grocery,19598.49,18,1088.805
2024-04,Southeast Asia,Online,Home & Garden,13199.2,19,694.6947368421053
2024-04,Southeast Asia,Online,Sports,4168.44,9,463.15999999999997
2024-05,Central Asia,Call Center,Beauty,4175.3099999999995,3,1391.7699999999998
2024-05,Central Asia,Call Center,Electronics,1573.13,3,524.3766666666667
2024-05,Central Asia,Call Center,Fashion,2309.48,3,769.8266666666667
2024-05,Central Asia,Call Center,Food & Grocery,1808.5300000000002,3,602.8433333333334
2024-05,Central Asia,Call Center,Home & Garden,1748.26,2,874.13
2024-05,Central Asia,Call Center,Sports,1390.86,4,347.715
2024-05,Central Asia,In-Store,Beauty,11067.76,15,737.8506666666667
2024-05,Central Asia,In-Store,Electronics,5240.63,10,524.063
2024-05,Central Asia,In-Store,Fashion,8829.79,12,735.8158333333334
2024-05,Central Asia,In-Store,Food & Grocery,3850.73,5,770.146
2024-05,Central Asia,In-Store,Home & Garden,9704.72,16,606.545
2024-05,Central Asia,In-Store,Sports,13825.52,18,768.0844444444444
2024-05,Central Asia,Mobile App,Beauty,5989.5,8,748.6875
2024-05,Central Asia,Mobile App,Electronics,9587.46,12,798.9549999999999
2024-05,Central Asia,Mobile App,Fashion,4991.91,10,499.191
2024-05,Central Asia,Mobile App,Food & Grocery,6847.6,14,489.11428571428576
2024-05,Central Asia,Mobile App,Home & Garden,11980.24,16,748.765
2024-05,Central Asia,Mobile App,Sports,10257.99,13,789.0761538461538
2024-05,Central Asia,Online,Beauty,8610.59,11,782.7809090909091
2024-05,Central Asia,Online,Electronics,11929.939999999999,18,662.7744444444444
2024-05,Central Asia,Online,Fashion,4522.07,9,502.4522222222222
2024-05,Central Asia,Online,Food & Grocery,13226.36,15,881.7573333333333
2024-05,Central Asia,Online,Home & Garden,10451.33,13,803.9484615384615
2024-05,Central Asia,Online,Sports,14632.259999999998,18,812.9033333333332
2024-05,Europe,Call Center,Beauty,911.6199999999999,4,227.90499999999997
2024-05,Europe,Call Center,Electronics,3301.25,3,1100.4166666666667
2024-05,Europe,Call Center,Fashion,1194.1200000000001,5,238.824
2024-05,Europe,Call Center,Food & Grocery,3768.28,6,628.0466666666667
2024-05,Europe,Call Center,Home & Garden,641.6700000000001,3,213.89000000000001
2024-05,Europe,Call Center,Sports,2180.06,3,726.6866666666666
2024-05,Europe,In-Store,Beauty,13067.07,21,622.2414285714285
2024-05,Europe,In-Store,Electronics,26619.43,28,950.6939285714286
2024-05,Europe,In-Store,Fashion,32774.82,42,780.3528571428571
2024-05,Europe,In-Store,Food & Grocery,21873.66,28,781.2021428571428
2024-05,Europe,In-Store,Home & Garden,17580.58,16,1098.78625
2024-05,Europe,In-Store,Sports,12108.65,20,605.4325
2024-05,Europe,Mobile App,Beauty,18476.79,28,659.8853571428572
2024-05,Europe,Mobile App,Electronics,26573.73,27,984.2122222222222
2024-05,Europe,Mobile App,Fashion,11726.130000000001,13,902.0100000000001
2024-05,Europe,Mobile App,Food & Grocery,9935.130000000001,18,551.9516666666667
2024-05,Europe,Mobile App,Home & Garden,19498.91,24,812.4545833333333
2024-05,Europe,Mobile App,Sports,25409.02,24,1058.7091666666668
2024-05,Europe,Online,Beauty,24909.21,32,778.4128125
2024-05,Europe,Online,Electronics,26398.629999999997,38,694.7007894736842
2024-05,Europe,Online,Fashion,26604.53,31,858.2106451612902
2024-05,Europe,Online,Food & Grocery,25328.88,27,938.1066666666667
2024-05,Europe,Online,Home & Garden,21665.32,33,656.5248484848485
2024-05,Europe,Online,Sports,31980.63,37,864.3413513513514
2024-05,MENA,Call Center,Beauty,2455.92,6,409.32
2024-05,MENA,Call Center,Electronics,880.4300000000001,2,440.21500000000003
2024-05,MENA,Call Center,Fashion,3521.96,3,1173.9866666666667
2024-05,MENA,Call Center,Food & Grocery,441.01,1,441.01
2024-05,MENA,Call Center,Home & Garden,3465.73,3,1155.2433333333333
2024-05,MENA,In-Store,Beauty,18748.13,22,852.1877272727273
2024-05,MENA,In-Store,Electronics,22044.940000000002,20,1102.247
2024-05,MENA,In-Store,Fashion,14589.27,15,972.618
2024-05,MENA,In-Store,Food & Grocery,22135.49,24,922.3120833333334
2024-05,MENA,In-Store,Home & Garden,13631.22,15,908.7479999999999
2024-05,MENA,In-Store,Sports,14339.02,18,796.6122222222223
2024-05,MENA,Mobile App,Beauty,10460.11,21,498.10047619047623
2024-05,MENA,Mobile App,Electronics,11431.699999999999,12,952.6416666666665
2024-05,MENA,Mobile App,Fashion,9022.09,16,563.880625
2024-05,MENA,Mobile App,Food & Grocery,8222.54,11,747.5036363636365
2024-05,MENA,Mobile App,Home & Garden,12051.67,16,753.229375
2024-05,MENA,Mobile App,Sports,7347.74,15,489.84933333333333
2024-05,MENA,Online,Beauty,10994.77,23,478.0334782608696
2024-05,MENA,Online,Electronics,28588.39,26,1099.5534615384615
2024-05,MENA,Online,Fashion,17937.23,21,854.1538095238095
2024-05,MENA,Online,Food & Grocery,26519.16,37,716.734054054054
2024-05,MENA,Online,Home & Garden,13506.55,20,675.3275
2024-05,MENA,Online,Sports,14623.66,17,860.2152941176471
2024-05,North America,Call Center,Beauty,7764.26,6,1294.0433333333333
2024-05,North America,Call Center,Electronics,1207.79,6,201.29833333333332
2024-05,North America,Call Center,Fashion,9152.16,9,1016.9066666666666
2024-05,North America,Call Center,Food & Grocery,2921.5200000000004,6,486.9200000000001
2024-05,North America,Call Center,Home & Garden,1245.17,3,415.0566666666667
2024-05,North America,Call Center,Sports,5858.0,5,1171.6
2024-05,North America,In-Store,Beauty,19758.09,29,681.3134482758621
2024-05,North America,In-Store,Electronics,24251.45,25,970.058
2024-05,North America,In-Store,Fashion,22595.61,31,728.8906451612903
2024-05,North America,In-Store,Food & Grocery,16061.900000000001,22,730.0863636363637
2024-05,North America,In-Store,Home & Garden,14732.32,20,736.616
2024-05,North America,In-Store,Sports,30925.77,38,813.8360526315789
2024-05,North America,Mobile App,Beauty,23696.97,25,947.8788000000001
2024-05,North America,Mobile App,Electronics,15159.52,23,659.1095652173914
2024-05,North America,Mobile App,Fashion,22514.87,18,1250.826111111111
2024-05,North America,Mobile App,Food & Grocery,26864.33,33,814.0706060606061
2024-05,North America,Mobile App,Home & Garden,15560.23,27,576.3048148148148
2024-05,North America,Mobile App,Sports,15221.27,26,585.4334615384615
2024-05,North America,Online,Beauty,30663.97,41,747.9017073170731
2024-05,North America,Online,Electronics,28738.75,32,898.0859375
2024-05,North America,Online,Fashion,41182.89,44,935.9747727272727
2024-05,North America,Online,Food & Grocery,44769.93,52,860.9601923076923
2024-05,North America,Online,Home & Garden,45996.43,34,1352.8361764705883
2024-05,North America,Online,Sports,35099.89,42,835.7116666666667
2024-05,Southeast Asia,Call Center,Beauty,1543.2,1,1543.2
2024-05,Southeast Asia,Call Center,Electronics,3412.31,4,853.0775
2024-05,Southeast Asia,Call Center,Food & Grocery,189.69,1,189.69
2024-05,Southeast Asia,Call Center,Home & Garden,1317.04,3,439.0133333333333
2024-05,Southeast Asia,Call Center,Sports,7136.5,5,1427.3
2024-05,Southeast Asia,In-Store,Beauty,8524.74,7,1217.82
2024-05,Southeast Asia,In-Store,Electronics,10907.33,15,727.1553333333334
2024-05,Southeast Asia,In-Store,Fashion,11030.79,14,787.9135714285715
2024-05,Southeast Asia,In-Store,Food & Grocery,12453.97,13,957.9976923076922
2024-05,Southeast Asia,In-Store,Home & Garden,18499.17,19,973.6405263157894
2024-05,Southeast Asia,In-Store,Sports,15266.97,19,803.5247368421052
2024-05,Southeast Asia,Mobile App,Beauty,15605.96,15,1040.3973333333333
2024-05,Southeast Asia,Mobile App,Electronics,13304.31,19,700.2268421052631
2024-05,Southeast Asia,Mobile App,Fashion,9176.58,10,917.658
2024-05,Southeast Asia,Mobile App,Food & Grocery,14878.470000000001,16,929.9043750000001
2024-05,Southeast Asia,Mobile App,Home & Garden,9429.91,14,673.5649999999999
2024-05,Southeast Asia,Mobile App,Sports,9640.99,14,688.6421428571429
2024-05,Southeast Asia,Online,Beauty,22186.47,26,853.3257692307693
2024-05,Southeast Asia,Online,Electronics,21902.77,23,952.294347826087
2024-05,Southeast Asia,Online,Fashion,15473.210000000001,13,1190.2469230769232
2024-05,Southeast Asia,Online,Food & Grocery,13209.76,22,600.4436363636364
2024-05,Southeast Asia,Online,Home & Garden,12177.85,17,716.3441176470589
2024-05,Southeast Asia,Online,Sports,12678.04,17,745.7670588235295
2024-06,Central Asia,Call Center,Electronics,3339.1,1,3339.1
2024-06,Central Asia,Call Center,Fashion,1731.02,3,577.0066666666667
2024-06,Central Asia,Call Center,Food & Grocery,483.35,1,483.35
2024-06,Central Asia,Call Center,Sports,2134.46,4,533.615
2024-06,Central Asia,In-Store,Beauty,8577.08,6,1429.5133333333333
2024-06,Central Asia,In-Store,Electronics,6568.08,8,821.01
2024-06,Central Asia,In-Store,Fashion,2743.72,8,342.965
2024-06,Central Asia,In-Store,Food & Grocery,5649.13,8,706.14125
2024-06,Central Asia,In-Store,Home & Garden,7242.0,11,658.3636363636364
2024-06,Central Asia,In-Store,Sports,2257.12,4,564.28
2024-06,Central Asia,Mobile App,Beauty,4056.91,8,507.11375
2024-06,Central Asia,Mobile App,Electronics,2345.12,4,586.28
2024-06,Central Asia,Mobile App,Fashion,2260.4,5,452.08000000000004
2024-06,Central Asia,Mobile App,Food & Grocery,7169.92,5,1433.984
2024-06,Central Asia,Mobile App,Home & Garden,9085.29,8,1135.66125
2024-06,Central Asia,Mobile App,Sports,3511.8,4,877.95
2024-06,Central Asia,Online,Beauty,9710.55,12,809.2125
2024-06,Central Asia,Online,Electronics,1222.56,8,152.82
2024-06,Central Asia,Online,Fashion,8861.52,11,805.5927272727273
2024-06,Central Asia,Online,Food & Grocery,8328.15,11,757.1045454545455
2024-06,Central Asia,Online,Home & Garden,10174.72,11,924.9745454545454
2024-06,Central Asia,Online,Sports,9987.19,9,1109.687777777778
2024-06,Europe,Call Center,Beauty,741.92,1,741.92
2024-06,Europe,Call Center,Fashion,2281.24,3,760.4133333333333
2024-06,Europe,Call Center,Food & Grocery,3992.3599999999997,4,998.0899999999999
2024-06,Europe,Call Center,Home & Garden,379.66,1,379.66
2024-06,Europe,Call Center,Sports,2423.75,2,1211.875
2024-06,Europe,In-Store,Beauty,15530.18,15,1035.3453333333334
2024-06,Europe,In-Store,Electronics,5893.01,10,589.301
2024-06,Europe,In-Store,Fashion,11993.289999999999,13,922.5607692307692
2024-06,Europe,In-Store,Food & Grocery,11983.9,16,748.99375
2024-06,Europe,In-Store,Home & Garden,7783.599999999999,9,864.8444444444444
2024-06,Europe,In-Store,Sports,15718.89,15,1047.926
2024-06,Europe,Mobile App,Beauty,6938.3099999999995,12,578.1925
2024-06,Europe,Mobile App,Electronics,7445.73,7,1063.6757142857143
2024-06,Europe,Mobile App,Fashion,9800.47,13,753.8823076923077
2024-06,Europe,Mobile App,Food & Grocery,15906.68,19,837.1936842105264
2024-06,Europe,Mobile App,Home & Garden,8024.6900000000005,15,534.9793333333333
2024-06,Europe,Mobile App,Sports,8871.7,16,554.48125
2024-06,Europe,Online,Beauty,6785.42,13,521.9553846153847
2024-06,Europe,Online,Electronics,11754.140000000001,19,618.6389473684211
2024-06,Europe,Online,Fashion,9934.0,14,709.5714285714286
2024-06,Europe,Online,Food & Grocery,9182.82,17,540.1658823529411
2024-06,Europe,Online,Home & Garden,14062.52,23,611.4139130434783
2024-06,Europe,Online,Sports,11315.15,20,565.7574999999999
2024-06,MENA,Call Center,Electronics,1860.69,2,930.345
2024-06,MENA,Call Center,Fashion,1168.65,2,584.325
2024-06,MENA,Call Center,Food & Grocery,3649.7700000000004,2,1824.8850000000002
2024-06,MENA,Call Center,Home & Garden,1181.31,5,236.262
2024-06,MENA,Call Center,Sports,166.63,1,166.63
2024-06,MENA,In-Store,Beauty,8186.9800000000005,10,818.6980000000001
2024-06,MENA,In-Store,Electronics,6691.65,10,669.165
2024-06,MENA,In-Store,Fashion,13965.380000000001,15,931.0253333333334
2024-06,MENA,In-Store,Food & Grocery,6734.63,8,841.82875
2024-06,MENA,In-Store,Home & Garden,4348.23,9,483.1366666666666
2024-06,MENA,In-Store,Sports,10008.97,9,1112.1077777777778
2024-06,MENA,Mobile App,Beauty,5846.71,13,449.74692307692305
2024-06,MENA,Mobile App,Electronics,12870.369999999999,12,1072.5308333333332
2024-06,MENA,Mobile App,Fashion,9674.5,15,644.9666666666667
2024-06,MENA,Mobile App,Food & Grocery,6589.3099999999995,10,658.9309999999999
2024-06,MENA,Mobile App,Home & Garden,5014.13,9,557.1255555555556
2024-06,MENA,Mobile App,Sports,9359.7,8,1169.9625
2024-06,MENA,Online,Beauty,4342.84,9,482.5377777777778
2024-06,MENA,Online,Electronics,7098.75,11,645.3409090909091
2024-06,MENA,Online,Fashion,9577.75,15,638.5166666666667
2024-06,MENA,Online,Food & Grocery,7790.41,10,779.0409999999999
2024-06,MENA,Online,Home & Garden,17336.4,14,1238.314285714286
2024-06,MENA,Online,Sports,11035.75,12,919.6458333333334
2024-06,North America,Call Center,Beauty,1774.51,3,591.5033333333333
2024-06,North America,Call Center,Electronics,4142.51,6,690.4183333333334
2024-06,North America,Call Center,Fashion,2410.9500000000003,5,482.19000000000005
2024-06,North America,Call Center,Food & Grocery,2623.97,4,655.9925
2024-06,North America,Call Center,Home & Garden,222.87,1,222.87
2024-06,North America,Call Center,Sports,4626.65,4,1156.6625
2024-06,North America,In-Store,Beauty,9936.74,14,709.7671428571429
2024-06,North America,In-Store,Electronics,13467.01,18,748.1672222222222
2024-06,North America,In-Store,Fashion,9869.68,10,986.9680000000001
2024-06,North America,In-Store,Food & Grocery,7673.679999999999,10,767.3679999999999
2024-06,North America,In-Store,Home & Garden,19900.76,19,1047.4084210526314
2024-06,North America,In-Store,Sports,12669.96,15,844.664
2024-06,North America,Mobile App,Beauty,11500.37,19,605.2826315789474
2024-06,North America,Mobile App,Electronics,18845.43,14,1346.1021428571428
2024-06,North America,Mobile App,Fashion,15255.11,20,762.7555
2024-06,North America,Mobile App,Food & Grocery,14651.279999999999,18,813.9599999999999
2024-06,North America,Mobile App,Home & Garden,3470.06,10,347.006
2024-06,North America,Mobile App,Sports,6372.450000000001,11,579.3136363636364
2024-06,North America,Online,Beauty,14968.59,20,748.4295
2024-06,North America,Online,Electronics,20491.1,22,931.4136363636363
2024-06,North America,Online,Fashion,27552.45,25,1102.098
2024-06,North America,Online,Food & Grocery,23742.8,28,847.9571428571428
2024-06,North America,Online,Home & Garden,18293.65,23,795.3760869565218
2024-06,North America,Online,Sports,16307.07,26,627.1949999999999
2024-06,Southeast Asia,Call Center,Beauty,1085.31,2,542.655
2024-06,Southeast Asia,Call Center,Fashion,1013.43,1,1013.43
2024-06,Southeast Asia,Call Center,Food & Grocery,1267.66,3,422.55333333333334
2024-06,Southeast Asia,Call Center,Home & Garden,549.31,1,549.31
2024-06,Southeast Asia,Call Center,Sports,417.33,1,417.33
2024-06,Southeast Asia,In-Store,Beauty,5882.37,4,1470.5925
2024-06,Southeast Asia,In-Store,Electronics,8343.97,11,758.5427272727272
2024-06,Southeast Asia,In-Store,Fashion,1036.69,2,518.345
2024-06,Southeast Asia,In-Store,Food & Grocery,2079.75,7,297.10714285714283
2024-06,Southeast Asia,In-Store,Home & Garden,5477.740000000001,6,912.9566666666668
2024-06,Southeast Asia,In-Store,Sports,4480.3,6,746.7166666666667
2024-06,Southeast Asia,Mobile App,Beauty,14493.76,12,1207.8133333333333
2024-06,Southeast Asia,Mobile App,Electronics,2773.7799999999997,4,693.4449999999999
2024-06,Southeast Asia,Mobile App,Fashion,10278.25,10,1027.825
2024-06,Southeast Asia,Mobile App,Food & Grocery,6408.25,7,915.4642857142857
2024-06,Southeast Asia,Mobile App,Home & Garden,5613.8099999999995,7,801.972857142857
2024-06,Southeast Asia,Mobile App,Sports,5839.77,10,583.9770000000001
2024-06,Southeast Asia,Online,Beauty,6145.51,8,768.18875
2024-06,Southeast Asia,Online,Electronics,10006.33,12,833.8608333333333
2024-06,Southeast Asia,Online,Fashion,5271.69,8,658.96125
2024-06,Southeast Asia,Online,Food & Grocery,8389.1,12,699.0916666666667
2024-06,Southeast Asia,Online,Home & Garden,8641.5,11,785.5909090909091
2024-06,Southeast Asia,Online,Sports,10366.26,12,863.855
