review_id,customer_id,transaction_id,region,category,rating,review_text,sentiment_label,review_date
REV0000001,GM04129,TXN0048093,Europe,Home & Garden,3,Average quality. Okay for the price.,Neutral,2022-12-19
REV0000002,GM00126,TXN0001464,MENA,Beauty,4,Customer service was incredibly helpful and responsive.,Positive,2024-01-30
REV0000003,GM02987,TXN0035091,Central Asia,Sports,5,Fast delivery and excellent quality. Will buy again.,Positive,2022-07-11
REV0000004,GM04081,TXN0047478,North America,Home & Garden,4,Perfect experience from browsing to delivery. 5 stars.,Positive,2024-05-07
REV0000005,GM01711,TXN0019784,Europe,Sports,4,Great value for money. Highly recommend to everyone.,Positive,2024-02-04
REV0000006,GM03563,TXN0041593,Central Asia,Sports,4,Customer service was incredibly helpful and responsive.,Positive,2022-04-01
REV0000007,GM03101,TXN0036370,Central Asia,Electronics,4,Great value for money. Highly recommend to everyone.,Positive,2022-10-27
REV0000008,GM03643,TXN0042530,MENA,Food & Grocery,4,Perfect experience from browsing to delivery. 5 stars.,Positive,2022-06-29
REV0000009,GM03085,TXN0036193,North America,Food & Grocery,5,Customer service was incredibly helpful and responsive.,Positive,2023-10-27
REV0000010,GM02772,TXN0032352,Europe,Food & Grocery,3,Average quality. Okay for the price.,Neutral,2023-03-22
REV0000011,GM01506,TXN0017664,MENA,Food & Grocery,1,Terrible customer service. Waited 3 weeks for a response.,Negative,2023-01-11
REV0000012,GM04600,TXN0053334,Europe,Home & Garden,4,The product quality is outstanding and durable.,Positive,2023-04-12
REV0000013,GM02167,TXN0025401,North America,Fashion,2,Terrible customer service. Waited 3 weeks for a response.,Negative,2022-01-20
REV0000014,GM03663,TXN0042805,Central Asia,Home & Garden,3,Works fine. Packaging could be improved.,Neutral,2022-04-30
REV0000015,GM03110,TXN0036479,North America,Beauty,2,Would not recommend. Waste of money.,Negative,2022-05-28
REV0000016,GM01179,TXN0013846,North America,Food & Grocery,4,The product quality is outstanding and durable.,Positive,2022-01-08
REV0000017,GM03167,TXN0037087,Southeast Asia,Home & Garden,4,Super happy with my purchase. Fits perfectly.,Positive,2024-03-18
REV0000018,GM01249,TXN0014687,Southeast Asia,Home & Garden,3,Average quality. Okay for the price.,Neutral,2024-03-31
REV0000019,GM04122,TXN0047990,MENA,Food & Grocery,5,Super happy with my purchase. Fits perfectly.,Positive,2023-04-23
REV0000020,GM02543,TXN0029854,North America,Fashion,4,Fast delivery and excellent quality. Will buy again.,Positive,2022-02-09
REV0000021,GM01997,TXN0023264,Southeast Asia,Electronics,1,Not as described. Poor quality material. Returning it.,Negative,2023-10-05
REV0000022,GM00474,TXN0005749,Southeast Asia,Sports,5,The product quality is outstanding and durable.,Positive,2023-08-01
REV0000023,GM04452,TXN0051642,North America,Food & Grocery,5,The product quality is outstanding and durable.,Positive,2022-11-28
REV0000024,GM00568,TXN0006737,MENA,Home & Garden,3,Works fine. Packaging could be improved.,Neutral,2023-04-23
REV0000025,GM02557,TXN0029972,MENA,Fashion,3,Average quality. Okay for the price.,Neutral,2023-04-14
REV0000026,GM01549,TXN0018176,Central Asia,Sports,4,Perfect experience from browsing to delivery. 5 stars.,Positive,2022-10-24
REV0000027,GM03376,TXN0039481,North America,Food & Grocery,5,Super happy with my purchase. Fits perfectly.,Positive,2022-04-15
REV0000028,GM00241,TXN0002981,Southeast Asia,Sports,4,Fast delivery and excellent quality. Will buy again.,Positive,2023-05-12
REV0000029,GM02236,TXN0026304,North America,Beauty,4,The product quality is outstanding and durable.,Positive,2022-07-09
REV0000030,GM02674,TXN0031288,Europe,Beauty,4,Customer service was incredibly helpful and responsive.,Positive,2022-08-19
REV0000031,GM04513,TXN0052350,Central Asia,Beauty,2,Terrible customer service. Waited 3 weeks for a response.,Negative,2024-01-19
REV0000032,GM04790,TXN0055698,Europe,Fashion,4,Great value for money. Highly recommend to everyone.,Positive,2022-04-09
REV0000033,GM01618,TXN0018955,North America,Beauty,5,Absolutely love this product! Exceeded my expectations.,Positive,2023-07-25
REV0000034,GM03956,TXN0046052,Southeast Asia,Home & Garden,3,Works fine. Packaging could be improved.,Neutral,2022-03-16
REV0000035,GM03969,TXN0046232,North America,Home & Garden,3,Works fine. Packaging could be improved.,Neutral,2022-07-07
REV0000036,GM04304,TXN0050013,North America,Fashion,5,The product quality is outstanding and durable.,Positive,2024-05-04
REV0000037,GM01174,TXN0013792,Europe,Home & Garden,4,Absolutely love this product! Exceeded my expectations.,Positive,2022-06-10
REV0000038,GM04153,TXN0048338,North America,Home & Garden,5,Fast delivery and excellent quality. Will buy again.,Positive,2023-10-07
REV0000039,GM02033,TXN0023674,MENA,Home & Garden,5,Great value for money. Highly recommend to everyone.,Positive,2023-07-17
REV0000040,GM01692,TXN0019633,MENA,Electronics,3,Average quality. Okay for the price.,Neutral,2023-05-11
REV0000041,GM03003,TXN0035270,Europe,Sports,5,The product quality is outstanding and durable.,Positive,2023-05-04
REV0000042,GM04864,TXN0056615,Europe,Food & Grocery,5,Absolutely love this product! Exceeded my expectations.,Positive,2023-11-22
REV0000043,GM04412,TXN0051308,Central Asia,Sports,5,Super happy with my purchase. Fits perfectly.,Positive,2023-05-28
REV0000044,GM00018,TXN0000225,MENA,Food & Grocery,4,Great value for money. Highly recommend to everyone.,Positive,2022-08-01
REV0000045,GM03780,TXN0044125,Southeast Asia,Sports,4,Perfect experience from browsing to delivery. 5 stars.,Positive,2022-07-28
REV0000046,GM04722,TXN0054832,Central Asia,Home & Garden,4,Perfect experience from browsing to delivery. 5 stars.,Positive,2023-10-02
REV0000047,GM03089,TXN0036251,North America,Sports,5,Great value for money. Highly recommend to everyone.,Positive,2023-05-20
REV0000048,GM02859,TXN0033449,Central Asia,Sports,4,Perfect experience from browsing to delivery. 5 stars.,Positive,2024-01-11
REV0000049,GM00779,TXN0009299,North America,Home & Garden,5,The product quality is outstanding and durable.,Positive,2023-01-22
REV0000050,GM03994,TXN0046558,Central Asia,Beauty,4,Super happy with my purchase. Fits perfectly.,Positive,2023-03-19
REV0000051,GM03540,TXN0041356,Central Asia,Home & Garden,4,The product quality is outstanding and durable.,Positive,2024-01-01
REV0000052,GM04942,TXN0057519,MENA,Home & Garden,5,The product quality is outstanding and durable.,Positive,2024-01-16
REV0000053,GM04215,TXN0048973,North America,Electronics,4,Great value for money. Highly recommend to everyone.,Positive,2023-03-27
REV0000054,GM00571,TXN0006770,MENA,Food & Grocery,4,Fast delivery and excellent quality. Will buy again.,Positive,2022-05-28
REV0000055,GM03115,TXN0036575,Europe,Beauty,3,Average quality. Okay for the price.,Neutral,2022-06-26
REV0000056,GM01237,TXN0014525,Southeast Asia,Fashion,5,Absolutely love this product! Exceeded my expectations.,Positive,2023-08-28
REV0000057,GM00037,TXN0000485,Europe,Home & Garden,5,Fast delivery and excellent quality. Will buy again.,Positive,2022-05-18
REV0000058,GM04423,TXN0051399,North America,Electronics,4,Fast delivery and excellent quality. Will buy again.,Positive,2024-04-14
REV0000059,GM00695,TXN0008298,Central Asia,Fashion,4,Absolutely love this product! Exceeded my expectations.,Positive,2022-03-06
REV0000060,GM03285,TXN0038376,MENA,Beauty,5,Super happy with my purchase. Fits perfectly.,Positive,2024-03-03
REV0000061,GM00781,TXN0009315,North America,Beauty,4,Customer service was incredibly helpful and responsive.,Positive,2024-02-20
REV0000062,GM03340,TXN0039068,North America,Electronics,4,Customer service was incredibly helpful and responsive.,Positive,2023-08-10
REV0000063,GM01185,TXN0013950,Central Asia,Electronics,5,Great value for money. Highly recommend to everyone.,Positive,2022-06-11
REV0000064,GM02484,TXN0029097,Europe,Fashion,3,Works fine. Packaging could be improved.,Neutral,2022-07-10
REV0000065,GM01094,TXN0012951,MENA,Electronics,5,Customer service was incredibly helpful and responsive.,Positive,2023-12-23
REV0000066,GM03992,TXN0046524,Europe,Food & Grocery,4,Customer service was incredibly helpful and responsive.,Positive,2022-11-12
REV0000067,GM03061,TXN0035971,Europe,Fashion,1,Terrible customer service. Waited 3 weeks for a response.,Negative,2023-06-30
REV0000068,GM03850,TXN0044846,Central Asia,Electronics,4,Customer service was incredibly helpful and responsive.,Positive,2022-05-22
REV0000069,GM04793,TXN0055724,Central Asia,Electronics,5,Fast delivery and excellent quality. Will buy again.,Positive,2023-12-30
REV0000070,GM02658,TXN0031121,Southeast Asia,Sports,4,Fast delivery and excellent quality. Will buy again.,Positive,2023-11-03
REV0000071,GM01028,TXN0012145,North America,Beauty,4,The product quality is outstanding and durable.,Positive,2024-04-21
REV0000072,GM04343,TXN0050412,North America,Home & Garden,2,Very disappointed. The product broke after one week.,Negative,2022-04-15
REV0000073,GM04127,TXN0048082,North America,Home & Garden,5,Great value for money. Highly recommend to everyone.,Positive,2023-02-19
REV0000074,GM00691,TXN0008250,Europe,Fashion,5,Absolutely love this product! Exceeded my expectations.,Positive,2022-03-29
REV0000075,GM00263,TXN0003266,Europe,Electronics,5,The product quality is outstanding and durable.,Positive,2023-11-28
REV0000076,GM00947,TXN0011240,Europe,Sports,4,Super happy with my purchase. Fits perfectly.,Positive,2023-09-14
REV0000077,GM04175,TXN0048562,Southeast Asia,Sports,3,"Not bad, not great. Expected better for the price.",Neutral,2022-08-12
REV0000078,GM03038,TXN0035673,Southeast Asia,Food & Grocery,4,Fast delivery and excellent quality. Will buy again.,Positive,2022-12-02
REV0000079,GM01465,TXN0017238,Southeast Asia,Beauty,3,Works fine. Packaging could be improved.,Neutral,2022-05-02
REV0000080,GM02658,TXN0031126,Southeast Asia,Home & Garden,5,Super happy with my purchase. Fits perfectly.,Positive,2023-10-19
REV0000081,GM03609,TXN0042133,Southeast Asia,Fashion,3,Works fine. Packaging could be improved.,Neutral,2023-12-10
REV0000082,GM03010,TXN0035375,Central Asia,Electronics,5,Perfect experience from browsing to delivery. 5 stars.,Positive,2022-12-03
REV0000083,GM04589,TXN0053231,North America,Electronics,5,The product quality is outstanding and durable.,Positive,2023-07-01
REV0000084,GM01164,TXN0013671,North America,Beauty,4,The product quality is outstanding and durable.,Positive,2023-08-25
REV0000085,GM00336,TXN0004149,Central Asia,Beauty,5,Great value for money. Highly recommend to everyone.,Positive,2023-01-25
REV0000086,GM04251,TXN0049427,MENA,Home & Garden,4,Fast delivery and excellent quality. Will buy again.,Positive,2024-04-29
REV0000087,GM03910,TXN0045580,Europe,Fashion,4,Super happy with my purchase. Fits perfectly.,Positive,2022-05-18
REV0000088,GM01630,TXN0019067,MENA,Fashion,5,Perfect experience from browsing to delivery. 5 stars.,Positive,2024-01-21
REV0000089,GM03084,TXN0036184,North America,Beauty,4,Perfect experience from browsing to delivery. 5 stars.,Positive,2022-10-09
REV0000090,GM01168,TXN0013727,MENA,Fashion,5,Perfect experience from browsing to delivery. 5 stars.,Positive,2022-04-20
REV0000091,GM03543,TXN0041381,Europe,Beauty,1,Terrible customer service. Waited 3 weeks for a response.,Negative,2023-04-14
REV0000092,GM04489,TXN0052018,North America,Electronics,5,Fast delivery and excellent quality. Will buy again.,Positive,2023-02-19
REV0000093,GM01626,TXN0019022,North America,Beauty,3,Average quality. Okay for the price.,Neutral,2023-02-19
REV0000094,GM04864,TXN0056613,Europe,Food & Grocery,3,Average quality. Okay for the price.,Neutral,2023-06-30
REV0000095,GM01785,TXN0020748,North America,Home & Garden,5,Absolutely love this product! Exceeded my expectations.,Positive,2023-08-11
REV0000096,GM01943,TXN0022507,North America,Home & Garden,5,Perfect experience from browsing to delivery. 5 stars.,Positive,2022-02-27
REV0000097,GM03121,TXN0036648,Europe,Electronics,5,Super happy with my purchase. Fits perfectly.,Positive,2023-06-29
REV0000098,GM01981,TXN0023060,Europe,Sports,4,Absolutely love this product! Exceeded my expectations.,Positive,2022-01-16
REV0000099,GM03390,TXN0039648,North America,Home & Garden,2,Not as described. Poor quality material. Returning it.,Negative,2022-01-09
REV0000100,GM00439,TXN0005315,North America,Fashion,4,Perfect experience from browsing to delivery. 5 stars.,Positive,2022-08-30
REV0000101,GM02113,TXN0024599,Europe,Fashion,3,Average quality. Okay for the price.,Neutral,2022-07-29
REV0000102,GM03844,TXN0044720,MENA,Home & Garden,4,The product quality is outstanding and durable.,Positive,2022-10-19
REV0000103,GM00141,TXN0001642,Southeast Asia,Home & Garden,5,The product quality is outstanding and durable.,Positive,2023-09-25
REV0000104,GM01950,TXN0022655,MENA,Sports,5,Fast delivery and excellent quality. Will buy again.,Positive,2024-04-01
REV0000105,GM00439,TXN0005325,North America,Home & Garden,4,Super happy with my purchase. Fits perfectly.,Positive,2023-03-25
REV0000106,GM03707,TXN0043344,North America,Food & Grocery,5,Fast delivery and excellent quality. Will buy again.,Positive,2022-08-07
REV0000107,GM04307,TXN0050057,MENA,Sports,4,Absolutely love this product! Exceeded my expectations.,Positive,2023-07-30
REV0000108,GM00470,TXN0005712,Southeast Asia,Home & Garden,2,Terrible customer service. Waited 3 weeks for a response.,Negative,2022-07-13
REV0000109,GM02185,TXN0025660,North America,Home & Garden,4,Perfect experience from browsing to delivery. 5 stars.,Positive,2024-05-10
REV0000110,GM03281,TXN0038339,MENA,Food & Grocery,2,Would not recommend. Waste of money.,Negative,2023-01-08
REV0000111,GM02678,TXN0031344,Central Asia,Electronics,3,"Not bad, not great. Expected better for the price.",Neutral,2024-05-05
REV0000112,GM01995,TXN0023232,North America,Home & Garden,5,The product quality is outstanding and durable.,Positive,2024-02-22
REV0000113,GM02348,TXN0027520,Europe,Food & Grocery,4,Great value for money. Highly recommend to everyone.,Positive,2022-11-17
REV0000114,GM03275,TXN0038246,North America,Home & Garden,4,Super happy with my purchase. Fits perfectly.,Positive,2024-01-28
REV0000115,GM00570,TXN0006760,Europe,Beauty,5,Perfect experience from browsing to delivery. 5 stars.,Positive,2023-11-23
REV0000116,GM04984,TXN0058105,North America,Home & Garden,5,Fast delivery and excellent quality. Will buy again.,Positive,2023-09-17
REV0000117,GM01235,TXN0014515,North America,Beauty,1,Delivery was extremely late and packaging was damaged.,Negative,2022-01-08
REV0000118,GM03398,TXN0039732,North America,Food & Grocery,5,Perfect experience from browsing to delivery. 5 stars.,Positive,2023-09-09
REV0000119,GM04262,TXN0049585,Southeast Asia,Fashion,1,Very disappointed. The product broke after one week.,Negative,2023-11-22
REV0000120,GM00423,TXN0005147,Central Asia,Beauty,1,Would not recommend. Waste of money.,Negative,2022-10-08
REV0000121,GM03499,TXN0040838,Europe,Beauty,4,The product quality is outstanding and durable.,Positive,2022-12-20
REV0000122,GM00363,TXN0004504,MENA,Sports,3,"Not bad, not great. Expected better for the price.",Neutral,2023-09-25
REV0000123,GM03275,TXN0038261,North America,Home & Garden,4,The product quality is outstanding and durable.,Positive,2023-11-12
REV0000124,GM03195,TXN0037418,Europe,Beauty,4,Great value for money. Highly recommend to everyone.,Positive,2023-01-27
REV0000125,GM04206,TXN0048889,MENA,Sports,5,Perfect experience from browsing to delivery. 5 stars.,Positive,2022-06-12
REV0000126,GM03089,TXN0036224,North America,Home & Garden,5,Customer service was incredibly helpful and responsive.,Positive,2023-06-20
REV0000127,GM03293,TXN0038479,MENA,Beauty,3,Works fine. Packaging could be improved.,Neutral,2022-07-15
REV0000128,GM00194,TXN0002332,North America,Beauty,4,Customer service was incredibly helpful and responsive.,Positive,2022-10-28
REV0000129,GM03596,TXN0041971,North America,Food & Grocery,4,Customer service was incredibly helpful and responsive.,Positive,2022-05-22
REV0000130,GM04628,TXN0053746,MENA,Sports,1,Would not recommend. Waste of money.,Negative,2022-09-30
REV0000131,GM02463,TXN0028911,North America,Home & Garden,4,The product quality is outstanding and durable.,Positive,2023-10-17
REV0000132,GM00502,TXN0005982,MENA,Food & Grocery,5,The product quality is outstanding and durable.,Positive,2022-12-29
REV0000133,GM01906,TXN0022056,Europe,Food & Grocery,5,Super happy with my purchase. Fits perfectly.,Positive,2022-01-14
REV0000134,GM02790,TXN0032546,Southeast Asia,Fashion,5,Absolutely love this product! Exceeded my expectations.,Positive,2022-12-29
REV0000135,GM02565,TXN0030056,MENA,Food & Grocery,5,Customer service was incredibly helpful and responsive.,Positive,2024-05-25
REV0000136,GM00777,TXN0009259,Europe,Food & Grocery,5,Absolutely love this product! Exceeded my expectations.,Positive,2023-12-03
REV0000137,GM00836,TXN0009977,MENA,Electronics,4,Perfect experience from browsing to delivery. 5 stars.,Positive,2023-11-19
REV0000138,GM03557,TXN0041530,Europe,Fashion,4,Perfect experience from browsing to delivery. 5 stars.,Positive,2023-06-19
REV0000139,GM01614,TXN0018924,Europe,Home & Garden,5,Super happy with my purchase. Fits perfectly.,Positive,2023-01-30
REV0000140,GM01193,TXN0014019,Europe,Food & Grocery,3,Decent product. Does what it says. Nothing special.,Neutral,2022-03-10
REV0000141,GM04573,TXN0053076,Europe,Sports,4,Fast delivery and excellent quality. Will buy again.,Positive,2023-12-30
REV0000142,GM00984,TXN0011754,Central Asia,Electronics,5,Customer service was incredibly helpful and responsive.,Positive,2023-04-23
REV0000143,GM00141,TXN0001633,Southeast Asia,Beauty,5,Customer service was incredibly helpful and responsive.,Positive,2023-11-07
REV0000144,GM00591,TXN0006986,Europe,Sports,3,"Not bad, not great. Expected better for the price.",Neutral,2023-03-03
REV0000145,GM01957,TXN0022724,North America,Sports,5,The product quality is outstanding and durable.,Positive,2023-06-12
REV0000146,GM01265,TXN0014881,Central Asia,Beauty,2,Very disappointed. The product broke after one week.,Negative,2023-03-22
REV0000147,GM00479,TXN0005820,Southeast Asia,Sports,5,Customer service was incredibly helpful and responsive.,Positive,2022-11-15
REV0000148,GM03173,TXN0037138,Europe,Sports,4,Perfect experience from browsing to delivery. 5 stars.,Positive,2022-12-20
REV0000149,GM04025,TXN0046832,North America,Sports,4,Customer service was incredibly helpful and responsive.,Positive,2022-06-20
REV0000150,GM04840,TXN0056380,Europe,Home & Garden,3,Decent product. Does what it says. Nothing special.,Neutral,2023-01-13
REV0000151,GM00540,TXN0006374,Europe,Home & Garden,1,Terrible customer service. Waited 3 weeks for a response.,Negative,2023-05-18
REV0000152,GM04520,TXN0052438,Central Asia,Food & Grocery,5,Great value for money. Highly recommend to everyone.,Positive,2022-08-28
REV0000153,GM01784,TXN0020714,North America,Food & Grocery,3,"Not bad, not great. Expected better for the price.",Neutral,2024-05-26
REV0000154,GM01853,TXN0021464,Southeast Asia,Food & Grocery,5,Perfect experience from browsing to delivery. 5 stars.,Positive,2023-03-26
REV0000155,GM00887,TXN0010545,North America,Sports,4,Great value for money. Highly recommend to everyone.,Positive,2024-02-16
REV0000156,GM01197,TXN0014091,Southeast Asia,Beauty,4,Super happy with my purchase. Fits perfectly.,Positive,2024-05-02
REV0000157,GM00924,TXN0011000,North America,Food & Grocery,4,Super happy with my purchase. Fits perfectly.,Positive,2023-04-16
REV0000158,GM02947,TXN0034555,MENA,Food & Grocery,4,Great value for money. Highly recommend to everyone.,Positive,2022-05-01
REV0000159,GM00850,TXN0010055,North America,Sports,4,Perfect experience from browsing to delivery. 5 stars.,Positive,2022-06-23
REV0000160,GM02218,TXN0026037,Europe,Fashion,5,Fast delivery and excellent quality. Will buy again.,Positive,2023-09-13
REV0000161,GM04799,TXN0055812,Europe,Home & Garden,5,Perfect experience from browsing to delivery. 5 stars.,Positive,2022-03-04
REV0000162,GM01621,TXN0018980,MENA,Food & Grocery,4,Great value for money. Highly recommend to everyone.,Positive,2022-12-27
REV0000163,GM03992,TXN0046522,Europe,Beauty,5,Customer service was incredibly helpful and responsive.,Positive,2022-04-05
REV0000164,GM02220,TXN0026058,Central Asia,Fashion,5,Absolutely love this product! Exceeded my expectations.,Positive,2023-11-12
REV0000165,GM00327,TXN0004058,North America,Fashion,4,The product quality is outstanding and durable.,Positive,2024-02-17
REV0000166,GM03235,TXN0037853,MENA,Sports,5,Customer service was incredibly helpful and responsive.,Positive,2022-03-20
REV0000167,GM00230,TXN0002894,North America,Beauty,4,Fast delivery and excellent quality. Will buy again.,Positive,2023-08-14
REV0000168,GM02260,TXN0026541,MENA,Sports,4,Perfect experience from browsing to delivery. 5 stars.,Positive,2022-12-01
REV0000169,GM00818,TXN0009759,MENA,Food & Grocery,5,Super happy with my purchase. Fits perfectly.,Positive,2023-09-11
REV0000170,GM01696,TXN0019661,Central Asia,Food & Grocery,4,The product quality is outstanding and durable.,Positive,2023-01-26
REV0000171,GM00135,TXN0001567,Southeast Asia,Fashion,5,Perfect experience from browsing to delivery. 5 stars.,Positive,2022-10-28
REV0000172,GM00724,TXN0008644,North America,Fashion,3,Decent product. Does what it says. Nothing special.,Neutral,2023-09-26
REV0000173,GM02774,TXN0032390,MENA,Beauty,4,The product quality is outstanding and durable.,Positive,2023-04-15
REV0000174,GM04435,TXN0051507,Central Asia,Food & Grocery,5,Customer service was incredibly helpful and responsive.,Positive,2023-08-03
REV0000175,GM02151,TXN0025204,Europe,Beauty,2,Very disappointed. The product broke after one week.,Negative,2023-10-08
REV0000176,GM02306,TXN0027122,MENA,Home & Garden,5,Fast delivery and excellent quality. Will buy again.,Positive,2022-12-14
REV0000177,GM04638,TXN0053878,North America,Home & Garden,3,Works fine. Packaging could be improved.,Neutral,2022-09-11
REV0000178,GM00892,TXN0010629,Southeast Asia,Sports,3,Works fine. Packaging could be improved.,Neutral,2023-04-26
REV0000179,GM03269,TXN0038176,North America,Fashion,1,Terrible customer service. Waited 3 weeks for a response.,Negative,2022-11-11
REV0000180,GM04508,TXN0052282,Central Asia,Food & Grocery,1,Delivery was extremely late and packaging was damaged.,Negative,2023-06-17
REV0000181,GM00042,TXN0000589,MENA,Sports,2,Delivery was extremely late and packaging was damaged.,Negative,2023-04-19
REV0000182,GM00263,TXN0003264,Europe,Beauty,5,Great value for money. Highly recommend to everyone.,Positive,2023-12-14
REV0000183,GM02398,TXN0028155,Central Asia,Food & Grocery,4,Perfect experience from browsing to delivery. 5 stars.,Positive,2022-06-22
REV0000184,GM03879,TXN0045236,North America,Home & Garden,4,Absolutely love this product! Exceeded my expectations.,Positive,2022-03-08
REV0000185,GM01854,TXN0021485,North America,Food & Grocery,3,Average quality. Okay for the price.,Neutral,2022-12-17
REV0000186,GM03306,TXN0038622,Europe,Food & Grocery,4,Perfect experience from browsing to delivery. 5 stars.,Positive,2023-07-15
REV0000187,GM02614,TXN0030591,North America,Electronics,4,Customer service was incredibly helpful and responsive.,Positive,2022-03-13
REV0000188,GM00079,TXN0000972,Europe,Home & Garden,5,The product quality is outstanding and durable.,Positive,2023-11-16
REV0000189,GM04419,TXN0051368,Europe,Food & Grocery,4,Fast delivery and excellent quality. Will buy again.,Positive,2022-09-28
REV0000190,GM03945,TXN0045950,Central Asia,Home & Garden,4,Perfect experience from browsing to delivery. 5 stars.,Positive,2023-09-26
REV0000191,GM00269,TXN0003336,Europe,Food & Grocery,5,Absolutely love this product! Exceeded my expectations.,Positive,2024-01-30
REV0000192,GM01771,TXN0020590,MENA,Home & Garden,4,Great value for money. Highly recommend to everyone.,Positive,2023-01-07
REV0000193,GM02321,TXN0027270,Southeast Asia,Beauty,5,Great value for money. Highly recommend to everyone.,Positive,2022-05-20
REV0000194,GM01590,TXN0018594,North America,Sports,5,The product quality is outstanding and durable.,Positive,2023-05-08
REV0000195,GM03708,TXN0043382,Europe,Home & Garden,2,Product stopped working after a few days. Very frustrating.,Negative,2024-03-06
REV0000196,GM03742,TXN0043787,North America,Home & Garden,2,Product stopped working after a few days. Very frustrating.,Negative,2023-05-14
REV0000197,GM02772,TXN0032355,Europe,Electronics,4,Super happy with my purchase. Fits perfectly.,Positive,2024-04-14
REV0000198,GM04980,TXN0058049,Central Asia,Beauty,5,Fast delivery and excellent quality. Will buy again.,Positive,2023-01-22
REV0000199,GM04402,TXN0051160,MENA,Home & Garden,4,The product quality is outstanding and durable.,Positive,2024-04-24
REV0000200,GM00699,TXN0008332,Europe,Sports,1,Product stopped working after a few days. Very frustrating.,Negative,2023-12-04
REV0000201,GM03159,TXN0037036,North America,Fashion,3,Decent product. Does what it says. Nothing special.,Neutral,2023-06-02
REV0000202,GM00444,TXN0005396,MENA,Home & Garden,2,Very disappointed. The product broke after one week.,Negative,2023-06-29
REV0000203,GM02431,TXN0028548,North America,Home & Garden,4,Absolutely love this product! Exceeded my expectations.,Positive,2022-03-14
REV0000204,GM04523,TXN0052468,Southeast Asia,Beauty,5,The product quality is outstanding and durable.,Positive,2023-02-03
REV0000205,GM01607,TXN0018810,Central Asia,Electronics,2,Delivery was extremely late and packaging was damaged.,Negative,2022-02-04
REV0000206,GM02559,TXN0029988,Central Asia,Sports,4,The product quality is outstanding and durable.,Positive,2023-08-03
REV0000207,GM01332,TXN0015666,North America,Fashion,4,Great value for money. Highly recommend to everyone.,Positive,2023-04-13
REV0000208,GM03646,TXN0042616,Europe,Food & Grocery,3,Decent product. Does what it says. Nothing special.,Neutral,2022-07-29
REV0000209,GM01621,TXN0018970,MENA,Beauty,4,Customer service was incredibly helpful and responsive.,Positive,2022-03-23
REV0000210,GM00104,TXN0001228,MENA,Beauty,3,"Not bad, not great. Expected better for the price.",Neutral,2023-08-09
REV0000211,GM04850,TXN0056445,Central Asia,Home & Garden,4,The product quality is outstanding and durable.,Positive,2024-06-04
REV0000212,GM01714,TXN0019838,MENA,Home & Garden,5,Super happy with my purchase. Fits perfectly.,Positive,2022-02-12
REV0000213,GM01561,TXN0018304,Europe,Home & Garden,5,Customer service was incredibly helpful and responsive.,Positive,2022-08-20
REV0000214,GM01514,TXN0017732,Central Asia,Fashion,2,Would not recommend. Waste of money.,Negative,2023-02-07
REV0000215,GM02315,TXN0027190,Southeast Asia,Beauty,4,Fast delivery and excellent quality. Will buy again.,Positive,2024-01-11
REV0000216,GM02140,TXN0025008,Southeast Asia,Fashion,5,Perfect experience from browsing to delivery. 5 stars.,Positive,2023-05-05
REV0000217,GM02912,TXN0034124,Central Asia,Electronics,5,Customer service was incredibly helpful and responsive.,Positive,2023-05-17
REV0000218,GM00139,TXN0001593,Europe,Home & Garden,4,Perfect experience from browsing to delivery. 5 stars.,Positive,2022-03-23
REV0000219,GM02817,TXN0032959,MENA,Fashion,5,Absolutely love this product! Exceeded my expectations.,Positive,2022-11-19
REV0000220,GM04790,TXN0055691,Europe,Electronics,3,Average quality. Okay for the price.,Neutral,2022-07-31
REV0000221,GM04110,TXN0047884,North America,Electronics,4,Great value for money. Highly recommend to everyone.,Positive,2022-10-07
REV0000222,GM02886,TXN0033776,Southeast Asia,Electronics,5,Customer service was incredibly helpful and responsive.,Positive,2022-09-25
REV0000223,GM03940,TXN0045879,MENA,Sports,5,Super happy with my purchase. Fits perfectly.,Positive,2023-02-01
REV0000224,GM00548,TXN0006483,North America,Fashion,5,The product quality is outstanding and durable.,Positive,2023-08-13
REV0000225,GM04513,TXN0052354,Central Asia,Electronics,5,Super happy with my purchase. Fits perfectly.,Positive,2023-09-19
REV0000226,GM04348,TXN0050427,North America,Home & Garden,4,Fast delivery and excellent quality. Will buy again.,Positive,2023-02-11
REV0000227,GM03443,TXN0040243,Europe,Sports,1,Terrible customer service. Waited 3 weeks for a response.,Negative,2022-09-01
REV0000228,GM01179,TXN0013864,North America,Beauty,4,Super happy with my purchase. Fits perfectly.,Positive,2022-10-21
REV0000229,GM03940,TXN0045885,MENA,Food & Grocery,4,Fast delivery and excellent quality. Will buy again.,Positive,2022-04-09
REV0000230,GM03008,TXN0035353,Central Asia,Home & Garden,5,Fast delivery and excellent quality. Will buy again.,Positive,2024-02-16
REV0000231,GM01542,TXN0018111,Central Asia,Fashion,5,Super happy with my purchase. Fits perfectly.,Positive,2024-03-21
REV0000232,GM04385,TXN0050909,Southeast Asia,Fashion,4,The product quality is outstanding and durable.,Positive,2023-11-09
REV0000233,GM00609,TXN0007206,MENA,Home & Garden,2,Very disappointed. The product broke after one week.,Negative,2024-03-04
REV0000234,GM01223,TXN0014396,MENA,Beauty,4,Perfect experience from browsing to delivery. 5 stars.,Positive,2023-06-17
REV0000235,GM02699,TXN0031566,North America,Beauty,3,It arrived on time. Product is acceptable.,Neutral,2023-11-03
REV0000236,GM03053,TXN0035862,Europe,Electronics,4,Great value for money. Highly recommend to everyone.,Positive,2022-07-04
REV0000237,GM03633,TXN0042386,MENA,Beauty,4,The product quality is outstanding and durable.,Positive,2022-05-21
REV0000238,GM03013,TXN0035395,Europe,Electronics,3,"Not bad, not great. Expected better for the price.",Neutral,2022-03-08
REV0000239,GM03923,TXN0045729,North America,Sports,5,Great value for money. Highly recommend to everyone.,Positive,2023-02-25
REV0000240,GM01235,TXN0014518,North America,Beauty,1,Product stopped working after a few days. Very frustrating.,Negative,2022-06-29
REV0000241,GM01785,TXN0020732,North America,Food & Grocery,4,Fast delivery and excellent quality. Will buy again.,Positive,2022-12-05
REV0000242,GM03303,TXN0038577,North America,Electronics,4,Absolutely love this product! Exceeded my expectations.,Positive,2022-06-19
REV0000243,GM01970,TXN0022906,Central Asia,Food & Grocery,4,Fast delivery and excellent quality. Will buy again.,Positive,2022-05-16
REV0000244,GM03586,TXN0041853,Europe,Sports,5,Fast delivery and excellent quality. Will buy again.,Positive,2024-03-05
REV0000245,GM00705,TXN0008405,Central Asia,Electronics,3,Decent product. Does what it says. Nothing special.,Neutral,2022-08-30
REV0000246,GM03858,TXN0044906,North America,Beauty,5,Customer service was incredibly helpful and responsive.,Positive,2023-02-20
REV0000247,GM03288,TXN0038422,North America,Electronics,3,It arrived on time. Product is acceptable.,Neutral,2023-07-15
REV0000248,GM01730,TXN0020076,North America,Sports,5,Absolutely love this product! Exceeded my expectations.,Positive,2024-03-01
REV0000249,GM04492,TXN0052052,North America,Food & Grocery,5,Perfect experience from browsing to delivery. 5 stars.,Positive,2022-11-25
REV0000250,GM02022,TXN0023540,North America,Home & Garden,5,Perfect experience from browsing to delivery. 5 stars.,Positive,2023-08-06
REV0000251,GM01929,TXN0022342,North America,Sports,5,Super happy with my purchase. Fits perfectly.,Positive,2022-06-14
REV0000252,GM00829,TXN0009857,North America,Beauty,1,Delivery was extremely late and packaging was damaged.,Negative,2022-11-29
REV0000253,GM00342,TXN0004246,MENA,Fashion,1,Would not recommend. Waste of money.,Negative,2024-03-14
REV0000254,GM00057,TXN0000730,Central Asia,Fashion,5,Super happy with my purchase. Fits perfectly.,Positive,2024-05-09
REV0000255,GM00588,TXN0006934,Europe,Fashion,4,Absolutely love this product! Exceeded my expectations.,Positive,2023-07-06
REV0000256,GM04940,TXN0057492,North America,Beauty,4,Customer service was incredibly helpful and responsive.,Positive,2023-04-08
REV0000257,GM02843,TXN0033233,Southeast Asia,Electronics,4,Perfect experience from browsing to delivery. 5 stars.,Positive,2023-02-14
REV0000258,GM02713,TXN0031707,Europe,Food & Grocery,4,Fast delivery and excellent quality. Will buy again.,Positive,2023-03-08
REV0000259,GM00424,TXN0005153,MENA,Home & Garden,2,Terrible customer service. Waited 3 weeks for a response.,Negative,2023-03-23
REV0000260,GM01925,TXN0022279,North America,Sports,4,Customer service was incredibly helpful and responsive.,Positive,2023-08-24
REV0000261,GM01354,TXN0015944,North America,Sports,4,The product quality is outstanding and durable.,Positive,2022-11-14
REV0000262,GM02392,TXN0028106,Europe,Fashion,3,"Not bad, not great. Expected better for the price.",Neutral,2022-02-26
REV0000263,GM03088,TXN0036217,Central Asia,Food & Grocery,5,Perfect experience from browsing to delivery. 5 stars.,Positive,2023-04-05
REV0000264,GM03128,TXN0036709,Central Asia,Sports,4,Perfect experience from browsing to delivery. 5 stars.,Positive,2024-03-26
REV0000265,GM00734,TXN0008756,MENA,Electronics,5,Perfect experience from browsing to delivery. 5 stars.,Positive,2023-07-02
REV0000266,GM01900,TXN0021956,North America,Sports,3,Decent product. Does what it says. Nothing special.,Neutral,2023-06-30
REV0000267,GM00752,TXN0008962,Southeast Asia,Food & Grocery,5,Customer service was incredibly helpful and responsive.,Positive,2023-01-13
REV0000268,GM04625,TXN0053661,Southeast Asia,Home & Garden,4,Customer service was incredibly helpful and responsive.,Positive,2022-12-25
REV0000269,GM03023,TXN0035512,North America,Home & Garden,4,Absolutely love this product! Exceeded my expectations.,Positive,2022-02-01
REV0000270,GM01687,TXN0019603,Southeast Asia,Home & Garden,3,Average quality. Okay for the price.,Neutral,2022-03-30
REV0000271,GM01818,TXN0021116,North America,Sports,5,Customer service was incredibly helpful and responsive.,Positive,2023-11-27
REV0000272,GM02496,TXN0029263,MENA,Home & Garden,3,It arrived on time. Product is acceptable.,Neutral,2023-03-19
REV0000273,GM00975,TXN0011602,Central Asia,Home & Garden,5,Customer service was incredibly helpful and responsive.,Positive,2022-04-24
REV0000274,GM01238,TXN0014529,MENA,Home & Garden,5,The product quality is outstanding and durable.,Positive,2022-08-05
REV0000275,GM04722,TXN0054833,Central Asia,Food & Grocery,4,Customer service was incredibly helpful and responsive.,Positive,2023-07-02
REV0000276,GM02806,TXN0032720,Southeast Asia,Electronics,5,Super happy with my purchase. Fits perfectly.,Positive,2023-12-31
REV0000277,GM01287,TXN0015146,Central Asia,Electronics,5,Super happy with my purchase. Fits perfectly.,Positive,2022-12-02
REV0000278,GM01891,TXN0021889,Central Asia,Fashion,4,Fast delivery and excellent quality. Will buy again.,Positive,2024-03-07
REV0000279,GM03750,TXN0043861,Southeast Asia,Food & Grocery,4,Absolutely love this product! Exceeded my expectations.,Positive,2023-11-14
REV0000280,GM00110,TXN0001296,Central Asia,Electronics,1,Terrible customer service. Waited 3 weeks for a response.,Negative,2022-07-31
REV0000281,GM02053,TXN0023901,Europe,Sports,5,Fast delivery and excellent quality. Will buy again.,Positive,2023-09-09
REV0000282,GM03478,TXN0040625,MENA,Food & Grocery,4,Absolutely love this product! Exceeded my expectations.,Positive,2023-05-12
REV0000283,GM03303,TXN0038580,North America,Food & Grocery,4,The product quality is outstanding and durable.,Positive,2022-01-18
REV0000284,GM01310,TXN0015389,North America,Home & Garden,5,Great value for money. Highly recommend to everyone.,Positive,2022-10-20
REV0000285,GM00563,TXN0006693,Europe,Fashion,3,Decent product. Does what it says. Nothing special.,Neutral,2022-11-10
REV0000286,GM03306,TXN0038607,Europe,Fashion,4,Fast delivery and excellent quality. Will buy again.,Positive,2022-06-20
REV0000287,GM03408,TXN0039899,Southeast Asia,Beauty,4,Super happy with my purchase. Fits perfectly.,Positive,2023-12-22
REV0000288,GM03401,TXN0039802,Central Asia,Fashion,4,Absolutely love this product! Exceeded my expectations.,Positive,2024-04-26
REV0000289,GM01964,TXN0022834,MENA,Fashion,4,The product quality is outstanding and durable.,Positive,2022-04-09
REV0000290,GM03389,TXN0039616,Central Asia,Beauty,5,Customer service was incredibly helpful and responsive.,Positive,2024-04-09
REV0000291,GM00141,TXN0001639,Southeast Asia,Beauty,5,Super happy with my purchase. Fits perfectly.,Positive,2022-08-31
REV0000292,GM02947,TXN0034559,MENA,Electronics,4,Customer service was incredibly helpful and responsive.,Positive,2023-10-30
REV0000293,GM03085,TXN0036194,North America,Electronics,4,Great value for money. Highly recommend to everyone.,Positive,2024-01-20
REV0000294,GM01390,TXN0016393,MENA,Home & Garden,2,Not as described. Poor quality material. Returning it.,Negative,2023-12-23
REV0000295,GM03096,TXN0036319,North America,Sports,4,Absolutely love this product! Exceeded my expectations.,Positive,2022-11-28
REV0000296,GM01760,TXN0020444,MENA,Fashion,3,Decent product. Does what it says. Nothing special.,Neutral,2023-09-05
REV0000297,GM02217,TXN0026034,North America,Fashion,4,Absolutely love this product! Exceeded my expectations.,Positive,2023-02-15
REV0000298,GM03054,TXN0035868,Europe,Home & Garden,5,Perfect experience from browsing to delivery. 5 stars.,Positive,2023-10-14
REV0000299,GM04088,TXN0047550,North America,Home & Garden,4,Fast delivery and excellent quality. Will buy again.,Positive,2023-02-03
REV0000300,GM02740,TXN0031948,Central Asia,Electronics,5,Fast delivery and excellent quality. Will buy again.,Positive,2023-04-18
REV0000301,GM03206,TXN0037552,North America,Home & Garden,4,The product quality is outstanding and durable.,Positive,2024-05-28
REV0000302,GM03748,TXN0043825,MENA,Home & Garden,4,Great value for money. Highly recommend to everyone.,Positive,2023-09-21
REV0000303,GM03516,TXN0041050,Southeast Asia,Sports,5,Customer service was incredibly helpful and responsive.,Positive,2023-05-29
REV0000304,GM03767,TXN0044005,North America,Fashion,5,The product quality is outstanding and durable.,Positive,2023-07-21
REV0000305,GM04402,TXN0051174,MENA,Beauty,3,Works fine. Packaging could be improved.,Neutral,2022-05-30
REV0000306,GM02545,TXN0029858,Central Asia,Sports,3,Works fine. Packaging could be improved.,Neutral,2023-03-06
REV0000307,GM00527,TXN0006248,MENA,Fashion,4,Super happy with my purchase. Fits perfectly.,Positive,2022-04-18
REV0000308,GM00024,TXN0000274,Europe,Beauty,4,Customer service was incredibly helpful and responsive.,Positive,2023-05-06
REV0000309,GM02602,TXN0030507,Central Asia,Home & Garden,3,Average quality. Okay for the price.,Neutral,2022-09-07
REV0000310,GM03174,TXN0037145,Europe,Home & Garden,5,Perfect experience from browsing to delivery. 5 stars.,Positive,2022-02-10
REV0000311,GM02253,TXN0026472,North America,Beauty,4,The product quality is outstanding and durable.,Positive,2022-10-02
REV0000312,GM03018,TXN0035461,MENA,Beauty,5,Customer service was incredibly helpful and responsive.,Positive,2024-06-05
REV0000313,GM00591,TXN0006975,Europe,Food & Grocery,2,Not as described. Poor quality material. Returning it.,Negative,2022-04-30
REV0000314,GM01905,TXN0022038,North America,Electronics,5,Absolutely love this product! Exceeded my expectations.,Positive,2022-01-29
REV0000315,GM01455,TXN0017152,Central Asia,Fashion,3,Decent product. Does what it says. Nothing special.,Neutral,2022-01-26
REV0000316,GM03847,TXN0044818,Southeast Asia,Sports,4,Super happy with my purchase. Fits perfectly.,Positive,2023-03-20
REV0000317,GM00708,TXN0008455,North America,Electronics,4,Great value for money. Highly recommend to everyone.,Positive,2022-11-07
REV0000318,GM01020,TXN0012053,Central Asia,Beauty,4,Great value for money. Highly recommend to everyone.,Positive,2022-01-04
REV0000319,GM02795,TXN0032611,MENA,Sports,4,Great value for money. Highly recommend to everyone.,Positive,2022-02-01
REV0000320,GM04484,TXN0051975,North America,Home & Garden,5,Perfect experience from browsing to delivery. 5 stars.,Positive,2023-10-08
REV0000321,GM04553,TXN0052818,Europe,Electronics,3,Decent product. Does what it says. Nothing special.,Neutral,2024-04-07
REV0000322,GM00087,TXN0001073,North America,Fashion,5,Super happy with my purchase. Fits perfectly.,Positive,2022-05-04
REV0000323,GM01742,TXN0020213,North America,Fashion,4,Perfect experience from browsing to delivery. 5 stars.,Positive,2024-02-20
REV0000324,GM02860,TXN0033475,Europe,Beauty,4,Super happy with my purchase. Fits perfectly.,Positive,2022-01-21
REV0000325,GM00647,TXN0007688,North America,Home & Garden,5,Customer service was incredibly helpful and responsive.,Positive,2022-08-18
REV0000326,GM03020,TXN0035481,North America,Fashion,4,Absolutely love this product! Exceeded my expectations.,Positive,2023-04-26
REV0000327,GM04732,TXN0054958,Central Asia,Fashion,4,Great value for money. Highly recommend to everyone.,Positive,2022-09-18
REV0000328,GM03539,TXN0041313,North America,Sports,5,Perfect experience from browsing to delivery. 5 stars.,Positive,2022-05-05
REV0000329,GM02141,TXN0025024,North America,Food & Grocery,2,Terrible customer service. Waited 3 weeks for a response.,Negative,2022-12-19
REV0000330,GM02753,TXN0032091,Europe,Home & Garden,1,Very disappointed. The product broke after one week.,Negative,2022-07-08
REV0000331,GM03766,TXN0043999,Europe,Fashion,4,The product quality is outstanding and durable.,Positive,2022-03-24
REV0000332,GM00485,TXN0005875,North America,Beauty,3,It arrived on time. Product is acceptable.,Neutral,2023-11-08
REV0000333,GM00898,TXN0010724,Southeast Asia,Sports,3,It arrived on time. Product is acceptable.,Neutral,2022-11-09
REV0000334,GM00889,TXN0010593,Central Asia,Sports,3,Works fine. Packaging could be improved.,Neutral,2023-11-30
REV0000335,GM02137,TXN0024980,Central Asia,Fashion,5,Perfect experience from browsing to delivery. 5 stars.,Positive,2024-05-10
REV0000336,GM04606,TXN0053436,Southeast Asia,Home & Garden,4,Customer service was incredibly helpful and responsive.,Positive,2022-04-13
REV0000337,GM00590,TXN0006965,Europe,Home & Garden,4,Fast delivery and excellent quality. Will buy again.,Positive,2024-01-03
REV0000338,GM03464,TXN0040449,North America,Home & Garden,5,The product quality is outstanding and durable.,Positive,2022-01-28
REV0000339,GM02980,TXN0034992,Southeast Asia,Sports,1,Terrible customer service. Waited 3 weeks for a response.,Negative,2022-12-06
REV0000340,GM04761,TXN0055311,MENA,Food & Grocery,4,Customer service was incredibly helpful and responsive.,Positive,2022-12-18
REV0000341,GM04268,TXN0049681,Central Asia,Beauty,5,Absolutely love this product! Exceeded my expectations.,Positive,2022-10-03
REV0000342,GM02984,TXN0035034,North America,Beauty,4,Absolutely love this product! Exceeded my expectations.,Positive,2023-07-24
REV0000343,GM01673,TXN0019420,Southeast Asia,Electronics,4,Customer service was incredibly helpful and responsive.,Positive,2023-03-30
REV0000344,GM01890,TXN0021880,Southeast Asia,Home & Garden,4,The product quality is outstanding and durable.,Positive,2023-11-03
REV0000345,GM03254,TXN0038022,Central Asia,Food & Grocery,4,The product quality is outstanding and durable.,Positive,2023-06-29
REV0000346,GM00664,TXN0007921,Europe,Food & Grocery,5,Customer service was incredibly helpful and responsive.,Positive,2022-12-05
REV0000347,GM03051,TXN0035827,Europe,Electronics,1,Very disappointed. The product broke after one week.,Negative,2023-05-12
REV0000348,GM00518,TXN0006129,North America,Beauty,4,Perfect experience from browsing to delivery. 5 stars.,Positive,2023-12-27
REV0000349,GM03645,TXN0042592,North America,Beauty,4,The product quality is outstanding and durable.,Positive,2022-03-02
REV0000350,GM02757,TXN0032149,MENA,Beauty,4,The product quality is outstanding and durable.,Positive,2022-12-14
REV0000351,GM02874,TXN0033620,MENA,Electronics,4,Customer service was incredibly helpful and responsive.,Positive,2023-01-23
REV0000352,GM00766,TXN0009150,North America,Home & Garden,5,Super happy with my purchase. Fits perfectly.,Positive,2023-10-14
REV0000353,GM02339,TXN0027433,Europe,Sports,5,The product quality is outstanding and durable.,Positive,2024-02-24
REV0000354,GM02434,TXN0028576,Europe,Sports,5,Great value for money. Highly recommend to everyone.,Positive,2022-09-15
REV0000355,GM02743,TXN0031993,Europe,Beauty,5,Perfect experience from browsing to delivery. 5 stars.,Positive,2024-01-05
REV0000356,GM01441,TXN0016898,Southeast Asia,Beauty,4,Customer service was incredibly helpful and responsive.,Positive,2023-04-17
REV0000357,GM01786,TXN0020758,Southeast Asia,Electronics,5,Super happy with my purchase. Fits perfectly.,Positive,2023-09-16
REV0000358,GM00863,TXN0010242,MENA,Electronics,1,Not as described. Poor quality material. Returning it.,Negative,2022-10-12
REV0000359,GM02641,TXN0030907,Europe,Home & Garden,5,Great value for money. Highly recommend to everyone.,Positive,2022-06-17
REV0000360,GM04191,TXN0048727,North America,Food & Grocery,4,Customer service was incredibly helpful and responsive.,Positive,2022-06-29
REV0000361,GM03567,TXN0041624,North America,Fashion,5,Customer service was incredibly helpful and responsive.,Positive,2022-06-16
REV0000362,GM01098,TXN0012994,Europe,Fashion,1,Would not recommend. Waste of money.,Negative,2022-02-28
REV0000363,GM03614,TXN0042179,North America,Beauty,5,Great value for money. Highly recommend to everyone.,Positive,2023-07-29
REV0000364,GM00423,TXN0005149,Central Asia,Fashion,3,Average quality. Okay for the price.,Neutral,2022-02-04
REV0000365,GM00374,TXN0004673,North America,Home & Garden,3,Works fine. Packaging could be improved.,Neutral,2023-01-25
REV0000366,GM03641,TXN0042493,Europe,Home & Garden,1,Would not recommend. Waste of money.,Negative,2023-03-10
REV0000367,GM00425,TXN0005170,Central Asia,Sports,3,"Not bad, not great. Expected better for the price.",Neutral,2022-04-10
REV0000368,GM04379,TXN0050852,Europe,Food & Grocery,4,Customer service was incredibly helpful and responsive.,Positive,2024-02-24
REV0000369,GM02821,TXN0032997,Southeast Asia,Home & Garden,4,The product quality is outstanding and durable.,Positive,2022-06-13
REV0000370,GM03281,TXN0038335,MENA,Electronics,3,"Not bad, not great. Expected better for the price.",Neutral,2024-04-27
REV0000371,GM04236,TXN0049218,Europe,Food & Grocery,5,Perfect experience from browsing to delivery. 5 stars.,Positive,2024-01-01
REV0000372,GM01874,TXN0021713,North America,Beauty,4,Super happy with my purchase. Fits perfectly.,Positive,2022-07-01
REV0000373,GM01760,TXN0020417,MENA,Beauty,5,Fast delivery and excellent quality. Will buy again.,Positive,2023-04-01
REV0000374,GM03429,TXN0040099,Southeast Asia,Food & Grocery,5,Customer service was incredibly helpful and responsive.,Positive,2023-03-14
REV0000375,GM02393,TXN0028125,MENA,Sports,5,Fast delivery and excellent quality. Will buy again.,Positive,2023-11-23
REV0000376,GM02117,TXN0024694,MENA,Fashion,3,It arrived on time. Product is acceptable.,Neutral,2024-04-01
REV0000377,GM00652,TXN0007773,MENA,Sports,3,Average quality. Okay for the price.,Neutral,2023-08-26
REV0000378,GM00889,TXN0010588,Central Asia,Home & Garden,5,Absolutely love this product! Exceeded my expectations.,Positive,2024-06-08
REV0000379,GM02829,TXN0033073,MENA,Beauty,3,Decent product. Does what it says. Nothing special.,Neutral,2023-12-19
REV0000380,GM03782,TXN0044148,Europe,Electronics,5,Absolutely love this product! Exceeded my expectations.,Positive,2023-07-11
REV0000381,GM00018,TXN0000222,MENA,Sports,4,Perfect experience from browsing to delivery. 5 stars.,Positive,2023-07-11
REV0000382,GM02410,TXN0028301,MENA,Electronics,4,The product quality is outstanding and durable.,Positive,2023-01-04
REV0000383,GM04063,TXN0047301,North America,Fashion,4,Super happy with my purchase. Fits perfectly.,Positive,2023-07-20
REV0000384,GM01101,TXN0013063,Central Asia,Food & Grocery,5,Absolutely love this product! Exceeded my expectations.,Positive,2022-06-16
REV0000385,GM02038,TXN0023696,Europe,Electronics,5,The product quality is outstanding and durable.,Positive,2022-03-25
REV0000386,GM01213,TXN0014277,Europe,Sports,1,Terrible customer service. Waited 3 weeks for a response.,Negative,2023-10-10
REV0000387,GM04821,TXN0056110,Europe,Home & Garden,4,Super happy with my purchase. Fits perfectly.,Positive,2022-07-12
REV0000388,GM03261,TXN0038093,Europe,Electronics,4,Customer service was incredibly helpful and responsive.,Positive,2022-04-26
REV0000389,GM02876,TXN0033647,MENA,Fashion,4,Perfect experience from browsing to delivery. 5 stars.,Positive,2023-04-08
REV0000390,GM01240,TXN0014565,Europe,Home & Garden,4,Perfect experience from browsing to delivery. 5 stars.,Positive,2023-07-24
REV0000391,GM03641,TXN0042494,Europe,Electronics,4,Absolutely love this product! Exceeded my expectations.,Positive,2024-06-01
REV0000392,GM00430,TXN0005206,Central Asia,Fashion,2,Not as described. Poor quality material. Returning it.,Negative,2022-03-06
REV0000393,GM00978,TXN0011659,Central Asia,Fashion,4,Great value for money. Highly recommend to everyone.,Positive,2023-11-21
REV0000394,GM00319,TXN0003941,Europe,Beauty,5,Customer service was incredibly helpful and responsive.,Positive,2024-01-25
REV0000395,GM01785,TXN0020727,North America,Sports,4,Super happy with my purchase. Fits perfectly.,Positive,2023-07-19
REV0000396,GM02736,TXN0031906,North America,Sports,1,Product stopped working after a few days. Very frustrating.,Negative,2023-03-12
REV0000397,GM02420,TXN0028439,MENA,Home & Garden,4,Fast delivery and excellent quality. Will buy again.,Positive,2023-10-20
REV0000398,GM02857,TXN0033424,Europe,Electronics,5,Absolutely love this product! Exceeded my expectations.,Positive,2024-03-30
REV0000399,GM01531,TXN0017931,Europe,Fashion,5,The product quality is outstanding and durable.,Positive,2024-01-06
REV0000400,GM04463,TXN0051747,Southeast Asia,Sports,1,Terrible customer service. Waited 3 weeks for a response.,Negative,2023-10-01
REV0000401,GM02279,TXN0026773,North America,Food & Grocery,4,The product quality is outstanding and durable.,Positive,2023-04-07
REV0000402,GM04436,TXN0051527,Europe,Electronics,5,Great value for money. Highly recommend to everyone.,Positive,2024-02-28
REV0000403,GM02276,TXN0026743,North America,Electronics,4,Great value for money. Highly recommend to everyone.,Positive,2022-11-10
REV0000404,GM04018,TXN0046764,Southeast Asia,Food & Grocery,3,Decent product. Does what it says. Nothing special.,Neutral,2022-03-03
REV0000405,GM01522,TXN0017836,Southeast Asia,Food & Grocery,4,Great value for money. Highly recommend to everyone.,Positive,2024-01-31
REV0000406,GM00895,TXN0010676,North America,Fashion,4,Great value for money. Highly recommend to everyone.,Positive,2023-06-02
REV0000407,GM04916,TXN0057200,Southeast Asia,Sports,3,Works fine. Packaging could be improved.,Neutral,2023-10-11
REV0000408,GM04756,TXN0055246,Southeast Asia,Sports,5,Customer service was incredibly helpful and responsive.,Positive,2023-01-16
REV0000409,GM02736,TXN0031907,North America,Electronics,5,Great value for money. Highly recommend to everyone.,Positive,2022-02-22
REV0000410,GM00544,TXN0006430,North America,Fashion,3,Decent product. Does what it says. Nothing special.,Neutral,2023-01-06
REV0000411,GM03100,TXN0036357,MENA,Fashion,2,Very disappointed. The product broke after one week.,Negative,2023-08-18
REV0000412,GM04651,TXN0054032,Central Asia,Fashion,4,The product quality is outstanding and durable.,Positive,2022-04-27
REV0000413,GM00918,TXN0010947,Southeast Asia,Beauty,4,Great value for money. Highly recommend to everyone.,Positive,2023-08-11
REV0000414,GM00036,TXN0000463,North America,Home & Garden,4,Great value for money. Highly recommend to everyone.,Positive,2022-07-12
REV0000415,GM03108,TXN0036408,Central Asia,Beauty,5,Perfect experience from browsing to delivery. 5 stars.,Positive,2022-04-21
REV0000416,GM01220,TXN0014355,Europe,Home & Garden,4,The product quality is outstanding and durable.,Positive,2022-08-29
REV0000417,GM01295,TXN0015256,North America,Fashion,4,Customer service was incredibly helpful and responsive.,Positive,2024-03-02
REV0000418,GM01853,TXN0021483,Southeast Asia,Electronics,4,Customer service was incredibly helpful and responsive.,Positive,2022-10-20
REV0000419,GM00010,TXN0000110,North America,Home & Garden,4,Absolutely love this product! Exceeded my expectations.,Positive,2022-08-19
REV0000420,GM01183,TXN0013928,North America,Food & Grocery,5,Super happy with my purchase. Fits perfectly.,Positive,2023-11-08
REV0000421,GM01941,TXN0022479,Central Asia,Sports,3,Average quality. Okay for the price.,Neutral,2024-05-04
REV0000422,GM01780,TXN0020665,North America,Electronics,3,Average quality. Okay for the price.,Neutral,2023-11-04
REV0000423,GM02081,TXN0024187,Central Asia,Electronics,4,Great value for money. Highly recommend to everyone.,Positive,2024-02-22
REV0000424,GM02523,TXN0029591,Europe,Home & Garden,5,Super happy with my purchase. Fits perfectly.,Positive,2022-09-08
REV0000425,GM04856,TXN0056506,Europe,Home & Garden,5,Great value for money. Highly recommend to everyone.,Positive,2023-06-19
REV0000426,GM03225,TXN0037724,Europe,Food & Grocery,2,Product stopped working after a few days. Very frustrating.,Negative,2022-06-27
REV0000427,GM03781,TXN0044142,MENA,Fashion,5,Perfect experience from browsing to delivery. 5 stars.,Positive,2023-06-23
REV0000428,GM00524,TXN0006197,North America,Electronics,1,Delivery was extremely late and packaging was damaged.,Negative,2023-07-09
REV0000429,GM01255,TXN0014713,North America,Food & Grocery,4,Super happy with my purchase. Fits perfectly.,Positive,2024-04-22
REV0000430,GM04573,TXN0053056,Europe,Electronics,4,Absolutely love this product! Exceeded my expectations.,Positive,2023-03-14
REV0000431,GM02907,TXN0034047,Southeast Asia,Electronics,5,The product quality is outstanding and durable.,Positive,2022-05-07
REV0000432,GM02456,TXN0028827,Europe,Electronics,4,Fast delivery and excellent quality. Will buy again.,Positive,2022-10-04
REV0000433,GM01484,TXN0017457,Central Asia,Sports,1,Delivery was extremely late and packaging was damaged.,Negative,2023-09-19
REV0000434,GM03124,TXN0036664,MENA,Home & Garden,3,Average quality. Okay for the price.,Neutral,2022-03-06
REV0000435,GM04250,TXN0049420,Southeast Asia,Home & Garden,4,The product quality is outstanding and durable.,Positive,2022-11-22
REV0000436,GM02322,TXN0027276,North America,Home & Garden,5,Perfect experience from browsing to delivery. 5 stars.,Positive,2023-05-25
REV0000437,GM00429,TXN0005202,Europe,Beauty,3,Works fine. Packaging could be improved.,Neutral,2023-07-21
REV0000438,GM00994,TXN0011861,North America,Electronics,5,Great value for money. Highly recommend to everyone.,Positive,2023-11-23
REV0000439,GM03129,TXN0036733,Southeast Asia,Food & Grocery,4,Perfect experience from browsing to delivery. 5 stars.,Positive,2022-06-06
REV0000440,GM01542,TXN0018088,Central Asia,Fashion,2,Delivery was extremely late and packaging was damaged.,Negative,2023-01-09
REV0000441,GM03635,TXN0042411,Central Asia,Sports,4,The product quality is outstanding and durable.,Positive,2023-02-17
REV0000442,GM00777,TXN0009267,Europe,Fashion,3,Decent product. Does what it says. Nothing special.,Neutral,2024-06-18
REV0000443,GM01853,TXN0021462,Southeast Asia,Food & Grocery,5,Super happy with my purchase. Fits perfectly.,Positive,2023-01-09
REV0000444,GM00082,TXN0001006,North America,Sports,4,Customer service was incredibly helpful and responsive.,Positive,2022-08-25
REV0000445,GM03573,TXN0041697,North America,Food & Grocery,5,Great value for money. Highly recommend to everyone.,Positive,2022-01-31
REV0000446,GM01365,TXN0016101,North America,Electronics,4,Customer service was incredibly helpful and responsive.,Positive,2023-11-26
REV0000447,GM02720,TXN0031762,Central Asia,Beauty,5,The product quality is outstanding and durable.,Positive,2022-06-01
REV0000448,GM02026,TXN0023579,Europe,Beauty,4,The product quality is outstanding and durable.,Positive,2022-03-05
REV0000449,GM03662,TXN0042788,MENA,Food & Grocery,1,Not as described. Poor quality material. Returning it.,Negative,2022-03-03
REV0000450,GM04305,TXN0050042,North America,Sports,4,Customer service was incredibly helpful and responsive.,Positive,2023-03-22
REV0000451,GM00171,TXN0002009,North America,Beauty,5,Customer service was incredibly helpful and responsive.,Positive,2023-03-01
REV0000452,GM00223,TXN0002759,Central Asia,Beauty,3,Decent product. Does what it says. Nothing special.,Neutral,2022-08-05
REV0000453,GM03918,TXN0045643,Europe,Home & Garden,4,Fast delivery and excellent quality. Will buy again.,Positive,2022-04-10
REV0000454,GM01710,TXN0019773,North America,Fashion,4,Customer service was incredibly helpful and responsive.,Positive,2023-10-27
REV0000455,GM01143,TXN0013442,North America,Fashion,2,Product stopped working after a few days. Very frustrating.,Negative,2024-02-14
REV0000456,GM00466,TXN0005688,MENA,Home & Garden,4,Great value for money. Highly recommend to everyone.,Positive,2023-04-08
REV0000457,GM00131,TXN0001537,MENA,Electronics,4,Super happy with my purchase. Fits perfectly.,Positive,2023-09-24
REV0000458,GM03363,TXN0039325,North America,Beauty,5,Super happy with my purchase. Fits perfectly.,Positive,2024-01-06
REV0000459,GM04264,TXN0049632,MENA,Home & Garden,3,It arrived on time. Product is acceptable.,Neutral,2023-01-24
REV0000460,GM04046,TXN0047131,MENA,Food & Grocery,5,Absolutely love this product! Exceeded my expectations.,Positive,2022-05-06
REV0000461,GM00100,TXN0001183,Central Asia,Food & Grocery,3,Average quality. Okay for the price.,Neutral,2023-01-23
REV0000462,GM01563,TXN0018332,North America,Food & Grocery,1,Not as described. Poor quality material. Returning it.,Negative,2023-07-18
REV0000463,GM03532,TXN0041238,North America,Home & Garden,5,Super happy with my purchase. Fits perfectly.,Positive,2022-03-12
REV0000464,GM01227,TXN0014431,MENA,Sports,5,Absolutely love this product! Exceeded my expectations.,Positive,2022-03-15
REV0000465,GM02499,TXN0029303,Southeast Asia,Electronics,1,Not as described. Poor quality material. Returning it.,Negative,2023-06-18
REV0000466,GM04397,TXN0051083,Europe,Beauty,5,Perfect experience from browsing to delivery. 5 stars.,Positive,2022-01-05
REV0000467,GM00616,TXN0007290,Southeast Asia,Beauty,3,Works fine. Packaging could be improved.,Neutral,2024-04-06
REV0000468,GM03126,TXN0036688,North America,Home & Garden,5,Super happy with my purchase. Fits perfectly.,Positive,2023-03-17
REV0000469,GM02300,TXN0027071,Europe,Sports,3,Average quality. Okay for the price.,Neutral,2023-02-12
REV0000470,GM04949,TXN0057629,North America,Beauty,5,Customer service was incredibly helpful and responsive.,Positive,2024-01-02
REV0000471,GM03784,TXN0044156,North America,Food & Grocery,4,Customer service was incredibly helpful and responsive.,Positive,2023-09-02
REV0000472,GM02397,TXN0028149,Europe,Food & Grocery,5,Perfect experience from browsing to delivery. 5 stars.,Positive,2023-09-21
REV0000473,GM03887,TXN0045342,Southeast Asia,Sports,5,Fast delivery and excellent quality. Will buy again.,Positive,2022-07-11
REV0000474,GM01205,TXN0014175,MENA,Food & Grocery,2,Would not recommend. Waste of money.,Negative,2022-04-19
REV0000475,GM00214,TXN0002617,Europe,Fashion,4,Absolutely love this product! Exceeded my expectations.,Positive,2022-07-31
REV0000476,GM03071,TXN0036062,North America,Fashion,3,It arrived on time. Product is acceptable.,Neutral,2023-09-08
REV0000477,GM04910,TXN0057100,MENA,Beauty,5,The product quality is outstanding and durable.,Positive,2022-07-07
REV0000478,GM00229,TXN0002855,Southeast Asia,Sports,1,Not as described. Poor quality material. Returning it.,Negative,2024-03-30
REV0000479,GM04791,TXN0055716,Central Asia,Food & Grocery,3,Decent product. Does what it says. Nothing special.,Neutral,2023-02-03
REV0000480,GM02319,TXN0027250,MENA,Home & Garden,5,Great value for money. Highly recommend to everyone.,Positive,2022-02-13
REV0000481,GM03538,TXN0041293,Europe,Home & Garden,5,Perfect experience from browsing to delivery. 5 stars.,Positive,2023-08-10
REV0000482,GM02267,TXN0026634,North America,Fashion,3,Decent product. Does what it says. Nothing special.,Neutral,2024-01-28
REV0000483,GM01299,TXN0015293,North America,Sports,5,Perfect experience from browsing to delivery. 5 stars.,Positive,2022-06-04
REV0000484,GM04599,TXN0053327,MENA,Home & Garden,2,Terrible customer service. Waited 3 weeks for a response.,Negative,2024-04-14
REV0000485,GM03293,TXN0038476,MENA,Home & Garden,1,Not as described. Poor quality material. Returning it.,Negative,2023-06-23
REV0000486,GM04358,TXN0050606,North America,Home & Garden,5,Perfect experience from browsing to delivery. 5 stars.,Positive,2022-08-10
REV0000487,GM04961,TXN0057830,MENA,Beauty,5,Super happy with my purchase. Fits perfectly.,Positive,2022-08-02
REV0000488,GM04692,TXN0054521,Europe,Sports,5,Great value for money. Highly recommend to everyone.,Positive,2023-09-10
REV0000489,GM02030,TXN0023655,North America,Fashion,5,Fast delivery and excellent quality. Will buy again.,Positive,2022-10-03
REV0000490,GM03287,TXN0038409,MENA,Sports,4,Customer service was incredibly helpful and responsive.,Positive,2022-09-20
REV0000491,GM02827,TXN0033048,North America,Sports,4,Great value for money. Highly recommend to everyone.,Positive,2022-08-08
REV0000492,GM02877,TXN0033657,MENA,Fashion,4,Fast delivery and excellent quality. Will buy again.,Positive,2023-12-25
REV0000493,GM04780,TXN0055543,Europe,Sports,5,Absolutely love this product! Exceeded my expectations.,Positive,2022-04-06
REV0000494,GM01499,TXN0017583,MENA,Home & Garden,4,Great value for money. Highly recommend to everyone.,Positive,2022-08-26
REV0000495,GM01771,TXN0020587,MENA,Home & Garden,3,Decent product. Does what it says. Nothing special.,Neutral,2024-04-22
REV0000496,GM02704,TXN0031619,Central Asia,Electronics,4,Super happy with my purchase. Fits perfectly.,Positive,2023-10-08
REV0000497,GM00105,TXN0001247,Southeast Asia,Beauty,4,Fast delivery and excellent quality. Will buy again.,Positive,2024-02-29
REV0000498,GM01091,TXN0012893,Southeast Asia,Electronics,4,Absolutely love this product! Exceeded my expectations.,Positive,2022-01-09
REV0000499,GM00128,TXN0001478,Southeast Asia,Home & Garden,4,Perfect experience from browsing to delivery. 5 stars.,Positive,2023-02-02
REV0000500,GM03152,TXN0036934,Europe,Electronics,4,Customer service was incredibly helpful and responsive.,Positive,2023-05-22
REV0000501,GM01439,TXN0016872,Europe,Electronics,3,Decent product. Does what it says. Nothing special.,Neutral,2024-03-06
REV0000502,GM03796,TXN0044264,North America,Food & Grocery,2,Delivery was extremely late and packaging was damaged.,Negative,2022-11-11
REV0000503,GM00830,TXN0009870,MENA,Fashion,4,Customer service was incredibly helpful and responsive.,Positive,2024-05-14
REV0000504,GM04929,TXN0057366,North America,Sports,5,Fast delivery and excellent quality. Will buy again.,Positive,2023-06-06
REV0000505,GM04735,TXN0055001,MENA,Home & Garden,5,Fast delivery and excellent quality. Will buy again.,Positive,2024-01-14
REV0000506,GM00587,TXN0006931,Central Asia,Electronics,1,Not as described. Poor quality material. Returning it.,Negative,2024-05-09
REV0000507,GM01095,TXN0012960,Europe,Home & Garden,5,Perfect experience from browsing to delivery. 5 stars.,Positive,2024-05-31
REV0000508,GM04963,TXN0057850,Europe,Food & Grocery,5,The product quality is outstanding and durable.,Positive,2024-05-22
REV0000509,GM03438,TXN0040194,North America,Sports,5,Super happy with my purchase. Fits perfectly.,Positive,2022-09-05
REV0000510,GM04865,TXN0056625,Europe,Electronics,4,Customer service was incredibly helpful and responsive.,Positive,2022-08-27
REV0000511,GM03928,TXN0045780,North America,Electronics,5,Great value for money. Highly recommend to everyone.,Positive,2023-06-16
REV0000512,GM01764,TXN0020508,MENA,Beauty,5,Super happy with my purchase. Fits perfectly.,Positive,2023-06-24
REV0000513,GM00905,TXN0010802,MENA,Electronics,3,It arrived on time. Product is acceptable.,Neutral,2024-05-09
REV0000514,GM00960,TXN0011360,North America,Fashion,2,Terrible customer service. Waited 3 weeks for a response.,Negative,2023-11-26
REV0000515,GM04062,TXN0047294,Europe,Food & Grocery,5,Super happy with my purchase. Fits perfectly.,Positive,2024-06-01
REV0000516,GM00249,TXN0003086,Southeast Asia,Beauty,5,Super happy with my purchase. Fits perfectly.,Positive,2022-10-11
REV0000517,GM02457,TXN0028848,MENA,Fashion,4,Absolutely love this product! Exceeded my expectations.,Positive,2022-01-11
REV0000518,GM01198,TXN0014105,Southeast Asia,Fashion,5,Super happy with my purchase. Fits perfectly.,Positive,2022-07-28
REV0000519,GM00551,TXN0006527,MENA,Food & Grocery,4,Customer service was incredibly helpful and responsive.,Positive,2022-08-28
REV0000520,GM02610,TXN0030556,Central Asia,Home & Garden,4,The product quality is outstanding and durable.,Positive,2022-10-20
REV0000521,GM03699,TXN0043237,Southeast Asia,Food & Grocery,5,Fast delivery and excellent quality. Will buy again.,Positive,2024-05-31
REV0000522,GM03103,TXN0036380,Southeast Asia,Electronics,4,Fast delivery and excellent quality. Will buy again.,Positive,2022-01-21
REV0000523,GM03113,TXN0036518,North America,Food & Grocery,3,Decent product. Does what it says. Nothing special.,Neutral,2022-03-05
REV0000524,GM00275,TXN0003376,MENA,Electronics,4,Perfect experience from browsing to delivery. 5 stars.,Positive,2024-02-26
REV0000525,GM02752,TXN0032082,North America,Electronics,5,Perfect experience from browsing to delivery. 5 stars.,Positive,2022-07-23
REV0000526,GM04260,TXN0049539,MENA,Fashion,5,The product quality is outstanding and durable.,Positive,2022-09-10
REV0000527,GM04669,TXN0054265,North America,Beauty,4,Super happy with my purchase. Fits perfectly.,Positive,2023-12-23
REV0000528,GM04314,TXN0050090,Southeast Asia,Fashion,5,Customer service was incredibly helpful and responsive.,Positive,2023-08-27
REV0000529,GM04495,TXN0052096,North America,Food & Grocery,5,Absolutely love this product! Exceeded my expectations.,Positive,2023-06-25
REV0000530,GM03070,TXN0036043,North America,Beauty,4,Absolutely love this product! Exceeded my expectations.,Positive,2022-03-13
REV0000531,GM02392,TXN0028111,Europe,Food & Grocery,4,Great value for money. Highly recommend to everyone.,Positive,2022-06-21
REV0000532,GM03719,TXN0043520,MENA,Home & Garden,5,Absolutely love this product! Exceeded my expectations.,Positive,2022-10-16
REV0000533,GM01046,TXN0012355,North America,Electronics,4,The product quality is outstanding and durable.,Positive,2022-09-04
REV0000534,GM00082,TXN0000999,North America,Electronics,5,Super happy with my purchase. Fits perfectly.,Positive,2022-02-20
REV0000535,GM01805,TXN0020970,Europe,Food & Grocery,5,Customer service was incredibly helpful and responsive.,Positive,2022-02-10
REV0000536,GM02105,TXN0024444,North America,Food & Grocery,5,Super happy with my purchase. Fits perfectly.,Positive,2023-03-18
REV0000537,GM01364,TXN0016095,North America,Sports,4,Absolutely love this product! Exceeded my expectations.,Positive,2024-02-23
REV0000538,GM00326,TXN0004040,North America,Home & Garden,2,Not as described. Poor quality material. Returning it.,Negative,2024-03-03
REV0000539,GM02229,TXN0026169,Europe,Beauty,2,Delivery was extremely late and packaging was damaged.,Negative,2023-08-19
REV0000540,GM02984,TXN0035029,North America,Electronics,5,Absolutely love this product! Exceeded my expectations.,Positive,2022-01-13
REV0000541,GM00049,TXN0000645,MENA,Sports,4,Absolutely love this product! Exceeded my expectations.,Positive,2024-02-08
REV0000542,GM03539,TXN0041299,North America,Home & Garden,4,Customer service was incredibly helpful and responsive.,Positive,2024-03-19
REV0000543,GM01957,TXN0022735,North America,Home & Garden,2,Product stopped working after a few days. Very frustrating.,Negative,2022-01-25
REV0000544,GM03921,TXN0045673,Southeast Asia,Fashion,4,The product quality is outstanding and durable.,Positive,2023-02-18
REV0000545,GM01963,TXN0022817,North America,Home & Garden,4,Great value for money. Highly recommend to everyone.,Positive,2023-01-27
REV0000546,GM00755,TXN0009020,Europe,Electronics,2,Very disappointed. The product broke after one week.,Negative,2022-02-27
REV0000547,GM01232,TXN0014493,Europe,Home & Garden,4,Customer service was incredibly helpful and responsive.,Positive,2023-06-05
REV0000548,GM02105,TXN0024440,North America,Fashion,4,Super happy with my purchase. Fits perfectly.,Positive,2022-02-11
REV0000549,GM00498,TXN0005947,Central Asia,Electronics,1,Not as described. Poor quality material. Returning it.,Negative,2023-10-08
REV0000550,GM01948,TXN0022622,Europe,Beauty,3,Average quality. Okay for the price.,Neutral,2023-06-02
REV0000551,GM00531,TXN0006294,North America,Food & Grocery,2,Not as described. Poor quality material. Returning it.,Negative,2022-11-24
REV0000552,GM00931,TXN0011077,Europe,Electronics,4,Fast delivery and excellent quality. Will buy again.,Positive,2022-05-06
REV0000553,GM02760,TXN0032194,Central Asia,Home & Garden,5,Fast delivery and excellent quality. Will buy again.,Positive,2023-07-03
REV0000554,GM01244,TXN0014604,North America,Electronics,3,It arrived on time. Product is acceptable.,Neutral,2023-04-22
REV0000555,GM00962,TXN0011397,North America,Fashion,4,Great value for money. Highly recommend to everyone.,Positive,2023-12-22
REV0000556,GM04360,TXN0050615,Europe,Electronics,3,Works fine. Packaging could be improved.,Neutral,2022-12-22
REV0000557,GM00589,TXN0006955,Europe,Sports,3,It arrived on time. Product is acceptable.,Neutral,2023-01-23
REV0000558,GM02585,TXN0030289,North America,Home & Garden,4,Super happy with my purchase. Fits perfectly.,Positive,2024-02-06
REV0000559,GM02638,TXN0030851,North America,Electronics,4,Perfect experience from browsing to delivery. 5 stars.,Positive,2022-07-22
REV0000560,GM03817,TXN0044450,Europe,Beauty,4,The product quality is outstanding and durable.,Positive,2024-01-18
REV0000561,GM02576,TXN0030187,North America,Beauty,1,Very disappointed. The product broke after one week.,Negative,2022-10-03
REV0000562,GM04400,TXN0051137,Europe,Home & Garden,5,Great value for money. Highly recommend to everyone.,Positive,2022-02-18
REV0000563,GM04015,TXN0046728,North America,Sports,4,Fast delivery and excellent quality. Will buy again.,Positive,2024-01-18
REV0000564,GM01129,TXN0013290,MENA,Home & Garden,5,Fast delivery and excellent quality. Will buy again.,Positive,2023-01-25
REV0000565,GM01930,TXN0022353,Central Asia,Home & Garden,5,Great value for money. Highly recommend to everyone.,Positive,2023-07-30
REV0000566,GM02869,TXN0033563,Europe,Beauty,1,Very disappointed. The product broke after one week.,Negative,2023-03-19
REV0000567,GM00981,TXN0011709,Europe,Beauty,5,Absolutely love this product! Exceeded my expectations.,Positive,2022-02-17
REV0000568,GM04760,TXN0055302,Southeast Asia,Fashion,5,Customer service was incredibly helpful and responsive.,Positive,2023-02-28
REV0000569,GM02914,TXN0034164,Southeast Asia,Electronics,4,Customer service was incredibly helpful and responsive.,Positive,2022-05-14
REV0000570,GM00454,TXN0005513,Southeast Asia,Sports,3,Works fine. Packaging could be improved.,Neutral,2023-11-11
REV0000571,GM02601,TXN0030495,North America,Sports,5,Absolutely love this product! Exceeded my expectations.,Positive,2024-03-10
REV0000572,GM02914,TXN0034171,Southeast Asia,Food & Grocery,4,Fast delivery and excellent quality. Will buy again.,Positive,2022-10-07
REV0000573,GM03516,TXN0041057,Southeast Asia,Electronics,3,Works fine. Packaging could be improved.,Neutral,2022-09-09
REV0000574,GM02182,TXN0025599,Europe,Beauty,2,Not as described. Poor quality material. Returning it.,Negative,2023-04-27
REV0000575,GM01439,TXN0016862,Europe,Sports,4,Customer service was incredibly helpful and responsive.,Positive,2023-02-03
REV0000576,GM01840,TXN0021335,Europe,Fashion,5,Great value for money. Highly recommend to everyone.,Positive,2023-05-04
REV0000577,GM01866,TXN0021580,Southeast Asia,Electronics,4,Great value for money. Highly recommend to everyone.,Positive,2022-06-09
REV0000578,GM01808,TXN0021004,Europe,Fashion,1,Terrible customer service. Waited 3 weeks for a response.,Negative,2022-08-01
REV0000579,GM01901,TXN0021969,North America,Food & Grocery,1,Product stopped working after a few days. Very frustrating.,Negative,2023-11-22
REV0000580,GM03843,TXN0044690,MENA,Food & Grocery,5,Super happy with my purchase. Fits perfectly.,Positive,2024-05-11
REV0000581,GM04260,TXN0049545,MENA,Beauty,4,Great value for money. Highly recommend to everyone.,Positive,2024-02-12
REV0000582,GM01535,TXN0017999,MENA,Electronics,2,Would not recommend. Waste of money.,Negative,2023-11-03
REV0000583,GM01032,TXN0012188,North America,Electronics,4,Fast delivery and excellent quality. Will buy again.,Positive,2022-09-29
REV0000584,GM03581,TXN0041794,MENA,Sports,4,Fast delivery and excellent quality. Will buy again.,Positive,2024-01-29
REV0000585,GM02255,TXN0026494,Southeast Asia,Food & Grocery,4,Absolutely love this product! Exceeded my expectations.,Positive,2024-04-14
REV0000586,GM02352,TXN0027556,Southeast Asia,Sports,5,Great value for money. Highly recommend to everyone.,Positive,2022-04-11
REV0000587,GM04483,TXN0051948,North America,Beauty,5,Customer service was incredibly helpful and responsive.,Positive,2023-12-03
REV0000588,GM04034,TXN0046966,Southeast Asia,Sports,4,Great value for money. Highly recommend to everyone.,Positive,2022-01-14
REV0000589,GM01901,TXN0021965,North America,Home & Garden,4,Customer service was incredibly helpful and responsive.,Positive,2024-01-08
REV0000590,GM01038,TXN0012253,North America,Beauty,3,"Not bad, not great. Expected better for the price.",Neutral,2022-05-02
REV0000591,GM03359,TXN0039281,North America,Sports,4,Absolutely love this product! Exceeded my expectations.,Positive,2023-06-16
REV0000592,GM04977,TXN0058026,Europe,Food & Grocery,5,Fast delivery and excellent quality. Will buy again.,Positive,2023-07-15
REV0000593,GM02575,TXN0030186,Europe,Food & Grocery,4,Absolutely love this product! Exceeded my expectations.,Positive,2023-02-12
REV0000594,GM02555,TXN0029951,Central Asia,Home & Garden,4,Perfect experience from browsing to delivery. 5 stars.,Positive,2024-05-30
REV0000595,GM02962,TXN0034781,Europe,Sports,4,The product quality is outstanding and durable.,Positive,2023-03-24
REV0000596,GM02962,TXN0034782,Europe,Fashion,4,Absolutely love this product! Exceeded my expectations.,Positive,2022-05-10
REV0000597,GM04319,TXN0050144,MENA,Food & Grocery,3,Decent product. Does what it says. Nothing special.,Neutral,2023-07-25
REV0000598,GM00224,TXN0002779,Europe,Food & Grocery,2,Delivery was extremely late and packaging was damaged.,Negative,2024-04-11
REV0000599,GM00550,TXN0006492,North America,Fashion,4,Absolutely love this product! Exceeded my expectations.,Positive,2022-08-18
REV0000600,GM04311,TXN0050072,Europe,Electronics,5,Absolutely love this product! Exceeded my expectations.,Positive,2022-09-10
REV0000601,GM02721,TXN0031777,Southeast Asia,Food & Grocery,3,"Not bad, not great. Expected better for the price.",Neutral,2023-10-28
REV0000602,GM03553,TXN0041486,North America,Sports,4,Perfect experience from browsing to delivery. 5 stars.,Positive,2023-08-25
REV0000603,GM02299,TXN0027039,Central Asia,Sports,5,Fast delivery and excellent quality. Will buy again.,Positive,2023-12-29
REV0000604,GM02806,TXN0032723,Southeast Asia,Electronics,2,Product stopped working after a few days. Very frustrating.,Negative,2022-04-22
REV0000605,GM02488,TXN0029132,Southeast Asia,Electronics,5,Customer service was incredibly helpful and responsive.,Positive,2022-05-31
REV0000606,GM01682,TXN0019536,Southeast Asia,Home & Garden,1,Would not recommend. Waste of money.,Negative,2023-08-31
REV0000607,GM04478,TXN0051904,Europe,Electronics,4,The product quality is outstanding and durable.,Positive,2024-01-28
REV0000608,GM02252,TXN0026458,Southeast Asia,Beauty,3,"Not bad, not great. Expected better for the price.",Neutral,2024-03-19
REV0000609,GM03699,TXN0043218,Southeast Asia,Beauty,4,Customer service was incredibly helpful and responsive.,Positive,2022-06-21
REV0000610,GM02880,TXN0033695,Europe,Fashion,5,Great value for money. Highly recommend to everyone.,Positive,2022-08-20
REV0000611,GM01370,TXN0016177,Europe,Home & Garden,5,Great value for money. Highly recommend to everyone.,Positive,2022-08-26
REV0000612,GM03471,TXN0040535,Central Asia,Electronics,3,It arrived on time. Product is acceptable.,Neutral,2023-03-07
REV0000613,GM00921,TXN0010959,Southeast Asia,Home & Garden,5,Super happy with my purchase. Fits perfectly.,Positive,2022-08-08
REV0000614,GM03569,TXN0041651,North America,Food & Grocery,3,Average quality. Okay for the price.,Neutral,2022-11-20
REV0000615,GM02346,TXN0027488,North America,Food & Grocery,5,The product quality is outstanding and durable.,Positive,2022-05-15
REV0000616,GM01551,TXN0018204,Southeast Asia,Fashion,4,Super happy with my purchase. Fits perfectly.,Positive,2022-06-08
REV0000617,GM04844,TXN0056400,Central Asia,Sports,3,Works fine. Packaging could be improved.,Neutral,2023-07-28
REV0000618,GM01982,TXN0023074,North America,Electronics,4,Absolutely love this product! Exceeded my expectations.,Positive,2023-06-20
REV0000619,GM00769,TXN0009190,Europe,Fashion,2,Delivery was extremely late and packaging was damaged.,Negative,2023-12-10
REV0000620,GM00138,TXN0001585,North America,Food & Grocery,3,Works fine. Packaging could be improved.,Neutral,2024-03-20
REV0000621,GM01697,TXN0019672,Central Asia,Home & Garden,3,Average quality. Okay for the price.,Neutral,2024-03-21
REV0000622,GM04223,TXN0049072,Southeast Asia,Home & Garden,4,Absolutely love this product! Exceeded my expectations.,Positive,2023-07-31
REV0000623,GM02802,TXN0032691,Southeast Asia,Electronics,4,Super happy with my purchase. Fits perfectly.,Positive,2023-06-28
REV0000624,GM02763,TXN0032226,North America,Fashion,5,Super happy with my purchase. Fits perfectly.,Positive,2024-04-06
REV0000625,GM03643,TXN0042529,MENA,Sports,4,The product quality is outstanding and durable.,Positive,2023-09-15
REV0000626,GM03552,TXN0041478,Europe,Sports,5,Perfect experience from browsing to delivery. 5 stars.,Positive,2023-03-19
REV0000627,GM04463,TXN0051739,Southeast Asia,Food & Grocery,4,Absolutely love this product! Exceeded my expectations.,Positive,2022-06-28
REV0000628,GM01780,TXN0020669,North America,Electronics,4,Perfect experience from browsing to delivery. 5 stars.,Positive,2022-02-24
REV0000629,GM00249,TXN0003100,Southeast Asia,Sports,4,Great value for money. Highly recommend to everyone.,Positive,2022-08-23
REV0000630,GM01151,TXN0013505,North America,Sports,2,Product stopped working after a few days. Very frustrating.,Negative,2024-02-06
REV0000631,GM03293,TXN0038475,MENA,Home & Garden,3,"Not bad, not great. Expected better for the price.",Neutral,2024-03-08
REV0000632,GM01206,TXN0014184,North America,Home & Garden,5,Perfect experience from browsing to delivery. 5 stars.,Positive,2022-12-05
REV0000633,GM00808,TXN0009646,Southeast Asia,Home & Garden,5,Fast delivery and excellent quality. Will buy again.,Positive,2023-06-08
REV0000634,GM04354,TXN0050513,Southeast Asia,Sports,4,Fast delivery and excellent quality. Will buy again.,Positive,2022-08-24
REV0000635,GM02739,TXN0031928,Southeast Asia,Fashion,5,Fast delivery and excellent quality. Will buy again.,Positive,2024-05-30
REV0000636,GM00223,TXN0002762,Central Asia,Food & Grocery,5,Super happy with my purchase. Fits perfectly.,Positive,2023-08-03
REV0000637,GM01810,TXN0021036,Central Asia,Sports,1,Would not recommend. Waste of money.,Negative,2024-02-01
REV0000638,GM00219,TXN0002707,North America,Beauty,5,Great value for money. Highly recommend to everyone.,Positive,2023-07-29
REV0000639,GM03016,TXN0035439,Europe,Beauty,3,It arrived on time. Product is acceptable.,Neutral,2024-03-17
REV0000640,GM02568,TXN0030093,Europe,Beauty,5,Perfect experience from browsing to delivery. 5 stars.,Positive,2023-09-06
REV0000641,GM02930,TXN0034358,MENA,Beauty,4,Fast delivery and excellent quality. Will buy again.,Positive,2022-07-29
REV0000642,GM03769,TXN0044032,Europe,Home & Garden,4,The product quality is outstanding and durable.,Positive,2023-05-10
REV0000643,GM04142,TXN0048217,Europe,Beauty,4,The product quality is outstanding and durable.,Positive,2023-10-29
REV0000644,GM02663,TXN0031174,Europe,Sports,4,Great value for money. Highly recommend to everyone.,Positive,2024-01-30
REV0000645,GM04167,TXN0048482,Europe,Electronics,5,Super happy with my purchase. Fits perfectly.,Positive,2024-02-26
REV0000646,GM02774,TXN0032402,MENA,Food & Grocery,5,Super happy with my purchase. Fits perfectly.,Positive,2022-12-21
REV0000647,GM00722,TXN0008619,Europe,Food & Grocery,3,It arrived on time. Product is acceptable.,Neutral,2024-03-27
REV0000648,GM02499,TXN0029304,Southeast Asia,Electronics,3,"Not bad, not great. Expected better for the price.",Neutral,2023-05-24
REV0000649,GM03087,TXN0036210,MENA,Fashion,3,"Not bad, not great. Expected better for the price.",Neutral,2022-05-23
REV0000650,GM03999,TXN0046594,MENA,Food & Grocery,1,Very disappointed. The product broke after one week.,Negative,2024-04-05
REV0000651,GM00998,TXN0011898,Europe,Food & Grocery,5,Absolutely love this product! Exceeded my expectations.,Positive,2023-10-10
REV0000652,GM03921,TXN0045677,Southeast Asia,Fashion,4,Perfect experience from browsing to delivery. 5 stars.,Positive,2022-03-09
REV0000653,GM03238,TXN0037867,Southeast Asia,Home & Garden,4,Absolutely love this product! Exceeded my expectations.,Positive,2024-02-15
REV0000654,GM00248,TXN0003081,Southeast Asia,Beauty,4,Great value for money. Highly recommend to everyone.,Positive,2024-03-18
REV0000655,GM03707,TXN0043343,North America,Fashion,5,Perfect experience from browsing to delivery. 5 stars.,Positive,2022-03-23
REV0000656,GM03501,TXN0040873,Europe,Home & Garden,3,"Not bad, not great. Expected better for the price.",Neutral,2023-10-19
REV0000657,GM02403,TXN0028255,MENA,Sports,5,Super happy with my purchase. Fits perfectly.,Positive,2022-05-04
REV0000658,GM04462,TXN0051714,MENA,Fashion,3,Average quality. Okay for the price.,Neutral,2024-03-14
REV0000659,GM00502,TXN0005978,MENA,Sports,4,Great value for money. Highly recommend to everyone.,Positive,2023-02-12
REV0000660,GM02699,TXN0031573,North America,Fashion,5,Super happy with my purchase. Fits perfectly.,Positive,2024-04-11
REV0000661,GM03438,TXN0040185,North America,Beauty,5,Great value for money. Highly recommend to everyone.,Positive,2022-09-17
REV0000662,GM00576,TXN0006810,Southeast Asia,Fashion,5,Customer service was incredibly helpful and responsive.,Positive,2022-12-13
REV0000663,GM01217,TXN0014340,Central Asia,Sports,5,Customer service was incredibly helpful and responsive.,Positive,2023-06-26
REV0000664,GM03387,TXN0039592,Europe,Electronics,4,Fast delivery and excellent quality. Will buy again.,Positive,2024-05-03
REV0000665,GM00316,TXN0003900,North America,Food & Grocery,5,Customer service was incredibly helpful and responsive.,Positive,2022-07-06
REV0000666,GM01061,TXN0012515,Southeast Asia,Electronics,5,Absolutely love this product! Exceeded my expectations.,Positive,2023-06-18
REV0000667,GM00727,TXN0008669,Europe,Beauty,5,Perfect experience from browsing to delivery. 5 stars.,Positive,2023-11-07
REV0000668,GM01439,TXN0016867,Europe,Home & Garden,3,Decent product. Does what it says. Nothing special.,Neutral,2022-12-22
REV0000669,GM01719,TXN0019923,Southeast Asia,Sports,4,Great value for money. Highly recommend to everyone.,Positive,2023-08-19
REV0000670,GM02411,TXN0028324,North America,Food & Grocery,4,Customer service was incredibly helpful and responsive.,Positive,2024-05-01
REV0000671,GM04496,TXN0052129,North America,Beauty,4,The product quality is outstanding and durable.,Positive,2022-12-11
REV0000672,GM04924,TXN0057306,Southeast Asia,Food & Grocery,5,Absolutely love this product! Exceeded my expectations.,Positive,2023-12-02
REV0000673,GM04977,TXN0058023,Europe,Home & Garden,5,Super happy with my purchase. Fits perfectly.,Positive,2022-06-08
REV0000674,GM04634,TXN0053839,Southeast Asia,Food & Grocery,4,Great value for money. Highly recommend to everyone.,Positive,2022-07-15
REV0000675,GM01638,TXN0019141,Europe,Electronics,1,Would not recommend. Waste of money.,Negative,2022-07-25
REV0000676,GM03849,TXN0044833,North America,Beauty,2,Delivery was extremely late and packaging was damaged.,Negative,2022-04-19
REV0000677,GM03681,TXN0043013,North America,Sports,5,Perfect experience from browsing to delivery. 5 stars.,Positive,2023-04-08
REV0000678,GM01923,TXN0022250,North America,Sports,4,Customer service was incredibly helpful and responsive.,Positive,2022-03-03
REV0000679,GM01963,TXN0022816,North America,Fashion,4,Perfect experience from browsing to delivery. 5 stars.,Positive,2022-05-02
REV0000680,GM03544,TXN0041403,Europe,Fashion,5,Fast delivery and excellent quality. Will buy again.,Positive,2024-06-13
REV0000681,GM03559,TXN0041555,Central Asia,Fashion,3,Works fine. Packaging could be improved.,Neutral,2022-02-21
REV0000682,GM02233,TXN0026255,Southeast Asia,Electronics,4,Fast delivery and excellent quality. Will buy again.,Positive,2024-04-26
REV0000683,GM00307,TXN0003805,MENA,Fashion,5,Customer service was incredibly helpful and responsive.,Positive,2023-09-08
REV0000684,GM03539,TXN0041300,North America,Food & Grocery,2,Terrible customer service. Waited 3 weeks for a response.,Negative,2023-04-06
REV0000685,GM03375,TXN0039446,North America,Sports,4,Perfect experience from browsing to delivery. 5 stars.,Positive,2023-09-21
REV0000686,GM03205,TXN0037524,North America,Electronics,4,Perfect experience from browsing to delivery. 5 stars.,Positive,2022-11-17
REV0000687,GM01902,TXN0021993,Central Asia,Sports,5,Absolutely love this product! Exceeded my expectations.,Positive,2024-05-04
REV0000688,GM03682,TXN0043045,Europe,Electronics,4,Great value for money. Highly recommend to everyone.,Positive,2023-11-22
REV0000689,GM00868,TXN0010312,Europe,Sports,1,Terrible customer service. Waited 3 weeks for a response.,Negative,2022-04-09
REV0000690,GM04988,TXN0058139,North America,Fashion,2,Product stopped working after a few days. Very frustrating.,Negative,2022-11-27
REV0000691,GM00937,TXN0011166,Central Asia,Beauty,5,Customer service was incredibly helpful and responsive.,Positive,2023-08-13
REV0000692,GM03016,TXN0035433,Europe,Fashion,5,Perfect experience from browsing to delivery. 5 stars.,Positive,2023-10-11
REV0000693,GM02042,TXN0023728,North America,Fashion,5,Super happy with my purchase. Fits perfectly.,Positive,2023-05-27
REV0000694,GM04687,TXN0054478,Europe,Electronics,4,Perfect experience from browsing to delivery. 5 stars.,Positive,2022-03-01
REV0000695,GM02756,TXN0032120,Europe,Fashion,2,Would not recommend. Waste of money.,Negative,2022-10-18
REV0000696,GM03333,TXN0038943,Europe,Electronics,5,Super happy with my purchase. Fits perfectly.,Positive,2023-02-07
REV0000697,GM00277,TXN0003426,North America,Sports,5,Great value for money. Highly recommend to everyone.,Positive,2022-12-06
REV0000698,GM02027,TXN0023598,North America,Food & Grocery,5,Customer service was incredibly helpful and responsive.,Positive,2023-05-01
REV0000699,GM01454,TXN0017096,North America,Fashion,2,Product stopped working after a few days. Very frustrating.,Negative,2024-05-06
REV0000700,GM00878,TXN0010461,North America,Beauty,4,Fast delivery and excellent quality. Will buy again.,Positive,2022-11-27
REV0000701,GM01206,TXN0014188,North America,Fashion,3,Average quality. Okay for the price.,Neutral,2024-01-01
REV0000702,GM03628,TXN0042337,Southeast Asia,Food & Grocery,4,The product quality is outstanding and durable.,Positive,2023-08-18
REV0000703,GM02653,TXN0031068,Europe,Food & Grocery,4,The product quality is outstanding and durable.,Positive,2024-05-19
REV0000704,GM01888,TXN0021863,Europe,Beauty,4,Absolutely love this product! Exceeded my expectations.,Positive,2023-04-10
REV0000705,GM02173,TXN0025515,Europe,Electronics,3,Works fine. Packaging could be improved.,Neutral,2023-11-24
REV0000706,GM00326,TXN0004033,North America,Electronics,5,Super happy with my purchase. Fits perfectly.,Positive,2022-12-17
REV0000707,GM03553,TXN0041485,North America,Food & Grocery,4,Perfect experience from browsing to delivery. 5 stars.,Positive,2022-08-02
REV0000708,GM04832,TXN0056283,North America,Sports,5,Absolutely love this product! Exceeded my expectations.,Positive,2023-09-10
REV0000709,GM01325,TXN0015598,Southeast Asia,Sports,4,Customer service was incredibly helpful and responsive.,Positive,2023-09-13
REV0000710,GM04478,TXN0051907,Europe,Sports,4,Customer service was incredibly helpful and responsive.,Positive,2022-02-04
REV0000711,GM03231,TXN0037768,MENA,Beauty,4,Perfect experience from browsing to delivery. 5 stars.,Positive,2022-06-17
REV0000712,GM04989,TXN0058155,North America,Beauty,5,Great value for money. Highly recommend to everyone.,Positive,2022-05-15
REV0000713,GM04338,TXN0050372,Southeast Asia,Sports,4,Customer service was incredibly helpful and responsive.,Positive,2023-09-07
REV0000714,GM02994,TXN0035167,MENA,Electronics,4,Absolutely love this product! Exceeded my expectations.,Positive,2023-11-03
REV0000715,GM04177,TXN0048620,North America,Beauty,3,"Not bad, not great. Expected better for the price.",Neutral,2024-03-04
REV0000716,GM01764,TXN0020514,MENA,Home & Garden,5,Fast delivery and excellent quality. Will buy again.,Positive,2024-04-24
REV0000717,GM00634,TXN0007480,MENA,Electronics,3,It arrived on time. Product is acceptable.,Neutral,2024-04-25
REV0000718,GM04956,TXN0057730,North America,Sports,4,Perfect experience from browsing to delivery. 5 stars.,Positive,2023-03-23
REV0000719,GM03693,TXN0043168,North America,Food & Grocery,5,Absolutely love this product! Exceeded my expectations.,Positive,2022-07-17
REV0000720,GM04233,TXN0049180,Europe,Food & Grocery,5,Customer service was incredibly helpful and responsive.,Positive,2022-02-13
REV0000721,GM03235,TXN0037845,MENA,Fashion,5,Absolutely love this product! Exceeded my expectations.,Positive,2024-06-03
REV0000722,GM00129,TXN0001499,Central Asia,Food & Grocery,4,The product quality is outstanding and durable.,Positive,2023-07-02
REV0000723,GM00799,TXN0009520,North America,Fashion,4,Super happy with my purchase. Fits perfectly.,Positive,2022-01-16
REV0000724,GM01851,TXN0021431,Europe,Sports,3,Works fine. Packaging could be improved.,Neutral,2023-05-06
REV0000725,GM03901,TXN0045475,MENA,Food & Grocery,4,Super happy with my purchase. Fits perfectly.,Positive,2023-02-10
REV0000726,GM00584,TXN0006905,Europe,Electronics,1,Delivery was extremely late and packaging was damaged.,Negative,2024-02-29
REV0000727,GM03858,TXN0044907,North America,Electronics,4,Great value for money. Highly recommend to everyone.,Positive,2022-02-09
REV0000728,GM02250,TXN0026439,Central Asia,Electronics,4,Perfect experience from browsing to delivery. 5 stars.,Positive,2024-03-08
REV0000729,GM04947,TXN0057605,North America,Sports,3,Decent product. Does what it says. Nothing special.,Neutral,2022-11-15
REV0000730,GM03240,TXN0037918,North America,Sports,5,Absolutely love this product! Exceeded my expectations.,Positive,2023-01-12
REV0000731,GM01645,TXN0019194,Central Asia,Sports,5,Fast delivery and excellent quality. Will buy again.,Positive,2024-01-18
REV0000732,GM02847,TXN0033278,North America,Fashion,5,Super happy with my purchase. Fits perfectly.,Positive,2023-05-08
REV0000733,GM02601,TXN0030492,North America,Beauty,5,Fast delivery and excellent quality. Will buy again.,Positive,2023-02-08
REV0000734,GM01094,TXN0012950,MENA,Sports,4,Customer service was incredibly helpful and responsive.,Positive,2023-10-19
REV0000735,GM02117,TXN0024673,MENA,Beauty,4,Super happy with my purchase. Fits perfectly.,Positive,2024-02-06
REV0000736,GM02126,TXN0024800,North America,Fashion,4,The product quality is outstanding and durable.,Positive,2023-09-27
REV0000737,GM03563,TXN0041594,Central Asia,Food & Grocery,2,Very disappointed. The product broke after one week.,Negative,2023-06-30
REV0000738,GM00294,TXN0003639,Europe,Home & Garden,4,Super happy with my purchase. Fits perfectly.,Positive,2024-01-30
REV0000739,GM02673,TXN0031273,North America,Beauty,4,Fast delivery and excellent quality. Will buy again.,Positive,2022-08-14
REV0000740,GM03544,TXN0041408,Europe,Sports,5,The product quality is outstanding and durable.,Positive,2023-12-08
REV0000741,GM02687,TXN0031452,Europe,Food & Grocery,5,Fast delivery and excellent quality. Will buy again.,Positive,2023-09-27
REV0000742,GM01554,TXN0018239,Southeast Asia,Electronics,5,Perfect experience from browsing to delivery. 5 stars.,Positive,2023-03-28
REV0000743,GM02385,TXN0028020,Europe,Beauty,5,Customer service was incredibly helpful and responsive.,Positive,2023-06-23
REV0000744,GM01338,TXN0015728,North America,Sports,5,Great value for money. Highly recommend to everyone.,Positive,2023-01-23
REV0000745,GM02287,TXN0026883,Southeast Asia,Home & Garden,3,"Not bad, not great. Expected better for the price.",Neutral,2022-10-26
REV0000746,GM00275,TXN0003389,MENA,Beauty,4,Customer service was incredibly helpful and responsive.,Positive,2023-05-25
REV0000747,GM02815,TXN0032944,North America,Beauty,4,Customer service was incredibly helpful and responsive.,Positive,2024-04-16
REV0000748,GM03682,TXN0043054,Europe,Electronics,5,Perfect experience from browsing to delivery. 5 stars.,Positive,2023-11-25
REV0000749,GM04167,TXN0048483,Europe,Electronics,5,Fast delivery and excellent quality. Will buy again.,Positive,2022-05-31
REV0000750,GM03104,TXN0036388,MENA,Home & Garden,4,Fast delivery and excellent quality. Will buy again.,Positive,2024-04-08
REV0000751,GM00876,TXN0010408,Europe,Food & Grocery,5,The product quality is outstanding and durable.,Positive,2022-06-04
REV0000752,GM02225,TXN0026103,Central Asia,Sports,5,Great value for money. Highly recommend to everyone.,Positive,2022-07-18
REV0000753,GM00435,TXN0005247,Central Asia,Beauty,5,Great value for money. Highly recommend to everyone.,Positive,2022-09-26
REV0000754,GM00932,TXN0011083,North America,Food & Grocery,3,Works fine. Packaging could be improved.,Neutral,2023-06-01
REV0000755,GM02772,TXN0032345,Europe,Sports,5,Super happy with my purchase. Fits perfectly.,Positive,2022-02-11
REV0000756,GM03740,TXN0043768,North America,Food & Grocery,5,The product quality is outstanding and durable.,Positive,2024-04-20
REV0000757,GM02045,TXN0023756,Southeast Asia,Electronics,2,Not as described. Poor quality material. Returning it.,Negative,2022-05-02
REV0000758,GM03780,TXN0044123,Southeast Asia,Home & Garden,5,Perfect experience from browsing to delivery. 5 stars.,Positive,2022-06-29
REV0000759,GM03366,TXN0039356,North America,Sports,4,The product quality is outstanding and durable.,Positive,2022-12-30
REV0000760,GM00421,TXN0005115,North America,Electronics,4,Great value for money. Highly recommend to everyone.,Positive,2023-04-23
REV0000761,GM00174,TXN0002073,Europe,Beauty,3,Decent product. Does what it says. Nothing special.,Neutral,2023-01-18
REV0000762,GM01742,TXN0020208,North America,Sports,2,Would not recommend. Waste of money.,Negative,2022-08-25
REV0000763,GM03914,TXN0045612,Southeast Asia,Electronics,5,Absolutely love this product! Exceeded my expectations.,Positive,2023-04-24
REV0000764,GM00161,TXN0001867,Europe,Sports,4,Customer service was incredibly helpful and responsive.,Positive,2022-02-13
REV0000765,GM01812,TXN0021064,North America,Fashion,5,Customer service was incredibly helpful and responsive.,Positive,2023-04-17
REV0000766,GM00809,TXN0009671,MENA,Beauty,5,Perfect experience from browsing to delivery. 5 stars.,Positive,2023-07-08
REV0000767,GM04686,TXN0054475,MENA,Food & Grocery,4,Super happy with my purchase. Fits perfectly.,Positive,2022-11-03
REV0000768,GM00036,TXN0000477,North America,Home & Garden,4,Fast delivery and excellent quality. Will buy again.,Positive,2023-01-29
REV0000769,GM01004,TXN0011918,North America,Electronics,5,Super happy with my purchase. Fits perfectly.,Positive,2023-05-22
REV0000770,GM02007,TXN0023375,MENA,Electronics,4,Great value for money. Highly recommend to everyone.,Positive,2023-02-15
REV0000771,GM02947,TXN0034564,MENA,Electronics,4,Absolutely love this product! Exceeded my expectations.,Positive,2022-07-08
REV0000772,GM02207,TXN0025888,Europe,Food & Grocery,3,It arrived on time. Product is acceptable.,Neutral,2023-10-05
REV0000773,GM00851,TXN0010076,Central Asia,Beauty,4,Customer service was incredibly helpful and responsive.,Positive,2023-03-05
REV0000774,GM02001,TXN0023321,Europe,Sports,4,Absolutely love this product! Exceeded my expectations.,Positive,2023-08-24
REV0000775,GM03813,TXN0044435,Europe,Home & Garden,5,Absolutely love this product! Exceeded my expectations.,Positive,2022-07-20
REV0000776,GM01116,TXN0013169,North America,Sports,5,The product quality is outstanding and durable.,Positive,2023-07-05
REV0000777,GM03543,TXN0041397,Europe,Food & Grocery,2,Would not recommend. Waste of money.,Negative,2023-10-14
REV0000778,GM02026,TXN0023592,Europe,Home & Garden,3,It arrived on time. Product is acceptable.,Neutral,2022-05-05
REV0000779,GM01891,TXN0021894,Central Asia,Food & Grocery,3,Decent product. Does what it says. Nothing special.,Neutral,2024-04-24
REV0000780,GM02732,TXN0031893,MENA,Food & Grocery,2,Not as described. Poor quality material. Returning it.,Negative,2023-06-23
REV0000781,GM04596,TXN0053302,North America,Sports,5,Super happy with my purchase. Fits perfectly.,Positive,2022-10-26
REV0000782,GM02073,TXN0024114,Europe,Food & Grocery,1,Very disappointed. The product broke after one week.,Negative,2022-03-17
REV0000783,GM01815,TXN0021093,Central Asia,Electronics,4,Fast delivery and excellent quality. Will buy again.,Positive,2022-02-25
REV0000784,GM00230,TXN0002868,North America,Food & Grocery,3,"Not bad, not great. Expected better for the price.",Neutral,2023-10-29
REV0000785,GM03844,TXN0044724,MENA,Sports,2,Product stopped working after a few days. Very frustrating.,Negative,2023-10-06
REV0000786,GM00700,TXN0008342,MENA,Beauty,5,Customer service was incredibly helpful and responsive.,Positive,2023-06-18
REV0000787,GM00209,TXN0002559,Central Asia,Home & Garden,5,Perfect experience from browsing to delivery. 5 stars.,Positive,2022-09-02
REV0000788,GM03649,TXN0042638,North America,Sports,5,The product quality is outstanding and durable.,Positive,2024-04-14
REV0000789,GM02980,TXN0034996,Southeast Asia,Beauty,4,Great value for money. Highly recommend to everyone.,Positive,2023-12-19
REV0000790,GM00243,TXN0003004,Southeast Asia,Home & Garden,4,The product quality is outstanding and durable.,Positive,2023-10-08
REV0000791,GM04733,TXN0054983,North America,Fashion,1,Delivery was extremely late and packaging was damaged.,Negative,2022-04-08
REV0000792,GM03885,TXN0045303,Southeast Asia,Electronics,5,Perfect experience from browsing to delivery. 5 stars.,Positive,2023-11-26
REV0000793,GM04815,TXN0056037,North America,Food & Grocery,3,"Not bad, not great. Expected better for the price.",Neutral,2022-05-21
REV0000794,GM01608,TXN0018843,North America,Fashion,4,Perfect experience from browsing to delivery. 5 stars.,Positive,2023-01-12
REV0000795,GM02191,TXN0025714,Europe,Food & Grocery,5,Customer service was incredibly helpful and responsive.,Positive,2022-03-23
REV0000796,GM01651,TXN0019259,Central Asia,Home & Garden,4,Fast delivery and excellent quality. Will buy again.,Positive,2023-09-01
REV0000797,GM03655,TXN0042700,Central Asia,Home & Garden,5,The product quality is outstanding and durable.,Positive,2024-04-27
REV0000798,GM04781,TXN0055561,Central Asia,Fashion,5,Fast delivery and excellent quality. Will buy again.,Positive,2022-03-11
REV0000799,GM02555,TXN0029954,Central Asia,Food & Grocery,5,Perfect experience from browsing to delivery. 5 stars.,Positive,2022-07-19
REV0000800,GM01056,TXN0012472,Europe,Sports,5,Fast delivery and excellent quality. Will buy again.,Positive,2024-05-05
REV0000801,GM00325,TXN0004029,Southeast Asia,Beauty,4,Fast delivery and excellent quality. Will buy again.,Positive,2023-09-10
REV0000802,GM03813,TXN0044430,Europe,Home & Garden,5,Customer service was incredibly helpful and responsive.,Positive,2022-04-28
REV0000803,GM03894,TXN0045388,MENA,Fashion,5,Perfect experience from browsing to delivery. 5 stars.,Positive,2022-07-07
REV0000804,GM03306,TXN0038610,Europe,Fashion,1,Not as described. Poor quality material. Returning it.,Negative,2023-05-20
REV0000805,GM02923,TXN0034253,North America,Home & Garden,4,Super happy with my purchase. Fits perfectly.,Positive,2023-06-15
REV0000806,GM01538,TXN0018049,North America,Home & Garden,1,Delivery was extremely late and packaging was damaged.,Negative,2023-03-10
REV0000807,GM01931,TXN0022365,North America,Home & Garden,1,Terrible customer service. Waited 3 weeks for a response.,Negative,2023-02-28
REV0000808,GM03120,TXN0036639,Europe,Electronics,5,Great value for money. Highly recommend to everyone.,Positive,2024-03-23
REV0000809,GM00226,TXN0002781,Europe,Fashion,4,Super happy with my purchase. Fits perfectly.,Positive,2022-01-08
REV0000810,GM04125,TXN0048037,North America,Home & Garden,3,Average quality. Okay for the price.,Neutral,2022-01-12
REV0000811,GM00372,TXN0004640,Central Asia,Home & Garden,4,Fast delivery and excellent quality. Will buy again.,Positive,2022-09-13
REV0000812,GM02550,TXN0029925,Central Asia,Home & Garden,4,Absolutely love this product! Exceeded my expectations.,Positive,2023-05-19
REV0000813,GM04422,TXN0051392,Southeast Asia,Sports,4,Absolutely love this product! Exceeded my expectations.,Positive,2023-01-06
REV0000814,GM03720,TXN0043538,Europe,Beauty,4,The product quality is outstanding and durable.,Positive,2023-09-04
REV0000815,GM02059,TXN0023962,North America,Food & Grocery,2,Very disappointed. The product broke after one week.,Negative,2023-09-27
REV0000816,GM01891,TXN0021891,Central Asia,Food & Grocery,4,Fast delivery and excellent quality. Will buy again.,Positive,2024-02-19
REV0000817,GM00605,TXN0007134,Europe,Sports,4,The product quality is outstanding and durable.,Positive,2023-07-10
REV0000818,GM01144,TXN0013450,North America,Electronics,1,Delivery was extremely late and packaging was damaged.,Negative,2024-03-23
REV0000819,GM03246,TXN0037970,Europe,Electronics,5,The product quality is outstanding and durable.,Positive,2022-08-10
REV0000820,GM01730,TXN0020077,North America,Fashion,5,Perfect experience from browsing to delivery. 5 stars.,Positive,2024-06-01
REV0000821,GM00319,TXN0003919,Europe,Sports,4,Fast delivery and excellent quality. Will buy again.,Positive,2023-04-25
REV0000822,GM02274,TXN0026693,North America,Electronics,4,Absolutely love this product! Exceeded my expectations.,Positive,2022-08-14
REV0000823,GM04668,TXN0054230,North America,Home & Garden,5,Fast delivery and excellent quality. Will buy again.,Positive,2024-02-10
REV0000824,GM02959,TXN0034746,Europe,Electronics,5,The product quality is outstanding and durable.,Positive,2022-09-26
REV0000825,GM03531,TXN0041216,Europe,Fashion,5,Super happy with my purchase. Fits perfectly.,Positive,2023-06-24
REV0000826,GM03020,TXN0035483,North America,Electronics,3,"Not bad, not great. Expected better for the price.",Neutral,2023-11-27
REV0000827,GM02414,TXN0028373,Central Asia,Home & Garden,5,Super happy with my purchase. Fits perfectly.,Positive,2022-06-27
REV0000828,GM00331,TXN0004098,Europe,Food & Grocery,4,Perfect experience from browsing to delivery. 5 stars.,Positive,2022-07-01
REV0000829,GM01681,TXN0019499,Europe,Sports,5,Super happy with my purchase. Fits perfectly.,Positive,2023-04-18
REV0000830,GM02889,TXN0033803,North America,Sports,4,The product quality is outstanding and durable.,Positive,2023-10-27
REV0000831,GM03376,TXN0039477,North America,Beauty,4,Customer service was incredibly helpful and responsive.,Positive,2022-05-10
REV0000832,GM02972,TXN0034872,Europe,Fashion,4,Perfect experience from browsing to delivery. 5 stars.,Positive,2024-06-17
REV0000833,GM00768,TXN0009171,Southeast Asia,Electronics,3,Works fine. Packaging could be improved.,Neutral,2022-11-23
REV0000834,GM00735,TXN0008774,Europe,Home & Garden,4,Fast delivery and excellent quality. Will buy again.,Positive,2023-07-25
REV0000835,GM03984,TXN0046425,Europe,Fashion,3,"Not bad, not great. Expected better for the price.",Neutral,2022-08-05
REV0000836,GM04289,TXN0049899,Europe,Food & Grocery,2,Would not recommend. Waste of money.,Negative,2024-04-29
REV0000837,GM03188,TXN0037333,Europe,Home & Garden,5,Perfect experience from browsing to delivery. 5 stars.,Positive,2022-07-24
REV0000838,GM02788,TXN0032524,Europe,Beauty,4,Customer service was incredibly helpful and responsive.,Positive,2023-05-05
REV0000839,GM03273,TXN0038230,North America,Food & Grocery,5,Super happy with my purchase. Fits perfectly.,Positive,2022-12-26
REV0000840,GM03543,TXN0041394,Europe,Food & Grocery,2,Delivery was extremely late and packaging was damaged.,Negative,2023-04-10
REV0000841,GM00402,TXN0004949,Southeast Asia,Electronics,2,Delivery was extremely late and packaging was damaged.,Negative,2023-08-01
REV0000842,GM03484,TXN0040695,Southeast Asia,Food & Grocery,5,Great value for money. Highly recommend to everyone.,Positive,2024-02-14
REV0000843,GM03528,TXN0041192,North America,Electronics,5,Fast delivery and excellent quality. Will buy again.,Positive,2024-03-02
REV0000844,GM03651,TXN0042657,North America,Fashion,5,Fast delivery and excellent quality. Will buy again.,Positive,2023-08-07
REV0000845,GM02371,TXN0027828,North America,Beauty,5,Perfect experience from browsing to delivery. 5 stars.,Positive,2023-11-15
REV0000846,GM03349,TXN0039127,Europe,Sports,2,Would not recommend. Waste of money.,Negative,2023-11-18
REV0000847,GM02899,TXN0033921,MENA,Fashion,5,Absolutely love this product! Exceeded my expectations.,Positive,2023-07-17
REV0000848,GM04819,TXN0056086,Southeast Asia,Beauty,2,Would not recommend. Waste of money.,Negative,2022-09-11
REV0000849,GM03847,TXN0044802,Southeast Asia,Fashion,2,Delivery was extremely late and packaging was damaged.,Negative,2022-08-27
REV0000850,GM03828,TXN0044551,MENA,Fashion,4,Super happy with my purchase. Fits perfectly.,Positive,2022-09-15
REV0000851,GM00720,TXN0008579,North America,Home & Garden,5,The product quality is outstanding and durable.,Positive,2022-01-31
REV0000852,GM02009,TXN0023401,Central Asia,Fashion,5,Fast delivery and excellent quality. Will buy again.,Positive,2022-12-21
REV0000853,GM04990,TXN0058162,North America,Beauty,4,The product quality is outstanding and durable.,Positive,2024-02-27
REV0000854,GM04846,TXN0056420,MENA,Food & Grocery,3,Works fine. Packaging could be improved.,Neutral,2023-10-01
REV0000855,GM00196,TXN0002360,Europe,Beauty,5,Great value for money. Highly recommend to everyone.,Positive,2022-08-31
REV0000856,GM03746,TXN0043816,Europe,Sports,5,Perfect experience from browsing to delivery. 5 stars.,Positive,2022-03-17
REV0000857,GM00806,TXN0009599,North America,Beauty,5,Customer service was incredibly helpful and responsive.,Positive,2022-09-11
REV0000858,GM04684,TXN0054407,Europe,Sports,4,Customer service was incredibly helpful and responsive.,Positive,2024-02-27
REV0000859,GM02936,TXN0034431,Europe,Food & Grocery,5,Great value for money. Highly recommend to everyone.,Positive,2024-06-18
REV0000860,GM04152,TXN0048319,Central Asia,Fashion,5,Absolutely love this product! Exceeded my expectations.,Positive,2022-12-25
REV0000861,GM01308,TXN0015360,North America,Sports,2,Very disappointed. The product broke after one week.,Negative,2022-10-29
REV0000862,GM01586,TXN0018555,Europe,Electronics,5,Customer service was incredibly helpful and responsive.,Positive,2022-10-05
REV0000863,GM00591,TXN0006987,Europe,Electronics,3,"Not bad, not great. Expected better for the price.",Neutral,2023-12-09
REV0000864,GM02116,TXN0024656,Europe,Food & Grocery,4,The product quality is outstanding and durable.,Positive,2022-06-29
REV0000865,GM04600,TXN0053336,Europe,Electronics,2,Not as described. Poor quality material. Returning it.,Negative,2024-03-21
REV0000866,GM01826,TXN0021209,MENA,Fashion,5,Absolutely love this product! Exceeded my expectations.,Positive,2023-08-13
REV0000867,GM00431,TXN0005224,Europe,Electronics,3,Works fine. Packaging could be improved.,Neutral,2022-03-19
REV0000868,GM00970,TXN0011513,MENA,Fashion,2,Delivery was extremely late and packaging was damaged.,Negative,2024-05-08
REV0000869,GM02365,TXN0027757,North America,Beauty,3,Decent product. Does what it says. Nothing special.,Neutral,2024-03-01
REV0000870,GM03071,TXN0036065,North America,Food & Grocery,5,Fast delivery and excellent quality. Will buy again.,Positive,2023-10-14
REV0000871,GM00963,TXN0011401,Europe,Beauty,4,The product quality is outstanding and durable.,Positive,2022-07-16
REV0000872,GM04337,TXN0050349,North America,Electronics,4,The product quality is outstanding and durable.,Positive,2023-02-26
REV0000873,GM03546,TXN0041419,Europe,Fashion,5,Customer service was incredibly helpful and responsive.,Positive,2022-02-10
REV0000874,GM01724,TXN0020028,Central Asia,Electronics,2,Not as described. Poor quality material. Returning it.,Negative,2023-04-13
REV0000875,GM01914,TXN0022144,Europe,Fashion,4,Perfect experience from browsing to delivery. 5 stars.,Positive,2022-06-20
REV0000876,GM02700,TXN0031583,North America,Beauty,4,Customer service was incredibly helpful and responsive.,Positive,2023-05-19
REV0000877,GM04286,TXN0049850,North America,Sports,3,Decent product. Does what it says. Nothing special.,Neutral,2022-11-10
REV0000878,GM00220,TXN0002727,North America,Fashion,1,Would not recommend. Waste of money.,Negative,2022-05-29
REV0000879,GM01324,TXN0015588,Europe,Electronics,1,Would not recommend. Waste of money.,Negative,2023-04-10
REV0000880,GM01491,TXN0017535,Europe,Home & Garden,5,Absolutely love this product! Exceeded my expectations.,Positive,2024-06-02
REV0000881,GM01845,TXN0021383,Southeast Asia,Fashion,3,Average quality. Okay for the price.,Neutral,2022-07-19
REV0000882,GM01277,TXN0015040,Europe,Fashion,5,Perfect experience from browsing to delivery. 5 stars.,Positive,2023-08-07
REV0000883,GM00291,TXN0003594,Central Asia,Food & Grocery,5,The product quality is outstanding and durable.,Positive,2023-05-15
REV0000884,GM00320,TXN0003956,Europe,Food & Grocery,5,The product quality is outstanding and durable.,Positive,2024-01-13
REV0000885,GM04826,TXN0056162,Europe,Fashion,3,Decent product. Does what it says. Nothing special.,Neutral,2024-05-20
REV0000886,GM01231,TXN0014475,Southeast Asia,Food & Grocery,4,The product quality is outstanding and durable.,Positive,2023-03-01
REV0000887,GM02560,TXN0030007,MENA,Electronics,3,Works fine. Packaging could be improved.,Neutral,2023-05-14
REV0000888,GM04863,TXN0056597,Central Asia,Fashion,4,Super happy with my purchase. Fits perfectly.,Positive,2023-08-01
REV0000889,GM02609,TXN0030546,North America,Sports,5,Customer service was incredibly helpful and responsive.,Positive,2022-05-31
REV0000890,GM02635,TXN0030823,North America,Home & Garden,4,Great value for money. Highly recommend to everyone.,Positive,2022-10-25
REV0000891,GM00261,TXN0003223,North America,Electronics,5,Customer service was incredibly helpful and responsive.,Positive,2024-01-17
REV0000892,GM01233,TXN0014501,Europe,Sports,5,Absolutely love this product! Exceeded my expectations.,Positive,2022-10-31
REV0000893,GM01093,TXN0012937,North America,Fashion,5,Great value for money. Highly recommend to everyone.,Positive,2024-05-02
REV0000894,GM01975,TXN0022969,Europe,Home & Garden,4,Customer service was incredibly helpful and responsive.,Positive,2023-10-17
REV0000895,GM01710,TXN0019772,North America,Electronics,2,Very disappointed. The product broke after one week.,Negative,2022-07-01
REV0000896,GM03361,TXN0039300,North America,Food & Grocery,5,Perfect experience from browsing to delivery. 5 stars.,Positive,2022-04-03
REV0000897,GM01955,TXN0022709,Southeast Asia,Electronics,4,Perfect experience from browsing to delivery. 5 stars.,Positive,2022-04-23
REV0000898,GM04371,TXN0050746,Europe,Sports,5,Customer service was incredibly helpful and responsive.,Positive,2022-02-18
REV0000899,GM02302,TXN0027085,North America,Beauty,4,Perfect experience from browsing to delivery. 5 stars.,Positive,2024-06-17
REV0000900,GM03017,TXN0035446,North America,Beauty,5,Customer service was incredibly helpful and responsive.,Positive,2022-07-03
REV0000901,GM01561,TXN0018295,Europe,Beauty,4,The product quality is outstanding and durable.,Positive,2022-08-28
REV0000902,GM01175,TXN0013803,North America,Food & Grocery,4,Great value for money. Highly recommend to everyone.,Positive,2023-11-06
REV0000903,GM03796,TXN0044275,North America,Fashion,1,Delivery was extremely late and packaging was damaged.,Negative,2023-05-10
REV0000904,GM01162,TXN0013657,Europe,Sports,4,Great value for money. Highly recommend to everyone.,Positive,2023-03-05
REV0000905,GM04712,TXN0054723,MENA,Sports,5,Super happy with my purchase. Fits perfectly.,Positive,2022-08-18
REV0000906,GM00719,TXN0008565,Europe,Food & Grocery,3,It arrived on time. Product is acceptable.,Neutral,2023-05-04
REV0000907,GM04794,TXN0055727,Europe,Sports,1,Not as described. Poor quality material. Returning it.,Negative,2023-09-19
REV0000908,GM01082,TXN0012725,Central Asia,Home & Garden,1,Terrible customer service. Waited 3 weeks for a response.,Negative,2023-08-01
REV0000909,GM01316,TXN0015467,North America,Fashion,3,Decent product. Does what it says. Nothing special.,Neutral,2023-04-06
REV0000910,GM01588,TXN0018577,MENA,Electronics,5,The product quality is outstanding and durable.,Positive,2024-01-05
REV0000911,GM02220,TXN0026064,Central Asia,Electronics,4,Customer service was incredibly helpful and responsive.,Positive,2022-01-19
REV0000912,GM03801,TXN0044320,Europe,Electronics,4,The product quality is outstanding and durable.,Positive,2022-11-14
REV0000913,GM00508,TXN0006037,North America,Home & Garden,4,Great value for money. Highly recommend to everyone.,Positive,2023-11-26
REV0000914,GM04372,TXN0050768,MENA,Home & Garden,5,The product quality is outstanding and durable.,Positive,2024-01-15
REV0000915,GM03484,TXN0040693,Southeast Asia,Beauty,5,Super happy with my purchase. Fits perfectly.,Positive,2023-04-06
REV0000916,GM02103,TXN0024415,Europe,Beauty,4,Customer service was incredibly helpful and responsive.,Positive,2022-06-13
REV0000917,GM00067,TXN0000829,Europe,Food & Grocery,5,Great value for money. Highly recommend to everyone.,Positive,2022-10-21
REV0000918,GM03197,TXN0037427,Southeast Asia,Food & Grocery,4,Absolutely love this product! Exceeded my expectations.,Positive,2023-11-01
REV0000919,GM03423,TXN0040028,North America,Beauty,4,The product quality is outstanding and durable.,Positive,2022-06-12
REV0000920,GM03383,TXN0039548,Central Asia,Sports,4,Perfect experience from browsing to delivery. 5 stars.,Positive,2022-11-25
REV0000921,GM02804,TXN0032708,Southeast Asia,Food & Grocery,2,Would not recommend. Waste of money.,Negative,2022-02-24
REV0000922,GM02925,TXN0034267,MENA,Home & Garden,4,Fast delivery and excellent quality. Will buy again.,Positive,2023-06-17
REV0000923,GM00674,TXN0008036,MENA,Food & Grocery,4,Customer service was incredibly helpful and responsive.,Positive,2023-05-26
REV0000924,GM02488,TXN0029150,Southeast Asia,Beauty,4,Absolutely love this product! Exceeded my expectations.,Positive,2024-02-23
REV0000925,GM04434,TXN0051501,Southeast Asia,Sports,1,Product stopped working after a few days. Very frustrating.,Negative,2023-01-18
REV0000926,GM01146,TXN0013465,Southeast Asia,Home & Garden,4,Great value for money. Highly recommend to everyone.,Positive,2022-01-21
REV0000927,GM03744,TXN0043802,Central Asia,Fashion,5,Super happy with my purchase. Fits perfectly.,Positive,2024-06-02
REV0000928,GM01362,TXN0016080,Europe,Food & Grocery,1,Product stopped working after a few days. Very frustrating.,Negative,2023-05-14
REV0000929,GM04910,TXN0057131,MENA,Food & Grocery,1,Would not recommend. Waste of money.,Negative,2023-04-13
REV0000930,GM03872,TXN0045100,Europe,Sports,4,Absolutely love this product! Exceeded my expectations.,Positive,2024-05-01
REV0000931,GM04996,TXN0058223,Southeast Asia,Food & Grocery,4,Great value for money. Highly recommend to everyone.,Positive,2024-04-15
REV0000932,GM01670,TXN0019394,North America,Beauty,4,Perfect experience from browsing to delivery. 5 stars.,Positive,2022-12-29
REV0000933,GM02981,TXN0035000,MENA,Beauty,5,Absolutely love this product! Exceeded my expectations.,Positive,2023-08-06
REV0000934,GM02649,TXN0031035,MENA,Electronics,4,Fast delivery and excellent quality. Will buy again.,Positive,2022-07-12
REV0000935,GM01248,TXN0014674,Central Asia,Home & Garden,4,Customer service was incredibly helpful and responsive.,Positive,2023-04-24
REV0000936,GM02583,TXN0030272,MENA,Fashion,1,Very disappointed. The product broke after one week.,Negative,2023-06-26
REV0000937,GM01597,TXN0018699,Europe,Fashion,4,Super happy with my purchase. Fits perfectly.,Positive,2022-12-21
REV0000938,GM04462,TXN0051721,MENA,Electronics,4,Super happy with my purchase. Fits perfectly.,Positive,2022-10-29
REV0000939,GM00042,TXN0000587,MENA,Home & Garden,4,Great value for money. Highly recommend to everyone.,Positive,2023-06-26
REV0000940,GM01639,TXN0019156,Southeast Asia,Beauty,4,Great value for money. Highly recommend to everyone.,Positive,2024-01-26
REV0000941,GM00074,TXN0000897,North America,Food & Grocery,1,Terrible customer service. Waited 3 weeks for a response.,Negative,2022-08-07
REV0000942,GM02336,TXN0027402,MENA,Beauty,3,Works fine. Packaging could be improved.,Neutral,2022-12-18
REV0000943,GM03727,TXN0043636,Central Asia,Food & Grocery,3,It arrived on time. Product is acceptable.,Neutral,2023-02-19
REV0000944,GM01783,TXN0020702,MENA,Electronics,5,Great value for money. Highly recommend to everyone.,Positive,2023-01-29
REV0000945,GM03952,TXN0046018,North America,Electronics,4,Super happy with my purchase. Fits perfectly.,Positive,2023-07-18
REV0000946,GM03401,TXN0039811,Central Asia,Home & Garden,5,Great value for money. Highly recommend to everyone.,Positive,2022-02-07
REV0000947,GM00633,TXN0007463,MENA,Sports,5,Absolutely love this product! Exceeded my expectations.,Positive,2024-04-05
REV0000948,GM00832,TXN0009903,MENA,Home & Garden,4,The product quality is outstanding and durable.,Positive,2023-06-13
REV0000949,GM02646,TXN0031005,Europe,Electronics,5,Absolutely love this product! Exceeded my expectations.,Positive,2023-10-02
REV0000950,GM02348,TXN0027513,Europe,Fashion,3,Works fine. Packaging could be improved.,Neutral,2024-06-13
REV0000951,GM01626,TXN0019014,North America,Beauty,4,Fast delivery and excellent quality. Will buy again.,Positive,2023-09-16
REV0000952,GM03928,TXN0045784,North America,Beauty,4,Customer service was incredibly helpful and responsive.,Positive,2023-10-23
REV0000953,GM02909,TXN0034092,Europe,Home & Garden,2,Product stopped working after a few days. Very frustrating.,Negative,2022-10-25
REV0000954,GM01836,TXN0021285,North America,Electronics,5,Fast delivery and excellent quality. Will buy again.,Positive,2022-03-30
REV0000955,GM04079,TXN0047454,North America,Electronics,5,The product quality is outstanding and durable.,Positive,2022-04-21
REV0000956,GM00054,TXN0000698,Southeast Asia,Fashion,2,Delivery was extremely late and packaging was damaged.,Negative,2022-09-20
REV0000957,GM02155,TXN0025250,Central Asia,Electronics,4,Great value for money. Highly recommend to everyone.,Positive,2022-03-10
REV0000958,GM00137,TXN0001581,MENA,Sports,4,Super happy with my purchase. Fits perfectly.,Positive,2023-05-22
REV0000959,GM02916,TXN0034180,North America,Food & Grocery,3,Average quality. Okay for the price.,Neutral,2024-04-17
REV0000960,GM03154,TXN0036955,MENA,Fashion,5,Great value for money. Highly recommend to everyone.,Positive,2023-02-07
REV0000961,GM02802,TXN0032694,Southeast Asia,Home & Garden,2,Product stopped working after a few days. Very frustrating.,Negative,2024-04-27
REV0000962,GM03340,TXN0039054,North America,Electronics,4,Fast delivery and excellent quality. Will buy again.,Positive,2023-12-09
REV0000963,GM04188,TXN0048697,North America,Electronics,5,Perfect experience from browsing to delivery. 5 stars.,Positive,2023-01-08
REV0000964,GM00983,TXN0011730,Central Asia,Electronics,4,Fast delivery and excellent quality. Will buy again.,Positive,2022-02-22
REV0000965,GM04237,TXN0049236,Central Asia,Electronics,5,Super happy with my purchase. Fits perfectly.,Positive,2024-04-27
REV0000966,GM01877,TXN0021758,North America,Home & Garden,4,Customer service was incredibly helpful and responsive.,Positive,2023-12-05
REV0000967,GM00339,TXN0004188,MENA,Beauty,4,Super happy with my purchase. Fits perfectly.,Positive,2023-04-17
REV0000968,GM04847,TXN0056430,Southeast Asia,Fashion,4,Absolutely love this product! Exceeded my expectations.,Positive,2023-09-01
REV0000969,GM00838,TXN0009988,Europe,Sports,5,Great value for money. Highly recommend to everyone.,Positive,2023-08-15
REV0000970,GM02796,TXN0032617,North America,Fashion,5,Absolutely love this product! Exceeded my expectations.,Positive,2022-10-13
REV0000971,GM03615,TXN0042192,Europe,Food & Grocery,4,Fast delivery and excellent quality. Will buy again.,Positive,2023-08-20
REV0000972,GM02897,TXN0033898,MENA,Home & Garden,4,Customer service was incredibly helpful and responsive.,Positive,2023-08-09
REV0000973,GM00160,TXN0001857,North America,Food & Grocery,5,Super happy with my purchase. Fits perfectly.,Positive,2023-08-24
REV0000974,GM03517,TXN0041075,Central Asia,Food & Grocery,5,Fast delivery and excellent quality. Will buy again.,Positive,2023-06-22
REV0000975,GM02148,TXN0025137,Europe,Home & Garden,4,Super happy with my purchase. Fits perfectly.,Positive,2024-02-15
REV0000976,GM00259,TXN0003190,North America,Home & Garden,4,Perfect experience from browsing to delivery. 5 stars.,Positive,2023-06-14
REV0000977,GM00701,TXN0008351,MENA,Home & Garden,5,Super happy with my purchase. Fits perfectly.,Positive,2022-08-01
REV0000978,GM01842,TXN0021362,MENA,Electronics,5,Perfect experience from browsing to delivery. 5 stars.,Positive,2023-03-11
REV0000979,GM01184,TXN0013934,Southeast Asia,Home & Garden,4,Super happy with my purchase. Fits perfectly.,Positive,2023-04-29
REV0000980,GM04041,TXN0047052,Southeast Asia,Electronics,4,Perfect experience from browsing to delivery. 5 stars.,Positive,2024-06-01
REV0000981,GM01696,TXN0019663,Central Asia,Beauty,2,Terrible customer service. Waited 3 weeks for a response.,Negative,2024-06-15
REV0000982,GM02993,TXN0035156,North America,Sports,5,The product quality is outstanding and durable.,Positive,2023-02-04
REV0000983,GM00456,TXN0005538,MENA,Sports,5,Perfect experience from browsing to delivery. 5 stars.,Positive,2022-02-02
REV0000984,GM02376,TXN0027889,Europe,Sports,4,The product quality is outstanding and durable.,Positive,2022-06-06
REV0000985,GM00667,TXN0007965,Europe,Fashion,4,The product quality is outstanding and durable.,Positive,2023-05-05
REV0000986,GM03003,TXN0035267,Europe,Food & Grocery,4,Fast delivery and excellent quality. Will buy again.,Positive,2022-04-10
REV0000987,GM00760,TXN0009062,North America,Sports,1,Terrible customer service. Waited 3 weeks for a response.,Negative,2024-05-27
REV0000988,GM00396,TXN0004884,Southeast Asia,Fashion,2,Would not recommend. Waste of money.,Negative,2022-10-21
REV0000989,GM04745,TXN0055168,Europe,Home & Garden,3,It arrived on time. Product is acceptable.,Neutral,2023-02-07
REV0000990,GM03264,TXN0038120,Central Asia,Food & Grocery,5,Absolutely love this product! Exceeded my expectations.,Positive,2022-12-11
REV0000991,GM00103,TXN0001222,Europe,Home & Garden,4,The product quality is outstanding and durable.,Positive,2022-07-05
REV0000992,GM00589,TXN0006958,Europe,Food & Grocery,3,It arrived on time. Product is acceptable.,Neutral,2022-07-26
REV0000993,GM02294,TXN0026970,MENA,Fashion,5,Super happy with my purchase. Fits perfectly.,Positive,2022-10-30
REV0000994,GM04722,TXN0054831,Central Asia,Electronics,3,Decent product. Does what it says. Nothing special.,Neutral,2023-08-10
REV0000995,GM02986,TXN0035065,Southeast Asia,Beauty,4,Absolutely love this product! Exceeded my expectations.,Positive,2023-06-02
REV0000996,GM01274,TXN0014977,Central Asia,Home & Garden,5,Fast delivery and excellent quality. Will buy again.,Positive,2023-06-09
REV0000997,GM02108,TXN0024494,Southeast Asia,Sports,1,Delivery was extremely late and packaging was damaged.,Negative,2022-12-21
REV0000998,GM00614,TXN0007259,Central Asia,Food & Grocery,1,Delivery was extremely late and packaging was damaged.,Negative,2022-07-13
REV0000999,GM00440,TXN0005346,Central Asia,Home & Garden,4,Perfect experience from browsing to delivery. 5 stars.,Positive,2022-03-14
REV0001000,GM02896,TXN0033875,Southeast Asia,Electronics,5,Great value for money. Highly recommend to everyone.,Positive,2024-01-09
REV0001001,GM01998,TXN0023282,Central Asia,Sports,5,Perfect experience from browsing to delivery. 5 stars.,Positive,2023-01-26
REV0001002,GM01266,TXN0014903,Central Asia,Beauty,5,The product quality is outstanding and durable.,Positive,2023-10-23
REV0001003,GM02840,TXN0033191,MENA,Beauty,3,Works fine. Packaging could be improved.,Neutral,2023-04-29
REV0001004,GM02442,TXN0028681,MENA,Sports,3,Average quality. Okay for the price.,Neutral,2022-10-18
REV0001005,GM03965,TXN0046196,Central Asia,Sports,5,Perfect experience from browsing to delivery. 5 stars.,Positive,2022-11-09
REV0001006,GM03267,TXN0038162,MENA,Food & Grocery,5,The product quality is outstanding and durable.,Positive,2024-06-14
REV0001007,GM03542,TXN0041371,North America,Food & Grocery,4,The product quality is outstanding and durable.,Positive,2022-06-25
REV0001008,GM04593,TXN0053266,MENA,Fashion,5,Perfect experience from browsing to delivery. 5 stars.,Positive,2024-04-26
REV0001009,GM04679,TXN0054352,North America,Food & Grocery,2,Delivery was extremely late and packaging was damaged.,Negative,2024-03-18
REV0001010,GM02756,TXN0032128,Europe,Food & Grocery,5,Great value for money. Highly recommend to everyone.,Positive,2022-02-05
REV0001011,GM03265,TXN0038149,North America,Sports,2,Terrible customer service. Waited 3 weeks for a response.,Negative,2022-08-13
REV0001012,GM04952,TXN0057690,Central Asia,Fashion,1,Would not recommend. Waste of money.,Negative,2022-04-29
REV0001013,GM00899,TXN0010736,Central Asia,Beauty,4,Super happy with my purchase. Fits perfectly.,Positive,2022-09-11
REV0001014,GM00483,TXN0005867,MENA,Electronics,4,Perfect experience from browsing to delivery. 5 stars.,Positive,2023-04-27
REV0001015,GM00986,TXN0011772,MENA,Beauty,4,Absolutely love this product! Exceeded my expectations.,Positive,2023-05-14
REV0001016,GM01387,TXN0016355,North America,Fashion,5,Great value for money. Highly recommend to everyone.,Positive,2023-06-08
REV0001017,GM03833,TXN0044602,North America,Electronics,1,Delivery was extremely late and packaging was damaged.,Negative,2023-11-30
REV0001018,GM00653,TXN0007802,North America,Sports,4,Perfect experience from browsing to delivery. 5 stars.,Positive,2024-03-21
REV0001019,GM01479,TXN0017397,North America,Home & Garden,5,The product quality is outstanding and durable.,Positive,2022-09-16
REV0001020,GM02282,TXN0026821,Europe,Food & Grocery,3,It arrived on time. Product is acceptable.,Neutral,2023-10-25
REV0001021,GM00752,TXN0008971,Southeast Asia,Electronics,5,Customer service was incredibly helpful and responsive.,Positive,2023-03-12
REV0001022,GM00121,TXN0001415,North America,Food & Grocery,5,The product quality is outstanding and durable.,Positive,2022-04-23
REV0001023,GM04795,TXN0055760,Europe,Electronics,4,Absolutely love this product! Exceeded my expectations.,Positive,2023-11-28
REV0001024,GM03962,TXN0046106,MENA,Home & Garden,5,Absolutely love this product! Exceeded my expectations.,Positive,2022-12-22
REV0001025,GM01470,TXN0017279,North America,Fashion,5,Customer service was incredibly helpful and responsive.,Positive,2023-08-07
REV0001026,GM02148,TXN0025141,Europe,Fashion,5,The product quality is outstanding and durable.,Positive,2023-07-31
REV0001027,GM00432,TXN0005229,North America,Home & Garden,5,Great value for money. Highly recommend to everyone.,Positive,2023-10-27
REV0001028,GM04210,TXN0048940,Central Asia,Electronics,4,Super happy with my purchase. Fits perfectly.,Positive,2023-09-02
REV0001029,GM00754,TXN0009011,Europe,Sports,5,Perfect experience from browsing to delivery. 5 stars.,Positive,2022-12-18
REV0001030,GM00630,TXN0007415,Europe,Food & Grocery,5,Customer service was incredibly helpful and responsive.,Positive,2022-03-16
REV0001031,GM00794,TXN0009460,North America,Fashion,5,The product quality is outstanding and durable.,Positive,2023-04-21
REV0001032,GM02157,TXN0025293,Europe,Home & Garden,4,Super happy with my purchase. Fits perfectly.,Positive,2024-01-16
REV0001033,GM00549,TXN0006484,MENA,Sports,5,Great value for money. Highly recommend to everyone.,Positive,2023-05-03
REV0001034,GM02945,TXN0034533,North America,Home & Garden,5,Great value for money. Highly recommend to everyone.,Positive,2022-11-30
REV0001035,GM00240,TXN0002966,Europe,Food & Grocery,4,Great value for money. Highly recommend to everyone.,Positive,2024-02-14
REV0001036,GM01818,TXN0021145,North America,Home & Garden,4,Great value for money. Highly recommend to everyone.,Positive,2023-04-16
REV0001037,GM03254,TXN0038038,Central Asia,Food & Grocery,3,Decent product. Does what it says. Nothing special.,Neutral,2023-02-21
REV0001038,GM00585,TXN0006914,North America,Sports,5,Great value for money. Highly recommend to everyone.,Positive,2024-02-15
REV0001039,GM01229,TXN0014449,Southeast Asia,Electronics,3,Works fine. Packaging could be improved.,Neutral,2022-03-12
REV0001040,GM02615,TXN0030607,Europe,Beauty,5,Perfect experience from browsing to delivery. 5 stars.,Positive,2024-05-12
REV0001041,GM01775,TXN0020624,North America,Sports,4,Perfect experience from browsing to delivery. 5 stars.,Positive,2022-05-25
REV0001042,GM02797,TXN0032630,Central Asia,Beauty,3,Average quality. Okay for the price.,Neutral,2023-02-02
REV0001043,GM01609,TXN0018847,Europe,Food & Grocery,2,Product stopped working after a few days. Very frustrating.,Negative,2023-06-28
REV0001044,GM02756,TXN0032135,Europe,Beauty,1,Product stopped working after a few days. Very frustrating.,Negative,2022-08-28
REV0001045,GM03110,TXN0036465,North America,Home & Garden,5,Customer service was incredibly helpful and responsive.,Positive,2024-05-23
REV0001046,GM02120,TXN0024713,Southeast Asia,Electronics,5,Super happy with my purchase. Fits perfectly.,Positive,2023-09-09
REV0001047,GM00421,TXN0005135,North America,Beauty,4,Fast delivery and excellent quality. Will buy again.,Positive,2024-05-20
REV0001048,GM00510,TXN0006050,North America,Food & Grocery,3,Works fine. Packaging could be improved.,Neutral,2022-12-20
REV0001049,GM01449,TXN0017018,Southeast Asia,Food & Grocery,4,Great value for money. Highly recommend to everyone.,Positive,2024-05-22
REV0001050,GM00337,TXN0004163,Southeast Asia,Food & Grocery,3,Average quality. Okay for the price.,Neutral,2022-01-09
REV0001051,GM01814,TXN0021083,Central Asia,Sports,3,It arrived on time. Product is acceptable.,Neutral,2022-09-08
REV0001052,GM01191,TXN0014007,Central Asia,Food & Grocery,4,Customer service was incredibly helpful and responsive.,Positive,2022-03-04
REV0001053,GM01026,TXN0012112,MENA,Beauty,4,Absolutely love this product! Exceeded my expectations.,Positive,2022-04-10
REV0001054,GM01993,TXN0023188,North America,Fashion,5,The product quality is outstanding and durable.,Positive,2022-03-16
REV0001055,GM01592,TXN0018634,Southeast Asia,Sports,4,Absolutely love this product! Exceeded my expectations.,Positive,2023-10-20
REV0001056,GM01826,TXN0021219,MENA,Food & Grocery,5,Super happy with my purchase. Fits perfectly.,Positive,2023-08-07
REV0001057,GM02873,TXN0033612,Southeast Asia,Sports,4,Absolutely love this product! Exceeded my expectations.,Positive,2022-09-29
REV0001058,GM03623,TXN0042276,Europe,Home & Garden,2,Very disappointed. The product broke after one week.,Negative,2024-04-22
REV0001059,GM03970,TXN0046243,MENA,Food & Grocery,5,Perfect experience from browsing to delivery. 5 stars.,Positive,2024-01-12
REV0001060,GM01408,TXN0016602,North America,Fashion,5,Absolutely love this product! Exceeded my expectations.,Positive,2023-10-13
REV0001061,GM03728,TXN0043644,Central Asia,Beauty,5,Customer service was incredibly helpful and responsive.,Positive,2023-08-29
REV0001062,GM00778,TXN0009282,North America,Fashion,4,Absolutely love this product! Exceeded my expectations.,Positive,2024-05-16
REV0001063,GM04740,TXN0055063,North America,Electronics,4,The product quality is outstanding and durable.,Positive,2022-12-26
REV0001064,GM02492,TXN0029221,Europe,Fashion,2,Delivery was extremely late and packaging was damaged.,Negative,2022-07-21
REV0001065,GM03061,TXN0035974,Europe,Beauty,5,Great value for money. Highly recommend to everyone.,Positive,2022-06-02
REV0001066,GM00017,TXN0000213,Europe,Sports,4,Fast delivery and excellent quality. Will buy again.,Positive,2023-01-21
REV0001067,GM01232,TXN0014494,Europe,Sports,4,The product quality is outstanding and durable.,Positive,2022-02-28
REV0001068,GM01180,TXN0013872,MENA,Beauty,5,Great value for money. Highly recommend to everyone.,Positive,2023-10-16
REV0001069,GM03456,TXN0040361,Europe,Beauty,5,Great value for money. Highly recommend to everyone.,Positive,2022-03-06
REV0001070,GM00231,TXN0002908,North America,Fashion,4,Fast delivery and excellent quality. Will buy again.,Positive,2024-01-09
REV0001071,GM04500,TXN0052168,MENA,Fashion,4,Absolutely love this product! Exceeded my expectations.,Positive,2022-09-26
REV0001072,GM02076,TXN0024140,Southeast Asia,Electronics,2,Very disappointed. The product broke after one week.,Negative,2024-01-24
REV0001073,GM01918,TXN0022200,North America,Home & Garden,1,Would not recommend. Waste of money.,Negative,2022-01-16
REV0001074,GM04474,TXN0051846,Europe,Food & Grocery,3,Decent product. Does what it says. Nothing special.,Neutral,2022-11-27
REV0001075,GM01070,TXN0012592,Europe,Sports,5,Absolutely love this product! Exceeded my expectations.,Positive,2023-06-22
REV0001076,GM00744,TXN0008887,MENA,Fashion,2,Would not recommend. Waste of money.,Negative,2022-04-27
REV0001077,GM04994,TXN0058201,North America,Electronics,3,Average quality. Okay for the price.,Neutral,2023-02-01
REV0001078,GM02911,TXN0034117,Europe,Electronics,3,Works fine. Packaging could be improved.,Neutral,2023-10-14
REV0001079,GM00099,TXN0001176,Central Asia,Home & Garden,5,The product quality is outstanding and durable.,Positive,2024-02-13
REV0001080,GM00712,TXN0008507,North America,Food & Grocery,5,Absolutely love this product! Exceeded my expectations.,Positive,2023-06-28
REV0001081,GM03061,TXN0035980,Europe,Electronics,4,The product quality is outstanding and durable.,Positive,2022-10-14
REV0001082,GM04674,TXN0054321,Central Asia,Sports,5,Absolutely love this product! Exceeded my expectations.,Positive,2023-11-27
REV0001083,GM00634,TXN0007488,MENA,Beauty,5,Absolutely love this product! Exceeded my expectations.,Positive,2022-05-20
REV0001084,GM03956,TXN0046054,Southeast Asia,Electronics,5,Super happy with my purchase. Fits perfectly.,Positive,2023-10-20
REV0001085,GM01768,TXN0020547,MENA,Electronics,4,Customer service was incredibly helpful and responsive.,Positive,2024-02-16
REV0001086,GM04494,TXN0052089,North America,Sports,4,Fast delivery and excellent quality. Will buy again.,Positive,2023-04-12
REV0001087,GM04299,TXN0049973,MENA,Food & Grocery,5,Perfect experience from browsing to delivery. 5 stars.,Positive,2022-01-17
REV0001088,GM04691,TXN0054507,Europe,Beauty,5,The product quality is outstanding and durable.,Positive,2022-09-14
REV0001089,GM04855,TXN0056497,North America,Food & Grocery,5,Super happy with my purchase. Fits perfectly.,Positive,2023-02-04
REV0001090,GM03877,TXN0045208,Europe,Beauty,5,The product quality is outstanding and durable.,Positive,2023-08-20
REV0001091,GM02805,TXN0032714,MENA,Sports,5,Customer service was incredibly helpful and responsive.,Positive,2024-03-09
REV0001092,GM04721,TXN0054809,Europe,Beauty,3,Average quality. Okay for the price.,Neutral,2022-03-30
REV0001093,GM03965,TXN0046199,Central Asia,Beauty,5,Absolutely love this product! Exceeded my expectations.,Positive,2022-05-21
REV0001094,GM01370,TXN0016181,Europe,Food & Grocery,5,The product quality is outstanding and durable.,Positive,2022-12-31
REV0001095,GM02602,TXN0030505,Central Asia,Electronics,2,Terrible customer service. Waited 3 weeks for a response.,Negative,2023-01-08
REV0001096,GM00577,TXN0006822,Europe,Beauty,3,It arrived on time. Product is acceptable.,Neutral,2023-05-20
REV0001097,GM02597,TXN0030453,Europe,Home & Garden,5,Great value for money. Highly recommend to everyone.,Positive,2022-10-19
REV0001098,GM00503,TXN0005990,Europe,Beauty,4,Perfect experience from browsing to delivery. 5 stars.,Positive,2023-09-01
REV0001099,GM01627,TXN0019028,Europe,Electronics,2,Product stopped working after a few days. Very frustrating.,Negative,2023-01-05
REV0001100,GM00424,TXN0005158,MENA,Food & Grocery,4,Absolutely love this product! Exceeded my expectations.,Positive,2023-09-15
REV0001101,GM01697,TXN0019673,Central Asia,Sports,4,The product quality is outstanding and durable.,Positive,2022-11-01
REV0001102,GM02358,TXN0027635,Central Asia,Beauty,4,Perfect experience from browsing to delivery. 5 stars.,Positive,2022-02-11
REV0001103,GM00930,TXN0011066,Europe,Sports,5,Great value for money. Highly recommend to everyone.,Positive,2023-06-30
REV0001104,GM03628,TXN0042339,Southeast Asia,Fashion,1,Delivery was extremely late and packaging was damaged.,Negative,2022-03-27
REV0001105,GM00114,TXN0001335,North America,Beauty,5,The product quality is outstanding and durable.,Positive,2022-04-17
REV0001106,GM03704,TXN0043291,North America,Beauty,5,The product quality is outstanding and durable.,Positive,2023-03-14
REV0001107,GM01666,TXN0019365,Southeast Asia,Electronics,5,Super happy with my purchase. Fits perfectly.,Positive,2022-12-03
REV0001108,GM01882,TXN0021780,Southeast Asia,Food & Grocery,5,Super happy with my purchase. Fits perfectly.,Positive,2023-03-26
REV0001109,GM03724,TXN0043572,Europe,Food & Grocery,4,Great value for money. Highly recommend to everyone.,Positive,2023-02-19
REV0001110,GM03042,TXN0035705,Southeast Asia,Fashion,2,Not as described. Poor quality material. Returning it.,Negative,2023-08-13
REV0001111,GM01605,TXN0018798,Central Asia,Electronics,5,Fast delivery and excellent quality. Will buy again.,Positive,2023-04-13
REV0001112,GM02832,TXN0033120,North America,Fashion,3,Decent product. Does what it says. Nothing special.,Neutral,2022-10-11
REV0001113,GM02813,TXN0032869,North America,Fashion,2,Not as described. Poor quality material. Returning it.,Negative,2023-11-16
REV0001114,GM03039,TXN0035680,Central Asia,Electronics,4,Super happy with my purchase. Fits perfectly.,Positive,2023-02-21
REV0001115,GM03319,TXN0038796,North America,Sports,5,Absolutely love this product! Exceeded my expectations.,Positive,2023-06-13
REV0001116,GM02330,TXN0027353,Central Asia,Sports,5,Perfect experience from browsing to delivery. 5 stars.,Positive,2022-04-29
REV0001117,GM00224,TXN0002778,Europe,Beauty,5,Perfect experience from browsing to delivery. 5 stars.,Positive,2022-01-29
REV0001118,GM03550,TXN0041462,North America,Beauty,2,Not as described. Poor quality material. Returning it.,Negative,2024-03-11
REV0001119,GM02497,TXN0029279,North America,Fashion,5,Absolutely love this product! Exceeded my expectations.,Positive,2022-02-03
REV0001120,GM03748,TXN0043840,MENA,Electronics,3,It arrived on time. Product is acceptable.,Neutral,2023-07-15
REV0001121,GM02172,TXN0025487,Central Asia,Fashion,4,Super happy with my purchase. Fits perfectly.,Positive,2022-04-06
REV0001122,GM01623,TXN0018999,North America,Home & Garden,5,Great value for money. Highly recommend to everyone.,Positive,2023-04-16
REV0001123,GM02044,TXN0023748,Central Asia,Sports,4,Fast delivery and excellent quality. Will buy again.,Positive,2022-10-23
REV0001124,GM02188,TXN0025697,North America,Fashion,5,Perfect experience from browsing to delivery. 5 stars.,Positive,2023-05-10
REV0001125,GM02879,TXN0033693,North America,Home & Garden,5,Absolutely love this product! Exceeded my expectations.,Positive,2024-05-16
REV0001126,GM00379,TXN0004730,North America,Fashion,4,Perfect experience from browsing to delivery. 5 stars.,Positive,2024-05-15
REV0001127,GM03161,TXN0037058,MENA,Beauty,1,Terrible customer service. Waited 3 weeks for a response.,Negative,2022-03-09
REV0001128,GM04993,TXN0058186,Europe,Electronics,4,Customer service was incredibly helpful and responsive.,Positive,2022-05-19
REV0001129,GM03231,TXN0037763,MENA,Beauty,4,Perfect experience from browsing to delivery. 5 stars.,Positive,2024-02-17
REV0001130,GM01535,TXN0017996,MENA,Fashion,5,Fast delivery and excellent quality. Will buy again.,Positive,2023-07-01
REV0001131,GM00607,TXN0007181,Europe,Fashion,5,The product quality is outstanding and durable.,Positive,2022-03-06
REV0001132,GM00162,TXN0001880,North America,Home & Garden,4,Perfect experience from browsing to delivery. 5 stars.,Positive,2022-06-25
REV0001133,GM02385,TXN0028000,Europe,Sports,4,Absolutely love this product! Exceeded my expectations.,Positive,2023-07-09
REV0001134,GM04632,TXN0053808,Europe,Sports,5,Fast delivery and excellent quality. Will buy again.,Positive,2023-04-16
REV0001135,GM04457,TXN0051679,North America,Fashion,3,Works fine. Packaging could be improved.,Neutral,2023-03-19
REV0001136,GM03914,TXN0045607,Southeast Asia,Fashion,4,Super happy with my purchase. Fits perfectly.,Positive,2023-07-09
REV0001137,GM02926,TXN0034292,Southeast Asia,Beauty,4,Perfect experience from browsing to delivery. 5 stars.,Positive,2022-12-12
REV0001138,GM01566,TXN0018383,MENA,Beauty,3,Average quality. Okay for the price.,Neutral,2024-04-19
REV0001139,GM01273,TXN0014967,North America,Beauty,4,Customer service was incredibly helpful and responsive.,Positive,2023-08-16
REV0001140,GM04027,TXN0046875,MENA,Food & Grocery,4,The product quality is outstanding and durable.,Positive,2023-04-03
REV0001141,GM02266,TXN0026600,North America,Sports,4,Absolutely love this product! Exceeded my expectations.,Positive,2022-12-08
REV0001142,GM00349,TXN0004348,MENA,Home & Garden,4,Perfect experience from browsing to delivery. 5 stars.,Positive,2023-04-28
REV0001143,GM00374,TXN0004679,North America,Food & Grocery,4,The product quality is outstanding and durable.,Positive,2023-05-02
REV0001144,GM02628,TXN0030745,North America,Electronics,3,It arrived on time. Product is acceptable.,Neutral,2023-02-03
REV0001145,GM04528,TXN0052546,Southeast Asia,Fashion,5,Absolutely love this product! Exceeded my expectations.,Positive,2022-11-07
REV0001146,GM00405,TXN0004977,Europe,Fashion,5,Absolutely love this product! Exceeded my expectations.,Positive,2023-05-18
REV0001147,GM00909,TXN0010854,Europe,Beauty,3,Decent product. Does what it says. Nothing special.,Neutral,2022-03-24
REV0001148,GM03288,TXN0038432,North America,Sports,5,Absolutely love this product! Exceeded my expectations.,Positive,2022-02-14
REV0001149,GM00461,TXN0005638,Central Asia,Electronics,3,Works fine. Packaging could be improved.,Neutral,2024-03-17
REV0001150,GM00447,TXN0005429,Southeast Asia,Fashion,5,The product quality is outstanding and durable.,Positive,2022-09-08
REV0001151,GM02907,TXN0034068,Southeast Asia,Electronics,5,Great value for money. Highly recommend to everyone.,Positive,2023-05-05
REV0001152,GM00643,TXN0007617,Europe,Beauty,4,Super happy with my purchase. Fits perfectly.,Positive,2023-01-05
REV0001153,GM01266,TXN0014895,Central Asia,Sports,4,Perfect experience from browsing to delivery. 5 stars.,Positive,2022-12-20
REV0001154,GM01390,TXN0016410,MENA,Home & Garden,2,Very disappointed. The product broke after one week.,Negative,2023-10-22
REV0001155,GM01556,TXN0018248,Europe,Sports,4,Perfect experience from browsing to delivery. 5 stars.,Positive,2023-09-01
REV0001156,GM01901,TXN0021980,North America,Sports,5,Fast delivery and excellent quality. Will buy again.,Positive,2024-05-07
REV0001157,GM01549,TXN0018173,Central Asia,Food & Grocery,4,The product quality is outstanding and durable.,Positive,2022-06-28
REV0001158,GM01776,TXN0020629,Europe,Sports,5,The product quality is outstanding and durable.,Positive,2022-11-17
REV0001159,GM02434,TXN0028582,Europe,Fashion,5,Absolutely love this product! Exceeded my expectations.,Positive,2023-02-26
REV0001160,GM01800,TXN0020908,Central Asia,Fashion,3,Decent product. Does what it says. Nothing special.,Neutral,2022-07-14
REV0001161,GM04248,TXN0049414,Europe,Food & Grocery,5,The product quality is outstanding and durable.,Positive,2022-09-01
REV0001162,GM02078,TXN0024165,MENA,Electronics,1,Delivery was extremely late and packaging was damaged.,Negative,2023-08-15
REV0001163,GM04950,TXN0057655,North America,Beauty,5,Great value for money. Highly recommend to everyone.,Positive,2024-04-18
REV0001164,GM03516,TXN0041040,Southeast Asia,Fashion,5,Fast delivery and excellent quality. Will buy again.,Positive,2022-04-15
REV0001165,GM02971,TXN0034854,MENA,Food & Grocery,4,The product quality is outstanding and durable.,Positive,2024-05-19
REV0001166,GM02484,TXN0029094,Europe,Sports,1,Not as described. Poor quality material. Returning it.,Negative,2022-01-11
REV0001167,GM04175,TXN0048599,Southeast Asia,Electronics,4,Perfect experience from browsing to delivery. 5 stars.,Positive,2024-05-18
REV0001168,GM03147,TXN0036884,Southeast Asia,Electronics,1,Would not recommend. Waste of money.,Negative,2023-02-03
REV0001169,GM00373,TXN0004658,Central Asia,Electronics,5,Absolutely love this product! Exceeded my expectations.,Positive,2023-07-12
REV0001170,GM04285,TXN0049834,North America,Electronics,5,Customer service was incredibly helpful and responsive.,Positive,2022-05-27
REV0001171,GM02909,TXN0034084,Europe,Beauty,5,The product quality is outstanding and durable.,Positive,2022-03-06
REV0001172,GM00670,TXN0008021,Europe,Fashion,5,Super happy with my purchase. Fits perfectly.,Positive,2022-05-03
REV0001173,GM00307,TXN0003790,MENA,Fashion,5,Perfect experience from browsing to delivery. 5 stars.,Positive,2024-01-10
REV0001174,GM01198,TXN0014104,Southeast Asia,Sports,4,Perfect experience from browsing to delivery. 5 stars.,Positive,2023-08-25
REV0001175,GM04239,TXN0049268,North America,Fashion,4,Perfect experience from browsing to delivery. 5 stars.,Positive,2023-09-22
REV0001176,GM02128,TXN0024840,Europe,Home & Garden,3,"Not bad, not great. Expected better for the price.",Neutral,2023-09-01
REV0001177,GM02400,TXN0028204,North America,Home & Garden,5,Super happy with my purchase. Fits perfectly.,Positive,2022-10-05
REV0001178,GM02010,TXN0023414,MENA,Electronics,4,The product quality is outstanding and durable.,Positive,2022-12-30
REV0001179,GM03157,TXN0037015,Southeast Asia,Sports,5,Super happy with my purchase. Fits perfectly.,Positive,2024-05-02
REV0001180,GM04291,TXN0049916,MENA,Food & Grocery,5,Super happy with my purchase. Fits perfectly.,Positive,2023-05-25
REV0001181,GM01718,TXN0019909,North America,Electronics,4,Super happy with my purchase. Fits perfectly.,Positive,2022-01-30
REV0001182,GM01756,TXN0020386,North America,Electronics,5,Absolutely love this product! Exceeded my expectations.,Positive,2024-02-19
REV0001183,GM03058,TXN0035914,Central Asia,Electronics,3,Works fine. Packaging could be improved.,Neutral,2023-03-30
REV0001184,GM01185,TXN0013944,Central Asia,Electronics,4,Fast delivery and excellent quality. Will buy again.,Positive,2022-03-25
REV0001185,GM04475,TXN0051863,North America,Sports,5,Absolutely love this product! Exceeded my expectations.,Positive,2022-11-02
REV0001186,GM02003,TXN0023347,Southeast Asia,Food & Grocery,3,"Not bad, not great. Expected better for the price.",Neutral,2023-01-21
REV0001187,GM01668,TXN0019387,Southeast Asia,Food & Grocery,3,"Not bad, not great. Expected better for the price.",Neutral,2023-09-30
REV0001188,GM01390,TXN0016392,MENA,Beauty,4,Absolutely love this product! Exceeded my expectations.,Positive,2024-05-01
REV0001189,GM00033,TXN0000432,Central Asia,Food & Grocery,5,Customer service was incredibly helpful and responsive.,Positive,2023-05-16
REV0001190,GM01300,TXN0015308,North America,Beauty,5,Customer service was incredibly helpful and responsive.,Positive,2023-07-02
REV0001191,GM04429,TXN0051457,Europe,Food & Grocery,5,Great value for money. Highly recommend to everyone.,Positive,2023-10-16
REV0001192,GM02131,TXN0024877,Europe,Sports,3,It arrived on time. Product is acceptable.,Neutral,2023-09-03
REV0001193,GM00989,TXN0011790,Europe,Home & Garden,5,The product quality is outstanding and durable.,Positive,2024-05-26
REV0001194,GM01265,TXN0014859,Central Asia,Sports,4,Great value for money. Highly recommend to everyone.,Positive,2022-05-30
REV0001195,GM01666,TXN0019369,Southeast Asia,Home & Garden,4,Perfect experience from browsing to delivery. 5 stars.,Positive,2022-11-05
REV0001196,GM03137,TXN0036790,North America,Food & Grocery,5,Absolutely love this product! Exceeded my expectations.,Positive,2023-03-27
REV0001197,GM00290,TXN0003565,North America,Electronics,3,Decent product. Does what it says. Nothing special.,Neutral,2023-04-09
REV0001198,GM01328,TXN0015627,North America,Home & Garden,5,Great value for money. Highly recommend to everyone.,Positive,2023-12-15
REV0001199,GM03398,TXN0039752,North America,Food & Grocery,2,Would not recommend. Waste of money.,Negative,2024-03-12
REV0001200,GM01949,TXN0022640,Europe,Beauty,2,Not as described. Poor quality material. Returning it.,Negative,2023-04-20
REV0001201,GM03188,TXN0037326,Europe,Home & Garden,4,Absolutely love this product! Exceeded my expectations.,Positive,2022-05-22
REV0001202,GM02145,TXN0025068,MENA,Electronics,5,Super happy with my purchase. Fits perfectly.,Positive,2022-04-19
REV0001203,GM01995,TXN0023240,North America,Food & Grocery,5,Perfect experience from browsing to delivery. 5 stars.,Positive,2024-05-20
REV0001204,GM00869,TXN0010332,Southeast Asia,Food & Grocery,2,Not as described. Poor quality material. Returning it.,Negative,2023-01-29
REV0001205,GM01609,TXN0018850,Europe,Home & Garden,5,The product quality is outstanding and durable.,Positive,2022-04-20
REV0001206,GM01522,TXN0017835,Southeast Asia,Fashion,4,Fast delivery and excellent quality. Will buy again.,Positive,2023-03-22
REV0001207,GM04669,TXN0054276,North America,Sports,5,Fast delivery and excellent quality. Will buy again.,Positive,2024-05-14
REV0001208,GM02773,TXN0032385,North America,Fashion,4,Customer service was incredibly helpful and responsive.,Positive,2023-12-19
REV0001209,GM01771,TXN0020586,MENA,Home & Garden,5,Absolutely love this product! Exceeded my expectations.,Positive,2023-04-03
REV0001210,GM02127,TXN0024823,North America,Electronics,3,"Not bad, not great. Expected better for the price.",Neutral,2024-02-29
REV0001211,GM01036,TXN0012234,North America,Home & Garden,5,The product quality is outstanding and durable.,Positive,2022-04-09
REV0001212,GM03188,TXN0037301,Europe,Beauty,4,Fast delivery and excellent quality. Will buy again.,Positive,2023-06-26
REV0001213,GM02834,TXN0033151,Europe,Fashion,3,It arrived on time. Product is acceptable.,Neutral,2023-05-02
REV0001214,GM04443,TXN0051570,Europe,Food & Grocery,4,The product quality is outstanding and durable.,Positive,2023-03-10
REV0001215,GM04660,TXN0054161,North America,Electronics,4,Perfect experience from browsing to delivery. 5 stars.,Positive,2024-04-28
REV0001216,GM01511,TXN0017708,North America,Electronics,1,Very disappointed. The product broke after one week.,Negative,2023-05-15
REV0001217,GM03681,TXN0043026,North America,Electronics,5,The product quality is outstanding and durable.,Positive,2022-08-02
REV0001218,GM01531,TXN0017941,Europe,Sports,1,Product stopped working after a few days. Very frustrating.,Negative,2022-06-25
REV0001219,GM00607,TXN0007176,Europe,Home & Garden,4,Great value for money. Highly recommend to everyone.,Positive,2022-08-11
REV0001220,GM03962,TXN0046104,MENA,Sports,1,Delivery was extremely late and packaging was damaged.,Negative,2022-03-11
REV0001221,GM02175,TXN0025544,Europe,Sports,4,Absolutely love this product! Exceeded my expectations.,Positive,2022-05-05
REV0001222,GM04315,TXN0050097,Southeast Asia,Sports,1,Product stopped working after a few days. Very frustrating.,Negative,2022-10-17
REV0001223,GM00387,TXN0004789,Europe,Electronics,1,Delivery was extremely late and packaging was damaged.,Negative,2023-05-07
REV0001224,GM03863,TXN0044955,MENA,Food & Grocery,4,The product quality is outstanding and durable.,Positive,2023-09-19
REV0001225,GM02277,TXN0026745,North America,Beauty,4,Fast delivery and excellent quality. Will buy again.,Positive,2022-11-27
REV0001226,GM04441,TXN0051548,Southeast Asia,Beauty,3,Average quality. Okay for the price.,Neutral,2023-11-27
REV0001227,GM02466,TXN0028935,Europe,Sports,5,Absolutely love this product! Exceeded my expectations.,Positive,2024-01-29
REV0001228,GM01137,TXN0013392,Southeast Asia,Sports,3,Average quality. Okay for the price.,Neutral,2024-02-18
REV0001229,GM00524,TXN0006200,North America,Electronics,5,Absolutely love this product! Exceeded my expectations.,Positive,2023-09-17
REV0001230,GM04553,TXN0052821,Europe,Electronics,4,The product quality is outstanding and durable.,Positive,2022-05-09
REV0001231,GM01449,TXN0017009,Southeast Asia,Sports,5,Customer service was incredibly helpful and responsive.,Positive,2023-07-03
REV0001232,GM04405,TXN0051231,Southeast Asia,Food & Grocery,4,Fast delivery and excellent quality. Will buy again.,Positive,2022-05-06
REV0001233,GM00948,TXN0011251,Southeast Asia,Sports,2,Delivery was extremely late and packaging was damaged.,Negative,2023-07-04
REV0001234,GM04817,TXN0056070,Southeast Asia,Food & Grocery,1,Delivery was extremely late and packaging was damaged.,Negative,2022-09-09
REV0001235,GM00176,TXN0002102,Europe,Sports,4,Absolutely love this product! Exceeded my expectations.,Positive,2023-05-09
REV0001236,GM04561,TXN0052919,North America,Food & Grocery,5,Super happy with my purchase. Fits perfectly.,Positive,2023-02-09
REV0001237,GM04896,TXN0056955,Central Asia,Electronics,1,Would not recommend. Waste of money.,Negative,2022-04-03
REV0001238,GM01138,TXN0013397,MENA,Beauty,3,It arrived on time. Product is acceptable.,Neutral,2022-10-30
REV0001239,GM00470,TXN0005719,Southeast Asia,Food & Grocery,3,"Not bad, not great. Expected better for the price.",Neutral,2024-03-30
REV0001240,GM03710,TXN0043397,Southeast Asia,Beauty,4,Customer service was incredibly helpful and responsive.,Positive,2024-05-14
REV0001241,GM04738,TXN0055043,Europe,Food & Grocery,4,Super happy with my purchase. Fits perfectly.,Positive,2024-04-23
REV0001242,GM02333,TXN0027376,North America,Food & Grocery,1,Delivery was extremely late and packaging was damaged.,Negative,2023-10-30
REV0001243,GM02356,TXN0027615,Europe,Food & Grocery,4,Absolutely love this product! Exceeded my expectations.,Positive,2023-10-19
REV0001244,GM01681,TXN0019502,Europe,Electronics,5,Absolutely love this product! Exceeded my expectations.,Positive,2022-09-16
REV0001245,GM02995,TXN0035174,Europe,Home & Garden,1,Not as described. Poor quality material. Returning it.,Negative,2023-12-10
REV0001246,GM04992,TXN0058178,North America,Sports,4,Absolutely love this product! Exceeded my expectations.,Positive,2023-12-18
REV0001247,GM00213,TXN0002609,North America,Sports,5,Great value for money. Highly recommend to everyone.,Positive,2023-11-08
REV0001248,GM02503,TXN0029358,North America,Electronics,2,Product stopped working after a few days. Very frustrating.,Negative,2022-11-30
REV0001249,GM02925,TXN0034277,MENA,Electronics,5,Absolutely love this product! Exceeded my expectations.,Positive,2023-06-07
REV0001250,GM02266,TXN0026602,North America,Electronics,4,Perfect experience from browsing to delivery. 5 stars.,Positive,2022-03-09
REV0001251,GM02252,TXN0026459,Southeast Asia,Sports,5,Absolutely love this product! Exceeded my expectations.,Positive,2022-07-13
REV0001252,GM02579,TXN0030232,Europe,Food & Grocery,5,Fast delivery and excellent quality. Will buy again.,Positive,2023-11-22
REV0001253,GM03816,TXN0044442,North America,Sports,4,Super happy with my purchase. Fits perfectly.,Positive,2022-08-14
REV0001254,GM03302,TXN0038569,Southeast Asia,Fashion,4,The product quality is outstanding and durable.,Positive,2024-03-16
REV0001255,GM03637,TXN0042464,Southeast Asia,Home & Garden,4,The product quality is outstanding and durable.,Positive,2024-05-10
REV0001256,GM04900,TXN0056990,Southeast Asia,Beauty,4,Customer service was incredibly helpful and responsive.,Positive,2022-11-15
REV0001257,GM00186,TXN0002230,North America,Sports,2,Delivery was extremely late and packaging was damaged.,Negative,2023-07-10
REV0001258,GM00956,TXN0011338,MENA,Sports,1,Product stopped working after a few days. Very frustrating.,Negative,2022-10-15
REV0001259,GM02841,TXN0033228,MENA,Electronics,4,Super happy with my purchase. Fits perfectly.,Positive,2023-10-02
REV0001260,GM02363,TXN0027733,Europe,Home & Garden,4,Super happy with my purchase. Fits perfectly.,Positive,2022-06-28
REV0001261,GM02707,TXN0031649,Europe,Beauty,3,Works fine. Packaging could be improved.,Neutral,2023-03-12
REV0001262,GM01488,TXN0017499,North America,Electronics,3,Average quality. Okay for the price.,Neutral,2024-01-16
REV0001263,GM02075,TXN0024130,Southeast Asia,Home & Garden,1,Product stopped working after a few days. Very frustrating.,Negative,2023-02-28
REV0001264,GM00279,TXN0003468,North America,Food & Grocery,4,Customer service was incredibly helpful and responsive.,Positive,2023-04-06
REV0001265,GM02379,TXN0027922,MENA,Electronics,3,Average quality. Okay for the price.,Neutral,2023-03-14
REV0001266,GM04884,TXN0056853,Europe,Food & Grocery,4,Absolutely love this product! Exceeded my expectations.,Positive,2022-11-06
REV0001267,GM02361,TXN0027682,Central Asia,Food & Grocery,4,Absolutely love this product! Exceeded my expectations.,Positive,2023-05-01
REV0001268,GM01602,TXN0018755,Europe,Electronics,5,The product quality is outstanding and durable.,Positive,2022-06-15
REV0001269,GM01474,TXN0017325,MENA,Beauty,5,Fast delivery and excellent quality. Will buy again.,Positive,2022-04-10
REV0001270,GM03884,TXN0045280,Europe,Food & Grocery,4,Perfect experience from browsing to delivery. 5 stars.,Positive,2022-07-23
REV0001271,GM04435,TXN0051517,Central Asia,Electronics,4,The product quality is outstanding and durable.,Positive,2024-05-05
REV0001272,GM02426,TXN0028498,Southeast Asia,Home & Garden,4,Absolutely love this product! Exceeded my expectations.,Positive,2022-08-22
REV0001273,GM01687,TXN0019598,Southeast Asia,Fashion,2,Delivery was extremely late and packaging was damaged.,Negative,2024-04-30
REV0001274,GM01318,TXN0015484,North America,Sports,3,Works fine. Packaging could be improved.,Neutral,2023-01-03
REV0001275,GM02234,TXN0026277,Southeast Asia,Sports,1,Very disappointed. The product broke after one week.,Negative,2023-09-25
REV0001276,GM01956,TXN0022723,Southeast Asia,Fashion,5,Fast delivery and excellent quality. Will buy again.,Positive,2022-12-25
REV0001277,GM01111,TXN0013130,North America,Food & Grocery,4,The product quality is outstanding and durable.,Positive,2022-08-12
REV0001278,GM00815,TXN0009723,Southeast Asia,Beauty,4,The product quality is outstanding and durable.,Positive,2024-03-07
REV0001279,GM01608,TXN0018818,North America,Fashion,3,Average quality. Okay for the price.,Neutral,2023-08-11
REV0001280,GM01249,TXN0014683,Southeast Asia,Beauty,2,Very disappointed. The product broke after one week.,Negative,2022-04-23
REV0001281,GM03699,TXN0043217,Southeast Asia,Beauty,3,Average quality. Okay for the price.,Neutral,2023-09-07
REV0001282,GM02344,TXN0027479,Europe,Home & Garden,4,The product quality is outstanding and durable.,Positive,2024-01-12
REV0001283,GM04428,TXN0051443,Central Asia,Home & Garden,4,Absolutely love this product! Exceeded my expectations.,Positive,2022-03-22
REV0001284,GM02064,TXN0024039,MENA,Home & Garden,5,Great value for money. Highly recommend to everyone.,Positive,2022-07-26
REV0001285,GM00351,TXN0004375,MENA,Sports,5,Super happy with my purchase. Fits perfectly.,Positive,2023-12-28
REV0001286,GM02481,TXN0029035,Europe,Sports,5,Super happy with my purchase. Fits perfectly.,Positive,2022-03-31
REV0001287,GM00650,TXN0007726,MENA,Fashion,4,Absolutely love this product! Exceeded my expectations.,Positive,2023-01-01
REV0001288,GM00681,TXN0008146,North America,Fashion,5,Perfect experience from browsing to delivery. 5 stars.,Positive,2022-02-26
REV0001289,GM04625,TXN0053669,Southeast Asia,Home & Garden,1,Would not recommend. Waste of money.,Negative,2024-05-29
REV0001290,GM04610,TXN0053482,MENA,Food & Grocery,4,Fast delivery and excellent quality. Will buy again.,Positive,2023-12-29
REV0001291,GM03415,TXN0039960,North America,Sports,4,Super happy with my purchase. Fits perfectly.,Positive,2023-06-16
REV0001292,GM04906,TXN0057042,Europe,Beauty,4,Customer service was incredibly helpful and responsive.,Positive,2022-07-20
REV0001293,GM02002,TXN0023336,Europe,Electronics,4,Absolutely love this product! Exceeded my expectations.,Positive,2023-03-28
REV0001294,GM01961,TXN0022796,Central Asia,Home & Garden,5,Super happy with my purchase. Fits perfectly.,Positive,2022-01-11
REV0001295,GM04916,TXN0057203,Southeast Asia,Sports,4,Super happy with my purchase. Fits perfectly.,Positive,2023-10-13
REV0001296,GM02052,TXN0023862,MENA,Food & Grocery,4,Absolutely love this product! Exceeded my expectations.,Positive,2022-10-30
REV0001297,GM01186,TXN0013965,Southeast Asia,Food & Grocery,3,Decent product. Does what it says. Nothing special.,Neutral,2022-09-20
REV0001298,GM04975,TXN0057997,Europe,Sports,5,Perfect experience from browsing to delivery. 5 stars.,Positive,2022-06-24
REV0001299,GM01724,TXN0020025,Central Asia,Fashion,3,Works fine. Packaging could be improved.,Neutral,2022-04-02
REV0001300,GM00153,TXN0001793,Europe,Fashion,5,Super happy with my purchase. Fits perfectly.,Positive,2023-12-17
REV0001301,GM03313,TXN0038731,North America,Beauty,5,Customer service was incredibly helpful and responsive.,Positive,2023-11-11
REV0001302,GM03128,TXN0036708,Central Asia,Electronics,4,Fast delivery and excellent quality. Will buy again.,Positive,2023-09-29
REV0001303,GM04580,TXN0053157,North America,Food & Grocery,2,Very disappointed. The product broke after one week.,Negative,2023-12-05
REV0001304,GM02601,TXN0030490,North America,Beauty,5,Super happy with my purchase. Fits perfectly.,Positive,2023-04-14
REV0001305,GM00989,TXN0011800,Europe,Sports,3,Average quality. Okay for the price.,Neutral,2023-01-23
REV0001306,GM01056,TXN0012466,Europe,Home & Garden,2,Delivery was extremely late and packaging was damaged.,Negative,2023-05-09
REV0001307,GM03183,TXN0037242,Europe,Fashion,5,Great value for money. Highly recommend to everyone.,Positive,2023-03-15
REV0001308,GM04446,TXN0051587,Southeast Asia,Sports,4,Super happy with my purchase. Fits perfectly.,Positive,2023-09-04
REV0001309,GM00707,TXN0008421,Europe,Home & Garden,4,Super happy with my purchase. Fits perfectly.,Positive,2023-10-17
REV0001310,GM04478,TXN0051906,Europe,Home & Garden,5,The product quality is outstanding and durable.,Positive,2022-08-14
REV0001311,GM03329,TXN0038900,Europe,Food & Grocery,5,The product quality is outstanding and durable.,Positive,2023-03-12
REV0001312,GM04354,TXN0050515,Southeast Asia,Sports,5,Perfect experience from browsing to delivery. 5 stars.,Positive,2022-03-23
REV0001313,GM04335,TXN0050323,MENA,Electronics,5,Great value for money. Highly recommend to everyone.,Positive,2022-11-26
REV0001314,GM04846,TXN0056417,MENA,Food & Grocery,4,Absolutely love this product! Exceeded my expectations.,Positive,2024-06-08
REV0001315,GM01006,TXN0011969,North America,Beauty,1,Product stopped working after a few days. Very frustrating.,Negative,2022-04-15
REV0001316,GM00898,TXN0010728,Southeast Asia,Electronics,4,Customer service was incredibly helpful and responsive.,Positive,2023-01-29
REV0001317,GM00609,TXN0007201,MENA,Sports,4,Customer service was incredibly helpful and responsive.,Positive,2022-03-18
REV0001318,GM03827,TXN0044539,MENA,Fashion,4,Fast delivery and excellent quality. Will buy again.,Positive,2022-03-10
REV0001319,GM04822,TXN0056131,Europe,Beauty,4,Great value for money. Highly recommend to everyone.,Positive,2022-02-15
REV0001320,GM04094,TXN0047642,Southeast Asia,Electronics,3,Average quality. Okay for the price.,Neutral,2022-09-11
REV0001321,GM01751,TXN0020334,MENA,Electronics,5,Super happy with my purchase. Fits perfectly.,Positive,2024-04-22
REV0001322,GM03645,TXN0042610,North America,Fashion,4,Absolutely love this product! Exceeded my expectations.,Positive,2023-03-08
REV0001323,GM02901,TXN0033963,Europe,Sports,4,Customer service was incredibly helpful and responsive.,Positive,2023-10-30
REV0001324,GM01630,TXN0019052,MENA,Beauty,5,Fast delivery and excellent quality. Will buy again.,Positive,2022-03-13
REV0001325,GM00776,TXN0009233,Europe,Fashion,1,Not as described. Poor quality material. Returning it.,Negative,2023-03-09
REV0001326,GM03198,TXN0037447,Southeast Asia,Food & Grocery,4,Absolutely love this product! Exceeded my expectations.,Positive,2023-12-08
REV0001327,GM00728,TXN0008677,North America,Food & Grocery,5,Absolutely love this product! Exceeded my expectations.,Positive,2023-07-19
REV0001328,GM04066,TXN0047335,Central Asia,Electronics,4,Great value for money. Highly recommend to everyone.,Positive,2022-02-10
REV0001329,GM02912,TXN0034127,Central Asia,Food & Grocery,5,Fast delivery and excellent quality. Will buy again.,Positive,2022-05-12
REV0001330,GM01853,TXN0021470,Southeast Asia,Food & Grocery,4,Super happy with my purchase. Fits perfectly.,Positive,2023-08-23
REV0001331,GM03969,TXN0046231,North America,Fashion,4,Perfect experience from browsing to delivery. 5 stars.,Positive,2023-06-03
REV0001332,GM01227,TXN0014432,MENA,Food & Grocery,4,Fast delivery and excellent quality. Will buy again.,Positive,2024-02-12
REV0001333,GM04069,TXN0047372,North America,Electronics,3,It arrived on time. Product is acceptable.,Neutral,2023-04-17
REV0001334,GM04015,TXN0046723,North America,Sports,4,Customer service was incredibly helpful and responsive.,Positive,2022-11-04
REV0001335,GM00077,TXN0000937,North America,Sports,3,Average quality. Okay for the price.,Neutral,2022-02-07
REV0001336,GM04859,TXN0056537,Southeast Asia,Fashion,5,Perfect experience from browsing to delivery. 5 stars.,Positive,2023-07-10
REV0001337,GM01582,TXN0018495,MENA,Sports,4,Fast delivery and excellent quality. Will buy again.,Positive,2023-12-24
REV0001338,GM04926,TXN0057324,Europe,Beauty,4,Customer service was incredibly helpful and responsive.,Positive,2023-03-17
REV0001339,GM01051,TXN0012422,Southeast Asia,Food & Grocery,5,Absolutely love this product! Exceeded my expectations.,Positive,2022-07-26
REV0001340,GM02997,TXN0035205,Europe,Food & Grocery,4,Fast delivery and excellent quality. Will buy again.,Positive,2023-11-12
REV0001341,GM03029,TXN0035603,North America,Electronics,3,Decent product. Does what it says. Nothing special.,Neutral,2023-03-22
REV0001342,GM03097,TXN0036343,Southeast Asia,Electronics,3,Works fine. Packaging could be improved.,Neutral,2023-01-15
REV0001343,GM00082,TXN0001004,North America,Sports,4,Perfect experience from browsing to delivery. 5 stars.,Positive,2023-12-20
REV0001344,GM04737,TXN0055034,MENA,Food & Grocery,4,Super happy with my purchase. Fits perfectly.,Positive,2022-12-15
REV0001345,GM02882,TXN0033734,Southeast Asia,Fashion,1,Terrible customer service. Waited 3 weeks for a response.,Negative,2022-10-04
REV0001346,GM02169,TXN0025441,North America,Beauty,5,Absolutely love this product! Exceeded my expectations.,Positive,2023-10-13
REV0001347,GM02927,TXN0034321,North America,Food & Grocery,4,Perfect experience from browsing to delivery. 5 stars.,Positive,2022-09-27
REV0001348,GM00188,TXN0002248,North America,Home & Garden,5,Absolutely love this product! Exceeded my expectations.,Positive,2022-06-14
REV0001349,GM02598,TXN0030459,MENA,Fashion,1,Very disappointed. The product broke after one week.,Negative,2022-11-07
REV0001350,GM02208,TXN0025895,Southeast Asia,Electronics,5,Absolutely love this product! Exceeded my expectations.,Positive,2022-10-27
REV0001351,GM04352,TXN0050492,North America,Beauty,3,Average quality. Okay for the price.,Neutral,2022-07-15
REV0001352,GM03994,TXN0046554,Central Asia,Home & Garden,4,Absolutely love this product! Exceeded my expectations.,Positive,2022-06-15
REV0001353,GM00588,TXN0006937,Europe,Home & Garden,4,The product quality is outstanding and durable.,Positive,2022-02-04
REV0001354,GM00212,TXN0002594,North America,Beauty,3,Works fine. Packaging could be improved.,Neutral,2022-05-14
REV0001355,GM02448,TXN0028740,Europe,Electronics,5,Great value for money. Highly recommend to everyone.,Positive,2023-08-23
REV0001356,GM00975,TXN0011616,Central Asia,Sports,3,"Not bad, not great. Expected better for the price.",Neutral,2023-03-15
REV0001357,GM02910,TXN0034108,Europe,Fashion,2,Product stopped working after a few days. Very frustrating.,Negative,2023-02-18
REV0001358,GM00756,TXN0009025,North America,Fashion,5,Super happy with my purchase. Fits perfectly.,Positive,2022-12-09
REV0001359,GM02327,TXN0027337,North America,Electronics,4,Super happy with my purchase. Fits perfectly.,Positive,2023-02-24
REV0001360,GM00206,TXN0002516,Central Asia,Fashion,5,Super happy with my purchase. Fits perfectly.,Positive,2022-08-15
REV0001361,GM01961,TXN0022800,Central Asia,Fashion,4,Perfect experience from browsing to delivery. 5 stars.,Positive,2022-12-21
REV0001362,GM02878,TXN0033674,Europe,Sports,4,The product quality is outstanding and durable.,Positive,2022-04-05
REV0001363,GM03709,TXN0043385,Europe,Sports,3,Average quality. Okay for the price.,Neutral,2024-03-30
REV0001364,GM02392,TXN0028103,Europe,Food & Grocery,4,Fast delivery and excellent quality. Will buy again.,Positive,2022-10-28
REV0001365,GM01515,TXN0017747,Europe,Fashion,4,Fast delivery and excellent quality. Will buy again.,Positive,2022-01-31
REV0001366,GM03780,TXN0044128,Southeast Asia,Home & Garden,4,The product quality is outstanding and durable.,Positive,2022-01-21
REV0001367,GM03141,TXN0036824,MENA,Fashion,3,It arrived on time. Product is acceptable.,Neutral,2022-07-29
REV0001368,GM04097,TXN0047668,Central Asia,Home & Garden,1,Would not recommend. Waste of money.,Negative,2023-12-28
REV0001369,GM04327,TXN0050247,Central Asia,Food & Grocery,5,Perfect experience from browsing to delivery. 5 stars.,Positive,2022-04-14
REV0001370,GM00340,TXN0004220,Central Asia,Sports,3,"Not bad, not great. Expected better for the price.",Neutral,2022-08-03
REV0001371,GM04961,TXN0057822,MENA,Electronics,5,Fast delivery and excellent quality. Will buy again.,Positive,2023-10-24
REV0001372,GM04175,TXN0048567,Southeast Asia,Beauty,4,Fast delivery and excellent quality. Will buy again.,Positive,2024-05-27
REV0001373,GM03715,TXN0043476,Southeast Asia,Home & Garden,4,Customer service was incredibly helpful and responsive.,Positive,2022-12-07
REV0001374,GM02412,TXN0028339,Europe,Fashion,4,The product quality is outstanding and durable.,Positive,2022-04-22
REV0001375,GM00330,TXN0004071,Europe,Fashion,5,Absolutely love this product! Exceeded my expectations.,Positive,2022-12-10
REV0001376,GM00418,TXN0005091,Europe,Home & Garden,2,Would not recommend. Waste of money.,Negative,2023-12-14
REV0001377,GM01065,TXN0012533,MENA,Beauty,4,Fast delivery and excellent quality. Will buy again.,Positive,2023-11-20
REV0001378,GM01101,TXN0013059,Central Asia,Electronics,5,The product quality is outstanding and durable.,Positive,2022-09-17
REV0001379,GM00103,TXN0001220,Europe,Electronics,4,Perfect experience from browsing to delivery. 5 stars.,Positive,2023-02-28
REV0001380,GM04797,TXN0055787,Europe,Fashion,1,Would not recommend. Waste of money.,Negative,2022-04-04
REV0001381,GM01270,TXN0014939,Europe,Fashion,5,Absolutely love this product! Exceeded my expectations.,Positive,2023-12-23
REV0001382,GM02056,TXN0023934,North America,Sports,2,Product stopped working after a few days. Very frustrating.,Negative,2023-04-15
REV0001383,GM04312,TXN0050085,Southeast Asia,Fashion,4,Super happy with my purchase. Fits perfectly.,Positive,2024-01-04
REV0001384,GM04165,TXN0048463,North America,Food & Grocery,4,Super happy with my purchase. Fits perfectly.,Positive,2022-06-21
REV0001385,GM00180,TXN0002153,Europe,Beauty,5,Great value for money. Highly recommend to everyone.,Positive,2023-09-06
REV0001386,GM03616,TXN0042204,Central Asia,Beauty,4,Great value for money. Highly recommend to everyone.,Positive,2022-03-30
REV0001387,GM03656,TXN0042703,Europe,Sports,4,Perfect experience from browsing to delivery. 5 stars.,Positive,2022-05-30
REV0001388,GM02728,TXN0031830,Europe,Food & Grocery,2,Very disappointed. The product broke after one week.,Negative,2023-11-07
REV0001389,GM04860,TXN0056560,Southeast Asia,Food & Grocery,5,Customer service was incredibly helpful and responsive.,Positive,2022-08-09
REV0001390,GM04129,TXN0048095,Europe,Food & Grocery,4,Fast delivery and excellent quality. Will buy again.,Positive,2022-12-07
REV0001391,GM03020,TXN0035470,North America,Food & Grocery,5,Fast delivery and excellent quality. Will buy again.,Positive,2024-04-21
REV0001392,GM03089,TXN0036233,North America,Sports,5,Absolutely love this product! Exceeded my expectations.,Positive,2023-04-26
REV0001393,GM03644,TXN0042563,MENA,Beauty,4,Customer service was incredibly helpful and responsive.,Positive,2022-04-27
REV0001394,GM04653,TXN0054066,MENA,Fashion,4,Absolutely love this product! Exceeded my expectations.,Positive,2023-08-09
REV0001395,GM00353,TXN0004403,North America,Sports,5,Customer service was incredibly helpful and responsive.,Positive,2024-05-24
REV0001396,GM04571,TXN0053042,MENA,Sports,2,Not as described. Poor quality material. Returning it.,Negative,2022-04-05
REV0001397,GM03718,TXN0043506,Central Asia,Food & Grocery,1,Would not recommend. Waste of money.,Negative,2023-04-29
REV0001398,GM01913,TXN0022126,Southeast Asia,Fashion,3,Works fine. Packaging could be improved.,Neutral,2022-06-30
REV0001399,GM02262,TXN0026561,North America,Sports,4,Fast delivery and excellent quality. Will buy again.,Positive,2022-01-03
REV0001400,GM03643,TXN0042517,MENA,Sports,1,Delivery was extremely late and packaging was damaged.,Negative,2024-02-13
REV0001401,GM01441,TXN0016901,Southeast Asia,Beauty,5,Super happy with my purchase. Fits perfectly.,Positive,2022-07-19
REV0001402,GM01657,TXN0019307,North America,Beauty,2,Product stopped working after a few days. Very frustrating.,Negative,2024-04-24
REV0001403,GM01821,TXN0021164,Europe,Electronics,5,The product quality is outstanding and durable.,Positive,2023-12-29
REV0001404,GM03342,TXN0039075,North America,Food & Grocery,1,Terrible customer service. Waited 3 weeks for a response.,Negative,2022-06-09
REV0001405,GM03993,TXN0046537,North America,Fashion,4,Great value for money. Highly recommend to everyone.,Positive,2022-09-13
REV0001406,GM02580,TXN0030239,North America,Home & Garden,5,Absolutely love this product! Exceeded my expectations.,Positive,2024-03-05
REV0001407,GM03503,TXN0040890,Southeast Asia,Electronics,5,Fast delivery and excellent quality. Will buy again.,Positive,2024-06-01
REV0001408,GM02847,TXN0033287,North America,Food & Grocery,4,Absolutely love this product! Exceeded my expectations.,Positive,2023-11-26
REV0001409,GM02814,TXN0032908,Europe,Home & Garden,1,Terrible customer service. Waited 3 weeks for a response.,Negative,2022-06-28
REV0001410,GM03715,TXN0043475,Southeast Asia,Beauty,1,Product stopped working after a few days. Very frustrating.,Negative,2022-11-03
REV0001411,GM04808,TXN0055942,Southeast Asia,Beauty,5,Super happy with my purchase. Fits perfectly.,Positive,2023-10-06
REV0001412,GM00932,TXN0011098,North America,Food & Grocery,4,Perfect experience from browsing to delivery. 5 stars.,Positive,2023-08-19
REV0001413,GM03202,TXN0037483,MENA,Beauty,4,Perfect experience from browsing to delivery. 5 stars.,Positive,2023-08-08
REV0001414,GM03298,TXN0038537,Central Asia,Beauty,4,Fast delivery and excellent quality. Will buy again.,Positive,2022-04-02
REV0001415,GM00029,TXN0000370,North America,Home & Garden,2,Terrible customer service. Waited 3 weeks for a response.,Negative,2024-05-28
REV0001416,GM01354,TXN0015938,North America,Fashion,2,Product stopped working after a few days. Very frustrating.,Negative,2024-03-21
REV0001417,GM02881,TXN0033714,Europe,Beauty,5,Absolutely love this product! Exceeded my expectations.,Positive,2022-02-15
REV0001418,GM03631,TXN0042367,North America,Sports,4,Absolutely love this product! Exceeded my expectations.,Positive,2022-10-15
REV0001419,GM00030,TXN0000397,Central Asia,Food & Grocery,4,The product quality is outstanding and durable.,Positive,2023-06-22
REV0001420,GM02423,TXN0028477,North America,Electronics,3,It arrived on time. Product is acceptable.,Neutral,2022-12-09
REV0001421,GM04479,TXN0051915,North America,Sports,1,Not as described. Poor quality material. Returning it.,Negative,2022-06-22
REV0001422,GM00860,TXN0010181,Central Asia,Food & Grocery,4,Fast delivery and excellent quality. Will buy again.,Positive,2022-09-12
REV0001423,GM00702,TXN0008386,Central Asia,Sports,1,Delivery was extremely late and packaging was damaged.,Negative,2023-05-25
REV0001424,GM00246,TXN0003038,Southeast Asia,Food & Grocery,5,Great value for money. Highly recommend to everyone.,Positive,2022-10-20
REV0001425,GM01129,TXN0013279,MENA,Electronics,5,Great value for money. Highly recommend to everyone.,Positive,2022-09-04
REV0001426,GM01199,TXN0014129,North America,Sports,3,Works fine. Packaging could be improved.,Neutral,2022-05-29
REV0001427,GM02722,TXN0031792,North America,Sports,4,Super happy with my purchase. Fits perfectly.,Positive,2022-03-31
REV0001428,GM01510,TXN0017690,North America,Beauty,4,Super happy with my purchase. Fits perfectly.,Positive,2022-05-02
REV0001429,GM01685,TXN0019574,Europe,Electronics,4,Perfect experience from browsing to delivery. 5 stars.,Positive,2023-01-08
REV0001430,GM00098,TXN0001165,MENA,Home & Garden,1,Very disappointed. The product broke after one week.,Negative,2022-02-04
REV0001431,GM04352,TXN0050504,North America,Beauty,5,Absolutely love this product! Exceeded my expectations.,Positive,2022-06-01
REV0001432,GM04245,TXN0049374,MENA,Food & Grocery,4,The product quality is outstanding and durable.,Positive,2022-03-31
REV0001433,GM01657,TXN0019304,North America,Food & Grocery,4,Absolutely love this product! Exceeded my expectations.,Positive,2023-11-22
REV0001434,GM04264,TXN0049629,MENA,Food & Grocery,5,Customer service was incredibly helpful and responsive.,Positive,2023-12-15
REV0001435,GM01581,TXN0018480,Europe,Electronics,1,Terrible customer service. Waited 3 weeks for a response.,Negative,2024-05-09
REV0001436,GM03845,TXN0044734,Europe,Food & Grocery,5,Fast delivery and excellent quality. Will buy again.,Positive,2023-01-11
REV0001437,GM00074,TXN0000891,North America,Sports,4,Super happy with my purchase. Fits perfectly.,Positive,2022-08-07
REV0001438,GM03728,TXN0043642,Central Asia,Fashion,5,Absolutely love this product! Exceeded my expectations.,Positive,2023-07-31
REV0001439,GM01651,TXN0019244,Central Asia,Home & Garden,3,"Not bad, not great. Expected better for the price.",Neutral,2024-04-23
REV0001440,GM03117,TXN0036596,North America,Home & Garden,5,Customer service was incredibly helpful and responsive.,Positive,2022-12-13
REV0001441,GM02552,TXN0029941,Central Asia,Electronics,4,Absolutely love this product! Exceeded my expectations.,Positive,2023-12-23
REV0001442,GM00879,TXN0010475,Central Asia,Food & Grocery,4,Absolutely love this product! Exceeded my expectations.,Positive,2023-10-15
REV0001443,GM02122,TXN0024732,MENA,Fashion,3,Average quality. Okay for the price.,Neutral,2022-01-30
REV0001444,GM03179,TXN0037183,North America,Sports,4,The product quality is outstanding and durable.,Positive,2022-09-06
REV0001445,GM00701,TXN0008365,MENA,Sports,4,Perfect experience from browsing to delivery. 5 stars.,Positive,2023-08-10
REV0001446,GM00760,TXN0009058,North America,Beauty,5,Customer service was incredibly helpful and responsive.,Positive,2022-02-22
REV0001447,GM02525,TXN0029617,North America,Electronics,4,Customer service was incredibly helpful and responsive.,Positive,2022-04-07
REV0001448,GM03091,TXN0036276,MENA,Food & Grocery,5,Great value for money. Highly recommend to everyone.,Positive,2023-03-13
REV0001449,GM04191,TXN0048735,North America,Electronics,5,Perfect experience from browsing to delivery. 5 stars.,Positive,2023-11-01
REV0001450,GM00320,TXN0003954,Europe,Food & Grocery,5,Fast delivery and excellent quality. Will buy again.,Positive,2023-09-22
REV0001451,GM00051,TXN0000673,Southeast Asia,Electronics,5,The product quality is outstanding and durable.,Positive,2022-07-02
REV0001452,GM01521,TXN0017798,Central Asia,Beauty,4,The product quality is outstanding and durable.,Positive,2023-11-22
REV0001453,GM03847,TXN0044827,Southeast Asia,Food & Grocery,4,Great value for money. Highly recommend to everyone.,Positive,2023-06-17
REV0001454,GM00930,TXN0011070,Europe,Sports,4,Fast delivery and excellent quality. Will buy again.,Positive,2022-05-25
REV0001455,GM00960,TXN0011374,North America,Fashion,4,Super happy with my purchase. Fits perfectly.,Positive,2023-03-14
REV0001456,GM03744,TXN0043798,Central Asia,Beauty,3,Decent product. Does what it says. Nothing special.,Neutral,2022-03-17
REV0001457,GM01946,TXN0022580,MENA,Food & Grocery,4,Great value for money. Highly recommend to everyone.,Positive,2022-05-12
REV0001458,GM04668,TXN0054217,North America,Beauty,3,Average quality. Okay for the price.,Neutral,2023-04-30
REV0001459,GM02972,TXN0034874,Europe,Sports,4,Absolutely love this product! Exceeded my expectations.,Positive,2022-01-04
REV0001460,GM02455,TXN0028818,North America,Beauty,3,Average quality. Okay for the price.,Neutral,2023-02-27
REV0001461,GM02775,TXN0032429,MENA,Food & Grocery,4,The product quality is outstanding and durable.,Positive,2022-03-24
REV0001462,GM03401,TXN0039815,Central Asia,Food & Grocery,3,"Not bad, not great. Expected better for the price.",Neutral,2023-05-18
REV0001463,GM04405,TXN0051216,Southeast Asia,Fashion,5,Super happy with my purchase. Fits perfectly.,Positive,2023-03-10
REV0001464,GM04588,TXN0053221,Europe,Sports,4,Fast delivery and excellent quality. Will buy again.,Positive,2022-10-11
REV0001465,GM04200,TXN0048833,North America,Beauty,4,Perfect experience from browsing to delivery. 5 stars.,Positive,2023-09-23
REV0001466,GM03627,TXN0042313,Central Asia,Food & Grocery,4,Fast delivery and excellent quality. Will buy again.,Positive,2022-09-23
REV0001467,GM00086,TXN0001054,Europe,Home & Garden,3,Decent product. Does what it says. Nothing special.,Neutral,2023-01-28
REV0001468,GM01316,TXN0015470,North America,Electronics,4,Perfect experience from browsing to delivery. 5 stars.,Positive,2022-09-18
REV0001469,GM03379,TXN0039507,Central Asia,Food & Grocery,5,Customer service was incredibly helpful and responsive.,Positive,2023-01-30
REV0001470,GM00534,TXN0006320,North America,Electronics,5,Perfect experience from browsing to delivery. 5 stars.,Positive,2023-05-30
REV0001471,GM04975,TXN0058001,Europe,Beauty,1,Very disappointed. The product broke after one week.,Negative,2022-04-04
REV0001472,GM00920,TXN0010951,Europe,Sports,5,Perfect experience from browsing to delivery. 5 stars.,Positive,2023-07-17
REV0001473,GM01755,TXN0020377,Southeast Asia,Home & Garden,3,Average quality. Okay for the price.,Neutral,2023-05-15
REV0001474,GM02638,TXN0030862,North America,Beauty,5,Fast delivery and excellent quality. Will buy again.,Positive,2024-01-21
REV0001475,GM01435,TXN0016823,Europe,Fashion,4,Customer service was incredibly helpful and responsive.,Positive,2022-11-17
REV0001476,GM03358,TXN0039259,MENA,Sports,3,"Not bad, not great. Expected better for the price.",Neutral,2022-11-27
REV0001477,GM04223,TXN0049078,Southeast Asia,Electronics,3,Average quality. Okay for the price.,Neutral,2023-03-27
REV0001478,GM04776,TXN0055497,North America,Beauty,4,Perfect experience from browsing to delivery. 5 stars.,Positive,2023-04-11
REV0001479,GM04447,TXN0051595,Europe,Food & Grocery,5,Great value for money. Highly recommend to everyone.,Positive,2023-06-01
REV0001480,GM03141,TXN0036831,MENA,Food & Grocery,5,Fast delivery and excellent quality. Will buy again.,Positive,2023-12-29
REV0001481,GM01451,TXN0017081,MENA,Home & Garden,4,Perfect experience from browsing to delivery. 5 stars.,Positive,2022-12-03
REV0001482,GM02233,TXN0026272,Southeast Asia,Food & Grocery,3,Average quality. Okay for the price.,Neutral,2022-01-03
REV0001483,GM04720,TXN0054798,Southeast Asia,Electronics,5,The product quality is outstanding and durable.,Positive,2022-07-04
REV0001484,GM04703,TXN0054628,North America,Food & Grocery,4,Great value for money. Highly recommend to everyone.,Positive,2022-04-22
REV0001485,GM00607,TXN0007163,Europe,Sports,5,Great value for money. Highly recommend to everyone.,Positive,2022-10-19
REV0001486,GM03508,TXN0040943,MENA,Sports,1,Terrible customer service. Waited 3 weeks for a response.,Negative,2024-04-13
REV0001487,GM00526,TXN0006235,MENA,Fashion,2,Not as described. Poor quality material. Returning it.,Negative,2022-08-27
REV0001488,GM03921,TXN0045696,Southeast Asia,Beauty,5,Fast delivery and excellent quality. Will buy again.,Positive,2023-10-13
REV0001489,GM01590,TXN0018601,North America,Home & Garden,5,Absolutely love this product! Exceeded my expectations.,Positive,2023-03-20
REV0001490,GM04515,TXN0052361,North America,Electronics,4,The product quality is outstanding and durable.,Positive,2024-01-06
REV0001491,GM00863,TXN0010241,MENA,Fashion,3,Works fine. Packaging could be improved.,Neutral,2023-02-19
REV0001492,GM00860,TXN0010198,Central Asia,Beauty,5,Absolutely love this product! Exceeded my expectations.,Positive,2023-11-27
REV0001493,GM01154,TXN0013543,North America,Home & Garden,5,Great value for money. Highly recommend to everyone.,Positive,2022-08-01
REV0001494,GM00888,TXN0010566,Europe,Home & Garden,4,Fast delivery and excellent quality. Will buy again.,Positive,2023-06-24
REV0001495,GM04697,TXN0054578,MENA,Electronics,4,Absolutely love this product! Exceeded my expectations.,Positive,2023-06-28
REV0001496,GM02148,TXN0025142,Europe,Fashion,3,"Not bad, not great. Expected better for the price.",Neutral,2022-05-25
REV0001497,GM01993,TXN0023210,North America,Electronics,1,Delivery was extremely late and packaging was damaged.,Negative,2022-10-24
REV0001498,GM02962,TXN0034775,Europe,Food & Grocery,4,Perfect experience from browsing to delivery. 5 stars.,Positive,2024-04-24
REV0001499,GM03399,TXN0039770,Europe,Fashion,5,Fast delivery and excellent quality. Will buy again.,Positive,2023-05-13
REV0001500,GM02437,TXN0028609,MENA,Beauty,5,Super happy with my purchase. Fits perfectly.,Positive,2022-01-06
REV0001501,GM03376,TXN0039469,North America,Home & Garden,5,Great value for money. Highly recommend to everyone.,Positive,2022-05-21
REV0001502,GM02821,TXN0033010,Southeast Asia,Electronics,4,Fast delivery and excellent quality. Will buy again.,Positive,2022-01-14
REV0001503,GM00336,TXN0004145,Central Asia,Sports,4,Great value for money. Highly recommend to everyone.,Positive,2023-09-27
REV0001504,GM00219,TXN0002711,North America,Sports,1,Would not recommend. Waste of money.,Negative,2022-06-30
REV0001505,GM03910,TXN0045578,Europe,Home & Garden,5,Fast delivery and excellent quality. Will buy again.,Positive,2022-08-21
REV0001506,GM00059,TXN0000755,Central Asia,Food & Grocery,2,Product stopped working after a few days. Very frustrating.,Negative,2022-02-23
REV0001507,GM01979,TXN0023031,Southeast Asia,Sports,4,Customer service was incredibly helpful and responsive.,Positive,2023-03-13
REV0001508,GM01491,TXN0017524,Europe,Food & Grocery,4,Fast delivery and excellent quality. Will buy again.,Positive,2022-05-14
REV0001509,GM00746,TXN0008914,Southeast Asia,Electronics,5,Customer service was incredibly helpful and responsive.,Positive,2023-12-26
REV0001510,GM03518,TXN0041086,MENA,Fashion,5,Customer service was incredibly helpful and responsive.,Positive,2023-08-30
REV0001511,GM01099,TXN0013033,North America,Home & Garden,5,Super happy with my purchase. Fits perfectly.,Positive,2024-02-17
REV0001512,GM01491,TXN0017533,Europe,Fashion,5,Fast delivery and excellent quality. Will buy again.,Positive,2022-10-30
REV0001513,GM04625,TXN0053681,Southeast Asia,Sports,4,Absolutely love this product! Exceeded my expectations.,Positive,2022-06-06
REV0001514,GM02098,TXN0024348,North America,Beauty,3,"Not bad, not great. Expected better for the price.",Neutral,2022-08-22
REV0001515,GM00256,TXN0003143,North America,Beauty,4,Super happy with my purchase. Fits perfectly.,Positive,2022-12-31
REV0001516,GM02403,TXN0028250,MENA,Fashion,5,Customer service was incredibly helpful and responsive.,Positive,2023-10-24
REV0001517,GM00015,TXN0000183,Europe,Electronics,5,Perfect experience from browsing to delivery. 5 stars.,Positive,2024-02-08
REV0001518,GM03480,TXN0040663,MENA,Electronics,4,Super happy with my purchase. Fits perfectly.,Positive,2023-05-26
REV0001519,GM04441,TXN0051549,Southeast Asia,Home & Garden,4,Fast delivery and excellent quality. Will buy again.,Positive,2022-01-16
REV0001520,GM01240,TXN0014555,Europe,Fashion,1,Would not recommend. Waste of money.,Negative,2024-01-15
REV0001521,GM00129,TXN0001485,Central Asia,Home & Garden,4,Perfect experience from browsing to delivery. 5 stars.,Positive,2024-06-12
REV0001522,GM02564,TXN0030044,Central Asia,Beauty,3,"Not bad, not great. Expected better for the price.",Neutral,2022-07-15
REV0001523,GM03474,TXN0040565,North America,Home & Garden,4,Great value for money. Highly recommend to everyone.,Positive,2023-07-17
REV0001524,GM03987,TXN0046460,Central Asia,Food & Grocery,3,Decent product. Does what it says. Nothing special.,Neutral,2024-02-02
REV0001525,GM04557,TXN0052858,North America,Beauty,3,"Not bad, not great. Expected better for the price.",Neutral,2022-09-27
REV0001526,GM01186,TXN0013967,Southeast Asia,Sports,1,Product stopped working after a few days. Very frustrating.,Negative,2024-03-08
REV0001527,GM00208,TXN0002528,North America,Food & Grocery,5,Super happy with my purchase. Fits perfectly.,Positive,2023-08-23
REV0001528,GM01611,TXN0018894,Southeast Asia,Electronics,5,Fast delivery and excellent quality. Will buy again.,Positive,2023-07-15
REV0001529,GM03936,TXN0045842,MENA,Home & Garden,4,Fast delivery and excellent quality. Will buy again.,Positive,2023-01-19
REV0001530,GM02571,TXN0030128,MENA,Food & Grocery,4,Great value for money. Highly recommend to everyone.,Positive,2024-02-24
REV0001531,GM04108,TXN0047869,Central Asia,Beauty,4,Perfect experience from browsing to delivery. 5 stars.,Positive,2022-07-12
REV0001532,GM03906,TXN0045524,MENA,Electronics,4,Customer service was incredibly helpful and responsive.,Positive,2022-09-04
REV0001533,GM00683,TXN0008172,Europe,Fashion,5,Fast delivery and excellent quality. Will buy again.,Positive,2024-02-08
REV0001534,GM01746,TXN0020280,MENA,Electronics,4,Customer service was incredibly helpful and responsive.,Positive,2022-06-18
REV0001535,GM02371,TXN0027823,North America,Electronics,4,Fast delivery and excellent quality. Will buy again.,Positive,2022-08-28
REV0001536,GM02396,TXN0028136,Europe,Electronics,4,Customer service was incredibly helpful and responsive.,Positive,2023-09-06
REV0001537,GM04198,TXN0048813,Europe,Fashion,3,Decent product. Does what it says. Nothing special.,Neutral,2023-01-19
REV0001538,GM02205,TXN0025873,North America,Home & Garden,5,Perfect experience from browsing to delivery. 5 stars.,Positive,2023-07-17
REV0001539,GM00383,TXN0004773,North America,Electronics,2,Very disappointed. The product broke after one week.,Negative,2023-06-07
REV0001540,GM00447,TXN0005439,Southeast Asia,Food & Grocery,4,Absolutely love this product! Exceeded my expectations.,Positive,2023-08-19
REV0001541,GM00024,TXN0000281,Europe,Fashion,5,Perfect experience from browsing to delivery. 5 stars.,Positive,2022-11-12
REV0001542,GM00199,TXN0002400,Southeast Asia,Beauty,5,The product quality is outstanding and durable.,Positive,2023-08-04
REV0001543,GM04260,TXN0049534,MENA,Fashion,5,Super happy with my purchase. Fits perfectly.,Positive,2022-05-08
REV0001544,GM00830,TXN0009878,MENA,Food & Grocery,4,Customer service was incredibly helpful and responsive.,Positive,2022-07-04
REV0001545,GM04696,TXN0054553,Southeast Asia,Home & Garden,4,Absolutely love this product! Exceeded my expectations.,Positive,2022-11-19
REV0001546,GM03277,TXN0038277,North America,Home & Garden,5,Perfect experience from browsing to delivery. 5 stars.,Positive,2022-01-06
REV0001547,GM01162,TXN0013658,Europe,Electronics,5,Customer service was incredibly helpful and responsive.,Positive,2024-05-18
REV0001548,GM03205,TXN0037519,North America,Fashion,4,Perfect experience from browsing to delivery. 5 stars.,Positive,2024-05-04
REV0001549,GM03377,TXN0039498,North America,Sports,5,Perfect experience from browsing to delivery. 5 stars.,Positive,2024-04-21
REV0001550,GM02826,TXN0033033,North America,Sports,4,Super happy with my purchase. Fits perfectly.,Positive,2022-02-08
REV0001551,GM00932,TXN0011089,North America,Sports,3,Decent product. Does what it says. Nothing special.,Neutral,2024-01-05
REV0001552,GM00534,TXN0006316,North America,Food & Grocery,2,Delivery was extremely late and packaging was damaged.,Negative,2022-02-23
REV0001553,GM01564,TXN0018353,Europe,Food & Grocery,1,Delivery was extremely late and packaging was damaged.,Negative,2023-02-22
REV0001554,GM00436,TXN0005254,North America,Food & Grocery,1,Terrible customer service. Waited 3 weeks for a response.,Negative,2022-08-08
REV0001555,GM02279,TXN0026783,North America,Beauty,3,Decent product. Does what it says. Nothing special.,Neutral,2023-07-20
REV0001556,GM03399,TXN0039782,Europe,Sports,4,Customer service was incredibly helpful and responsive.,Positive,2023-04-26
REV0001557,GM02925,TXN0034273,MENA,Fashion,5,Super happy with my purchase. Fits perfectly.,Positive,2022-04-09
REV0001558,GM04350,TXN0050439,North America,Home & Garden,5,Absolutely love this product! Exceeded my expectations.,Positive,2023-10-02
REV0001559,GM02350,TXN0027546,Central Asia,Fashion,4,The product quality is outstanding and durable.,Positive,2023-09-12
REV0001560,GM02144,TXN0025063,Europe,Food & Grocery,3,"Not bad, not great. Expected better for the price.",Neutral,2024-03-25
REV0001561,GM04585,TXN0053191,North America,Home & Garden,5,Fast delivery and excellent quality. Will buy again.,Positive,2022-12-30
REV0001562,GM00475,TXN0005762,MENA,Food & Grocery,3,Average quality. Okay for the price.,Neutral,2023-01-22
REV0001563,GM00721,TXN0008597,Southeast Asia,Sports,4,Great value for money. Highly recommend to everyone.,Positive,2022-02-03
REV0001564,GM01656,TXN0019288,Southeast Asia,Beauty,1,Not as described. Poor quality material. Returning it.,Negative,2022-04-01
REV0001565,GM04771,TXN0055404,Central Asia,Electronics,4,Fast delivery and excellent quality. Will buy again.,Positive,2022-03-16
REV0001566,GM00778,TXN0009289,North America,Sports,5,The product quality is outstanding and durable.,Positive,2022-10-02
REV0001567,GM03273,TXN0038229,North America,Sports,4,Absolutely love this product! Exceeded my expectations.,Positive,2022-04-28
REV0001568,GM02730,TXN0031854,MENA,Food & Grocery,3,Decent product. Does what it says. Nothing special.,Neutral,2022-11-02
REV0001569,GM01042,TXN0012323,North America,Food & Grocery,5,Perfect experience from browsing to delivery. 5 stars.,Positive,2022-10-25
REV0001570,GM02980,TXN0034989,Southeast Asia,Beauty,5,The product quality is outstanding and durable.,Positive,2023-12-02
REV0001571,GM04104,TXN0047812,Europe,Electronics,4,Great value for money. Highly recommend to everyone.,Positive,2022-07-21
REV0001572,GM02385,TXN0027994,Europe,Electronics,1,Terrible customer service. Waited 3 weeks for a response.,Negative,2022-04-16
REV0001573,GM02054,TXN0023913,Southeast Asia,Fashion,2,Product stopped working after a few days. Very frustrating.,Negative,2022-12-13
REV0001574,GM04202,TXN0048859,Europe,Beauty,5,Perfect experience from browsing to delivery. 5 stars.,Positive,2024-04-04
REV0001575,GM01186,TXN0013964,Southeast Asia,Home & Garden,3,Works fine. Packaging could be improved.,Neutral,2024-04-24
REV0001576,GM02891,TXN0033818,Europe,Fashion,5,The product quality is outstanding and durable.,Positive,2024-04-09
REV0001577,GM03724,TXN0043575,Europe,Fashion,5,Customer service was incredibly helpful and responsive.,Positive,2022-08-09
REV0001578,GM01745,TXN0020256,MENA,Beauty,5,Absolutely love this product! Exceeded my expectations.,Positive,2024-04-25
REV0001579,GM02978,TXN0034964,Central Asia,Sports,5,Perfect experience from browsing to delivery. 5 stars.,Positive,2024-04-13
REV0001580,GM03091,TXN0036267,MENA,Fashion,1,Delivery was extremely late and packaging was damaged.,Negative,2023-08-30
REV0001581,GM04981,TXN0058058,Southeast Asia,Beauty,3,Average quality. Okay for the price.,Neutral,2023-12-19
REV0001582,GM04865,TXN0056623,Europe,Home & Garden,3,"Not bad, not great. Expected better for the price.",Neutral,2022-03-04
REV0001583,GM04351,TXN0050458,North America,Sports,2,Terrible customer service. Waited 3 weeks for a response.,Negative,2023-11-24
REV0001584,GM04799,TXN0055814,Europe,Home & Garden,5,Super happy with my purchase. Fits perfectly.,Positive,2022-11-12
REV0001585,GM03983,TXN0046397,Europe,Food & Grocery,2,Not as described. Poor quality material. Returning it.,Negative,2023-11-19
REV0001586,GM00263,TXN0003243,Europe,Fashion,4,The product quality is outstanding and durable.,Positive,2024-04-18
REV0001587,GM00331,TXN0004092,Europe,Electronics,3,"Not bad, not great. Expected better for the price.",Neutral,2022-05-13
REV0001588,GM00441,TXN0005360,Central Asia,Electronics,4,The product quality is outstanding and durable.,Positive,2023-06-04
REV0001589,GM04991,TXN0058166,Southeast Asia,Fashion,2,Product stopped working after a few days. Very frustrating.,Negative,2023-10-22
REV0001590,GM01625,TXN0019008,Europe,Home & Garden,2,Very disappointed. The product broke after one week.,Negative,2022-08-29
REV0001591,GM03455,TXN0040342,Southeast Asia,Food & Grocery,4,Super happy with my purchase. Fits perfectly.,Positive,2024-05-19
REV0001592,GM00819,TXN0009791,Central Asia,Electronics,4,The product quality is outstanding and durable.,Positive,2024-02-19
REV0001593,GM04943,TXN0057531,North America,Electronics,3,Decent product. Does what it says. Nothing special.,Neutral,2023-01-05
REV0001594,GM00390,TXN0004806,North America,Fashion,5,Perfect experience from browsing to delivery. 5 stars.,Positive,2022-01-29
REV0001595,GM00789,TXN0009399,MENA,Fashion,5,The product quality is outstanding and durable.,Positive,2022-01-16
REV0001596,GM00711,TXN0008501,North America,Sports,4,Great value for money. Highly recommend to everyone.,Positive,2022-11-15
REV0001597,GM02144,TXN0025058,Europe,Electronics,1,Would not recommend. Waste of money.,Negative,2022-12-04
REV0001598,GM02256,TXN0026498,North America,Home & Garden,3,Decent product. Does what it says. Nothing special.,Neutral,2023-12-19
REV0001599,GM04643,TXN0053958,Southeast Asia,Food & Grocery,3,It arrived on time. Product is acceptable.,Neutral,2024-05-05
REV0001600,GM00146,TXN0001711,Central Asia,Sports,5,Perfect experience from browsing to delivery. 5 stars.,Positive,2023-11-27
REV0001601,GM03846,TXN0044784,North America,Beauty,1,Not as described. Poor quality material. Returning it.,Negative,2024-04-14
REV0001602,GM00246,TXN0003026,Southeast Asia,Food & Grocery,3,Works fine. Packaging could be improved.,Neutral,2022-07-02
REV0001603,GM02684,TXN0031425,MENA,Home & Garden,3,Works fine. Packaging could be improved.,Neutral,2023-07-01
REV0001604,GM02240,TXN0026352,Europe,Food & Grocery,5,Customer service was incredibly helpful and responsive.,Positive,2023-12-13
REV0001605,GM00092,TXN0001098,North America,Electronics,4,Super happy with my purchase. Fits perfectly.,Positive,2022-04-29
REV0001606,GM02506,TXN0029387,Central Asia,Sports,4,Fast delivery and excellent quality. Will buy again.,Positive,2023-08-01
REV0001607,GM03872,TXN0045113,Europe,Sports,5,Super happy with my purchase. Fits perfectly.,Positive,2023-05-29
REV0001608,GM04954,TXN0057717,North America,Fashion,3,Decent product. Does what it says. Nothing special.,Neutral,2022-05-03
REV0001609,GM03279,TXN0038320,Europe,Electronics,5,Customer service was incredibly helpful and responsive.,Positive,2022-08-14
REV0001610,GM03997,TXN0046576,Europe,Home & Garden,5,Great value for money. Highly recommend to everyone.,Positive,2022-02-20
REV0001611,GM04935,TXN0057446,MENA,Home & Garden,3,Decent product. Does what it says. Nothing special.,Neutral,2023-04-03
REV0001612,GM00720,TXN0008582,North America,Food & Grocery,4,Customer service was incredibly helpful and responsive.,Positive,2024-03-01
REV0001613,GM00548,TXN0006482,North America,Food & Grocery,5,The product quality is outstanding and durable.,Positive,2023-05-18
REV0001614,GM04316,TXN0050115,Europe,Beauty,4,Great value for money. Highly recommend to everyone.,Positive,2023-11-07
REV0001615,GM00777,TXN0009271,Europe,Sports,5,Absolutely love this product! Exceeded my expectations.,Positive,2024-04-04
REV0001616,GM02220,TXN0026065,Central Asia,Fashion,1,Very disappointed. The product broke after one week.,Negative,2024-01-21
REV0001617,GM04478,TXN0051910,Europe,Food & Grocery,4,Perfect experience from browsing to delivery. 5 stars.,Positive,2024-03-05
REV0001618,GM04965,TXN0057882,MENA,Beauty,4,Great value for money. Highly recommend to everyone.,Positive,2023-10-18
REV0001619,GM00557,TXN0006602,Europe,Sports,5,Perfect experience from browsing to delivery. 5 stars.,Positive,2022-11-02
REV0001620,GM02953,TXN0034660,North America,Home & Garden,4,Customer service was incredibly helpful and responsive.,Positive,2023-05-23
REV0001621,GM03354,TXN0039193,MENA,Home & Garden,3,Decent product. Does what it says. Nothing special.,Neutral,2023-07-23
REV0001622,GM03608,TXN0042116,Europe,Beauty,3,It arrived on time. Product is acceptable.,Neutral,2024-02-29
REV0001623,GM02034,TXN0023678,Southeast Asia,Food & Grocery,3,It arrived on time. Product is acceptable.,Neutral,2023-09-14
REV0001624,GM02889,TXN0033795,North America,Food & Grocery,4,Fast delivery and excellent quality. Will buy again.,Positive,2022-02-12
REV0001625,GM01449,TXN0017027,Southeast Asia,Sports,4,The product quality is outstanding and durable.,Positive,2022-12-24
REV0001626,GM02022,TXN0023519,North America,Electronics,4,Customer service was incredibly helpful and responsive.,Positive,2022-11-04
REV0001627,GM01756,TXN0020384,North America,Beauty,4,The product quality is outstanding and durable.,Positive,2023-10-21
REV0001628,GM03115,TXN0036567,Europe,Food & Grocery,3,Decent product. Does what it says. Nothing special.,Neutral,2022-03-24
REV0001629,GM01941,TXN0022469,Central Asia,Food & Grocery,5,Customer service was incredibly helpful and responsive.,Positive,2022-02-03
REV0001630,GM00780,TXN0009314,North America,Sports,5,The product quality is outstanding and durable.,Positive,2023-11-25
REV0001631,GM00342,TXN0004265,MENA,Home & Garden,5,Super happy with my purchase. Fits perfectly.,Positive,2022-12-31
REV0001632,GM04775,TXN0055476,Europe,Home & Garden,5,Fast delivery and excellent quality. Will buy again.,Positive,2023-03-21
REV0001633,GM02444,TXN0028692,North America,Beauty,4,Fast delivery and excellent quality. Will buy again.,Positive,2024-02-14
REV0001634,GM02012,TXN0023437,Central Asia,Food & Grocery,5,Great value for money. Highly recommend to everyone.,Positive,2022-05-12
REV0001635,GM04912,TXN0057167,North America,Beauty,5,Fast delivery and excellent quality. Will buy again.,Positive,2023-07-20
REV0001636,GM03042,TXN0035709,Southeast Asia,Fashion,3,Works fine. Packaging could be improved.,Neutral,2024-05-31
REV0001637,GM04516,TXN0052385,MENA,Fashion,4,Absolutely love this product! Exceeded my expectations.,Positive,2022-03-03
REV0001638,GM04486,TXN0051988,North America,Electronics,4,The product quality is outstanding and durable.,Positive,2023-03-07
REV0001639,GM02787,TXN0032516,Southeast Asia,Electronics,1,Delivery was extremely late and packaging was damaged.,Negative,2022-07-31
REV0001640,GM02914,TXN0034156,Southeast Asia,Fashion,4,The product quality is outstanding and durable.,Positive,2022-09-05
REV0001641,GM04554,TXN0052834,Southeast Asia,Food & Grocery,3,Works fine. Packaging could be improved.,Neutral,2024-03-03
REV0001642,GM01951,TXN0022686,Central Asia,Fashion,5,Super happy with my purchase. Fits perfectly.,Positive,2022-09-29
REV0001643,GM00777,TXN0009250,Europe,Food & Grocery,5,The product quality is outstanding and durable.,Positive,2022-04-09
REV0001644,GM03655,TXN0042699,Central Asia,Beauty,5,Fast delivery and excellent quality. Will buy again.,Positive,2022-06-03
REV0001645,GM03990,TXN0046483,Southeast Asia,Sports,5,Super happy with my purchase. Fits perfectly.,Positive,2023-08-23
REV0001646,GM01428,TXN0016751,Southeast Asia,Sports,5,The product quality is outstanding and durable.,Positive,2022-12-15
REV0001647,GM03525,TXN0041165,Europe,Electronics,5,Super happy with my purchase. Fits perfectly.,Positive,2023-04-01
REV0001648,GM01020,TXN0012061,Central Asia,Sports,5,Fast delivery and excellent quality. Will buy again.,Positive,2024-02-18
REV0001649,GM02807,TXN0032752,North America,Fashion,1,Not as described. Poor quality material. Returning it.,Negative,2024-02-02
REV0001650,GM01686,TXN0019589,Southeast Asia,Fashion,4,Great value for money. Highly recommend to everyone.,Positive,2022-07-20
REV0001651,GM02495,TXN0029249,MENA,Fashion,5,Great value for money. Highly recommend to everyone.,Positive,2022-03-29
REV0001652,GM02989,TXN0035100,North America,Beauty,2,Would not recommend. Waste of money.,Negative,2022-11-07
REV0001653,GM01535,TXN0018000,MENA,Sports,4,The product quality is outstanding and durable.,Positive,2022-03-23
REV0001654,GM00307,TXN0003804,MENA,Food & Grocery,3,"Not bad, not great. Expected better for the price.",Neutral,2022-08-28
REV0001655,GM04601,TXN0053363,Europe,Electronics,3,It arrived on time. Product is acceptable.,Neutral,2022-12-05
REV0001656,GM03941,TXN0045905,North America,Fashion,2,Very disappointed. The product broke after one week.,Negative,2024-02-19
REV0001657,GM03997,TXN0046583,Europe,Sports,2,Very disappointed. The product broke after one week.,Negative,2022-09-15
REV0001658,GM04412,TXN0051303,Central Asia,Home & Garden,5,Great value for money. Highly recommend to everyone.,Positive,2023-03-16
REV0001659,GM02274,TXN0026703,North America,Fashion,5,Great value for money. Highly recommend to everyone.,Positive,2022-04-15
REV0001660,GM02813,TXN0032870,North America,Food & Grocery,4,Perfect experience from browsing to delivery. 5 stars.,Positive,2023-05-16
REV0001661,GM02821,TXN0033000,Southeast Asia,Beauty,4,Perfect experience from browsing to delivery. 5 stars.,Positive,2023-04-16
REV0001662,GM04496,TXN0052119,North America,Sports,5,Customer service was incredibly helpful and responsive.,Positive,2024-02-28
REV0001663,GM01063,TXN0012529,North America,Fashion,4,Customer service was incredibly helpful and responsive.,Positive,2023-09-18
REV0001664,GM02127,TXN0024802,North America,Food & Grocery,5,Super happy with my purchase. Fits perfectly.,Positive,2022-09-27
REV0001665,GM03539,TXN0041323,North America,Beauty,1,Very disappointed. The product broke after one week.,Negative,2024-05-04
REV0001666,GM00343,TXN0004270,Europe,Fashion,5,Perfect experience from browsing to delivery. 5 stars.,Positive,2023-03-24
REV0001667,GM01248,TXN0014669,Central Asia,Home & Garden,5,The product quality is outstanding and durable.,Positive,2022-04-29
REV0001668,GM04103,TXN0047788,MENA,Home & Garden,3,Works fine. Packaging could be improved.,Neutral,2024-06-01
REV0001669,GM03020,TXN0035479,North America,Electronics,4,The product quality is outstanding and durable.,Positive,2022-10-22
REV0001670,GM02059,TXN0023976,North America,Beauty,5,Super happy with my purchase. Fits perfectly.,Positive,2023-10-30
REV0001671,GM04864,TXN0056600,Europe,Home & Garden,3,Works fine. Packaging could be improved.,Neutral,2024-03-23
REV0001672,GM03012,TXN0035391,Europe,Food & Grocery,5,Great value for money. Highly recommend to everyone.,Positive,2022-11-06
REV0001673,GM03887,TXN0045328,Southeast Asia,Food & Grocery,5,Perfect experience from browsing to delivery. 5 stars.,Positive,2024-03-05
REV0001674,GM01453,TXN0017087,Southeast Asia,Home & Garden,5,Customer service was incredibly helpful and responsive.,Positive,2023-06-25
REV0001675,GM03383,TXN0039545,Central Asia,Food & Grocery,5,Great value for money. Highly recommend to everyone.,Positive,2024-03-24
REV0001676,GM02393,TXN0028123,MENA,Home & Garden,4,Super happy with my purchase. Fits perfectly.,Positive,2024-01-13
REV0001677,GM00860,TXN0010194,Central Asia,Fashion,4,The product quality is outstanding and durable.,Positive,2023-03-10
REV0001678,GM04497,TXN0052144,MENA,Sports,5,The product quality is outstanding and durable.,Positive,2024-01-01
REV0001679,GM03247,TXN0037989,MENA,Food & Grocery,5,Super happy with my purchase. Fits perfectly.,Positive,2023-01-31
REV0001680,GM00798,TXN0009481,North America,Fashion,4,Absolutely love this product! Exceeded my expectations.,Positive,2023-05-20
REV0001681,GM00195,TXN0002352,Europe,Home & Garden,3,Average quality. Okay for the price.,Neutral,2023-06-08
REV0001682,GM02547,TXN0029914,Central Asia,Sports,4,Perfect experience from browsing to delivery. 5 stars.,Positive,2023-07-25
REV0001683,GM02932,TXN0034389,North America,Food & Grocery,4,Absolutely love this product! Exceeded my expectations.,Positive,2022-08-08
REV0001684,GM01197,TXN0014065,Southeast Asia,Electronics,4,Absolutely love this product! Exceeded my expectations.,Positive,2022-06-18
REV0001685,GM01199,TXN0014130,North America,Sports,3,"Not bad, not great. Expected better for the price.",Neutral,2023-09-23
REV0001686,GM03333,TXN0038955,Europe,Home & Garden,5,Fast delivery and excellent quality. Will buy again.,Positive,2022-12-08
REV0001687,GM03308,TXN0038654,Central Asia,Fashion,3,It arrived on time. Product is acceptable.,Neutral,2022-10-26
REV0001688,GM03956,TXN0046060,Southeast Asia,Beauty,5,Absolutely love this product! Exceeded my expectations.,Positive,2023-02-20
REV0001689,GM00338,TXN0004173,North America,Sports,4,Absolutely love this product! Exceeded my expectations.,Positive,2023-08-19
REV0001690,GM00836,TXN0009952,MENA,Food & Grocery,5,Fast delivery and excellent quality. Will buy again.,Positive,2022-04-08
REV0001691,GM02375,TXN0027859,North America,Sports,4,Great value for money. Highly recommend to everyone.,Positive,2022-12-29
REV0001692,GM01476,TXN0017343,North America,Home & Garden,5,Absolutely love this product! Exceeded my expectations.,Positive,2023-12-27
REV0001693,GM00214,TXN0002631,Europe,Food & Grocery,5,The product quality is outstanding and durable.,Positive,2022-02-11
REV0001694,GM03592,TXN0041909,Europe,Food & Grocery,4,Fast delivery and excellent quality. Will buy again.,Positive,2023-12-30
REV0001695,GM02350,TXN0027538,Central Asia,Home & Garden,5,Perfect experience from browsing to delivery. 5 stars.,Positive,2022-03-02
REV0001696,GM02591,TXN0030381,North America,Electronics,4,Fast delivery and excellent quality. Will buy again.,Positive,2023-02-09
REV0001697,GM03798,TXN0044293,Central Asia,Electronics,4,Super happy with my purchase. Fits perfectly.,Positive,2022-02-03
REV0001698,GM00138,TXN0001584,North America,Electronics,4,Fast delivery and excellent quality. Will buy again.,Positive,2022-09-20
REV0001699,GM01313,TXN0015434,MENA,Fashion,5,Customer service was incredibly helpful and responsive.,Positive,2024-01-09
REV0001700,GM02737,TXN0031920,Southeast Asia,Beauty,4,The product quality is outstanding and durable.,Positive,2022-10-12
REV0001701,GM01220,TXN0014356,Europe,Food & Grocery,3,Decent product. Does what it says. Nothing special.,Neutral,2023-04-17
REV0001702,GM01383,TXN0016331,Southeast Asia,Fashion,3,It arrived on time. Product is acceptable.,Neutral,2022-05-18
REV0001703,GM01563,TXN0018340,North America,Electronics,4,Perfect experience from browsing to delivery. 5 stars.,Positive,2023-05-31
REV0001704,GM01033,TXN0012190,Europe,Sports,4,The product quality is outstanding and durable.,Positive,2022-05-14
REV0001705,GM02252,TXN0026451,Southeast Asia,Home & Garden,4,Customer service was incredibly helpful and responsive.,Positive,2024-02-26
REV0001706,GM01112,TXN0013142,Europe,Electronics,2,Terrible customer service. Waited 3 weeks for a response.,Negative,2022-12-18
REV0001707,GM00866,TXN0010280,North America,Sports,4,Perfect experience from browsing to delivery. 5 stars.,Positive,2022-07-11
REV0001708,GM01718,TXN0019899,North America,Electronics,5,Great value for money. Highly recommend to everyone.,Positive,2022-04-24
REV0001709,GM04439,TXN0051546,Southeast Asia,Fashion,5,Perfect experience from browsing to delivery. 5 stars.,Positive,2022-10-21
REV0001710,GM02274,TXN0026718,North America,Beauty,2,Delivery was extremely late and packaging was damaged.,Negative,2023-03-14
REV0001711,GM01982,TXN0023070,North America,Fashion,4,The product quality is outstanding and durable.,Positive,2023-08-18
REV0001712,GM04195,TXN0048780,North America,Sports,5,The product quality is outstanding and durable.,Positive,2024-04-24
REV0001713,GM02699,TXN0031571,North America,Beauty,3,Decent product. Does what it says. Nothing special.,Neutral,2023-02-25
REV0001714,GM03492,TXN0040794,North America,Home & Garden,4,Great value for money. Highly recommend to everyone.,Positive,2022-01-12
REV0001715,GM03874,TXN0045148,North America,Home & Garden,4,Fast delivery and excellent quality. Will buy again.,Positive,2023-02-21
REV0001716,GM00619,TXN0007319,North America,Electronics,1,Very disappointed. The product broke after one week.,Negative,2024-03-26
REV0001717,GM01836,TXN0021288,North America,Sports,5,Absolutely love this product! Exceeded my expectations.,Positive,2022-09-10
REV0001718,GM02119,TXN0024711,Central Asia,Sports,2,Terrible customer service. Waited 3 weeks for a response.,Negative,2023-08-17
REV0001719,GM02855,TXN0033390,Central Asia,Home & Garden,4,Super happy with my purchase. Fits perfectly.,Positive,2022-03-13
REV0001720,GM00350,TXN0004365,North America,Electronics,2,Would not recommend. Waste of money.,Negative,2023-02-04
REV0001721,GM04083,TXN0047488,North America,Electronics,5,The product quality is outstanding and durable.,Positive,2024-02-20
REV0001722,GM04257,TXN0049510,Southeast Asia,Home & Garden,1,Not as described. Poor quality material. Returning it.,Negative,2023-12-09
REV0001723,GM02185,TXN0025648,North America,Sports,5,Perfect experience from browsing to delivery. 5 stars.,Positive,2022-05-02
REV0001724,GM01506,TXN0017663,MENA,Fashion,4,Customer service was incredibly helpful and responsive.,Positive,2023-07-11
REV0001725,GM04071,TXN0047394,Europe,Fashion,5,Great value for money. Highly recommend to everyone.,Positive,2024-02-25
REV0001726,GM05000,TXN0058272,North America,Sports,5,The product quality is outstanding and durable.,Positive,2024-05-03
REV0001727,GM00145,TXN0001690,Europe,Home & Garden,4,The product quality is outstanding and durable.,Positive,2022-03-23
REV0001728,GM02096,TXN0024331,North America,Food & Grocery,4,Super happy with my purchase. Fits perfectly.,Positive,2022-05-25
REV0001729,GM03218,TXN0037670,Central Asia,Beauty,2,Not as described. Poor quality material. Returning it.,Negative,2022-02-17
REV0001730,GM00457,TXN0005565,Central Asia,Home & Garden,5,Perfect experience from browsing to delivery. 5 stars.,Positive,2022-07-23
REV0001731,GM00003,TXN0000036,North America,Food & Grocery,4,Customer service was incredibly helpful and responsive.,Positive,2023-09-19
REV0001732,GM04502,TXN0052221,MENA,Sports,3,Works fine. Packaging could be improved.,Neutral,2022-07-15
REV0001733,GM03333,TXN0038952,Europe,Food & Grocery,5,Super happy with my purchase. Fits perfectly.,Positive,2024-06-02
REV0001734,GM00517,TXN0006109,MENA,Fashion,5,Customer service was incredibly helpful and responsive.,Positive,2022-09-03
REV0001735,GM01619,TXN0018959,North America,Beauty,3,"Not bad, not great. Expected better for the price.",Neutral,2024-04-15
REV0001736,GM00652,TXN0007786,MENA,Beauty,4,Perfect experience from browsing to delivery. 5 stars.,Positive,2024-02-06
REV0001737,GM04775,TXN0055472,Europe,Electronics,5,Great value for money. Highly recommend to everyone.,Positive,2024-03-23
REV0001738,GM02484,TXN0029095,Europe,Electronics,5,Customer service was incredibly helpful and responsive.,Positive,2022-01-01
REV0001739,GM00518,TXN0006133,North America,Home & Garden,4,Fast delivery and excellent quality. Will buy again.,Positive,2023-07-03
REV0001740,GM00437,TXN0005267,Central Asia,Food & Grocery,4,Super happy with my purchase. Fits perfectly.,Positive,2023-01-28
REV0001741,GM02693,TXN0031506,Central Asia,Beauty,5,Great value for money. Highly recommend to everyone.,Positive,2023-07-03
REV0001742,GM02151,TXN0025211,Europe,Electronics,4,Fast delivery and excellent quality. Will buy again.,Positive,2023-10-22
REV0001743,GM02774,TXN0032398,MENA,Sports,5,Super happy with my purchase. Fits perfectly.,Positive,2022-06-08
REV0001744,GM00599,TXN0007081,Europe,Beauty,4,Great value for money. Highly recommend to everyone.,Positive,2023-10-10
REV0001745,GM02550,TXN0029926,Central Asia,Home & Garden,1,Terrible customer service. Waited 3 weeks for a response.,Negative,2023-09-02
REV0001746,GM01009,TXN0011989,Europe,Beauty,2,Delivery was extremely late and packaging was damaged.,Negative,2023-09-21
REV0001747,GM01341,TXN0015758,Europe,Food & Grocery,5,Great value for money. Highly recommend to everyone.,Positive,2023-08-21
REV0001748,GM03701,TXN0043269,North America,Food & Grocery,4,Great value for money. Highly recommend to everyone.,Positive,2022-10-17
REV0001749,GM03063,TXN0035991,North America,Food & Grocery,5,Super happy with my purchase. Fits perfectly.,Positive,2024-02-02
REV0001750,GM04780,TXN0055540,Europe,Food & Grocery,4,Super happy with my purchase. Fits perfectly.,Positive,2022-11-19
REV0001751,GM04463,TXN0051729,Southeast Asia,Fashion,4,Absolutely love this product! Exceeded my expectations.,Positive,2022-05-31
REV0001752,GM02932,TXN0034367,North America,Food & Grocery,3,Average quality. Okay for the price.,Neutral,2022-06-17
REV0001753,GM01161,TXN0013650,North America,Sports,4,Great value for money. Highly recommend to everyone.,Positive,2023-06-26
REV0001754,GM03550,TXN0041464,North America,Food & Grocery,4,Great value for money. Highly recommend to everyone.,Positive,2023-06-04
REV0001755,GM02855,TXN0033395,Central Asia,Home & Garden,1,Delivery was extremely late and packaging was damaged.,Negative,2022-09-21
REV0001756,GM01742,TXN0020200,North America,Home & Garden,3,Average quality. Okay for the price.,Neutral,2023-09-28
REV0001757,GM03451,TXN0040334,MENA,Food & Grocery,5,Customer service was incredibly helpful and responsive.,Positive,2022-08-06
REV0001758,GM02071,TXN0024106,North America,Electronics,5,Fast delivery and excellent quality. Will buy again.,Positive,2023-09-30
REV0001759,GM00257,TXN0003157,Southeast Asia,Sports,5,The product quality is outstanding and durable.,Positive,2023-10-13
REV0001760,GM03355,TXN0039208,Europe,Beauty,4,Customer service was incredibly helpful and responsive.,Positive,2022-05-25
REV0001761,GM02399,TXN0028201,North America,Sports,1,Not as described. Poor quality material. Returning it.,Negative,2023-12-16
REV0001762,GM03654,TXN0042684,Europe,Fashion,5,Fast delivery and excellent quality. Will buy again.,Positive,2024-03-12
REV0001763,GM00228,TXN0002827,MENA,Home & Garden,5,Fast delivery and excellent quality. Will buy again.,Positive,2022-05-20
REV0001764,GM02983,TXN0035021,North America,Beauty,2,Product stopped working after a few days. Very frustrating.,Negative,2023-03-02
REV0001765,GM04260,TXN0049560,MENA,Sports,5,The product quality is outstanding and durable.,Positive,2023-11-05
REV0001766,GM00481,TXN0005844,North America,Sports,5,The product quality is outstanding and durable.,Positive,2023-10-18
REV0001767,GM04536,TXN0052637,North America,Beauty,4,Super happy with my purchase. Fits perfectly.,Positive,2022-02-14
REV0001768,GM04077,TXN0047436,MENA,Home & Garden,5,Fast delivery and excellent quality. Will buy again.,Positive,2022-09-02
REV0001769,GM00811,TXN0009695,Southeast Asia,Home & Garden,5,Fast delivery and excellent quality. Will buy again.,Positive,2023-08-27
REV0001770,GM04607,TXN0053443,North America,Home & Garden,4,Fast delivery and excellent quality. Will buy again.,Positive,2023-06-14
REV0001771,GM03221,TXN0037699,MENA,Food & Grocery,3,Decent product. Does what it says. Nothing special.,Neutral,2024-05-03
REV0001772,GM04164,TXN0048441,MENA,Food & Grocery,5,Absolutely love this product! Exceeded my expectations.,Positive,2022-03-22
REV0001773,GM00175,TXN0002096,North America,Electronics,4,Great value for money. Highly recommend to everyone.,Positive,2024-04-28
REV0001774,GM02950,TXN0034617,Southeast Asia,Electronics,3,Works fine. Packaging could be improved.,Neutral,2024-01-06
REV0001775,GM04161,TXN0048413,MENA,Home & Garden,5,Fast delivery and excellent quality. Will buy again.,Positive,2022-05-06
REV0001776,GM00036,TXN0000458,North America,Food & Grocery,4,Perfect experience from browsing to delivery. 5 stars.,Positive,2024-05-27
REV0001777,GM01506,TXN0017665,MENA,Beauty,5,Great value for money. Highly recommend to everyone.,Positive,2022-02-24
REV0001778,GM04876,TXN0056731,North America,Electronics,5,Great value for money. Highly recommend to everyone.,Positive,2022-12-04
REV0001779,GM00149,TXN0001749,Central Asia,Beauty,5,Fast delivery and excellent quality. Will buy again.,Positive,2023-06-28
REV0001780,GM03607,TXN0042111,North America,Beauty,5,Fast delivery and excellent quality. Will buy again.,Positive,2022-10-17
REV0001781,GM00649,TXN0007709,North America,Sports,4,Customer service was incredibly helpful and responsive.,Positive,2022-08-06
REV0001782,GM03542,TXN0041370,North America,Beauty,3,Decent product. Does what it says. Nothing special.,Neutral,2022-12-10
REV0001783,GM02635,TXN0030815,North America,Fashion,4,The product quality is outstanding and durable.,Positive,2022-03-21
REV0001784,GM04462,TXN0051723,MENA,Food & Grocery,2,Not as described. Poor quality material. Returning it.,Negative,2023-12-15
REV0001785,GM04492,TXN0052065,North America,Home & Garden,3,It arrived on time. Product is acceptable.,Neutral,2023-04-14
REV0001786,GM00797,TXN0009469,Southeast Asia,Sports,1,Terrible customer service. Waited 3 weeks for a response.,Negative,2024-03-14
REV0001787,GM03056,TXN0035891,Southeast Asia,Fashion,3,It arrived on time. Product is acceptable.,Neutral,2024-02-06
REV0001788,GM04686,TXN0054449,MENA,Food & Grocery,5,Perfect experience from browsing to delivery. 5 stars.,Positive,2024-05-15
REV0001789,GM00331,TXN0004087,Europe,Electronics,3,Works fine. Packaging could be improved.,Neutral,2023-04-07
REV0001790,GM03116,TXN0036586,Southeast Asia,Fashion,3,Average quality. Okay for the price.,Neutral,2023-03-04
REV0001791,GM00552,TXN0006537,Southeast Asia,Beauty,3,Works fine. Packaging could be improved.,Neutral,2022-01-12
REV0001792,GM00121,TXN0001423,North America,Fashion,4,Great value for money. Highly recommend to everyone.,Positive,2022-03-10
REV0001793,GM01868,TXN0021627,Europe,Sports,4,Absolutely love this product! Exceeded my expectations.,Positive,2022-02-11
REV0001794,GM04608,TXN0053451,Europe,Food & Grocery,4,Absolutely love this product! Exceeded my expectations.,Positive,2023-06-30
REV0001795,GM01585,TXN0018552,Southeast Asia,Food & Grocery,5,Perfect experience from browsing to delivery. 5 stars.,Positive,2023-11-17
REV0001796,GM03230,TXN0037755,Europe,Home & Garden,4,Perfect experience from browsing to delivery. 5 stars.,Positive,2022-10-04
REV0001797,GM01399,TXN0016523,North America,Sports,4,Super happy with my purchase. Fits perfectly.,Positive,2024-05-08
REV0001798,GM02046,TXN0023790,North America,Electronics,5,Fast delivery and excellent quality. Will buy again.,Positive,2023-06-06
REV0001799,GM01787,TXN0020762,North America,Electronics,5,Perfect experience from browsing to delivery. 5 stars.,Positive,2023-07-01
REV0001800,GM01414,TXN0016649,Central Asia,Sports,5,Great value for money. Highly recommend to everyone.,Positive,2024-04-22
REV0001801,GM01701,TXN0019707,Southeast Asia,Electronics,4,Fast delivery and excellent quality. Will buy again.,Positive,2023-04-29
REV0001802,GM01371,TXN0016197,Southeast Asia,Beauty,4,Absolutely love this product! Exceeded my expectations.,Positive,2023-07-28
REV0001803,GM02059,TXN0023975,North America,Sports,4,The product quality is outstanding and durable.,Positive,2022-12-11
REV0001804,GM02993,TXN0035148,North America,Home & Garden,4,Customer service was incredibly helpful and responsive.,Positive,2022-08-31
REV0001805,GM01276,TXN0015007,Central Asia,Food & Grocery,2,Would not recommend. Waste of money.,Negative,2023-09-18
REV0001806,GM03507,TXN0040930,Southeast Asia,Fashion,1,Not as described. Poor quality material. Returning it.,Negative,2022-04-26
REV0001807,GM02417,TXN0028406,MENA,Food & Grocery,5,The product quality is outstanding and durable.,Positive,2024-01-16
REV0001808,GM04682,TXN0054380,Europe,Home & Garden,2,Product stopped working after a few days. Very frustrating.,Negative,2022-02-17
REV0001809,GM00807,TXN0009614,Southeast Asia,Electronics,5,Great value for money. Highly recommend to everyone.,Positive,2022-06-13
REV0001810,GM02388,TXN0028063,North America,Food & Grocery,5,Perfect experience from browsing to delivery. 5 stars.,Positive,2024-03-31
REV0001811,GM02192,TXN0025733,Southeast Asia,Food & Grocery,5,Great value for money. Highly recommend to everyone.,Positive,2023-06-06
REV0001812,GM04175,TXN0048574,Southeast Asia,Food & Grocery,4,Super happy with my purchase. Fits perfectly.,Positive,2022-04-07
REV0001813,GM04960,TXN0057800,North America,Fashion,5,Customer service was incredibly helpful and responsive.,Positive,2023-06-27
REV0001814,GM04086,TXN0047542,Central Asia,Home & Garden,3,Average quality. Okay for the price.,Neutral,2024-04-18
REV0001815,GM02944,TXN0034523,North America,Home & Garden,5,Super happy with my purchase. Fits perfectly.,Positive,2024-01-10
REV0001816,GM03697,TXN0043190,Southeast Asia,Beauty,4,Customer service was incredibly helpful and responsive.,Positive,2023-04-10
REV0001817,GM00022,TXN0000252,Europe,Food & Grocery,3,"Not bad, not great. Expected better for the price.",Neutral,2022-03-27
REV0001818,GM04030,TXN0046913,Europe,Fashion,4,Great value for money. Highly recommend to everyone.,Positive,2024-03-06
REV0001819,GM01455,TXN0017134,Central Asia,Sports,4,The product quality is outstanding and durable.,Positive,2022-07-08
REV0001820,GM03725,TXN0043589,MENA,Sports,4,Absolutely love this product! Exceeded my expectations.,Positive,2024-03-05
REV0001821,GM03750,TXN0043864,Southeast Asia,Fashion,3,"Not bad, not great. Expected better for the price.",Neutral,2022-05-07
REV0001822,GM03109,TXN0036437,North America,Sports,5,Absolutely love this product! Exceeded my expectations.,Positive,2022-08-27
REV0001823,GM02503,TXN0029371,North America,Beauty,5,Fast delivery and excellent quality. Will buy again.,Positive,2024-06-03
REV0001824,GM02950,TXN0034614,Southeast Asia,Beauty,5,The product quality is outstanding and durable.,Positive,2023-12-13
REV0001825,GM00036,TXN0000455,North America,Home & Garden,4,Customer service was incredibly helpful and responsive.,Positive,2023-01-08
REV0001826,GM04993,TXN0058184,Europe,Fashion,4,Absolutely love this product! Exceeded my expectations.,Positive,2023-02-20
REV0001827,GM01508,TXN0017682,MENA,Sports,4,Great value for money. Highly recommend to everyone.,Positive,2024-01-02
REV0001828,GM02533,TXN0029727,Europe,Fashion,5,Absolutely love this product! Exceeded my expectations.,Positive,2024-06-04
REV0001829,GM01594,TXN0018672,Central Asia,Beauty,5,Perfect experience from browsing to delivery. 5 stars.,Positive,2022-06-17
REV0001830,GM02759,TXN0032187,North America,Electronics,5,Customer service was incredibly helpful and responsive.,Positive,2023-12-09
REV0001831,GM03532,TXN0041240,North America,Sports,5,Super happy with my purchase. Fits perfectly.,Positive,2022-05-24
REV0001832,GM03035,TXN0035654,Europe,Electronics,4,Fast delivery and excellent quality. Will buy again.,Positive,2023-11-18
REV0001833,GM01584,TXN0018528,MENA,Electronics,4,Perfect experience from browsing to delivery. 5 stars.,Positive,2023-09-01
REV0001834,GM02948,TXN0034583,MENA,Sports,4,Great value for money. Highly recommend to everyone.,Positive,2024-02-04
REV0001835,GM04191,TXN0048737,North America,Food & Grocery,5,Absolutely love this product! Exceeded my expectations.,Positive,2022-04-05
REV0001836,GM00625,TXN0007364,North America,Sports,1,Not as described. Poor quality material. Returning it.,Negative,2022-11-08
REV0001837,GM01997,TXN0023250,Southeast Asia,Fashion,5,Absolutely love this product! Exceeded my expectations.,Positive,2022-01-04
REV0001838,GM04639,TXN0053903,North America,Sports,3,Works fine. Packaging could be improved.,Neutral,2023-06-07
REV0001839,GM04630,TXN0053766,MENA,Sports,4,The product quality is outstanding and durable.,Positive,2024-02-01
REV0001840,GM01335,TXN0015695,Southeast Asia,Fashion,4,Fast delivery and excellent quality. Will buy again.,Positive,2023-01-11
REV0001841,GM04098,TXN0047691,Central Asia,Electronics,3,Works fine. Packaging could be improved.,Neutral,2023-07-16
REV0001842,GM00661,TXN0007893,Europe,Electronics,3,Works fine. Packaging could be improved.,Neutral,2022-03-31
REV0001843,GM03160,TXN0037048,Europe,Beauty,5,Fast delivery and excellent quality. Will buy again.,Positive,2022-05-08
REV0001844,GM02363,TXN0027709,Europe,Electronics,5,Super happy with my purchase. Fits perfectly.,Positive,2023-10-09
REV0001845,GM04568,TXN0053005,Europe,Food & Grocery,2,Not as described. Poor quality material. Returning it.,Negative,2022-01-16
REV0001846,GM00478,TXN0005785,North America,Home & Garden,3,Average quality. Okay for the price.,Neutral,2024-01-14
REV0001847,GM04021,TXN0046788,MENA,Electronics,4,Absolutely love this product! Exceeded my expectations.,Positive,2024-04-11
REV0001848,GM00803,TXN0009545,North America,Home & Garden,3,Decent product. Does what it says. Nothing special.,Neutral,2023-05-28
REV0001849,GM03199,TXN0037455,Central Asia,Electronics,4,Customer service was incredibly helpful and responsive.,Positive,2023-10-12
REV0001850,GM04790,TXN0055684,Europe,Food & Grocery,4,Super happy with my purchase. Fits perfectly.,Positive,2023-12-16
REV0001851,GM04993,TXN0058194,Europe,Beauty,4,Perfect experience from browsing to delivery. 5 stars.,Positive,2024-05-13
REV0001852,GM02661,TXN0031155,MENA,Fashion,1,Product stopped working after a few days. Very frustrating.,Negative,2022-09-06
REV0001853,GM02526,TXN0029637,Europe,Sports,4,The product quality is outstanding and durable.,Positive,2023-03-27
REV0001854,GM00258,TXN0003182,North America,Fashion,2,Very disappointed. The product broke after one week.,Negative,2022-04-15
REV0001855,GM01729,TXN0020071,North America,Food & Grocery,2,Would not recommend. Waste of money.,Negative,2022-09-10
REV0001856,GM03145,TXN0036857,Europe,Food & Grocery,1,Delivery was extremely late and packaging was damaged.,Negative,2023-10-10
REV0001857,GM03704,TXN0043296,North America,Food & Grocery,4,Fast delivery and excellent quality. Will buy again.,Positive,2023-08-03
REV0001858,GM00075,TXN0000915,North America,Electronics,5,Perfect experience from browsing to delivery. 5 stars.,Positive,2022-02-27
REV0001859,GM04326,TXN0050218,Southeast Asia,Electronics,1,Not as described. Poor quality material. Returning it.,Negative,2024-03-05
REV0001860,GM03842,TXN0044681,Central Asia,Electronics,4,Customer service was incredibly helpful and responsive.,Positive,2022-04-03
REV0001861,GM01752,TXN0020356,Europe,Electronics,3,Works fine. Packaging could be improved.,Neutral,2022-04-17
REV0001862,GM04835,TXN0056350,MENA,Electronics,4,Customer service was incredibly helpful and responsive.,Positive,2022-03-31
REV0001863,GM00327,TXN0004054,North America,Fashion,5,Absolutely love this product! Exceeded my expectations.,Positive,2023-04-30
REV0001864,GM03061,TXN0035977,Europe,Home & Garden,5,The product quality is outstanding and durable.,Positive,2022-03-18
REV0001865,GM00338,TXN0004169,North America,Home & Garden,5,Great value for money. Highly recommend to everyone.,Positive,2022-09-19
REV0001866,GM01975,TXN0022970,Europe,Food & Grocery,2,Delivery was extremely late and packaging was damaged.,Negative,2023-12-13
REV0001867,GM04645,TXN0053969,North America,Sports,4,Fast delivery and excellent quality. Will buy again.,Positive,2024-04-12
REV0001868,GM03620,TXN0042235,Europe,Sports,1,Product stopped working after a few days. Very frustrating.,Negative,2024-04-17
REV0001869,GM04979,TXN0058043,Central Asia,Fashion,5,Super happy with my purchase. Fits perfectly.,Positive,2023-05-03
REV0001870,GM04956,TXN0057737,North America,Beauty,5,Perfect experience from browsing to delivery. 5 stars.,Positive,2023-01-20
REV0001871,GM02595,TXN0030412,Europe,Beauty,4,Great value for money. Highly recommend to everyone.,Positive,2024-02-12
REV0001872,GM04885,TXN0056878,Central Asia,Beauty,5,Perfect experience from browsing to delivery. 5 stars.,Positive,2022-07-12
REV0001873,GM01512,TXN0017725,North America,Electronics,4,Great value for money. Highly recommend to everyone.,Positive,2024-01-19
REV0001874,GM00716,TXN0008547,Southeast Asia,Home & Garden,4,Absolutely love this product! Exceeded my expectations.,Positive,2023-01-15
REV0001875,GM02053,TXN0023892,Europe,Home & Garden,4,Great value for money. Highly recommend to everyone.,Positive,2023-06-20
REV0001876,GM00075,TXN0000907,North America,Electronics,3,It arrived on time. Product is acceptable.,Neutral,2024-02-29
REV0001877,GM04486,TXN0051987,North America,Sports,4,Great value for money. Highly recommend to everyone.,Positive,2023-11-07
REV0001878,GM02699,TXN0031568,North America,Fashion,5,Great value for money. Highly recommend to everyone.,Positive,2024-03-12
REV0001879,GM03411,TXN0039927,MENA,Beauty,4,Perfect experience from browsing to delivery. 5 stars.,Positive,2022-09-07
REV0001880,GM02806,TXN0032724,Southeast Asia,Beauty,4,Super happy with my purchase. Fits perfectly.,Positive,2023-06-15
REV0001881,GM03645,TXN0042586,North America,Home & Garden,5,Customer service was incredibly helpful and responsive.,Positive,2022-05-06
REV0001882,GM00394,TXN0004864,North America,Fashion,4,Absolutely love this product! Exceeded my expectations.,Positive,2023-02-13
REV0001883,GM04355,TXN0050549,MENA,Food & Grocery,5,Fast delivery and excellent quality. Will buy again.,Positive,2023-01-02
REV0001884,GM00776,TXN0009235,Europe,Fashion,4,The product quality is outstanding and durable.,Positive,2024-05-23
REV0001885,GM03578,TXN0041763,MENA,Home & Garden,5,Perfect experience from browsing to delivery. 5 stars.,Positive,2024-06-12
REV0001886,GM01368,TXN0016153,Southeast Asia,Beauty,4,The product quality is outstanding and durable.,Positive,2023-09-12
REV0001887,GM04611,TXN0053494,Europe,Food & Grocery,5,Perfect experience from browsing to delivery. 5 stars.,Positive,2022-11-02
REV0001888,GM01443,TXN0016913,North America,Fashion,5,Super happy with my purchase. Fits perfectly.,Positive,2022-07-02
REV0001889,GM01949,TXN0022646,Europe,Electronics,5,Perfect experience from browsing to delivery. 5 stars.,Positive,2022-11-03
REV0001890,GM04147,TXN0048270,Central Asia,Sports,5,Great value for money. Highly recommend to everyone.,Positive,2024-05-10
REV0001891,GM00062,TXN0000781,Europe,Sports,2,Terrible customer service. Waited 3 weeks for a response.,Negative,2024-02-08
REV0001892,GM02308,TXN0027133,North America,Electronics,4,Super happy with my purchase. Fits perfectly.,Positive,2024-04-14
REV0001893,GM04892,TXN0056926,Central Asia,Electronics,3,"Not bad, not great. Expected better for the price.",Neutral,2024-01-05
REV0001894,GM02434,TXN0028575,Europe,Sports,1,Product stopped working after a few days. Very frustrating.,Negative,2024-06-05
REV0001895,GM00549,TXN0006485,MENA,Food & Grocery,4,Perfect experience from browsing to delivery. 5 stars.,Positive,2022-01-13
REV0001896,GM03089,TXN0036246,North America,Home & Garden,4,Fast delivery and excellent quality. Will buy again.,Positive,2022-07-18
REV0001897,GM00415,TXN0005074,North America,Electronics,5,Super happy with my purchase. Fits perfectly.,Positive,2023-07-12
REV0001898,GM01111,TXN0013127,North America,Home & Garden,4,Customer service was incredibly helpful and responsive.,Positive,2023-02-07
REV0001899,GM00106,TXN0001271,Europe,Beauty,5,Customer service was incredibly helpful and responsive.,Positive,2022-01-03
REV0001900,GM02475,TXN0029004,MENA,Beauty,4,Absolutely love this product! Exceeded my expectations.,Positive,2023-12-13
REV0001901,GM01463,TXN0017213,Central Asia,Food & Grocery,5,Fast delivery and excellent quality. Will buy again.,Positive,2022-12-05
REV0001902,GM00610,TXN0007218,North America,Home & Garden,5,Fast delivery and excellent quality. Will buy again.,Positive,2023-11-03
REV0001903,GM02617,TXN0030646,Europe,Sports,5,Great value for money. Highly recommend to everyone.,Positive,2024-03-02
REV0001904,GM02813,TXN0032888,North America,Fashion,4,Perfect experience from browsing to delivery. 5 stars.,Positive,2022-08-20
REV0001905,GM02365,TXN0027753,North America,Electronics,5,Super happy with my purchase. Fits perfectly.,Positive,2022-01-24
REV0001906,GM03135,TXN0036762,Europe,Fashion,4,Customer service was incredibly helpful and responsive.,Positive,2022-09-04
REV0001907,GM02841,TXN0033230,MENA,Food & Grocery,5,Great value for money. Highly recommend to everyone.,Positive,2022-05-19
REV0001908,GM00952,TXN0011276,North America,Sports,5,Absolutely love this product! Exceeded my expectations.,Positive,2022-04-09
REV0001909,GM04178,TXN0048632,North America,Electronics,4,Customer service was incredibly helpful and responsive.,Positive,2022-11-12
REV0001910,GM00185,TXN0002211,Europe,Fashion,4,Super happy with my purchase. Fits perfectly.,Positive,2022-06-06
REV0001911,GM04262,TXN0049614,Southeast Asia,Sports,2,Delivery was extremely late and packaging was damaged.,Negative,2023-09-16
REV0001912,GM04295,TXN0049944,MENA,Home & Garden,5,Absolutely love this product! Exceeded my expectations.,Positive,2023-07-26
REV0001913,GM03827,TXN0044529,MENA,Home & Garden,1,Very disappointed. The product broke after one week.,Negative,2022-04-03
REV0001914,GM04627,TXN0053733,Europe,Electronics,3,"Not bad, not great. Expected better for the price.",Neutral,2022-05-10
REV0001915,GM00212,TXN0002593,North America,Home & Garden,4,The product quality is outstanding and durable.,Positive,2023-08-09
REV0001916,GM00500,TXN0005967,Southeast Asia,Sports,5,Great value for money. Highly recommend to everyone.,Positive,2023-11-17
REV0001917,GM03306,TXN0038605,Europe,Beauty,5,Perfect experience from browsing to delivery. 5 stars.,Positive,2023-08-08
REV0001918,GM03333,TXN0038940,Europe,Food & Grocery,4,Fast delivery and excellent quality. Will buy again.,Positive,2023-04-08
REV0001919,GM03002,TXN0035261,North America,Beauty,4,Customer service was incredibly helpful and responsive.,Positive,2022-09-29
REV0001920,GM03113,TXN0036519,North America,Electronics,4,Perfect experience from browsing to delivery. 5 stars.,Positive,2023-12-26
REV0001921,GM01992,TXN0023167,Europe,Home & Garden,4,The product quality is outstanding and durable.,Positive,2023-08-17
REV0001922,GM03757,TXN0043925,Europe,Beauty,4,Customer service was incredibly helpful and responsive.,Positive,2022-10-20
REV0001923,GM04561,TXN0052933,North America,Fashion,3,Average quality. Okay for the price.,Neutral,2023-06-06
REV0001924,GM01254,TXN0014705,Europe,Sports,4,Fast delivery and excellent quality. Will buy again.,Positive,2022-02-03
REV0001925,GM00712,TXN0008518,North America,Beauty,4,Fast delivery and excellent quality. Will buy again.,Positive,2022-08-29
REV0001926,GM04176,TXN0048601,Southeast Asia,Sports,3,"Not bad, not great. Expected better for the price.",Neutral,2023-04-14
REV0001927,GM00960,TXN0011377,North America,Home & Garden,5,Great value for money. Highly recommend to everyone.,Positive,2023-12-11
REV0001928,GM04496,TXN0052126,North America,Electronics,2,Would not recommend. Waste of money.,Negative,2022-01-21
REV0001929,GM02124,TXN0024758,MENA,Fashion,4,Perfect experience from browsing to delivery. 5 stars.,Positive,2023-02-07
REV0001930,GM00973,TXN0011563,North America,Food & Grocery,2,Very disappointed. The product broke after one week.,Negative,2022-07-11
REV0001931,GM02504,TXN0029381,Southeast Asia,Home & Garden,3,It arrived on time. Product is acceptable.,Neutral,2022-07-05
REV0001932,GM04561,TXN0052935,North America,Fashion,5,Super happy with my purchase. Fits perfectly.,Positive,2023-02-25
REV0001933,GM00315,TXN0003883,North America,Electronics,5,Customer service was incredibly helpful and responsive.,Positive,2023-06-20
REV0001934,GM03784,TXN0044157,North America,Home & Garden,5,Great value for money. Highly recommend to everyone.,Positive,2022-04-14
REV0001935,GM03469,TXN0040512,North America,Food & Grocery,4,Perfect experience from browsing to delivery. 5 stars.,Positive,2022-01-29
REV0001936,GM01472,TXN0017307,North America,Electronics,5,Customer service was incredibly helpful and responsive.,Positive,2022-07-19
REV0001937,GM00095,TXN0001127,North America,Sports,4,The product quality is outstanding and durable.,Positive,2023-07-02
REV0001938,GM00496,TXN0005930,Europe,Electronics,1,Delivery was extremely late and packaging was damaged.,Negative,2023-08-29
REV0001939,GM03320,TXN0038817,North America,Beauty,5,Fast delivery and excellent quality. Will buy again.,Positive,2024-06-10
REV0001940,GM02497,TXN0029283,North America,Food & Grocery,4,Absolutely love this product! Exceeded my expectations.,Positive,2023-05-03
REV0001941,GM01258,TXN0014750,MENA,Electronics,5,Super happy with my purchase. Fits perfectly.,Positive,2023-04-10
REV0001942,GM02695,TXN0031518,Southeast Asia,Sports,4,Absolutely love this product! Exceeded my expectations.,Positive,2024-01-29
REV0001943,GM04867,TXN0056645,Europe,Electronics,4,Fast delivery and excellent quality. Will buy again.,Positive,2022-07-10
REV0001944,GM01727,TXN0020058,MENA,Fashion,3,It arrived on time. Product is acceptable.,Neutral,2023-03-12
REV0001945,GM01160,TXN0013615,Central Asia,Electronics,4,Great value for money. Highly recommend to everyone.,Positive,2022-03-01
REV0001946,GM03157,TXN0037016,Southeast Asia,Sports,5,The product quality is outstanding and durable.,Positive,2022-07-10
REV0001947,GM01852,TXN0021446,North America,Fashion,3,"Not bad, not great. Expected better for the price.",Neutral,2022-11-24
REV0001948,GM04085,TXN0047503,Europe,Sports,3,Decent product. Does what it says. Nothing special.,Neutral,2023-07-11
REV0001949,GM04949,TXN0057649,North America,Beauty,2,Product stopped working after a few days. Very frustrating.,Negative,2023-09-21
REV0001950,GM01797,TXN0020865,North America,Beauty,5,The product quality is outstanding and durable.,Positive,2024-03-23
REV0001951,GM04781,TXN0055570,Central Asia,Home & Garden,5,Great value for money. Highly recommend to everyone.,Positive,2022-12-04
REV0001952,GM00638,TXN0007568,Europe,Electronics,4,Perfect experience from browsing to delivery. 5 stars.,Positive,2023-01-30
REV0001953,GM01832,TXN0021256,North America,Food & Grocery,4,Fast delivery and excellent quality. Will buy again.,Positive,2022-06-21
REV0001954,GM04427,TXN0051433,Europe,Beauty,5,Perfect experience from browsing to delivery. 5 stars.,Positive,2022-07-20
REV0001955,GM03047,TXN0035760,MENA,Home & Garden,5,The product quality is outstanding and durable.,Positive,2023-07-29
REV0001956,GM02808,TXN0032755,Europe,Sports,4,The product quality is outstanding and durable.,Positive,2022-10-27
REV0001957,GM02838,TXN0033181,Central Asia,Beauty,5,Fast delivery and excellent quality. Will buy again.,Positive,2022-11-24
REV0001958,GM02412,TXN0028355,Europe,Home & Garden,5,Absolutely love this product! Exceeded my expectations.,Positive,2023-06-15
REV0001959,GM02110,TXN0024546,Southeast Asia,Home & Garden,1,Very disappointed. The product broke after one week.,Negative,2023-02-08
REV0001960,GM02361,TXN0027662,Central Asia,Electronics,3,It arrived on time. Product is acceptable.,Neutral,2023-07-15
REV0001961,GM00734,TXN0008737,MENA,Sports,4,Perfect experience from browsing to delivery. 5 stars.,Positive,2023-05-11
REV0001962,GM04195,TXN0048777,North America,Electronics,5,Absolutely love this product! Exceeded my expectations.,Positive,2022-08-26
REV0001963,GM01947,TXN0022611,MENA,Beauty,5,Customer service was incredibly helpful and responsive.,Positive,2023-04-29
REV0001964,GM02002,TXN0023339,Europe,Fashion,5,The product quality is outstanding and durable.,Positive,2024-04-17
REV0001965,GM00578,TXN0006861,Southeast Asia,Home & Garden,5,Great value for money. Highly recommend to everyone.,Positive,2024-03-03
REV0001966,GM01867,TXN0021611,Central Asia,Electronics,3,Works fine. Packaging could be improved.,Neutral,2022-03-06
REV0001967,GM01052,TXN0012429,MENA,Food & Grocery,3,"Not bad, not great. Expected better for the price.",Neutral,2023-07-24
REV0001968,GM00421,TXN0005126,North America,Electronics,4,Customer service was incredibly helpful and responsive.,Positive,2023-02-22
REV0001969,GM01811,TXN0021044,North America,Sports,4,Perfect experience from browsing to delivery. 5 stars.,Positive,2024-03-13
REV0001970,GM04005,TXN0046637,Europe,Sports,4,Super happy with my purchase. Fits perfectly.,Positive,2023-09-04
REV0001971,GM02000,TXN0023317,Europe,Fashion,4,Great value for money. Highly recommend to everyone.,Positive,2022-01-30
REV0001972,GM00890,TXN0010609,Europe,Electronics,5,The product quality is outstanding and durable.,Positive,2022-07-26
REV0001973,GM02815,TXN0032942,North America,Food & Grocery,4,The product quality is outstanding and durable.,Positive,2024-03-26
REV0001974,GM00607,TXN0007183,Europe,Fashion,3,"Not bad, not great. Expected better for the price.",Neutral,2022-11-18
REV0001975,GM00969,TXN0011454,North America,Sports,5,The product quality is outstanding and durable.,Positive,2022-12-20
REV0001976,GM04183,TXN0048657,North America,Food & Grocery,4,Super happy with my purchase. Fits perfectly.,Positive,2023-12-31
REV0001977,GM00042,TXN0000579,MENA,Sports,4,Absolutely love this product! Exceeded my expectations.,Positive,2023-04-04
REV0001978,GM00737,TXN0008791,MENA,Sports,5,Great value for money. Highly recommend to everyone.,Positive,2022-01-05
REV0001979,GM04527,TXN0052523,North America,Fashion,5,Customer service was incredibly helpful and responsive.,Positive,2023-12-08
REV0001980,GM01568,TXN0018398,Central Asia,Home & Garden,5,The product quality is outstanding and durable.,Positive,2022-12-23
REV0001981,GM01044,TXN0012336,North America,Home & Garden,2,Would not recommend. Waste of money.,Negative,2024-04-12
REV0001982,GM00598,TXN0007056,Europe,Sports,3,Decent product. Does what it says. Nothing special.,Neutral,2023-11-21
REV0001983,GM04352,TXN0050473,North America,Electronics,4,Super happy with my purchase. Fits perfectly.,Positive,2024-02-26
REV0001984,GM04048,TXN0047175,North America,Electronics,4,Great value for money. Highly recommend to everyone.,Positive,2023-02-13
REV0001985,GM04232,TXN0049176,North America,Sports,3,Average quality. Okay for the price.,Neutral,2022-12-30
REV0001986,GM04574,TXN0053106,North America,Beauty,5,Customer service was incredibly helpful and responsive.,Positive,2022-02-01
REV0001987,GM03577,TXN0041735,Europe,Sports,4,Absolutely love this product! Exceeded my expectations.,Positive,2022-12-16
REV0001988,GM02621,TXN0030672,North America,Fashion,4,Fast delivery and excellent quality. Will buy again.,Positive,2023-05-22
REV0001989,GM01964,TXN0022844,MENA,Sports,5,Great value for money. Highly recommend to everyone.,Positive,2022-07-14
REV0001990,GM03964,TXN0046182,North America,Food & Grocery,3,"Not bad, not great. Expected better for the price.",Neutral,2022-12-30
REV0001991,GM02423,TXN0028469,North America,Beauty,5,The product quality is outstanding and durable.,Positive,2022-09-08
REV0001992,GM02358,TXN0027630,Central Asia,Fashion,4,Fast delivery and excellent quality. Will buy again.,Positive,2024-01-16
REV0001993,GM01957,TXN0022727,North America,Food & Grocery,2,Not as described. Poor quality material. Returning it.,Negative,2022-03-25
REV0001994,GM01647,TXN0019211,Europe,Sports,5,Fast delivery and excellent quality. Will buy again.,Positive,2023-08-15
REV0001995,GM01606,TXN0018805,MENA,Food & Grocery,1,Very disappointed. The product broke after one week.,Negative,2022-12-19
REV0001996,GM01038,TXN0012249,North America,Beauty,1,Not as described. Poor quality material. Returning it.,Negative,2023-12-11
REV0001997,GM02125,TXN0024788,Southeast Asia,Electronics,5,Great value for money. Highly recommend to everyone.,Positive,2022-05-07
REV0001998,GM03645,TXN0042589,North America,Beauty,5,Perfect experience from browsing to delivery. 5 stars.,Positive,2022-10-19
REV0001999,GM02124,TXN0024760,MENA,Sports,5,The product quality is outstanding and durable.,Positive,2022-09-30
REV0002000,GM01876,TXN0021729,MENA,Sports,5,Great value for money. Highly recommend to everyone.,Positive,2022-11-12
REV0002001,GM01687,TXN0019604,Southeast Asia,Beauty,4,Absolutely love this product! Exceeded my expectations.,Positive,2023-06-26
REV0002002,GM00307,TXN0003781,MENA,Fashion,3,It arrived on time. Product is acceptable.,Neutral,2024-05-16
REV0002003,GM02538,TXN0029771,Europe,Food & Grocery,3,It arrived on time. Product is acceptable.,Neutral,2022-08-27
REV0002004,GM01030,TXN0012170,North America,Beauty,1,Would not recommend. Waste of money.,Negative,2024-02-19
REV0002005,GM00170,TXN0001976,North America,Beauty,5,The product quality is outstanding and durable.,Positive,2023-06-20
REV0002006,GM00437,TXN0005269,Central Asia,Beauty,4,Absolutely love this product! Exceeded my expectations.,Positive,2022-03-15
REV0002007,GM01818,TXN0021131,North America,Food & Grocery,4,Customer service was incredibly helpful and responsive.,Positive,2022-06-27
REV0002008,GM01897,TXN0021921,North America,Beauty,3,Average quality. Okay for the price.,Neutral,2022-06-23
REV0002009,GM04837,TXN0056367,MENA,Home & Garden,1,Product stopped working after a few days. Very frustrating.,Negative,2023-03-03
REV0002010,GM03294,TXN0038483,MENA,Electronics,4,Fast delivery and excellent quality. Will buy again.,Positive,2023-05-13
REV0002011,GM04982,TXN0058087,Europe,Electronics,5,Super happy with my purchase. Fits perfectly.,Positive,2023-01-20
REV0002012,GM00928,TXN0011049,MENA,Food & Grocery,4,Absolutely love this product! Exceeded my expectations.,Positive,2023-09-12
REV0002013,GM04698,TXN0054584,MENA,Sports,2,Would not recommend. Waste of money.,Negative,2022-07-29
REV0002014,GM00242,TXN0002997,Southeast Asia,Beauty,1,Terrible customer service. Waited 3 weeks for a response.,Negative,2023-01-13
REV0002015,GM02640,TXN0030888,North America,Fashion,4,Customer service was incredibly helpful and responsive.,Positive,2023-03-19
REV0002016,GM04990,TXN0058163,North America,Beauty,4,Great value for money. Highly recommend to everyone.,Positive,2022-03-20
REV0002017,GM04328,TXN0050268,Southeast Asia,Food & Grocery,4,Super happy with my purchase. Fits perfectly.,Positive,2023-11-22
REV0002018,GM01259,TXN0014769,Central Asia,Fashion,4,Great value for money. Highly recommend to everyone.,Positive,2022-12-30
REV0002019,GM04876,TXN0056738,North America,Food & Grocery,2,Product stopped working after a few days. Very frustrating.,Negative,2022-03-13
REV0002020,GM00282,TXN0003496,Europe,Sports,5,Super happy with my purchase. Fits perfectly.,Positive,2023-08-24
REV0002021,GM02859,TXN0033451,Central Asia,Fashion,1,Not as described. Poor quality material. Returning it.,Negative,2024-03-20
REV0002022,GM02981,TXN0035001,MENA,Food & Grocery,4,Great value for money. Highly recommend to everyone.,Positive,2023-09-24
REV0002023,GM01305,TXN0015335,North America,Food & Grocery,5,The product quality is outstanding and durable.,Positive,2022-02-25
REV0002024,GM01774,TXN0020605,Southeast Asia,Electronics,5,The product quality is outstanding and durable.,Positive,2023-10-08
REV0002025,GM03343,TXN0039080,North America,Beauty,1,Product stopped working after a few days. Very frustrating.,Negative,2022-07-25
REV0002026,GM02550,TXN0029928,Central Asia,Sports,2,Not as described. Poor quality material. Returning it.,Negative,2023-05-14
REV0002027,GM04832,TXN0056278,North America,Fashion,4,Absolutely love this product! Exceeded my expectations.,Positive,2023-09-25
REV0002028,GM02158,TXN0025314,Europe,Sports,5,Customer service was incredibly helpful and responsive.,Positive,2022-04-02
REV0002029,GM03190,TXN0037380,North America,Electronics,4,Customer service was incredibly helpful and responsive.,Positive,2022-08-22
REV0002030,GM04027,TXN0046865,MENA,Beauty,4,Great value for money. Highly recommend to everyone.,Positive,2023-09-14
REV0002031,GM01780,TXN0020664,North America,Beauty,4,Super happy with my purchase. Fits perfectly.,Positive,2023-03-02
REV0002032,GM03113,TXN0036543,North America,Beauty,4,Fast delivery and excellent quality. Will buy again.,Positive,2023-04-15
REV0002033,GM03062,TXN0035987,Central Asia,Home & Garden,4,Absolutely love this product! Exceeded my expectations.,Positive,2023-07-28
REV0002034,GM01286,TXN0015136,MENA,Beauty,5,Fast delivery and excellent quality. Will buy again.,Positive,2022-06-11
REV0002035,GM00327,TXN0004047,North America,Sports,4,Customer service was incredibly helpful and responsive.,Positive,2023-07-01
REV0002036,GM04880,TXN0056764,North America,Electronics,4,Great value for money. Highly recommend to everyone.,Positive,2022-07-06
REV0002037,GM00319,TXN0003915,Europe,Home & Garden,4,Great value for money. Highly recommend to everyone.,Positive,2023-09-03
REV0002038,GM03279,TXN0038314,Europe,Fashion,5,Super happy with my purchase. Fits perfectly.,Positive,2023-06-27
REV0002039,GM00870,TXN0010352,Southeast Asia,Fashion,5,Perfect experience from browsing to delivery. 5 stars.,Positive,2022-11-09
REV0002040,GM03867,TXN0045031,MENA,Beauty,5,Perfect experience from browsing to delivery. 5 stars.,Positive,2022-07-14
REV0002041,GM01832,TXN0021255,North America,Sports,5,Great value for money. Highly recommend to everyone.,Positive,2022-02-27
REV0002042,GM03869,TXN0045048,North America,Sports,4,Fast delivery and excellent quality. Will buy again.,Positive,2024-01-12
REV0002043,GM04677,TXN0054332,Central Asia,Food & Grocery,5,Absolutely love this product! Exceeded my expectations.,Positive,2022-08-15
REV0002044,GM04684,TXN0054411,Europe,Beauty,3,Average quality. Okay for the price.,Neutral,2023-08-02
REV0002045,GM03547,TXN0041442,Central Asia,Sports,4,Fast delivery and excellent quality. Will buy again.,Positive,2022-09-19
REV0002046,GM04829,TXN0056203,Europe,Sports,4,Customer service was incredibly helpful and responsive.,Positive,2023-06-26
REV0002047,GM03553,TXN0041483,North America,Fashion,1,Terrible customer service. Waited 3 weeks for a response.,Negative,2022-01-19
REV0002048,GM00129,TXN0001492,Central Asia,Electronics,4,Super happy with my purchase. Fits perfectly.,Positive,2023-12-18
REV0002049,GM02890,TXN0033814,North America,Sports,5,Fast delivery and excellent quality. Will buy again.,Positive,2022-05-21
REV0002050,GM02185,TXN0025637,North America,Sports,4,Super happy with my purchase. Fits perfectly.,Positive,2023-06-11
REV0002051,GM01333,TXN0015672,Europe,Home & Garden,4,Customer service was incredibly helpful and responsive.,Positive,2023-01-02
REV0002052,GM04468,TXN0051802,Europe,Home & Garden,5,Customer service was incredibly helpful and responsive.,Positive,2024-05-09
REV0002053,GM01919,TXN0022225,MENA,Fashion,5,The product quality is outstanding and durable.,Positive,2023-06-18
REV0002054,GM04189,TXN0048711,North America,Electronics,4,Super happy with my purchase. Fits perfectly.,Positive,2022-04-26
REV0002055,GM02078,TXN0024166,MENA,Home & Garden,1,Would not recommend. Waste of money.,Negative,2024-06-10
REV0002056,GM02761,TXN0032208,Europe,Electronics,4,Super happy with my purchase. Fits perfectly.,Positive,2024-05-07
REV0002057,GM00582,TXN0006876,Southeast Asia,Fashion,3,Works fine. Packaging could be improved.,Neutral,2024-03-11
REV0002058,GM03704,TXN0043288,North America,Beauty,4,The product quality is outstanding and durable.,Positive,2022-11-03
REV0002059,GM00655,TXN0007823,MENA,Electronics,5,Customer service was incredibly helpful and responsive.,Positive,2023-06-19
REV0002060,GM02143,TXN0025049,North America,Electronics,4,The product quality is outstanding and durable.,Positive,2024-05-31
REV0002061,GM04973,TXN0057958,MENA,Electronics,3,Decent product. Does what it says. Nothing special.,Neutral,2022-05-20
REV0002062,GM02546,TXN0029890,MENA,Beauty,5,Perfect experience from browsing to delivery. 5 stars.,Positive,2022-03-31
REV0002063,GM02921,TXN0034244,Europe,Fashion,4,Perfect experience from browsing to delivery. 5 stars.,Positive,2024-04-23
REV0002064,GM00734,TXN0008740,MENA,Beauty,4,Absolutely love this product! Exceeded my expectations.,Positive,2024-04-08
REV0002065,GM00963,TXN0011403,Europe,Home & Garden,5,Absolutely love this product! Exceeded my expectations.,Positive,2022-06-18
REV0002066,GM03445,TXN0040269,Southeast Asia,Electronics,3,Average quality. Okay for the price.,Neutral,2023-11-04
REV0002067,GM03110,TXN0036473,North America,Home & Garden,4,Absolutely love this product! Exceeded my expectations.,Positive,2022-11-22
REV0002068,GM00053,TXN0000682,Southeast Asia,Food & Grocery,2,Delivery was extremely late and packaging was damaged.,Negative,2022-12-15
REV0002069,GM00551,TXN0006516,MENA,Food & Grocery,4,Great value for money. Highly recommend to everyone.,Positive,2022-08-23
REV0002070,GM01241,TXN0014581,Southeast Asia,Food & Grocery,4,Great value for money. Highly recommend to everyone.,Positive,2022-04-07
REV0002071,GM01169,TXN0013746,Central Asia,Home & Garden,4,The product quality is outstanding and durable.,Positive,2023-02-14
REV0002072,GM00119,TXN0001389,Southeast Asia,Home & Garden,4,Great value for money. Highly recommend to everyone.,Positive,2022-12-31
REV0002073,GM02565,TXN0030051,MENA,Sports,5,Fast delivery and excellent quality. Will buy again.,Positive,2022-03-16
REV0002074,GM00477,TXN0005771,Central Asia,Beauty,5,Super happy with my purchase. Fits perfectly.,Positive,2022-03-01
REV0002075,GM03628,TXN0042327,Southeast Asia,Electronics,5,Perfect experience from browsing to delivery. 5 stars.,Positive,2023-11-09
REV0002076,GM01998,TXN0023277,Central Asia,Beauty,4,Customer service was incredibly helpful and responsive.,Positive,2022-06-19
REV0002077,GM04570,TXN0053028,Southeast Asia,Sports,4,Customer service was incredibly helpful and responsive.,Positive,2024-01-14
REV0002078,GM02447,TXN0028723,Europe,Sports,3,It arrived on time. Product is acceptable.,Neutral,2022-04-22
REV0002079,GM02954,TXN0034680,MENA,Food & Grocery,5,Fast delivery and excellent quality. Will buy again.,Positive,2023-10-01
REV0002080,GM00115,TXN0001350,North America,Electronics,3,It arrived on time. Product is acceptable.,Neutral,2022-11-19
REV0002081,GM04284,TXN0049831,Central Asia,Electronics,4,Absolutely love this product! Exceeded my expectations.,Positive,2024-02-09
REV0002082,GM00748,TXN0008926,MENA,Electronics,4,The product quality is outstanding and durable.,Positive,2024-03-17
REV0002083,GM04048,TXN0047152,North America,Sports,4,Super happy with my purchase. Fits perfectly.,Positive,2022-04-20
REV0002084,GM03298,TXN0038532,Central Asia,Fashion,5,Absolutely love this product! Exceeded my expectations.,Positive,2024-02-05
REV0002085,GM00710,TXN0008481,North America,Food & Grocery,3,Average quality. Okay for the price.,Neutral,2022-09-11
REV0002086,GM03137,TXN0036784,North America,Sports,4,Fast delivery and excellent quality. Will buy again.,Positive,2022-07-25
REV0002087,GM01788,TXN0020772,North America,Food & Grocery,4,Super happy with my purchase. Fits perfectly.,Positive,2023-05-31
REV0002088,GM04646,TXN0053987,North America,Fashion,3,Average quality. Okay for the price.,Neutral,2023-10-27
REV0002089,GM04727,TXN0054897,Southeast Asia,Home & Garden,4,The product quality is outstanding and durable.,Positive,2023-06-12
REV0002090,GM02042,TXN0023721,North America,Sports,4,Fast delivery and excellent quality. Will buy again.,Positive,2023-11-01
REV0002091,GM04846,TXN0056422,MENA,Fashion,4,Great value for money. Highly recommend to everyone.,Positive,2022-06-09
REV0002092,GM01432,TXN0016797,MENA,Sports,5,Fast delivery and excellent quality. Will buy again.,Positive,2023-02-18
REV0002093,GM02617,TXN0030630,Europe,Fashion,2,Terrible customer service. Waited 3 weeks for a response.,Negative,2023-06-03
REV0002094,GM03718,TXN0043494,Central Asia,Electronics,5,Fast delivery and excellent quality. Will buy again.,Positive,2024-03-27
REV0002095,GM00787,TXN0009368,North America,Fashion,2,Very disappointed. The product broke after one week.,Negative,2022-12-17
REV0002096,GM01584,TXN0018533,MENA,Food & Grocery,5,Perfect experience from browsing to delivery. 5 stars.,Positive,2022-07-08
REV0002097,GM00195,TXN0002350,Europe,Electronics,5,The product quality is outstanding and durable.,Positive,2023-07-12
REV0002098,GM03416,TXN0039968,North America,Electronics,3,Decent product. Does what it says. Nothing special.,Neutral,2022-02-10
REV0002099,GM00361,TXN0004476,MENA,Electronics,3,Decent product. Does what it says. Nothing special.,Neutral,2023-09-11
REV0002100,GM04958,TXN0057761,North America,Home & Garden,5,Absolutely love this product! Exceeded my expectations.,Positive,2022-12-14
REV0002101,GM03193,TXN0037398,Southeast Asia,Fashion,3,"Not bad, not great. Expected better for the price.",Neutral,2023-02-21
REV0002102,GM02220,TXN0026057,Central Asia,Electronics,5,Super happy with my purchase. Fits perfectly.,Positive,2023-05-05
REV0002103,GM04457,TXN0051675,North America,Electronics,2,Delivery was extremely late and packaging was damaged.,Negative,2023-09-13
REV0002104,GM00521,TXN0006176,North America,Electronics,4,Absolutely love this product! Exceeded my expectations.,Positive,2023-09-02
REV0002105,GM00038,TXN0000502,Central Asia,Beauty,4,Fast delivery and excellent quality. Will buy again.,Positive,2023-02-24
REV0002106,GM01288,TXN0015158,Europe,Beauty,4,Absolutely love this product! Exceeded my expectations.,Positive,2022-07-04
REV0002107,GM01612,TXN0018904,North America,Home & Garden,2,Very disappointed. The product broke after one week.,Negative,2022-06-27
REV0002108,GM01531,TXN0017942,Europe,Sports,2,Product stopped working after a few days. Very frustrating.,Negative,2022-02-13
REV0002109,GM04341,TXN0050400,MENA,Sports,2,Would not recommend. Waste of money.,Negative,2023-08-18
REV0002110,GM00369,TXN0004615,Europe,Electronics,5,Customer service was incredibly helpful and responsive.,Positive,2022-10-25
REV0002111,GM02527,TXN0029645,Europe,Sports,3,Decent product. Does what it says. Nothing special.,Neutral,2022-11-20
REV0002112,GM00744,TXN0008902,MENA,Electronics,3,"Not bad, not great. Expected better for the price.",Neutral,2022-10-23
REV0002113,GM03238,TXN0037869,Southeast Asia,Electronics,4,Absolutely love this product! Exceeded my expectations.,Positive,2023-03-19
REV0002114,GM03022,TXN0035502,MENA,Home & Garden,5,Great value for money. Highly recommend to everyone.,Positive,2023-11-21
REV0002115,GM03233,TXN0037807,Europe,Sports,4,Absolutely love this product! Exceeded my expectations.,Positive,2023-06-16
REV0002116,GM04630,TXN0053758,MENA,Sports,4,Absolutely love this product! Exceeded my expectations.,Positive,2023-10-31
REV0002117,GM01320,TXN0015501,Central Asia,Beauty,4,Great value for money. Highly recommend to everyone.,Positive,2024-03-05
REV0002118,GM00681,TXN0008141,North America,Sports,3,Decent product. Does what it says. Nothing special.,Neutral,2024-01-27
REV0002119,GM03906,TXN0045539,MENA,Sports,5,Super happy with my purchase. Fits perfectly.,Positive,2023-09-16
REV0002120,GM04854,TXN0056489,Europe,Sports,5,Absolutely love this product! Exceeded my expectations.,Positive,2022-08-07
REV0002121,GM04300,TXN0049978,North America,Home & Garden,5,Super happy with my purchase. Fits perfectly.,Positive,2023-12-15
REV0002122,GM03396,TXN0039703,Southeast Asia,Sports,4,Absolutely love this product! Exceeded my expectations.,Positive,2023-01-14
REV0002123,GM01610,TXN0018882,MENA,Sports,1,Would not recommend. Waste of money.,Negative,2023-05-11
REV0002124,GM00818,TXN0009764,MENA,Home & Garden,4,Fast delivery and excellent quality. Will buy again.,Positive,2022-12-10
REV0002125,GM02721,TXN0031778,Southeast Asia,Home & Garden,5,Customer service was incredibly helpful and responsive.,Positive,2024-01-19
REV0002126,GM00062,TXN0000777,Europe,Fashion,5,Fast delivery and excellent quality. Will buy again.,Positive,2022-12-02
REV0002127,GM04805,TXN0055901,North America,Home & Garden,3,Average quality. Okay for the price.,Neutral,2023-12-28
REV0002128,GM03040,TXN0035690,MENA,Home & Garden,5,The product quality is outstanding and durable.,Positive,2022-07-30
REV0002129,GM03280,TXN0038327,North America,Beauty,4,Great value for money. Highly recommend to everyone.,Positive,2023-11-13
REV0002130,GM02897,TXN0033887,MENA,Food & Grocery,1,Very disappointed. The product broke after one week.,Negative,2023-09-01
REV0002131,GM02821,TXN0032999,Southeast Asia,Sports,5,Absolutely love this product! Exceeded my expectations.,Positive,2023-10-10
REV0002132,GM03075,TXN0036103,North America,Food & Grocery,4,Fast delivery and excellent quality. Will buy again.,Positive,2023-07-29
REV0002133,GM01998,TXN0023272,Central Asia,Food & Grocery,3,It arrived on time. Product is acceptable.,Neutral,2024-03-22
REV0002134,GM00391,TXN0004830,Southeast Asia,Home & Garden,4,Customer service was incredibly helpful and responsive.,Positive,2023-01-11
REV0002135,GM00923,TXN0010993,Southeast Asia,Electronics,4,Great value for money. Highly recommend to everyone.,Positive,2023-02-27
REV0002136,GM04722,TXN0054820,Central Asia,Electronics,4,Great value for money. Highly recommend to everyone.,Positive,2022-03-06
REV0002137,GM02379,TXN0027928,MENA,Beauty,4,Fast delivery and excellent quality. Will buy again.,Positive,2022-01-11
REV0002138,GM02641,TXN0030904,Europe,Beauty,4,Super happy with my purchase. Fits perfectly.,Positive,2022-10-26
REV0002139,GM00620,TXN0007340,North America,Beauty,4,Customer service was incredibly helpful and responsive.,Positive,2023-01-01
REV0002140,GM03593,TXN0041941,North America,Fashion,5,Super happy with my purchase. Fits perfectly.,Positive,2022-04-04
REV0002141,GM03676,TXN0042923,Europe,Sports,4,The product quality is outstanding and durable.,Positive,2022-09-20
REV0002142,GM03050,TXN0035804,Europe,Electronics,4,Customer service was incredibly helpful and responsive.,Positive,2023-11-17
REV0002143,GM04771,TXN0055413,Central Asia,Fashion,1,Terrible customer service. Waited 3 weeks for a response.,Negative,2023-10-16
REV0002144,GM03767,TXN0044013,North America,Beauty,5,Customer service was incredibly helpful and responsive.,Positive,2022-05-06
REV0002145,GM04887,TXN0056894,Europe,Home & Garden,4,Customer service was incredibly helpful and responsive.,Positive,2022-12-08
REV0002146,GM01292,TXN0015193,Europe,Electronics,4,Absolutely love this product! Exceeded my expectations.,Positive,2022-08-26
REV0002147,GM00259,TXN0003187,North America,Sports,5,Absolutely love this product! Exceeded my expectations.,Positive,2023-12-31
REV0002148,GM04505,TXN0052244,MENA,Home & Garden,5,Super happy with my purchase. Fits perfectly.,Positive,2023-08-26
REV0002149,GM04314,TXN0050089,Southeast Asia,Food & Grocery,4,Customer service was incredibly helpful and responsive.,Positive,2022-02-14
REV0002150,GM04188,TXN0048700,North America,Home & Garden,4,Super happy with my purchase. Fits perfectly.,Positive,2022-05-31
REV0002151,GM02945,TXN0034531,North America,Beauty,4,Absolutely love this product! Exceeded my expectations.,Positive,2023-12-24
REV0002152,GM03209,TXN0037593,MENA,Beauty,2,Would not recommend. Waste of money.,Negative,2023-10-23
REV0002153,GM00236,TXN0002950,North America,Fashion,3,Average quality. Okay for the price.,Neutral,2023-08-25
REV0002154,GM02746,TXN0032011,North America,Sports,1,Product stopped working after a few days. Very frustrating.,Negative,2022-05-12
REV0002155,GM01041,TXN0012308,MENA,Electronics,3,Average quality. Okay for the price.,Neutral,2023-01-18
REV0002156,GM04656,TXN0054108,Europe,Beauty,4,Great value for money. Highly recommend to everyone.,Positive,2024-05-03
REV0002157,GM04614,TXN0053562,Central Asia,Electronics,4,Fast delivery and excellent quality. Will buy again.,Positive,2022-02-15
REV0002158,GM04352,TXN0050493,North America,Sports,3,Works fine. Packaging could be improved.,Neutral,2023-12-13
REV0002159,GM00098,TXN0001170,MENA,Fashion,4,Absolutely love this product! Exceeded my expectations.,Positive,2023-06-14
REV0002160,GM04043,TXN0047084,MENA,Home & Garden,5,The product quality is outstanding and durable.,Positive,2023-08-10
REV0002161,GM03352,TXN0039167,MENA,Home & Garden,3,Decent product. Does what it says. Nothing special.,Neutral,2023-10-03
REV0002162,GM00553,TXN0006557,North America,Electronics,5,Fast delivery and excellent quality. Will buy again.,Positive,2022-03-31
REV0002163,GM03381,TXN0039540,Europe,Home & Garden,2,Would not recommend. Waste of money.,Negative,2023-08-15
REV0002164,GM03340,TXN0039067,North America,Beauty,4,Super happy with my purchase. Fits perfectly.,Positive,2022-01-14
REV0002165,GM00864,TXN0010255,MENA,Beauty,4,The product quality is outstanding and durable.,Positive,2023-03-16
REV0002166,GM03308,TXN0038655,Central Asia,Beauty,1,Delivery was extremely late and packaging was damaged.,Negative,2024-02-20
REV0002167,GM03456,TXN0040362,Europe,Fashion,4,Great value for money. Highly recommend to everyone.,Positive,2023-09-10
REV0002168,GM03960,TXN0046092,Central Asia,Sports,4,The product quality is outstanding and durable.,Positive,2022-01-09
REV0002169,GM04183,TXN0048659,North America,Sports,3,Works fine. Packaging could be improved.,Neutral,2023-11-05
REV0002170,GM03990,TXN0046504,Southeast Asia,Sports,5,Fast delivery and excellent quality. Will buy again.,Positive,2023-07-03
REV0002171,GM03877,TXN0045199,Europe,Food & Grocery,4,Perfect experience from browsing to delivery. 5 stars.,Positive,2023-08-18
REV0002172,GM04716,TXN0054761,Europe,Electronics,4,The product quality is outstanding and durable.,Positive,2022-04-15
REV0002173,GM01481,TXN0017419,North America,Food & Grocery,4,Absolutely love this product! Exceeded my expectations.,Positive,2024-04-22
REV0002174,GM04224,TXN0049091,North America,Electronics,5,Fast delivery and excellent quality. Will buy again.,Positive,2024-03-05
REV0002175,GM02078,TXN0024164,MENA,Fashion,5,Super happy with my purchase. Fits perfectly.,Positive,2024-05-02
REV0002176,GM01078,TXN0012709,North America,Home & Garden,4,Great value for money. Highly recommend to everyone.,Positive,2023-08-08
REV0002177,GM03356,TXN0039231,Central Asia,Food & Grocery,5,Perfect experience from browsing to delivery. 5 stars.,Positive,2023-11-09
REV0002178,GM00284,TXN0003525,Central Asia,Fashion,4,Perfect experience from browsing to delivery. 5 stars.,Positive,2022-11-09
REV0002179,GM00396,TXN0004895,Southeast Asia,Electronics,4,Fast delivery and excellent quality. Will buy again.,Positive,2022-12-06
REV0002180,GM02956,TXN0034695,North America,Fashion,4,Customer service was incredibly helpful and responsive.,Positive,2024-06-10
REV0002181,GM02379,TXN0027932,MENA,Sports,4,Fast delivery and excellent quality. Will buy again.,Positive,2022-09-04
REV0002182,GM04336,TXN0050333,Central Asia,Beauty,5,Perfect experience from browsing to delivery. 5 stars.,Positive,2024-06-07
REV0002183,GM01391,TXN0016424,Europe,Food & Grocery,5,Absolutely love this product! Exceeded my expectations.,Positive,2022-02-16
REV0002184,GM01072,TXN0012609,Europe,Beauty,5,Super happy with my purchase. Fits perfectly.,Positive,2023-05-07
REV0002185,GM03325,TXN0038859,North America,Food & Grocery,2,Not as described. Poor quality material. Returning it.,Negative,2022-01-05
REV0002186,GM02784,TXN0032492,North America,Beauty,3,Decent product. Does what it says. Nothing special.,Neutral,2024-06-14
REV0002187,GM00277,TXN0003419,North America,Home & Garden,5,Perfect experience from browsing to delivery. 5 stars.,Positive,2022-03-10
REV0002188,GM04976,TXN0058011,MENA,Fashion,4,Absolutely love this product! Exceeded my expectations.,Positive,2022-09-01
REV0002189,GM01762,TXN0020475,North America,Beauty,5,Customer service was incredibly helpful and responsive.,Positive,2022-04-29
REV0002190,GM01564,TXN0018347,Europe,Electronics,5,Fast delivery and excellent quality. Will buy again.,Positive,2022-05-05
REV0002191,GM04606,TXN0053433,Southeast Asia,Fashion,5,Perfect experience from browsing to delivery. 5 stars.,Positive,2023-10-10
REV0002192,GM03683,TXN0043068,North America,Beauty,4,Super happy with my purchase. Fits perfectly.,Positive,2024-04-12
REV0002193,GM02527,TXN0029646,Europe,Electronics,3,It arrived on time. Product is acceptable.,Neutral,2023-12-20
REV0002194,GM00095,TXN0001139,North America,Electronics,4,The product quality is outstanding and durable.,Positive,2022-03-31
REV0002195,GM02877,TXN0033659,MENA,Beauty,4,Great value for money. Highly recommend to everyone.,Positive,2022-01-18
REV0002196,GM00010,TXN0000111,North America,Food & Grocery,3,Works fine. Packaging could be improved.,Neutral,2023-09-29
REV0002197,GM02488,TXN0029134,Southeast Asia,Sports,5,The product quality is outstanding and durable.,Positive,2023-04-04
REV0002198,GM01322,TXN0015522,Europe,Food & Grocery,5,Absolutely love this product! Exceeded my expectations.,Positive,2022-02-28
REV0002199,GM00455,TXN0005529,Central Asia,Fashion,3,Decent product. Does what it says. Nothing special.,Neutral,2022-01-28
REV0002200,GM00607,TXN0007162,Europe,Beauty,2,Not as described. Poor quality material. Returning it.,Negative,2024-04-19
REV0002201,GM03158,TXN0037024,Central Asia,Electronics,5,Perfect experience from browsing to delivery. 5 stars.,Positive,2023-07-28
REV0002202,GM02187,TXN0025688,Southeast Asia,Beauty,4,Absolutely love this product! Exceeded my expectations.,Positive,2022-09-11
REV0002203,GM00551,TXN0006514,MENA,Electronics,4,Perfect experience from browsing to delivery. 5 stars.,Positive,2022-07-02
REV0002204,GM02185,TXN0025636,North America,Home & Garden,2,Not as described. Poor quality material. Returning it.,Negative,2023-07-26
REV0002205,GM02230,TXN0026199,Europe,Electronics,5,Perfect experience from browsing to delivery. 5 stars.,Positive,2023-05-13
REV0002206,GM01224,TXN0014400,Southeast Asia,Fashion,4,Customer service was incredibly helpful and responsive.,Positive,2024-01-01
REV0002207,GM00975,TXN0011618,Central Asia,Food & Grocery,2,Product stopped working after a few days. Very frustrating.,Negative,2024-05-25
REV0002208,GM04886,TXN0056885,Southeast Asia,Food & Grocery,5,Great value for money. Highly recommend to everyone.,Positive,2024-01-06
REV0002209,GM01966,TXN0022865,North America,Food & Grocery,5,The product quality is outstanding and durable.,Positive,2024-02-04
REV0002210,GM03273,TXN0038209,North America,Food & Grocery,5,Super happy with my purchase. Fits perfectly.,Positive,2022-01-20
REV0002211,GM01517,TXN0017759,North America,Sports,5,Perfect experience from browsing to delivery. 5 stars.,Positive,2022-07-08
REV0002212,GM02995,TXN0035177,Europe,Home & Garden,2,Terrible customer service. Waited 3 weeks for a response.,Negative,2023-01-29
REV0002213,GM03161,TXN0037051,MENA,Food & Grocery,3,Works fine. Packaging could be improved.,Neutral,2022-04-03
REV0002214,GM00769,TXN0009195,Europe,Sports,4,Perfect experience from browsing to delivery. 5 stars.,Positive,2023-06-17
REV0002215,GM00078,TXN0000958,Central Asia,Fashion,1,Not as described. Poor quality material. Returning it.,Negative,2023-08-13
REV0002216,GM03287,TXN0038419,MENA,Fashion,1,Delivery was extremely late and packaging was damaged.,Negative,2024-02-03
REV0002217,GM01995,TXN0023215,North America,Beauty,3,Average quality. Okay for the price.,Neutral,2024-06-07
REV0002218,GM02227,TXN0026122,Europe,Home & Garden,5,Super happy with my purchase. Fits perfectly.,Positive,2024-02-07
REV0002219,GM02333,TXN0027368,North America,Food & Grocery,2,Very disappointed. The product broke after one week.,Negative,2023-10-20
REV0002220,GM04832,TXN0056287,North America,Sports,3,"Not bad, not great. Expected better for the price.",Neutral,2022-09-01
REV0002221,GM03050,TXN0035803,Europe,Home & Garden,5,The product quality is outstanding and durable.,Positive,2022-01-29
REV0002222,GM03358,TXN0039251,MENA,Electronics,5,Great value for money. Highly recommend to everyone.,Positive,2022-07-04
REV0002223,GM03999,TXN0046592,MENA,Fashion,3,Average quality. Okay for the price.,Neutral,2024-03-20
REV0002224,GM02674,TXN0031293,Europe,Fashion,5,Absolutely love this product! Exceeded my expectations.,Positive,2023-09-19
REV0002225,GM04101,TXN0047754,North America,Electronics,3,"Not bad, not great. Expected better for the price.",Neutral,2022-10-03
REV0002226,GM03934,TXN0045830,Europe,Beauty,1,Product stopped working after a few days. Very frustrating.,Negative,2023-05-30
REV0002227,GM00263,TXN0003271,Europe,Fashion,3,Decent product. Does what it says. Nothing special.,Neutral,2023-11-03
REV0002228,GM03441,TXN0040222,Europe,Home & Garden,5,Perfect experience from browsing to delivery. 5 stars.,Positive,2024-04-02
REV0002229,GM01711,TXN0019786,Europe,Fashion,5,Perfect experience from browsing to delivery. 5 stars.,Positive,2022-04-09
REV0002230,GM02980,TXN0034988,Southeast Asia,Electronics,5,Customer service was incredibly helpful and responsive.,Positive,2024-06-16
REV0002231,GM00598,TXN0007073,Europe,Home & Garden,1,Product stopped working after a few days. Very frustrating.,Negative,2022-03-23
REV0002232,GM01438,TXN0016850,North America,Food & Grocery,3,Decent product. Does what it says. Nothing special.,Neutral,2022-02-07
REV0002233,GM01265,TXN0014876,Central Asia,Sports,1,Very disappointed. The product broke after one week.,Negative,2022-05-05
REV0002234,GM03217,TXN0037659,Europe,Electronics,5,Fast delivery and excellent quality. Will buy again.,Positive,2022-04-11
REV0002235,GM02431,TXN0028538,North America,Fashion,4,Perfect experience from browsing to delivery. 5 stars.,Positive,2022-06-12
REV0002236,GM02273,TXN0026680,MENA,Home & Garden,4,Perfect experience from browsing to delivery. 5 stars.,Positive,2023-12-12
REV0002237,GM04600,TXN0053350,Europe,Fashion,5,The product quality is outstanding and durable.,Positive,2022-03-28
REV0002238,GM01764,TXN0020513,MENA,Fashion,5,Customer service was incredibly helpful and responsive.,Positive,2024-03-04
REV0002239,GM03240,TXN0037920,North America,Food & Grocery,5,Absolutely love this product! Exceeded my expectations.,Positive,2022-03-10
REV0002240,GM02109,TXN0024500,Europe,Fashion,3,Average quality. Okay for the price.,Neutral,2022-04-03
REV0002241,GM01217,TXN0014338,Central Asia,Beauty,5,Absolutely love this product! Exceeded my expectations.,Positive,2023-07-15
REV0002242,GM00879,TXN0010466,Central Asia,Food & Grocery,1,Not as described. Poor quality material. Returning it.,Negative,2024-06-10
REV0002243,GM00954,TXN0011308,Southeast Asia,Electronics,2,Terrible customer service. Waited 3 weeks for a response.,Negative,2024-03-05
REV0002244,GM00257,TXN0003174,Southeast Asia,Beauty,4,Great value for money. Highly recommend to everyone.,Positive,2023-11-15
REV0002245,GM04352,TXN0050489,North America,Beauty,4,Fast delivery and excellent quality. Will buy again.,Positive,2023-04-06
REV0002246,GM03239,TXN0037882,North America,Fashion,5,Customer service was incredibly helpful and responsive.,Positive,2022-01-08
REV0002247,GM01157,TXN0013580,Europe,Fashion,1,Delivery was extremely late and packaging was damaged.,Negative,2023-11-12
REV0002248,GM04092,TXN0047598,Europe,Electronics,2,Very disappointed. The product broke after one week.,Negative,2022-10-30
REV0002249,GM03348,TXN0039117,Europe,Fashion,4,Fast delivery and excellent quality. Will buy again.,Positive,2022-08-27
REV0002250,GM00242,TXN0002991,Southeast Asia,Fashion,4,Super happy with my purchase. Fits perfectly.,Positive,2023-11-01
REV0002251,GM02316,TXN0027218,Europe,Home & Garden,4,Perfect experience from browsing to delivery. 5 stars.,Positive,2023-01-10
REV0002252,GM01119,TXN0013184,Europe,Electronics,3,"Not bad, not great. Expected better for the price.",Neutral,2024-02-06
REV0002253,GM01752,TXN0020353,Europe,Food & Grocery,4,Great value for money. Highly recommend to everyone.,Positive,2023-08-14
REV0002254,GM01113,TXN0013155,Europe,Home & Garden,5,Super happy with my purchase. Fits perfectly.,Positive,2023-01-17
REV0002255,GM04807,TXN0055914,Central Asia,Fashion,4,The product quality is outstanding and durable.,Positive,2023-07-28
REV0002256,GM00589,TXN0006949,Europe,Sports,5,Super happy with my purchase. Fits perfectly.,Positive,2024-05-22
REV0002257,GM04963,TXN0057853,Europe,Electronics,4,Customer service was incredibly helpful and responsive.,Positive,2023-10-02
REV0002258,GM01618,TXN0018956,North America,Electronics,3,Works fine. Packaging could be improved.,Neutral,2023-03-06
REV0002259,GM02115,TXN0024613,North America,Fashion,4,Great value for money. Highly recommend to everyone.,Positive,2023-09-30
REV0002260,GM04940,TXN0057499,North America,Sports,4,Super happy with my purchase. Fits perfectly.,Positive,2024-04-25
REV0002261,GM00421,TXN0005119,North America,Fashion,4,Super happy with my purchase. Fits perfectly.,Positive,2023-10-13
REV0002262,GM00566,TXN0006718,North America,Home & Garden,4,Super happy with my purchase. Fits perfectly.,Positive,2024-03-09
REV0002263,GM02977,TXN0034951,North America,Fashion,5,The product quality is outstanding and durable.,Positive,2022-05-27
REV0002264,GM00972,TXN0011548,Southeast Asia,Sports,5,Perfect experience from browsing to delivery. 5 stars.,Positive,2023-08-01
REV0002265,GM03333,TXN0038948,Europe,Sports,5,Great value for money. Highly recommend to everyone.,Positive,2022-10-27
REV0002266,GM00710,TXN0008471,North America,Sports,2,Delivery was extremely late and packaging was damaged.,Negative,2022-06-30
REV0002267,GM00681,TXN0008154,North America,Food & Grocery,2,Product stopped working after a few days. Very frustrating.,Negative,2024-03-17
REV0002268,GM02072,TXN0024109,MENA,Home & Garden,5,Customer service was incredibly helpful and responsive.,Positive,2023-05-03
REV0002269,GM00737,TXN0008787,MENA,Sports,5,Perfect experience from browsing to delivery. 5 stars.,Positive,2022-12-31
REV0002270,GM01785,TXN0020729,North America,Electronics,5,Perfect experience from browsing to delivery. 5 stars.,Positive,2023-11-25
REV0002271,GM03247,TXN0037991,MENA,Home & Garden,4,Customer service was incredibly helpful and responsive.,Positive,2023-09-22
REV0002272,GM03351,TXN0039158,Europe,Electronics,1,Not as described. Poor quality material. Returning it.,Negative,2022-12-07
REV0002273,GM01151,TXN0013512,North America,Sports,5,Fast delivery and excellent quality. Will buy again.,Positive,2024-02-29
REV0002274,GM04686,TXN0054455,MENA,Beauty,4,Super happy with my purchase. Fits perfectly.,Positive,2022-01-16
REV0002275,GM03884,TXN0045290,Europe,Beauty,2,Delivery was extremely late and packaging was damaged.,Negative,2023-10-13
REV0002276,GM03642,TXN0042506,Southeast Asia,Electronics,5,Absolutely love this product! Exceeded my expectations.,Positive,2023-03-17
REV0002277,GM02053,TXN0023871,Europe,Fashion,5,Absolutely love this product! Exceeded my expectations.,Positive,2022-02-17
REV0002278,GM04097,TXN0047670,Central Asia,Beauty,4,Great value for money. Highly recommend to everyone.,Positive,2022-10-28
REV0002279,GM02117,TXN0024680,MENA,Home & Garden,1,Delivery was extremely late and packaging was damaged.,Negative,2022-07-08
REV0002280,GM02020,TXN0023498,North America,Food & Grocery,4,Perfect experience from browsing to delivery. 5 stars.,Positive,2024-06-16
REV0002281,GM03406,TXN0039881,North America,Electronics,5,Fast delivery and excellent quality. Will buy again.,Positive,2024-01-31
REV0002282,GM03887,TXN0045325,Southeast Asia,Electronics,3,Average quality. Okay for the price.,Neutral,2022-07-01
REV0002283,GM03880,TXN0045248,Europe,Fashion,3,Decent product. Does what it says. Nothing special.,Neutral,2023-01-22
REV0002284,GM00398,TXN0004919,MENA,Sports,5,Absolutely love this product! Exceeded my expectations.,Positive,2024-02-04
REV0002285,GM00995,TXN0011873,Europe,Beauty,3,Decent product. Does what it says. Nothing special.,Neutral,2023-06-15
REV0002286,GM04647,TXN0054005,North America,Sports,3,Decent product. Does what it says. Nothing special.,Neutral,2023-12-07
REV0002287,GM01651,TXN0019248,Central Asia,Home & Garden,5,Perfect experience from browsing to delivery. 5 stars.,Positive,2023-07-24
REV0002288,GM04647,TXN0054006,North America,Home & Garden,5,The product quality is outstanding and durable.,Positive,2023-11-05
REV0002289,GM01928,TXN0022339,MENA,Electronics,5,Absolutely love this product! Exceeded my expectations.,Positive,2023-04-05
REV0002290,GM04767,TXN0055362,Southeast Asia,Sports,3,Average quality. Okay for the price.,Neutral,2023-07-09
REV0002291,GM01958,TXN0022754,MENA,Sports,3,"Not bad, not great. Expected better for the price.",Neutral,2023-08-16
REV0002292,GM04363,TXN0050636,North America,Beauty,5,Customer service was incredibly helpful and responsive.,Positive,2022-10-03
REV0002293,GM03025,TXN0035527,Central Asia,Food & Grocery,4,The product quality is outstanding and durable.,Positive,2022-01-26
REV0002294,GM01702,TXN0019725,MENA,Fashion,4,Great value for money. Highly recommend to everyone.,Positive,2022-04-30
REV0002295,GM03080,TXN0036141,Southeast Asia,Fashion,5,Fast delivery and excellent quality. Will buy again.,Positive,2023-10-25
REV0002296,GM03705,TXN0043303,Southeast Asia,Fashion,1,Not as described. Poor quality material. Returning it.,Negative,2022-01-09
REV0002297,GM03866,TXN0045019,Europe,Food & Grocery,4,Customer service was incredibly helpful and responsive.,Positive,2023-01-29
REV0002298,GM01355,TXN0015971,MENA,Electronics,5,Customer service was incredibly helpful and responsive.,Positive,2022-10-17
REV0002299,GM04497,TXN0052139,MENA,Food & Grocery,4,Absolutely love this product! Exceeded my expectations.,Positive,2022-03-09
REV0002300,GM00734,TXN0008746,MENA,Sports,5,Super happy with my purchase. Fits perfectly.,Positive,2023-02-28
REV0002301,GM04397,TXN0051088,Europe,Sports,2,Very disappointed. The product broke after one week.,Negative,2023-07-13
REV0002302,GM04714,TXN0054745,North America,Food & Grocery,2,Product stopped working after a few days. Very frustrating.,Negative,2024-01-01
REV0002303,GM00033,TXN0000431,Central Asia,Home & Garden,5,Super happy with my purchase. Fits perfectly.,Positive,2024-04-29
REV0002304,GM02022,TXN0023523,North America,Beauty,1,Would not recommend. Waste of money.,Negative,2023-10-11
REV0002305,GM00597,TXN0007041,North America,Fashion,4,Super happy with my purchase. Fits perfectly.,Positive,2024-02-24
REV0002306,GM03247,TXN0037985,MENA,Electronics,4,Perfect experience from browsing to delivery. 5 stars.,Positive,2023-10-10
REV0002307,GM01943,TXN0022514,North America,Electronics,5,Super happy with my purchase. Fits perfectly.,Positive,2024-03-28
REV0002308,GM01859,TXN0021529,North America,Food & Grocery,5,Perfect experience from browsing to delivery. 5 stars.,Positive,2023-08-24
REV0002309,GM00647,TXN0007683,North America,Beauty,2,Terrible customer service. Waited 3 weeks for a response.,Negative,2023-05-24
REV0002310,GM02947,TXN0034570,MENA,Sports,4,Great value for money. Highly recommend to everyone.,Positive,2022-06-09
REV0002311,GM00609,TXN0007209,MENA,Home & Garden,5,The product quality is outstanding and durable.,Positive,2024-04-24
REV0002312,GM01989,TXN0023130,MENA,Electronics,3,"Not bad, not great. Expected better for the price.",Neutral,2022-04-02
REV0002313,GM00106,TXN0001282,Europe,Food & Grocery,5,Perfect experience from browsing to delivery. 5 stars.,Positive,2023-06-21
REV0002314,GM00407,TXN0005012,MENA,Food & Grocery,1,Would not recommend. Waste of money.,Negative,2022-05-21
REV0002315,GM03540,TXN0041332,Central Asia,Sports,5,Great value for money. Highly recommend to everyone.,Positive,2023-08-24
REV0002316,GM00083,TXN0001040,Europe,Fashion,3,Works fine. Packaging could be improved.,Neutral,2022-08-03
REV0002317,GM02119,TXN0024709,Central Asia,Food & Grocery,4,Great value for money. Highly recommend to everyone.,Positive,2023-05-29
REV0002318,GM04918,TXN0057227,MENA,Electronics,4,Super happy with my purchase. Fits perfectly.,Positive,2023-10-01
REV0002319,GM00253,TXN0003121,Southeast Asia,Electronics,4,Super happy with my purchase. Fits perfectly.,Positive,2023-05-18
REV0002320,GM01735,TXN0020155,Europe,Beauty,4,Customer service was incredibly helpful and responsive.,Positive,2022-10-18
REV0002321,GM02115,TXN0024616,North America,Electronics,3,Works fine. Packaging could be improved.,Neutral,2022-09-16
REV0002322,GM01775,TXN0020625,North America,Electronics,5,Absolutely love this product! Exceeded my expectations.,Positive,2023-09-08
REV0002323,GM03811,TXN0044402,North America,Home & Garden,5,Super happy with my purchase. Fits perfectly.,Positive,2023-09-15
REV0002324,GM02347,TXN0027503,North America,Electronics,5,Absolutely love this product! Exceeded my expectations.,Positive,2023-04-24
REV0002325,GM01522,TXN0017833,Southeast Asia,Sports,2,Delivery was extremely late and packaging was damaged.,Negative,2023-07-07
REV0002326,GM04727,TXN0054906,Southeast Asia,Electronics,5,Absolutely love this product! Exceeded my expectations.,Positive,2023-02-23
REV0002327,GM00760,TXN0009060,North America,Sports,4,Perfect experience from browsing to delivery. 5 stars.,Positive,2024-03-19
REV0002328,GM04144,TXN0048237,North America,Beauty,5,Perfect experience from browsing to delivery. 5 stars.,Positive,2024-04-18
REV0002329,GM00223,TXN0002758,Central Asia,Home & Garden,4,Great value for money. Highly recommend to everyone.,Positive,2022-01-14
REV0002330,GM02996,TXN0035190,Southeast Asia,Food & Grocery,4,Super happy with my purchase. Fits perfectly.,Positive,2022-09-28
REV0002331,GM03738,TXN0043752,North America,Food & Grocery,4,Perfect experience from browsing to delivery. 5 stars.,Positive,2022-08-14
REV0002332,GM00142,TXN0001662,Europe,Sports,5,Perfect experience from browsing to delivery. 5 stars.,Positive,2022-11-13
REV0002333,GM02198,TXN0025795,Southeast Asia,Electronics,3,"Not bad, not great. Expected better for the price.",Neutral,2024-05-18
REV0002334,GM02539,TXN0029781,North America,Fashion,4,Absolutely love this product! Exceeded my expectations.,Positive,2023-08-25
REV0002335,GM01511,TXN0017705,North America,Electronics,5,Absolutely love this product! Exceeded my expectations.,Positive,2022-07-01
REV0002336,GM01210,TXN0014239,Southeast Asia,Home & Garden,4,Fast delivery and excellent quality. Will buy again.,Positive,2023-11-16
REV0002337,GM04573,TXN0053075,Europe,Food & Grocery,5,Customer service was incredibly helpful and responsive.,Positive,2023-08-23
REV0002338,GM03395,TXN0039690,Southeast Asia,Sports,5,The product quality is outstanding and durable.,Positive,2023-10-16
REV0002339,GM03601,TXN0042054,Europe,Sports,5,Super happy with my purchase. Fits perfectly.,Positive,2022-11-28
REV0002340,GM02008,TXN0023393,North America,Electronics,5,Super happy with my purchase. Fits perfectly.,Positive,2022-02-20
REV0002341,GM04379,TXN0050850,Europe,Home & Garden,4,Great value for money. Highly recommend to everyone.,Positive,2024-02-05
REV0002342,GM04691,TXN0054502,Europe,Beauty,1,Product stopped working after a few days. Very frustrating.,Negative,2024-05-15
REV0002343,GM04396,TXN0051067,North America,Beauty,4,Fast delivery and excellent quality. Will buy again.,Positive,2023-11-22
REV0002344,GM00033,TXN0000429,Central Asia,Fashion,1,Delivery was extremely late and packaging was damaged.,Negative,2022-06-06
REV0002345,GM04230,TXN0049148,Europe,Electronics,4,Perfect experience from browsing to delivery. 5 stars.,Positive,2022-11-19
REV0002346,GM01319,TXN0015498,Central Asia,Home & Garden,3,Average quality. Okay for the price.,Neutral,2022-07-11
REV0002347,GM00585,TXN0006920,North America,Sports,2,Not as described. Poor quality material. Returning it.,Negative,2022-10-07
REV0002348,GM01232,TXN0014496,Europe,Sports,5,The product quality is outstanding and durable.,Positive,2023-08-29
REV0002349,GM00050,TXN0000665,Europe,Food & Grocery,2,Delivery was extremely late and packaging was damaged.,Negative,2023-03-09
REV0002350,GM04231,TXN0049168,North America,Electronics,3,"Not bad, not great. Expected better for the price.",Neutral,2022-09-14
REV0002351,GM02430,TXN0028527,Southeast Asia,Beauty,4,Super happy with my purchase. Fits perfectly.,Positive,2022-06-22
REV0002352,GM03149,TXN0036897,North America,Sports,4,Absolutely love this product! Exceeded my expectations.,Positive,2022-07-24
REV0002353,GM00208,TXN0002529,North America,Sports,4,Customer service was incredibly helpful and responsive.,Positive,2022-12-12
REV0002354,GM02439,TXN0028624,MENA,Home & Garden,5,The product quality is outstanding and durable.,Positive,2024-06-16
REV0002355,GM03910,TXN0045577,Europe,Sports,1,Delivery was extremely late and packaging was damaged.,Negative,2023-06-15
REV0002356,GM00365,TXN0004580,Southeast Asia,Electronics,4,The product quality is outstanding and durable.,Positive,2022-08-15
REV0002357,GM03059,TXN0035929,Central Asia,Sports,2,Would not recommend. Waste of money.,Negative,2023-01-22
REV0002358,GM04370,TXN0050718,Europe,Food & Grocery,5,The product quality is outstanding and durable.,Positive,2022-10-05
REV0002359,GM01903,TXN0022021,North America,Sports,3,Works fine. Packaging could be improved.,Neutral,2023-10-23
REV0002360,GM00807,TXN0009619,Southeast Asia,Electronics,5,Customer service was incredibly helpful and responsive.,Positive,2024-06-11
REV0002361,GM00555,TXN0006574,Southeast Asia,Home & Garden,2,Delivery was extremely late and packaging was damaged.,Negative,2023-08-30
REV0002362,GM00155,TXN0001813,Southeast Asia,Fashion,3,"Not bad, not great. Expected better for the price.",Neutral,2024-06-11
REV0002363,GM00248,TXN0003074,Southeast Asia,Electronics,3,Works fine. Packaging could be improved.,Neutral,2023-04-22
REV0002364,GM04872,TXN0056687,Europe,Fashion,4,Super happy with my purchase. Fits perfectly.,Positive,2023-02-05
REV0002365,GM04540,TXN0052668,Central Asia,Beauty,4,Fast delivery and excellent quality. Will buy again.,Positive,2023-10-11
REV0002366,GM03118,TXN0036627,Central Asia,Home & Garden,4,Customer service was incredibly helpful and responsive.,Positive,2024-04-06
REV0002367,GM04573,TXN0053086,Europe,Electronics,5,Absolutely love this product! Exceeded my expectations.,Positive,2023-05-22
REV0002368,GM02117,TXN0024678,MENA,Home & Garden,4,Perfect experience from browsing to delivery. 5 stars.,Positive,2024-06-18
REV0002369,GM04738,TXN0055042,Europe,Electronics,4,Great value for money. Highly recommend to everyone.,Positive,2023-10-13
REV0002370,GM01941,TXN0022477,Central Asia,Home & Garden,1,Delivery was extremely late and packaging was damaged.,Negative,2023-02-23
REV0002371,GM02169,TXN0025443,North America,Home & Garden,2,Would not recommend. Waste of money.,Negative,2023-07-16
REV0002372,GM02587,TXN0030320,Central Asia,Sports,4,Perfect experience from browsing to delivery. 5 stars.,Positive,2022-08-18
REV0002373,GM04097,TXN0047681,Central Asia,Electronics,4,Customer service was incredibly helpful and responsive.,Positive,2023-02-06
REV0002374,GM04918,TXN0057222,MENA,Food & Grocery,3,It arrived on time. Product is acceptable.,Neutral,2023-01-15
REV0002375,GM00181,TXN0002183,Europe,Food & Grocery,5,Super happy with my purchase. Fits perfectly.,Positive,2023-08-13
REV0002376,GM04363,TXN0050638,North America,Food & Grocery,5,Great value for money. Highly recommend to everyone.,Positive,2023-06-12
REV0002377,GM03481,TXN0040665,Europe,Electronics,4,Great value for money. Highly recommend to everyone.,Positive,2023-05-16
REV0002378,GM00025,TXN0000293,MENA,Sports,4,Absolutely love this product! Exceeded my expectations.,Positive,2023-03-01
REV0002379,GM02129,TXN0024849,Southeast Asia,Fashion,5,Absolutely love this product! Exceeded my expectations.,Positive,2022-03-24
REV0002380,GM04429,TXN0051455,Europe,Beauty,5,Customer service was incredibly helpful and responsive.,Positive,2022-10-28
REV0002381,GM04246,TXN0049381,Southeast Asia,Sports,3,Decent product. Does what it says. Nothing special.,Neutral,2022-05-09
REV0002382,GM02750,TXN0032043,North America,Home & Garden,5,Fast delivery and excellent quality. Will buy again.,Positive,2024-05-20
REV0002383,GM04649,TXN0054010,Southeast Asia,Electronics,5,Super happy with my purchase. Fits perfectly.,Positive,2023-04-25
REV0002384,GM01741,TXN0020195,North America,Fashion,4,Great value for money. Highly recommend to everyone.,Positive,2023-09-20
REV0002385,GM02370,TXN0027792,North America,Sports,5,Great value for money. Highly recommend to everyone.,Positive,2022-10-06
REV0002386,GM01591,TXN0018623,North America,Beauty,5,Super happy with my purchase. Fits perfectly.,Positive,2022-08-16
REV0002387,GM00119,TXN0001391,Southeast Asia,Fashion,1,Product stopped working after a few days. Very frustrating.,Negative,2023-08-24
REV0002388,GM01345,TXN0015807,North America,Home & Garden,4,Customer service was incredibly helpful and responsive.,Positive,2022-08-31
REV0002389,GM03405,TXN0039860,North America,Electronics,4,Absolutely love this product! Exceeded my expectations.,Positive,2022-10-24
REV0002390,GM02085,TXN0024213,MENA,Beauty,4,Super happy with my purchase. Fits perfectly.,Positive,2022-11-16
REV0002391,GM03844,TXN0044715,MENA,Home & Garden,3,It arrived on time. Product is acceptable.,Neutral,2023-06-29
REV0002392,GM04022,TXN0046792,Europe,Electronics,5,Perfect experience from browsing to delivery. 5 stars.,Positive,2023-12-08
REV0002393,GM00379,TXN0004725,North America,Home & Garden,5,Absolutely love this product! Exceeded my expectations.,Positive,2022-06-28
REV0002394,GM01427,TXN0016733,Central Asia,Electronics,4,Perfect experience from browsing to delivery. 5 stars.,Positive,2023-03-19
REV0002395,GM01579,TXN0018462,North America,Electronics,4,Great value for money. Highly recommend to everyone.,Positive,2024-02-18
REV0002396,GM03000,TXN0035235,Southeast Asia,Food & Grocery,2,Not as described. Poor quality material. Returning it.,Negative,2022-05-06
REV0002397,GM04932,TXN0057400,Europe,Fashion,5,Perfect experience from browsing to delivery. 5 stars.,Positive,2023-12-31
REV0002398,GM02230,TXN0026196,Europe,Sports,5,Great value for money. Highly recommend to everyone.,Positive,2024-04-08
REV0002399,GM01808,TXN0021000,Europe,Fashion,1,Very disappointed. The product broke after one week.,Negative,2022-04-20
REV0002400,GM00121,TXN0001403,North America,Sports,5,The product quality is outstanding and durable.,Positive,2022-05-28
REV0002401,GM04050,TXN0047188,Europe,Beauty,1,Terrible customer service. Waited 3 weeks for a response.,Negative,2023-06-18
REV0002402,GM00602,TXN0007101,Europe,Electronics,5,Fast delivery and excellent quality. Will buy again.,Positive,2023-11-16
REV0002403,GM00686,TXN0008197,North America,Home & Garden,1,Terrible customer service. Waited 3 weeks for a response.,Negative,2023-02-05
REV0002404,GM04579,TXN0053135,Southeast Asia,Home & Garden,4,The product quality is outstanding and durable.,Positive,2022-12-01
REV0002405,GM04621,TXN0053602,Southeast Asia,Sports,4,Great value for money. Highly recommend to everyone.,Positive,2023-04-03
REV0002406,GM02471,TXN0028966,Europe,Food & Grocery,4,Customer service was incredibly helpful and responsive.,Positive,2023-05-15
REV0002407,GM00916,TXN0010918,MENA,Food & Grocery,3,Decent product. Does what it says. Nothing special.,Neutral,2022-03-13
REV0002408,GM03796,TXN0044270,North America,Beauty,4,The product quality is outstanding and durable.,Positive,2023-01-28
REV0002409,GM02771,TXN0032342,Central Asia,Sports,5,Absolutely love this product! Exceeded my expectations.,Positive,2022-05-22
REV0002410,GM03387,TXN0039588,Europe,Fashion,4,Super happy with my purchase. Fits perfectly.,Positive,2023-03-09
REV0002411,GM02098,TXN0024350,North America,Sports,5,Great value for money. Highly recommend to everyone.,Positive,2023-11-25
REV0002412,GM01845,TXN0021386,Southeast Asia,Sports,5,Absolutely love this product! Exceeded my expectations.,Positive,2022-10-18
REV0002413,GM02932,TXN0034383,North America,Fashion,5,Great value for money. Highly recommend to everyone.,Positive,2024-04-12
REV0002414,GM02860,TXN0033467,Europe,Beauty,3,Average quality. Okay for the price.,Neutral,2023-08-22
REV0002415,GM02878,TXN0033671,Europe,Sports,5,Absolutely love this product! Exceeded my expectations.,Positive,2022-04-24
REV0002416,GM00407,TXN0005014,MENA,Home & Garden,3,Works fine. Packaging could be improved.,Neutral,2022-04-07
REV0002417,GM00326,TXN0004036,North America,Home & Garden,3,It arrived on time. Product is acceptable.,Neutral,2023-03-15
REV0002418,GM01483,TXN0017447,MENA,Beauty,2,Very disappointed. The product broke after one week.,Negative,2022-03-08
REV0002419,GM00684,TXN0008183,North America,Fashion,3,"Not bad, not great. Expected better for the price.",Neutral,2023-08-31
REV0002420,GM03272,TXN0038196,Central Asia,Sports,4,The product quality is outstanding and durable.,Positive,2024-02-25
REV0002421,GM03488,TXN0040740,Central Asia,Food & Grocery,1,Delivery was extremely late and packaging was damaged.,Negative,2024-05-15
REV0002422,GM03847,TXN0044810,Southeast Asia,Sports,1,Would not recommend. Waste of money.,Negative,2022-11-21
REV0002423,GM01367,TXN0016142,North America,Fashion,3,Works fine. Packaging could be improved.,Neutral,2023-05-05
REV0002424,GM01593,TXN0018648,Europe,Fashion,5,Perfect experience from browsing to delivery. 5 stars.,Positive,2022-08-11
REV0002425,GM01911,TXN0022088,Europe,Sports,5,Great value for money. Highly recommend to everyone.,Positive,2022-01-09
REV0002426,GM04282,TXN0049817,North America,Fashion,4,Absolutely love this product! Exceeded my expectations.,Positive,2022-10-07
REV0002427,GM00340,TXN0004213,Central Asia,Beauty,3,"Not bad, not great. Expected better for the price.",Neutral,2022-07-16
REV0002428,GM04245,TXN0049362,MENA,Home & Garden,4,Customer service was incredibly helpful and responsive.,Positive,2022-02-01
REV0002429,GM04626,TXN0053689,North America,Fashion,3,Decent product. Does what it says. Nothing special.,Neutral,2022-02-12
REV0002430,GM02606,TXN0030530,MENA,Food & Grocery,5,Great value for money. Highly recommend to everyone.,Positive,2023-05-29
REV0002431,GM02616,TXN0030612,Central Asia,Sports,4,Perfect experience from browsing to delivery. 5 stars.,Positive,2022-09-22
REV0002432,GM04000,TXN0046600,Europe,Food & Grocery,4,Customer service was incredibly helpful and responsive.,Positive,2022-12-09
REV0002433,GM04443,TXN0051562,Europe,Food & Grocery,4,Perfect experience from browsing to delivery. 5 stars.,Positive,2022-07-13
REV0002434,GM02499,TXN0029298,Southeast Asia,Sports,3,It arrived on time. Product is acceptable.,Neutral,2023-06-15
REV0002435,GM04017,TXN0046750,Southeast Asia,Beauty,2,Would not recommend. Waste of money.,Negative,2023-06-09
REV0002436,GM02496,TXN0029272,MENA,Fashion,4,Absolutely love this product! Exceeded my expectations.,Positive,2022-01-13
REV0002437,GM01743,TXN0020221,North America,Electronics,4,Super happy with my purchase. Fits perfectly.,Positive,2024-06-11
REV0002438,GM00743,TXN0008871,North America,Fashion,5,Perfect experience from browsing to delivery. 5 stars.,Positive,2022-02-25
REV0002439,GM00926,TXN0011027,Central Asia,Home & Garden,4,Absolutely love this product! Exceeded my expectations.,Positive,2022-07-24
REV0002440,GM00396,TXN0004879,Southeast Asia,Home & Garden,5,The product quality is outstanding and durable.,Positive,2024-05-20
REV0002441,GM02933,TXN0034401,Central Asia,Beauty,4,The product quality is outstanding and durable.,Positive,2023-09-29
REV0002442,GM00067,TXN0000813,Europe,Food & Grocery,5,Fast delivery and excellent quality. Will buy again.,Positive,2023-12-04
REV0002443,GM01342,TXN0015781,MENA,Home & Garden,2,Not as described. Poor quality material. Returning it.,Negative,2024-05-09
REV0002444,GM02829,TXN0033082,MENA,Electronics,5,Perfect experience from browsing to delivery. 5 stars.,Positive,2023-12-10
REV0002445,GM00204,TXN0002450,Southeast Asia,Beauty,2,Would not recommend. Waste of money.,Negative,2022-10-03
REV0002446,GM00810,TXN0009686,Central Asia,Sports,4,Super happy with my purchase. Fits perfectly.,Positive,2022-10-27
REV0002447,GM03784,TXN0044159,North America,Sports,5,Super happy with my purchase. Fits perfectly.,Positive,2024-05-02
REV0002448,GM04091,TXN0047586,North America,Beauty,4,The product quality is outstanding and durable.,Positive,2023-02-18
REV0002449,GM00062,TXN0000774,Europe,Food & Grocery,4,Great value for money. Highly recommend to everyone.,Positive,2022-02-23
REV0002450,GM00439,TXN0005334,North America,Beauty,4,Fast delivery and excellent quality. Will buy again.,Positive,2024-04-04
REV0002451,GM01349,TXN0015873,Southeast Asia,Beauty,4,Customer service was incredibly helpful and responsive.,Positive,2022-04-30
REV0002452,GM01643,TXN0019176,MENA,Beauty,5,Great value for money. Highly recommend to everyone.,Positive,2023-06-06
REV0002453,GM00053,TXN0000697,Southeast Asia,Food & Grocery,5,Great value for money. Highly recommend to everyone.,Positive,2022-02-05
REV0002454,GM03788,TXN0044188,MENA,Electronics,5,Perfect experience from browsing to delivery. 5 stars.,Positive,2022-05-04
REV0002455,GM01875,TXN0021721,North America,Home & Garden,3,Average quality. Okay for the price.,Neutral,2023-06-08
REV0002456,GM01127,TXN0013258,Central Asia,Sports,4,Perfect experience from browsing to delivery. 5 stars.,Positive,2023-07-27
REV0002457,GM03960,TXN0046094,Central Asia,Beauty,4,The product quality is outstanding and durable.,Positive,2022-03-21
REV0002458,GM04167,TXN0048490,Europe,Home & Garden,1,Very disappointed. The product broke after one week.,Negative,2022-06-29
REV0002459,GM02266,TXN0026609,North America,Beauty,4,Super happy with my purchase. Fits perfectly.,Positive,2022-06-17
REV0002460,GM01870,TXN0021675,North America,Electronics,1,Would not recommend. Waste of money.,Negative,2022-10-14
REV0002461,GM02510,TXN0029449,Southeast Asia,Food & Grocery,5,Fast delivery and excellent quality. Will buy again.,Positive,2022-04-28
REV0002462,GM02986,TXN0035077,Southeast Asia,Electronics,5,Great value for money. Highly recommend to everyone.,Positive,2022-06-09
REV0002463,GM04125,TXN0048043,North America,Sports,4,Great value for money. Highly recommend to everyone.,Positive,2022-08-08
REV0002464,GM00310,TXN0003835,Europe,Sports,1,Very disappointed. The product broke after one week.,Negative,2024-03-14
REV0002465,GM00905,TXN0010792,MENA,Fashion,5,Great value for money. Highly recommend to everyone.,Positive,2023-11-06
REV0002466,GM03864,TXN0044972,Europe,Home & Garden,5,Customer service was incredibly helpful and responsive.,Positive,2022-08-14
REV0002467,GM04063,TXN0047312,North America,Food & Grocery,5,Perfect experience from browsing to delivery. 5 stars.,Positive,2022-11-07
REV0002468,GM03111,TXN0036504,North America,Sports,2,Terrible customer service. Waited 3 weeks for a response.,Negative,2024-06-05
REV0002469,GM02986,TXN0035076,Southeast Asia,Fashion,3,Works fine. Packaging could be improved.,Neutral,2023-08-30
REV0002470,GM03552,TXN0041473,Europe,Sports,4,The product quality is outstanding and durable.,Positive,2022-03-15
REV0002471,GM03426,TXN0040064,North America,Sports,5,Absolutely love this product! Exceeded my expectations.,Positive,2022-02-18
REV0002472,GM03148,TXN0036892,North America,Fashion,1,Product stopped working after a few days. Very frustrating.,Negative,2023-12-30
REV0002473,GM00913,TXN0010895,North America,Electronics,3,Works fine. Packaging could be improved.,Neutral,2022-08-17
REV0002474,GM02191,TXN0025729,Europe,Sports,1,Very disappointed. The product broke after one week.,Negative,2023-06-05
REV0002475,GM04525,TXN0052514,North America,Home & Garden,4,Customer service was incredibly helpful and responsive.,Positive,2024-02-12
REV0002476,GM04956,TXN0057731,North America,Beauty,3,It arrived on time. Product is acceptable.,Neutral,2023-01-13
REV0002477,GM01032,TXN0012180,North America,Food & Grocery,3,It arrived on time. Product is acceptable.,Neutral,2023-07-19
REV0002478,GM04239,TXN0049285,North America,Electronics,4,Absolutely love this product! Exceeded my expectations.,Positive,2023-11-02
REV0002479,GM00690,TXN0008242,Europe,Fashion,5,Customer service was incredibly helpful and responsive.,Positive,2022-12-13
REV0002480,GM02202,TXN0025835,Central Asia,Electronics,2,Would not recommend. Waste of money.,Negative,2024-05-12
REV0002481,GM02813,TXN0032879,North America,Home & Garden,3,"Not bad, not great. Expected better for the price.",Neutral,2023-01-05
REV0002482,GM00794,TXN0009451,North America,Food & Grocery,5,Perfect experience from browsing to delivery. 5 stars.,Positive,2023-12-25
REV0002483,GM03254,TXN0038049,Central Asia,Fashion,3,Average quality. Okay for the price.,Neutral,2023-01-24
REV0002484,GM04885,TXN0056879,Central Asia,Fashion,4,Great value for money. Highly recommend to everyone.,Positive,2023-04-28
REV0002485,GM02503,TXN0029348,North America,Sports,3,Decent product. Does what it says. Nothing special.,Neutral,2022-09-18
REV0002486,GM04103,TXN0047778,MENA,Home & Garden,5,The product quality is outstanding and durable.,Positive,2024-02-12
REV0002487,GM03110,TXN0036460,North America,Food & Grocery,4,Super happy with my purchase. Fits perfectly.,Positive,2022-09-18
REV0002488,GM03399,TXN0039787,Europe,Home & Garden,3,It arrived on time. Product is acceptable.,Neutral,2022-05-14
REV0002489,GM02252,TXN0026455,Southeast Asia,Sports,4,Customer service was incredibly helpful and responsive.,Positive,2022-10-11
REV0002490,GM02385,TXN0028018,Europe,Fashion,4,Super happy with my purchase. Fits perfectly.,Positive,2023-02-03
REV0002491,GM02763,TXN0032234,North America,Beauty,5,Great value for money. Highly recommend to everyone.,Positive,2023-03-12
REV0002492,GM00098,TXN0001166,MENA,Beauty,5,Perfect experience from browsing to delivery. 5 stars.,Positive,2023-10-01
REV0002493,GM03470,TXN0040522,Europe,Food & Grocery,4,The product quality is outstanding and durable.,Positive,2022-11-27
REV0002494,GM04663,TXN0054178,MENA,Beauty,5,Customer service was incredibly helpful and responsive.,Positive,2023-03-27
REV0002495,GM02525,TXN0029616,North America,Electronics,4,Great value for money. Highly recommend to everyone.,Positive,2022-07-03
REV0002496,GM02630,TXN0030757,MENA,Beauty,3,Average quality. Okay for the price.,Neutral,2023-08-08
REV0002497,GM01537,TXN0018046,Europe,Sports,2,Delivery was extremely late and packaging was damaged.,Negative,2023-06-27
REV0002498,GM04659,TXN0054147,Europe,Beauty,2,Delivery was extremely late and packaging was damaged.,Negative,2022-10-29
REV0002499,GM02276,TXN0026732,North America,Electronics,4,Great value for money. Highly recommend to everyone.,Positive,2024-01-09
REV0002500,GM01432,TXN0016810,MENA,Sports,4,Customer service was incredibly helpful and responsive.,Positive,2023-12-04
REV0002501,GM01367,TXN0016141,North America,Sports,5,Customer service was incredibly helpful and responsive.,Positive,2024-01-01
REV0002502,GM00984,TXN0011745,Central Asia,Food & Grocery,3,"Not bad, not great. Expected better for the price.",Neutral,2023-11-07
REV0002503,GM00553,TXN0006559,North America,Sports,5,The product quality is outstanding and durable.,Positive,2024-05-09
REV0002504,GM04033,TXN0046933,Central Asia,Home & Garden,3,Works fine. Packaging could be improved.,Neutral,2023-04-11
REV0002505,GM04775,TXN0055486,Europe,Food & Grocery,5,Fast delivery and excellent quality. Will buy again.,Positive,2023-10-19
REV0002506,GM03158,TXN0037027,Central Asia,Beauty,3,Decent product. Does what it says. Nothing special.,Neutral,2024-01-23
REV0002507,GM01163,TXN0013661,Europe,Electronics,4,The product quality is outstanding and durable.,Positive,2022-08-05
REV0002508,GM02483,TXN0029066,Southeast Asia,Sports,2,Product stopped working after a few days. Very frustrating.,Negative,2022-05-06
REV0002509,GM04987,TXN0058132,North America,Sports,3,Works fine. Packaging could be improved.,Neutral,2022-01-09
REV0002510,GM04299,TXN0049965,MENA,Beauty,3,Average quality. Okay for the price.,Neutral,2023-06-14
REV0002511,GM02318,TXN0027230,MENA,Home & Garden,5,Customer service was incredibly helpful and responsive.,Positive,2022-08-19
REV0002512,GM02783,TXN0032479,Southeast Asia,Food & Grocery,1,Delivery was extremely late and packaging was damaged.,Negative,2024-06-02
REV0002513,GM04529,TXN0052569,North America,Sports,2,Terrible customer service. Waited 3 weeks for a response.,Negative,2022-04-23
REV0002514,GM01764,TXN0020486,MENA,Sports,4,The product quality is outstanding and durable.,Positive,2022-02-02
REV0002515,GM02901,TXN0033994,Europe,Sports,1,Product stopped working after a few days. Very frustrating.,Negative,2023-10-18
REV0002516,GM04496,TXN0052127,North America,Food & Grocery,3,"Not bad, not great. Expected better for the price.",Neutral,2022-10-01
REV0002517,GM00440,TXN0005349,Central Asia,Sports,5,Great value for money. Highly recommend to everyone.,Positive,2022-01-03
REV0002518,GM01657,TXN0019303,North America,Beauty,4,The product quality is outstanding and durable.,Positive,2023-10-20
REV0002519,GM03358,TXN0039266,MENA,Food & Grocery,2,Would not recommend. Waste of money.,Negative,2023-02-28
REV0002520,GM02045,TXN0023776,Southeast Asia,Home & Garden,5,Super happy with my purchase. Fits perfectly.,Positive,2022-12-22
REV0002521,GM03876,TXN0045164,MENA,Electronics,5,Customer service was incredibly helpful and responsive.,Positive,2022-10-04
REV0002522,GM01529,TXN0017892,North America,Home & Garden,3,"Not bad, not great. Expected better for the price.",Neutral,2023-09-05
REV0002523,GM03518,TXN0041079,MENA,Beauty,4,Customer service was incredibly helpful and responsive.,Positive,2024-02-13
REV0002524,GM00443,TXN0005371,MENA,Electronics,5,The product quality is outstanding and durable.,Positive,2023-08-01
REV0002525,GM02686,TXN0031445,Central Asia,Home & Garden,5,The product quality is outstanding and durable.,Positive,2024-05-20
REV0002526,GM03051,TXN0035822,Europe,Fashion,5,Absolutely love this product! Exceeded my expectations.,Positive,2022-10-16
REV0002527,GM03749,TXN0043856,MENA,Food & Grocery,3,Works fine. Packaging could be improved.,Neutral,2022-07-23
REV0002528,GM01797,TXN0020880,North America,Food & Grocery,3,Average quality. Okay for the price.,Neutral,2024-05-05
REV0002529,GM02445,TXN0028712,MENA,Sports,5,Great value for money. Highly recommend to everyone.,Positive,2023-10-24
REV0002530,GM02353,TXN0027563,North America,Food & Grocery,3,"Not bad, not great. Expected better for the price.",Neutral,2023-03-23
REV0002531,GM00956,TXN0011314,MENA,Food & Grocery,5,Fast delivery and excellent quality. Will buy again.,Positive,2024-05-23
REV0002532,GM00160,TXN0001843,North America,Food & Grocery,2,Terrible customer service. Waited 3 weeks for a response.,Negative,2022-10-02
REV0002533,GM03493,TXN0040818,Southeast Asia,Food & Grocery,3,Average quality. Okay for the price.,Neutral,2024-03-31
REV0002534,GM04328,TXN0050276,Southeast Asia,Home & Garden,5,The product quality is outstanding and durable.,Positive,2023-03-22
REV0002535,GM01371,TXN0016204,Southeast Asia,Electronics,4,The product quality is outstanding and durable.,Positive,2022-02-08
REV0002536,GM00744,TXN0008880,MENA,Home & Garden,4,Super happy with my purchase. Fits perfectly.,Positive,2023-08-19
REV0002537,GM00208,TXN0002550,North America,Food & Grocery,4,Great value for money. Highly recommend to everyone.,Positive,2024-05-25
REV0002538,GM03912,TXN0045595,Europe,Food & Grocery,4,Super happy with my purchase. Fits perfectly.,Positive,2022-05-27
REV0002539,GM01279,TXN0015076,Europe,Home & Garden,2,Delivery was extremely late and packaging was damaged.,Negative,2023-09-06
REV0002540,GM01073,TXN0012618,Central Asia,Fashion,5,Perfect experience from browsing to delivery. 5 stars.,Positive,2022-01-31
REV0002541,GM03946,TXN0045966,Central Asia,Beauty,1,Not as described. Poor quality material. Returning it.,Negative,2022-12-27
REV0002542,GM04456,TXN0051668,Central Asia,Electronics,3,Decent product. Does what it says. Nothing special.,Neutral,2023-07-04
REV0002543,GM04785,TXN0055641,MENA,Fashion,3,Average quality. Okay for the price.,Neutral,2023-09-05
REV0002544,GM00424,TXN0005160,MENA,Fashion,4,Super happy with my purchase. Fits perfectly.,Positive,2024-06-04
REV0002545,GM00340,TXN0004230,Central Asia,Beauty,3,"Not bad, not great. Expected better for the price.",Neutral,2023-02-05
REV0002546,GM02623,TXN0030716,MENA,Fashion,4,Great value for money. Highly recommend to everyone.,Positive,2022-02-11
REV0002547,GM00989,TXN0011808,Europe,Fashion,5,Super happy with my purchase. Fits perfectly.,Positive,2022-09-14
REV0002548,GM03675,TXN0042911,North America,Food & Grocery,2,Not as described. Poor quality material. Returning it.,Negative,2023-05-03
REV0002549,GM02663,TXN0031173,Europe,Home & Garden,4,The product quality is outstanding and durable.,Positive,2023-11-16
REV0002550,GM03113,TXN0036522,North America,Food & Grocery,5,Fast delivery and excellent quality. Will buy again.,Positive,2024-06-14
REV0002551,GM04046,TXN0047130,MENA,Food & Grocery,3,It arrived on time. Product is acceptable.,Neutral,2023-04-29
REV0002552,GM04608,TXN0053453,Europe,Electronics,5,The product quality is outstanding and durable.,Positive,2023-08-26
REV0002553,GM01273,TXN0014972,North America,Fashion,4,Customer service was incredibly helpful and responsive.,Positive,2022-09-04
REV0002554,GM02186,TXN0025675,Southeast Asia,Sports,5,Fast delivery and excellent quality. Will buy again.,Positive,2023-02-09
REV0002555,GM00988,TXN0011779,MENA,Electronics,3,"Not bad, not great. Expected better for the price.",Neutral,2023-07-14
REV0002556,GM03071,TXN0036055,North America,Home & Garden,5,Fast delivery and excellent quality. Will buy again.,Positive,2024-01-05
REV0002557,GM03420,TXN0040002,Central Asia,Electronics,4,Absolutely love this product! Exceeded my expectations.,Positive,2023-08-23
REV0002558,GM00010,TXN0000115,North America,Beauty,5,Fast delivery and excellent quality. Will buy again.,Positive,2022-11-17
REV0002559,GM00025,TXN0000296,MENA,Food & Grocery,4,Fast delivery and excellent quality. Will buy again.,Positive,2023-12-11
REV0002560,GM03125,TXN0036667,North America,Home & Garden,4,Absolutely love this product! Exceeded my expectations.,Positive,2022-10-07
REV0002561,GM03146,TXN0036874,Europe,Sports,5,Fast delivery and excellent quality. Will buy again.,Positive,2023-10-04
REV0002562,GM01077,TXN0012688,MENA,Sports,4,Super happy with my purchase. Fits perfectly.,Positive,2022-02-21
REV0002563,GM01111,TXN0013133,North America,Electronics,4,Super happy with my purchase. Fits perfectly.,Positive,2022-04-06
REV0002564,GM00551,TXN0006498,MENA,Food & Grocery,4,Great value for money. Highly recommend to everyone.,Positive,2022-01-10
REV0002565,GM03632,TXN0042377,Europe,Food & Grocery,3,"Not bad, not great. Expected better for the price.",Neutral,2022-02-02
REV0002566,GM00917,TXN0010927,Europe,Fashion,5,Perfect experience from browsing to delivery. 5 stars.,Positive,2023-04-03
REV0002567,GM00337,TXN0004158,Southeast Asia,Food & Grocery,4,Customer service was incredibly helpful and responsive.,Positive,2022-12-08
REV0002568,GM01868,TXN0021635,Europe,Electronics,5,Perfect experience from browsing to delivery. 5 stars.,Positive,2023-05-26
REV0002569,GM04139,TXN0048192,North America,Electronics,3,"Not bad, not great. Expected better for the price.",Neutral,2022-02-05
REV0002570,GM00333,TXN0004129,Central Asia,Fashion,3,Decent product. Does what it says. Nothing special.,Neutral,2022-12-24
REV0002571,GM00141,TXN0001619,Southeast Asia,Fashion,4,Fast delivery and excellent quality. Will buy again.,Positive,2022-10-10
REV0002572,GM02199,TXN0025820,MENA,Food & Grocery,4,Fast delivery and excellent quality. Will buy again.,Positive,2024-04-11
REV0002573,GM03562,TXN0041584,North America,Electronics,4,Great value for money. Highly recommend to everyone.,Positive,2024-01-23
REV0002574,GM00714,TXN0008529,MENA,Fashion,3,Average quality. Okay for the price.,Neutral,2023-06-08
REV0002575,GM03641,TXN0042492,Europe,Fashion,2,Very disappointed. The product broke after one week.,Negative,2023-07-05
REV0002576,GM03945,TXN0045951,Central Asia,Fashion,5,Great value for money. Highly recommend to everyone.,Positive,2022-03-19
REV0002577,GM00854,TXN0010093,Southeast Asia,Sports,1,Not as described. Poor quality material. Returning it.,Negative,2022-07-09
REV0002578,GM01323,TXN0015543,Southeast Asia,Food & Grocery,5,The product quality is outstanding and durable.,Positive,2023-11-28
REV0002579,GM03558,TXN0041532,MENA,Food & Grocery,4,Customer service was incredibly helpful and responsive.,Positive,2023-02-14
REV0002580,GM03623,TXN0042280,Europe,Food & Grocery,4,Fast delivery and excellent quality. Will buy again.,Positive,2024-05-21
REV0002581,GM03846,TXN0044788,North America,Sports,5,The product quality is outstanding and durable.,Positive,2022-04-29
REV0002582,GM00230,TXN0002886,North America,Electronics,4,Super happy with my purchase. Fits perfectly.,Positive,2023-11-17
REV0002583,GM00538,TXN0006358,Europe,Fashion,5,Absolutely love this product! Exceeded my expectations.,Positive,2022-09-11
REV0002584,GM03475,TXN0040589,North America,Beauty,3,"Not bad, not great. Expected better for the price.",Neutral,2022-07-07
REV0002585,GM01323,TXN0015551,Southeast Asia,Home & Garden,4,Super happy with my purchase. Fits perfectly.,Positive,2022-05-06
REV0002586,GM00360,TXN0004466,North America,Electronics,5,Absolutely love this product! Exceeded my expectations.,Positive,2024-05-25
REV0002587,GM03799,TXN0044303,Europe,Beauty,3,Decent product. Does what it says. Nothing special.,Neutral,2022-01-27
REV0002588,GM04245,TXN0049376,MENA,Home & Garden,3,Decent product. Does what it says. Nothing special.,Neutral,2022-04-18
REV0002589,GM03845,TXN0044741,Europe,Fashion,1,Not as described. Poor quality material. Returning it.,Negative,2024-03-17
REV0002590,GM00343,TXN0004266,Europe,Fashion,5,Customer service was incredibly helpful and responsive.,Positive,2022-08-17
REV0002591,GM04207,TXN0048904,North America,Fashion,5,Great value for money. Highly recommend to everyone.,Positive,2022-01-19
REV0002592,GM01590,TXN0018599,North America,Fashion,5,Super happy with my purchase. Fits perfectly.,Positive,2023-11-29
REV0002593,GM04125,TXN0048033,North America,Fashion,4,Absolutely love this product! Exceeded my expectations.,Positive,2022-07-25
REV0002594,GM03368,TXN0039377,Europe,Electronics,5,Perfect experience from browsing to delivery. 5 stars.,Positive,2024-05-16
REV0002595,GM01404,TXN0016574,North America,Home & Garden,4,Great value for money. Highly recommend to everyone.,Positive,2022-11-06
REV0002596,GM02944,TXN0034516,North America,Fashion,2,Product stopped working after a few days. Very frustrating.,Negative,2023-09-19
REV0002597,GM01439,TXN0016870,Europe,Fashion,4,The product quality is outstanding and durable.,Positive,2022-06-09
REV0002598,GM03687,TXN0043111,Southeast Asia,Sports,5,Absolutely love this product! Exceeded my expectations.,Positive,2023-04-16
REV0002599,GM02813,TXN0032871,North America,Food & Grocery,5,Perfect experience from browsing to delivery. 5 stars.,Positive,2024-02-15
REV0002600,GM04625,TXN0053675,Southeast Asia,Home & Garden,4,Super happy with my purchase. Fits perfectly.,Positive,2024-03-30
REV0002601,GM03338,TXN0039019,North America,Food & Grocery,5,The product quality is outstanding and durable.,Positive,2022-05-11
REV0002602,GM02014,TXN0023445,Europe,Beauty,5,Super happy with my purchase. Fits perfectly.,Positive,2024-06-07
REV0002603,GM00341,TXN0004234,MENA,Food & Grocery,2,Terrible customer service. Waited 3 weeks for a response.,Negative,2022-09-11
REV0002604,GM00105,TXN0001254,Southeast Asia,Electronics,4,Fast delivery and excellent quality. Will buy again.,Positive,2023-04-25
REV0002605,GM00900,TXN0010762,Central Asia,Fashion,4,Absolutely love this product! Exceeded my expectations.,Positive,2023-06-15
REV0002606,GM04431,TXN0051460,North America,Food & Grocery,4,Customer service was incredibly helpful and responsive.,Positive,2024-01-27
REV0002607,GM04260,TXN0049535,MENA,Electronics,5,The product quality is outstanding and durable.,Positive,2023-05-10
REV0002608,GM00638,TXN0007569,Europe,Beauty,5,Customer service was incredibly helpful and responsive.,Positive,2022-02-09
REV0002609,GM03511,TXN0040964,Europe,Electronics,4,Absolutely love this product! Exceeded my expectations.,Positive,2023-08-23
REV0002610,GM03526,TXN0041180,Europe,Home & Garden,4,Customer service was incredibly helpful and responsive.,Positive,2023-10-06
REV0002611,GM02976,TXN0034944,Central Asia,Electronics,5,The product quality is outstanding and durable.,Positive,2022-03-20
REV0002612,GM00179,TXN0002142,Southeast Asia,Home & Garden,3,Works fine. Packaging could be improved.,Neutral,2022-06-17
REV0002613,GM02472,TXN0028984,Southeast Asia,Home & Garden,3,Works fine. Packaging could be improved.,Neutral,2022-11-24
REV0002614,GM03185,TXN0037279,MENA,Home & Garden,5,Great value for money. Highly recommend to everyone.,Positive,2022-09-25
REV0002615,GM03887,TXN0045327,Southeast Asia,Beauty,4,Perfect experience from browsing to delivery. 5 stars.,Positive,2024-05-18
REV0002616,GM04573,TXN0053089,Europe,Home & Garden,4,Absolutely love this product! Exceeded my expectations.,Positive,2023-02-20
REV0002617,GM03228,TXN0037750,Europe,Food & Grocery,5,Fast delivery and excellent quality. Will buy again.,Positive,2023-09-20
REV0002618,GM02556,TXN0029960,Southeast Asia,Food & Grocery,3,Works fine. Packaging could be improved.,Neutral,2023-10-18
REV0002619,GM00875,TXN0010394,Central Asia,Fashion,5,Absolutely love this product! Exceeded my expectations.,Positive,2022-08-02
REV0002620,GM04612,TXN0053508,Central Asia,Fashion,4,Super happy with my purchase. Fits perfectly.,Positive,2024-05-21
REV0002621,GM01389,TXN0016373,Southeast Asia,Fashion,5,Super happy with my purchase. Fits perfectly.,Positive,2023-09-25
REV0002622,GM01067,TXN0012558,Europe,Sports,4,Great value for money. Highly recommend to everyone.,Positive,2023-03-23
REV0002623,GM00820,TXN0009808,Europe,Sports,5,Great value for money. Highly recommend to everyone.,Positive,2023-01-10
REV0002624,GM02941,TXN0034487,Europe,Food & Grocery,5,Super happy with my purchase. Fits perfectly.,Positive,2024-04-13
REV0002625,GM02243,TXN0026384,North America,Fashion,5,Customer service was incredibly helpful and responsive.,Positive,2022-05-28
REV0002626,GM00890,TXN0010614,Europe,Sports,2,Product stopped working after a few days. Very frustrating.,Negative,2023-12-26
REV0002627,GM00505,TXN0006007,North America,Fashion,5,Perfect experience from browsing to delivery. 5 stars.,Positive,2022-05-13
REV0002628,GM00629,TXN0007402,Central Asia,Sports,2,Product stopped working after a few days. Very frustrating.,Negative,2022-11-19
REV0002629,GM01551,TXN0018201,Southeast Asia,Electronics,5,The product quality is outstanding and durable.,Positive,2022-03-02
REV0002630,GM01840,TXN0021336,Europe,Sports,1,Terrible customer service. Waited 3 weeks for a response.,Negative,2022-08-07
REV0002631,GM02502,TXN0029325,North America,Beauty,5,Perfect experience from browsing to delivery. 5 stars.,Positive,2022-07-24
REV0002632,GM01762,TXN0020465,North America,Sports,4,Fast delivery and excellent quality. Will buy again.,Positive,2022-02-08
REV0002633,GM01288,TXN0015166,Europe,Fashion,3,Average quality. Okay for the price.,Neutral,2023-10-17
REV0002634,GM00193,TXN0002323,Southeast Asia,Food & Grocery,5,Absolutely love this product! Exceeded my expectations.,Positive,2023-03-07
REV0002635,GM02003,TXN0023343,Southeast Asia,Fashion,5,Fast delivery and excellent quality. Will buy again.,Positive,2022-07-13
REV0002636,GM04735,TXN0055005,MENA,Home & Garden,5,Fast delivery and excellent quality. Will buy again.,Positive,2024-01-22
REV0002637,GM04628,TXN0053741,MENA,Sports,3,It arrived on time. Product is acceptable.,Neutral,2023-07-15
REV0002638,GM03397,TXN0039720,North America,Sports,5,Perfect experience from browsing to delivery. 5 stars.,Positive,2024-02-22
REV0002639,GM00563,TXN0006686,Europe,Beauty,5,Perfect experience from browsing to delivery. 5 stars.,Positive,2022-01-21
REV0002640,GM04534,TXN0052597,Europe,Food & Grocery,4,Great value for money. Highly recommend to everyone.,Positive,2023-07-02
REV0002641,GM00873,TXN0010370,North America,Fashion,5,Super happy with my purchase. Fits perfectly.,Positive,2022-08-16
REV0002642,GM04352,TXN0050484,North America,Beauty,2,Would not recommend. Waste of money.,Negative,2022-07-14
REV0002643,GM04960,TXN0057796,North America,Electronics,3,Decent product. Does what it says. Nothing special.,Neutral,2024-02-22
REV0002644,GM04208,TXN0048917,MENA,Electronics,5,Perfect experience from browsing to delivery. 5 stars.,Positive,2024-04-27
REV0002645,GM02721,TXN0031773,Southeast Asia,Home & Garden,5,Customer service was incredibly helpful and responsive.,Positive,2023-02-01
REV0002646,GM02986,TXN0035055,Southeast Asia,Home & Garden,5,Great value for money. Highly recommend to everyone.,Positive,2022-07-24
REV0002647,GM01484,TXN0017456,Central Asia,Beauty,3,Decent product. Does what it says. Nothing special.,Neutral,2023-05-15
REV0002648,GM02260,TXN0026539,MENA,Electronics,4,Great value for money. Highly recommend to everyone.,Positive,2023-11-06
REV0002649,GM00170,TXN0001968,North America,Home & Garden,5,Customer service was incredibly helpful and responsive.,Positive,2024-02-19
REV0002650,GM00525,TXN0006205,North America,Food & Grocery,4,Perfect experience from browsing to delivery. 5 stars.,Positive,2022-03-06
REV0002651,GM02829,TXN0033081,MENA,Food & Grocery,4,Perfect experience from browsing to delivery. 5 stars.,Positive,2023-04-03
REV0002652,GM01595,TXN0018674,North America,Home & Garden,5,The product quality is outstanding and durable.,Positive,2022-08-16
REV0002653,GM00153,TXN0001794,Europe,Food & Grocery,4,Fast delivery and excellent quality. Will buy again.,Positive,2023-07-27
REV0002654,GM00526,TXN0006233,MENA,Home & Garden,4,Great value for money. Highly recommend to everyone.,Positive,2024-04-29
REV0002655,GM03128,TXN0036727,Central Asia,Home & Garden,5,Super happy with my purchase. Fits perfectly.,Positive,2023-11-01
REV0002656,GM01089,TXN0012832,Southeast Asia,Sports,5,Fast delivery and excellent quality. Will buy again.,Positive,2024-03-20
REV0002657,GM04309,TXN0050062,North America,Electronics,5,Great value for money. Highly recommend to everyone.,Positive,2023-08-30
REV0002658,GM02229,TXN0026183,Europe,Food & Grocery,4,Perfect experience from browsing to delivery. 5 stars.,Positive,2022-07-09
REV0002659,GM02000,TXN0023312,Europe,Electronics,4,The product quality is outstanding and durable.,Positive,2023-02-14
REV0002660,GM01732,TXN0020121,North America,Sports,1,Not as described. Poor quality material. Returning it.,Negative,2022-11-17
REV0002661,GM02797,TXN0032631,Central Asia,Home & Garden,1,Not as described. Poor quality material. Returning it.,Negative,2022-07-04
REV0002662,GM03418,TXN0039991,North America,Fashion,4,Absolutely love this product! Exceeded my expectations.,Positive,2022-10-13
REV0002663,GM01649,TXN0019220,North America,Beauty,5,The product quality is outstanding and durable.,Positive,2022-04-09
REV0002664,GM00828,TXN0009843,Europe,Beauty,5,Customer service was incredibly helpful and responsive.,Positive,2023-05-30
REV0002665,GM01168,TXN0013718,MENA,Electronics,4,Absolutely love this product! Exceeded my expectations.,Positive,2023-10-12
REV0002666,GM00300,TXN0003716,Central Asia,Food & Grocery,5,Super happy with my purchase. Fits perfectly.,Positive,2022-09-14
REV0002667,GM03628,TXN0042335,Southeast Asia,Fashion,5,The product quality is outstanding and durable.,Positive,2022-05-07
REV0002668,GM01610,TXN0018869,MENA,Electronics,5,The product quality is outstanding and durable.,Positive,2022-04-18
REV0002669,GM03870,TXN0045056,Central Asia,Fashion,5,Super happy with my purchase. Fits perfectly.,Positive,2023-04-28
REV0002670,GM02125,TXN0024778,Southeast Asia,Beauty,5,Absolutely love this product! Exceeded my expectations.,Positive,2024-01-01
REV0002671,GM02904,TXN0034015,MENA,Home & Garden,5,The product quality is outstanding and durable.,Positive,2022-01-04
REV0002672,GM04723,TXN0054846,Europe,Fashion,3,Average quality. Okay for the price.,Neutral,2024-01-25
REV0002673,GM03182,TXN0037217,Europe,Sports,2,Not as described. Poor quality material. Returning it.,Negative,2024-02-08
REV0002674,GM03021,TXN0035497,Europe,Beauty,4,Customer service was incredibly helpful and responsive.,Positive,2024-05-11
REV0002675,GM00129,TXN0001487,Central Asia,Beauty,1,Delivery was extremely late and packaging was damaged.,Negative,2023-09-30
REV0002676,GM04737,TXN0055038,MENA,Food & Grocery,4,Great value for money. Highly recommend to everyone.,Positive,2022-10-28
REV0002677,GM03562,TXN0041588,North America,Beauty,3,It arrived on time. Product is acceptable.,Neutral,2022-04-13
REV0002678,GM00254,TXN0003137,Europe,Electronics,2,Product stopped working after a few days. Very frustrating.,Negative,2024-01-01
REV0002679,GM03736,TXN0043732,MENA,Sports,5,Absolutely love this product! Exceeded my expectations.,Positive,2023-05-16
REV0002680,GM03135,TXN0036768,Europe,Beauty,4,Customer service was incredibly helpful and responsive.,Positive,2022-12-05
REV0002681,GM01074,TXN0012636,Central Asia,Fashion,3,Average quality. Okay for the price.,Neutral,2022-10-28
REV0002682,GM04501,TXN0052186,North America,Food & Grocery,5,Super happy with my purchase. Fits perfectly.,Positive,2023-06-24
REV0002683,GM04211,TXN0048957,Central Asia,Electronics,4,Perfect experience from browsing to delivery. 5 stars.,Positive,2022-05-12
REV0002684,GM04829,TXN0056219,Europe,Electronics,5,Perfect experience from browsing to delivery. 5 stars.,Positive,2022-08-25
REV0002685,GM03580,TXN0041775,MENA,Electronics,1,Very disappointed. The product broke after one week.,Negative,2023-09-28
REV0002686,GM04919,TXN0057232,North America,Electronics,5,Perfect experience from browsing to delivery. 5 stars.,Positive,2023-10-26
REV0002687,GM00892,TXN0010641,Southeast Asia,Electronics,5,Great value for money. Highly recommend to everyone.,Positive,2022-04-07
REV0002688,GM00886,TXN0010539,Europe,Food & Grocery,4,Great value for money. Highly recommend to everyone.,Positive,2022-08-17
REV0002689,GM01259,TXN0014767,Central Asia,Home & Garden,5,Absolutely love this product! Exceeded my expectations.,Positive,2023-05-25
REV0002690,GM04545,TXN0052727,MENA,Electronics,4,Super happy with my purchase. Fits perfectly.,Positive,2022-12-29
REV0002691,GM01357,TXN0016014,Southeast Asia,Sports,3,Average quality. Okay for the price.,Neutral,2022-01-02
REV0002692,GM01012,TXN0012008,Southeast Asia,Sports,5,Great value for money. Highly recommend to everyone.,Positive,2023-11-11
REV0002693,GM03195,TXN0037417,Europe,Sports,4,Fast delivery and excellent quality. Will buy again.,Positive,2023-08-21
REV0002694,GM03536,TXN0041282,Europe,Home & Garden,5,Super happy with my purchase. Fits perfectly.,Positive,2022-10-10
REV0002695,GM00342,TXN0004249,MENA,Beauty,4,Fast delivery and excellent quality. Will buy again.,Positive,2022-09-29
REV0002696,GM02216,TXN0026011,Europe,Home & Garden,5,Perfect experience from browsing to delivery. 5 stars.,Positive,2023-11-05
REV0002697,GM03202,TXN0037474,MENA,Fashion,4,The product quality is outstanding and durable.,Positive,2022-03-26
REV0002698,GM00121,TXN0001411,North America,Home & Garden,5,Great value for money. Highly recommend to everyone.,Positive,2022-06-20
REV0002699,GM01964,TXN0022824,MENA,Food & Grocery,5,Super happy with my purchase. Fits perfectly.,Positive,2024-02-24
REV0002700,GM00083,TXN0001031,Europe,Home & Garden,1,Product stopped working after a few days. Very frustrating.,Negative,2023-02-22
REV0002701,GM03682,TXN0043062,Europe,Food & Grocery,3,"Not bad, not great. Expected better for the price.",Neutral,2023-12-12
REV0002702,GM03994,TXN0046557,Central Asia,Food & Grocery,5,Super happy with my purchase. Fits perfectly.,Positive,2024-03-03
REV0002703,GM01713,TXN0019821,North America,Beauty,2,Very disappointed. The product broke after one week.,Negative,2022-12-10
REV0002704,GM00989,TXN0011787,Europe,Home & Garden,3,It arrived on time. Product is acceptable.,Neutral,2024-01-03
REV0002705,GM02081,TXN0024191,Central Asia,Electronics,4,Super happy with my purchase. Fits perfectly.,Positive,2022-07-08
REV0002706,GM00307,TXN0003789,MENA,Food & Grocery,5,Absolutely love this product! Exceeded my expectations.,Positive,2024-04-25
REV0002707,GM02282,TXN0026813,Europe,Food & Grocery,3,"Not bad, not great. Expected better for the price.",Neutral,2022-06-12
REV0002708,GM00710,TXN0008482,North America,Home & Garden,5,Perfect experience from browsing to delivery. 5 stars.,Positive,2024-01-06
REV0002709,GM02179,TXN0025570,North America,Fashion,5,The product quality is outstanding and durable.,Positive,2022-04-18
REV0002710,GM00479,TXN0005804,Southeast Asia,Food & Grocery,5,Perfect experience from browsing to delivery. 5 stars.,Positive,2022-10-24
REV0002711,GM00299,TXN0003698,North America,Sports,3,It arrived on time. Product is acceptable.,Neutral,2022-08-13
REV0002712,GM01355,TXN0015956,MENA,Electronics,1,Product stopped working after a few days. Very frustrating.,Negative,2024-04-27
REV0002713,GM04703,TXN0054622,North America,Food & Grocery,4,Perfect experience from browsing to delivery. 5 stars.,Positive,2022-08-04
REV0002714,GM03108,TXN0036412,Central Asia,Beauty,3,Decent product. Does what it says. Nothing special.,Neutral,2022-01-17
REV0002715,GM04996,TXN0058227,Southeast Asia,Fashion,2,Terrible customer service. Waited 3 weeks for a response.,Negative,2023-10-14
REV0002716,GM01706,TXN0019747,Central Asia,Fashion,4,The product quality is outstanding and durable.,Positive,2023-10-08
REV0002717,GM01939,TXN0022446,MENA,Electronics,4,Great value for money. Highly recommend to everyone.,Positive,2022-05-10
REV0002718,GM01782,TXN0020686,Southeast Asia,Electronics,5,Customer service was incredibly helpful and responsive.,Positive,2022-05-23
REV0002719,GM03894,TXN0045397,MENA,Food & Grocery,4,Absolutely love this product! Exceeded my expectations.,Positive,2022-09-29
REV0002720,GM00413,TXN0005059,Southeast Asia,Home & Garden,3,It arrived on time. Product is acceptable.,Neutral,2023-07-29
REV0002721,GM01066,TXN0012545,North America,Electronics,3,"Not bad, not great. Expected better for the price.",Neutral,2022-11-14
REV0002722,GM04775,TXN0055475,Europe,Fashion,3,Works fine. Packaging could be improved.,Neutral,2023-06-10
REV0002723,GM03467,TXN0040488,MENA,Beauty,5,The product quality is outstanding and durable.,Positive,2023-12-08
REV0002724,GM03776,TXN0044090,Southeast Asia,Home & Garden,2,Would not recommend. Waste of money.,Negative,2023-04-12
REV0002725,GM02991,TXN0035118,Europe,Sports,5,The product quality is outstanding and durable.,Positive,2023-03-30
REV0002726,GM01422,TXN0016696,MENA,Home & Garden,4,Great value for money. Highly recommend to everyone.,Positive,2022-12-10
REV0002727,GM00976,TXN0011646,Europe,Electronics,3,"Not bad, not great. Expected better for the price.",Neutral,2023-08-02
REV0002728,GM03126,TXN0036683,North America,Sports,5,The product quality is outstanding and durable.,Positive,2023-10-26
REV0002729,GM01949,TXN0022644,Europe,Electronics,4,Absolutely love this product! Exceeded my expectations.,Positive,2023-12-16
REV0002730,GM02653,TXN0031063,Europe,Sports,2,Very disappointed. The product broke after one week.,Negative,2023-03-22
REV0002731,GM03385,TXN0039566,Central Asia,Home & Garden,2,Product stopped working after a few days. Very frustrating.,Negative,2024-02-13
REV0002732,GM04071,TXN0047388,Europe,Food & Grocery,5,The product quality is outstanding and durable.,Positive,2022-05-30
REV0002733,GM02638,TXN0030863,North America,Electronics,5,Fast delivery and excellent quality. Will buy again.,Positive,2022-05-28
REV0002734,GM02378,TXN0027908,North America,Food & Grocery,4,The product quality is outstanding and durable.,Positive,2023-07-13
REV0002735,GM02522,TXN0029561,Europe,Home & Garden,5,Perfect experience from browsing to delivery. 5 stars.,Positive,2022-10-16
REV0002736,GM02668,TXN0031232,North America,Home & Garden,3,Average quality. Okay for the price.,Neutral,2024-02-23
REV0002737,GM00814,TXN0009721,Southeast Asia,Food & Grocery,3,Decent product. Does what it says. Nothing special.,Neutral,2022-02-14
REV0002738,GM01721,TXN0019960,Europe,Beauty,4,Perfect experience from browsing to delivery. 5 stars.,Positive,2022-05-31
REV0002739,GM04704,TXN0054637,North America,Fashion,5,Fast delivery and excellent quality. Will buy again.,Positive,2022-08-10
REV0002740,GM00227,TXN0002808,Southeast Asia,Food & Grocery,3,It arrived on time. Product is acceptable.,Neutral,2023-05-01
REV0002741,GM01721,TXN0019949,Europe,Food & Grocery,5,Great value for money. Highly recommend to everyone.,Positive,2022-05-04
REV0002742,GM00971,TXN0011528,North America,Electronics,4,Customer service was incredibly helpful and responsive.,Positive,2022-11-01
REV0002743,GM03356,TXN0039218,Central Asia,Home & Garden,2,Very disappointed. The product broke after one week.,Negative,2022-12-15
REV0002744,GM04585,TXN0053205,North America,Beauty,4,Absolutely love this product! Exceeded my expectations.,Positive,2023-12-29
REV0002745,GM03452,TXN0040337,North America,Food & Grocery,4,Fast delivery and excellent quality. Will buy again.,Positive,2022-03-09
REV0002746,GM01696,TXN0019659,Central Asia,Food & Grocery,1,Terrible customer service. Waited 3 weeks for a response.,Negative,2024-04-26
REV0002747,GM03989,TXN0046473,Europe,Home & Garden,2,Would not recommend. Waste of money.,Negative,2023-06-16
REV0002748,GM00634,TXN0007482,MENA,Sports,4,The product quality is outstanding and durable.,Positive,2022-07-28
REV0002749,GM02109,TXN0024526,Europe,Home & Garden,2,Product stopped working after a few days. Very frustrating.,Negative,2023-11-16
REV0002750,GM00337,TXN0004156,Southeast Asia,Fashion,1,Terrible customer service. Waited 3 weeks for a response.,Negative,2022-12-15
REV0002751,GM01391,TXN0016426,Europe,Home & Garden,1,Would not recommend. Waste of money.,Negative,2022-05-28
REV0002752,GM02201,TXN0025831,Southeast Asia,Home & Garden,3,"Not bad, not great. Expected better for the price.",Neutral,2022-09-13
REV0002753,GM01793,TXN0020814,MENA,Sports,4,Super happy with my purchase. Fits perfectly.,Positive,2024-05-26
REV0002754,GM01797,TXN0020874,North America,Electronics,1,Not as described. Poor quality material. Returning it.,Negative,2023-04-25
REV0002755,GM01161,TXN0013652,North America,Home & Garden,5,Perfect experience from browsing to delivery. 5 stars.,Positive,2022-06-13
REV0002756,GM03843,TXN0044687,MENA,Home & Garden,5,Perfect experience from browsing to delivery. 5 stars.,Positive,2022-12-06
REV0002757,GM00415,TXN0005071,North America,Fashion,4,Super happy with my purchase. Fits perfectly.,Positive,2023-03-28
REV0002758,GM02794,TXN0032598,Europe,Sports,2,Product stopped working after a few days. Very frustrating.,Negative,2023-01-27
REV0002759,GM04048,TXN0047173,North America,Food & Grocery,5,Fast delivery and excellent quality. Will buy again.,Positive,2024-01-24
REV0002760,GM01827,TXN0021222,Central Asia,Food & Grocery,1,Not as described. Poor quality material. Returning it.,Negative,2022-09-08
REV0002761,GM01248,TXN0014665,Central Asia,Electronics,4,Fast delivery and excellent quality. Will buy again.,Positive,2024-06-17
REV0002762,GM01092,TXN0012913,North America,Beauty,3,Works fine. Packaging could be improved.,Neutral,2023-08-31
REV0002763,GM03801,TXN0044313,Europe,Sports,4,Super happy with my purchase. Fits perfectly.,Positive,2023-06-24
REV0002764,GM02400,TXN0028217,North America,Electronics,5,Great value for money. Highly recommend to everyone.,Positive,2022-01-24
REV0002765,GM02411,TXN0028320,North America,Fashion,3,It arrived on time. Product is acceptable.,Neutral,2024-01-11
REV0002766,GM03394,TXN0039678,Europe,Beauty,5,Fast delivery and excellent quality. Will buy again.,Positive,2022-10-21
REV0002767,GM00966,TXN0011430,Europe,Food & Grocery,5,Absolutely love this product! Exceeded my expectations.,Positive,2023-03-13
REV0002768,GM01275,TXN0015005,MENA,Home & Garden,5,Perfect experience from browsing to delivery. 5 stars.,Positive,2024-01-04
REV0002769,GM03008,TXN0035356,Central Asia,Sports,5,Great value for money. Highly recommend to everyone.,Positive,2024-06-03
REV0002770,GM00645,TXN0007653,Central Asia,Beauty,5,Fast delivery and excellent quality. Will buy again.,Positive,2023-09-05
REV0002771,GM02482,TXN0029054,Southeast Asia,Food & Grocery,3,"Not bad, not great. Expected better for the price.",Neutral,2022-01-16
REV0002772,GM00873,TXN0010372,North America,Home & Garden,4,Perfect experience from browsing to delivery. 5 stars.,Positive,2022-03-09
REV0002773,GM03625,TXN0042305,Europe,Food & Grocery,5,Super happy with my purchase. Fits perfectly.,Positive,2024-05-02
REV0002774,GM00241,TXN0002970,Southeast Asia,Beauty,5,Customer service was incredibly helpful and responsive.,Positive,2022-11-29
REV0002775,GM02160,TXN0025341,North America,Electronics,1,Terrible customer service. Waited 3 weeks for a response.,Negative,2023-03-26
REV0002776,GM04496,TXN0052122,North America,Beauty,3,Decent product. Does what it says. Nothing special.,Neutral,2022-11-27
REV0002777,GM02901,TXN0033993,Europe,Beauty,4,Absolutely love this product! Exceeded my expectations.,Positive,2022-10-08
REV0002778,GM03590,TXN0041891,Europe,Home & Garden,4,Customer service was incredibly helpful and responsive.,Positive,2024-02-25
REV0002779,GM04247,TXN0049386,Europe,Fashion,5,The product quality is outstanding and durable.,Positive,2023-10-20
REV0002780,GM04642,TXN0053936,Europe,Sports,4,Customer service was incredibly helpful and responsive.,Positive,2022-09-03
REV0002781,GM00598,TXN0007065,Europe,Electronics,2,Product stopped working after a few days. Very frustrating.,Negative,2023-06-08
REV0002782,GM01843,TXN0021374,MENA,Home & Garden,5,Fast delivery and excellent quality. Will buy again.,Positive,2022-03-27
REV0002783,GM01420,TXN0016672,Southeast Asia,Food & Grocery,5,Absolutely love this product! Exceeded my expectations.,Positive,2023-05-02
REV0002784,GM03152,TXN0036942,Europe,Electronics,5,Perfect experience from browsing to delivery. 5 stars.,Positive,2023-07-22
REV0002785,GM01652,TXN0019262,Europe,Sports,1,Terrible customer service. Waited 3 weeks for a response.,Negative,2023-03-07
REV0002786,GM02354,TXN0027601,Southeast Asia,Beauty,4,Great value for money. Highly recommend to everyone.,Positive,2023-04-12
REV0002787,GM02477,TXN0029022,Europe,Beauty,5,The product quality is outstanding and durable.,Positive,2022-10-23
REV0002788,GM01971,TXN0022910,Central Asia,Food & Grocery,5,Super happy with my purchase. Fits perfectly.,Positive,2023-09-22
REV0002789,GM01381,TXN0016308,Europe,Electronics,5,Fast delivery and excellent quality. Will buy again.,Positive,2022-12-08
REV0002790,GM04276,TXN0049750,North America,Electronics,2,Very disappointed. The product broke after one week.,Negative,2022-04-24
REV0002791,GM03940,TXN0045881,MENA,Food & Grocery,1,Delivery was extremely late and packaging was damaged.,Negative,2023-08-01
REV0002792,GM04585,TXN0053198,North America,Electronics,2,Would not recommend. Waste of money.,Negative,2023-11-26
REV0002793,GM01672,TXN0019416,Southeast Asia,Electronics,4,Perfect experience from browsing to delivery. 5 stars.,Positive,2024-05-27
REV0002794,GM02797,TXN0032634,Central Asia,Beauty,2,Would not recommend. Waste of money.,Negative,2022-10-21
REV0002795,GM02324,TXN0027284,Europe,Fashion,1,Not as described. Poor quality material. Returning it.,Negative,2023-12-03
REV0002796,GM03796,TXN0044259,North America,Home & Garden,4,Fast delivery and excellent quality. Will buy again.,Positive,2023-10-14
REV0002797,GM03604,TXN0042088,Europe,Fashion,1,Very disappointed. The product broke after one week.,Negative,2023-12-26
REV0002798,GM03615,TXN0042188,Europe,Home & Garden,5,Great value for money. Highly recommend to everyone.,Positive,2022-07-20
REV0002799,GM00723,TXN0008633,Central Asia,Fashion,4,Fast delivery and excellent quality. Will buy again.,Positive,2022-11-09
REV0002800,GM03070,TXN0036031,North America,Fashion,4,Customer service was incredibly helpful and responsive.,Positive,2024-06-15
REV0002801,GM01876,TXN0021727,MENA,Electronics,4,Absolutely love this product! Exceeded my expectations.,Positive,2023-08-02
REV0002802,GM04282,TXN0049815,North America,Fashion,1,Very disappointed. The product broke after one week.,Negative,2024-02-08
REV0002803,GM02132,TXN0024889,Central Asia,Electronics,4,The product quality is outstanding and durable.,Positive,2023-04-01
REV0002804,GM03514,TXN0041008,North America,Food & Grocery,3,Works fine. Packaging could be improved.,Neutral,2022-04-06
REV0002805,GM02522,TXN0029583,Europe,Home & Garden,4,Perfect experience from browsing to delivery. 5 stars.,Positive,2023-02-05
REV0002806,GM01888,TXN0021865,Europe,Sports,4,Super happy with my purchase. Fits perfectly.,Positive,2024-01-12
REV0002807,GM00868,TXN0010308,Europe,Sports,5,Perfect experience from browsing to delivery. 5 stars.,Positive,2024-04-06
REV0002808,GM03288,TXN0038425,North America,Home & Garden,5,Super happy with my purchase. Fits perfectly.,Positive,2024-02-27
REV0002809,GM01034,TXN0012204,Europe,Sports,4,The product quality is outstanding and durable.,Positive,2022-02-27
REV0002810,GM03352,TXN0039166,MENA,Fashion,4,Perfect experience from browsing to delivery. 5 stars.,Positive,2022-07-25
REV0002811,GM03726,TXN0043596,Southeast Asia,Beauty,4,Absolutely love this product! Exceeded my expectations.,Positive,2023-10-27
REV0002812,GM00647,TXN0007679,North America,Sports,5,Fast delivery and excellent quality. Will buy again.,Positive,2023-12-23
REV0002813,GM01032,TXN0012182,North America,Sports,5,The product quality is outstanding and durable.,Positive,2024-05-17
REV0002814,GM03181,TXN0037201,Central Asia,Sports,2,Terrible customer service. Waited 3 weeks for a response.,Negative,2023-06-10
REV0002815,GM04186,TXN0048688,North America,Beauty,1,Terrible customer service. Waited 3 weeks for a response.,Negative,2022-04-17
REV0002816,GM01411,TXN0016613,Europe,Electronics,4,Super happy with my purchase. Fits perfectly.,Positive,2024-04-08
REV0002817,GM03207,TXN0037579,Southeast Asia,Food & Grocery,3,It arrived on time. Product is acceptable.,Neutral,2024-03-19
REV0002818,GM04677,TXN0054339,Central Asia,Fashion,2,Not as described. Poor quality material. Returning it.,Negative,2023-01-29
REV0002819,GM00655,TXN0007822,MENA,Food & Grocery,1,Product stopped working after a few days. Very frustrating.,Negative,2022-04-03
REV0002820,GM00391,TXN0004829,Southeast Asia,Beauty,5,Perfect experience from browsing to delivery. 5 stars.,Positive,2023-12-29
REV0002821,GM02965,TXN0034804,Southeast Asia,Beauty,5,Perfect experience from browsing to delivery. 5 stars.,Positive,2023-04-10
REV0002822,GM03054,TXN0035870,Europe,Sports,2,Terrible customer service. Waited 3 weeks for a response.,Negative,2023-08-30
REV0002823,GM01962,TXN0022811,MENA,Home & Garden,4,Perfect experience from browsing to delivery. 5 stars.,Positive,2024-04-12
REV0002824,GM02651,TXN0031057,Europe,Fashion,4,Super happy with my purchase. Fits perfectly.,Positive,2023-08-30
REV0002825,GM04463,TXN0051752,Southeast Asia,Home & Garden,1,Terrible customer service. Waited 3 weeks for a response.,Negative,2022-01-27
REV0002826,GM01406,TXN0016592,MENA,Fashion,2,Would not recommend. Waste of money.,Negative,2023-04-19
REV0002827,GM00360,TXN0004465,North America,Electronics,5,Fast delivery and excellent quality. Will buy again.,Positive,2023-06-21
REV0002828,GM03312,TXN0038697,North America,Beauty,5,Super happy with my purchase. Fits perfectly.,Positive,2024-05-04
REV0002829,GM03188,TXN0037308,Europe,Sports,5,Great value for money. Highly recommend to everyone.,Positive,2022-12-18
REV0002830,GM00660,TXN0007877,North America,Fashion,5,The product quality is outstanding and durable.,Positive,2022-05-16
REV0002831,GM03520,TXN0041109,Europe,Sports,4,The product quality is outstanding and durable.,Positive,2022-03-04
REV0002832,GM02847,TXN0033274,North America,Electronics,4,Fast delivery and excellent quality. Will buy again.,Positive,2023-07-26
REV0002833,GM01455,TXN0017129,Central Asia,Electronics,4,Perfect experience from browsing to delivery. 5 stars.,Positive,2022-05-05
REV0002834,GM03577,TXN0041734,Europe,Food & Grocery,3,Average quality. Okay for the price.,Neutral,2023-11-26
REV0002835,GM00106,TXN0001279,Europe,Food & Grocery,4,Perfect experience from browsing to delivery. 5 stars.,Positive,2023-11-13
REV0002836,GM00063,TXN0000801,North America,Fashion,5,Super happy with my purchase. Fits perfectly.,Positive,2022-04-15
REV0002837,GM04885,TXN0056859,Central Asia,Electronics,4,Fast delivery and excellent quality. Will buy again.,Positive,2022-08-12
REV0002838,GM01588,TXN0018574,MENA,Sports,5,Absolutely love this product! Exceeded my expectations.,Positive,2024-05-05
REV0002839,GM04829,TXN0056210,Europe,Home & Garden,3,It arrived on time. Product is acceptable.,Neutral,2022-09-09
REV0002840,GM02927,TXN0034317,North America,Home & Garden,4,Great value for money. Highly recommend to everyone.,Positive,2024-02-22
REV0002841,GM03740,TXN0043769,North America,Home & Garden,4,Fast delivery and excellent quality. Will buy again.,Positive,2023-05-02
REV0002842,GM04131,TXN0048122,Europe,Sports,5,Customer service was incredibly helpful and responsive.,Positive,2023-03-12
REV0002843,GM04638,TXN0053885,North America,Food & Grocery,5,Perfect experience from browsing to delivery. 5 stars.,Positive,2024-01-05
REV0002844,GM02399,TXN0028187,North America,Electronics,5,Fast delivery and excellent quality. Will buy again.,Positive,2023-10-30
REV0002845,GM03155,TXN0036963,MENA,Home & Garden,4,Great value for money. Highly recommend to everyone.,Positive,2022-04-21
REV0002846,GM00496,TXN0005932,Europe,Sports,4,Customer service was incredibly helpful and responsive.,Positive,2023-06-22
REV0002847,GM04787,TXN0055670,Southeast Asia,Electronics,5,The product quality is outstanding and durable.,Positive,2022-12-11
REV0002848,GM01182,TXN0013912,Europe,Food & Grocery,3,"Not bad, not great. Expected better for the price.",Neutral,2022-12-12
REV0002849,GM02148,TXN0025135,Europe,Beauty,5,Absolutely love this product! Exceeded my expectations.,Positive,2023-04-28
REV0002850,GM04731,TXN0054948,Europe,Home & Garden,5,Absolutely love this product! Exceeded my expectations.,Positive,2024-06-01
REV0002851,GM02288,TXN0026890,Europe,Fashion,5,Perfect experience from browsing to delivery. 5 stars.,Positive,2022-02-10
REV0002852,GM01964,TXN0022828,MENA,Sports,4,Fast delivery and excellent quality. Will buy again.,Positive,2023-01-13
REV0002853,GM02795,TXN0032613,MENA,Sports,2,Not as described. Poor quality material. Returning it.,Negative,2022-01-14
REV0002854,GM04516,TXN0052387,MENA,Beauty,4,The product quality is outstanding and durable.,Positive,2023-10-27
REV0002855,GM04018,TXN0046768,Southeast Asia,Food & Grocery,2,Delivery was extremely late and packaging was damaged.,Negative,2024-05-07
REV0002856,GM03047,TXN0035751,MENA,Food & Grocery,3,Average quality. Okay for the price.,Neutral,2024-04-16
REV0002857,GM04352,TXN0050479,North America,Food & Grocery,2,Product stopped working after a few days. Very frustrating.,Negative,2024-03-02
REV0002858,GM02363,TXN0027712,Europe,Fashion,4,Perfect experience from browsing to delivery. 5 stars.,Positive,2023-04-19
REV0002859,GM03771,TXN0044043,MENA,Sports,4,The product quality is outstanding and durable.,Positive,2023-02-10
REV0002860,GM00944,TXN0011211,North America,Food & Grocery,5,Perfect experience from browsing to delivery. 5 stars.,Positive,2023-11-03
REV0002861,GM02546,TXN0029865,MENA,Fashion,4,The product quality is outstanding and durable.,Positive,2022-06-13
REV0002862,GM02142,TXN0025045,MENA,Fashion,1,Would not recommend. Waste of money.,Negative,2023-02-17
REV0002863,GM04513,TXN0052353,Central Asia,Home & Garden,5,Great value for money. Highly recommend to everyone.,Positive,2022-10-26
REV0002864,GM03362,TXN0039309,Europe,Beauty,1,Very disappointed. The product broke after one week.,Negative,2022-04-21
REV0002865,GM02185,TXN0025645,North America,Home & Garden,1,Very disappointed. The product broke after one week.,Negative,2022-08-07
REV0002866,GM01685,TXN0019578,Europe,Beauty,3,Works fine. Packaging could be improved.,Neutral,2022-12-03
REV0002867,GM03719,TXN0043509,MENA,Electronics,4,Absolutely love this product! Exceeded my expectations.,Positive,2022-03-21
REV0002868,GM04224,TXN0049095,North America,Food & Grocery,2,Very disappointed. The product broke after one week.,Negative,2023-04-07
REV0002869,GM00460,TXN0005628,Central Asia,Sports,4,Great value for money. Highly recommend to everyone.,Positive,2023-04-02
REV0002870,GM01120,TXN0013198,Europe,Beauty,5,Fast delivery and excellent quality. Will buy again.,Positive,2024-06-02
REV0002871,GM01745,TXN0020249,MENA,Food & Grocery,5,Perfect experience from browsing to delivery. 5 stars.,Positive,2022-09-22
REV0002872,GM00880,TXN0010478,Europe,Food & Grocery,4,Great value for money. Highly recommend to everyone.,Positive,2022-08-08
REV0002873,GM02630,TXN0030766,MENA,Beauty,3,Works fine. Packaging could be improved.,Neutral,2022-06-13
REV0002874,GM00475,TXN0005764,MENA,Food & Grocery,4,The product quality is outstanding and durable.,Positive,2023-11-22
REV0002875,GM04536,TXN0052626,North America,Food & Grocery,5,Super happy with my purchase. Fits perfectly.,Positive,2023-12-16
REV0002876,GM01458,TXN0017171,North America,Food & Grocery,1,Would not recommend. Waste of money.,Negative,2023-11-30
REV0002877,GM00744,TXN0008881,MENA,Beauty,5,The product quality is outstanding and durable.,Positive,2023-04-21
REV0002878,GM00515,TXN0006101,Central Asia,Food & Grocery,4,The product quality is outstanding and durable.,Positive,2022-10-05
REV0002879,GM02994,TXN0035165,MENA,Sports,5,Super happy with my purchase. Fits perfectly.,Positive,2023-12-25
REV0002880,GM03474,TXN0040579,North America,Sports,2,Very disappointed. The product broke after one week.,Negative,2023-04-22
REV0002881,GM01887,TXN0021857,Central Asia,Electronics,1,Very disappointed. The product broke after one week.,Negative,2023-08-01
REV0002882,GM04280,TXN0049795,MENA,Food & Grocery,4,Great value for money. Highly recommend to everyone.,Positive,2022-11-13
REV0002883,GM01243,TXN0014598,North America,Electronics,4,Customer service was incredibly helpful and responsive.,Positive,2022-05-22
REV0002884,GM02888,TXN0033787,MENA,Home & Garden,3,Works fine. Packaging could be improved.,Neutral,2023-02-26
REV0002885,GM01725,TXN0020034,North America,Fashion,5,Perfect experience from browsing to delivery. 5 stars.,Positive,2022-06-22
REV0002886,GM01913,TXN0022127,Southeast Asia,Home & Garden,4,Great value for money. Highly recommend to everyone.,Positive,2022-03-30
REV0002887,GM00022,TXN0000262,Europe,Electronics,5,Perfect experience from browsing to delivery. 5 stars.,Positive,2022-10-22
REV0002888,GM00410,TXN0005035,Central Asia,Food & Grocery,3,It arrived on time. Product is acceptable.,Neutral,2023-09-09
REV0002889,GM00310,TXN0003837,Europe,Beauty,5,Fast delivery and excellent quality. Will buy again.,Positive,2022-04-28
REV0002890,GM03361,TXN0039297,North America,Home & Garden,5,Customer service was incredibly helpful and responsive.,Positive,2024-01-10
REV0002891,GM00140,TXN0001609,Southeast Asia,Fashion,1,Very disappointed. The product broke after one week.,Negative,2023-09-08
REV0002892,GM03200,TXN0037458,MENA,Food & Grocery,5,Customer service was incredibly helpful and responsive.,Positive,2024-03-24
REV0002893,GM01977,TXN0022997,Europe,Electronics,5,Fast delivery and excellent quality. Will buy again.,Positive,2023-12-23
REV0002894,GM03197,TXN0037443,Southeast Asia,Sports,5,Great value for money. Highly recommend to everyone.,Positive,2022-05-24
REV0002895,GM00477,TXN0005778,Central Asia,Home & Garden,5,Fast delivery and excellent quality. Will buy again.,Positive,2024-01-20
REV0002896,GM01931,TXN0022368,North America,Electronics,1,Would not recommend. Waste of money.,Negative,2024-03-23
REV0002897,GM03703,TXN0043279,Europe,Home & Garden,4,Perfect experience from browsing to delivery. 5 stars.,Positive,2022-03-24
REV0002898,GM04634,TXN0053834,Southeast Asia,Sports,4,Great value for money. Highly recommend to everyone.,Positive,2022-03-10
REV0002899,GM04351,TXN0050451,North America,Home & Garden,2,Delivery was extremely late and packaging was damaged.,Negative,2022-06-19
REV0002900,GM01173,TXN0013775,North America,Beauty,2,Terrible customer service. Waited 3 weeks for a response.,Negative,2022-11-27
REV0002901,GM01410,TXN0016611,Southeast Asia,Sports,1,Very disappointed. The product broke after one week.,Negative,2023-02-01
REV0002902,GM00164,TXN0001902,MENA,Beauty,5,Great value for money. Highly recommend to everyone.,Positive,2023-11-28
REV0002903,GM02574,TXN0030171,MENA,Fashion,5,The product quality is outstanding and durable.,Positive,2023-05-08
REV0002904,GM02334,TXN0027390,North America,Sports,5,Customer service was incredibly helpful and responsive.,Positive,2023-05-02
REV0002905,GM03194,TXN0037403,Europe,Sports,4,Perfect experience from browsing to delivery. 5 stars.,Positive,2023-01-09
REV0002906,GM00586,TXN0006927,Europe,Food & Grocery,5,Fast delivery and excellent quality. Will buy again.,Positive,2022-10-09
REV0002907,GM03365,TXN0039345,Southeast Asia,Electronics,4,Great value for money. Highly recommend to everyone.,Positive,2022-03-06
REV0002908,GM04646,TXN0053981,North America,Electronics,3,Decent product. Does what it says. Nothing special.,Neutral,2022-11-23
REV0002909,GM02901,TXN0033984,Europe,Home & Garden,5,Great value for money. Highly recommend to everyone.,Positive,2022-02-21
REV0002910,GM03002,TXN0035252,North America,Electronics,3,Decent product. Does what it says. Nothing special.,Neutral,2022-11-25
REV0002911,GM04089,TXN0047573,North America,Home & Garden,5,Fast delivery and excellent quality. Will buy again.,Positive,2023-03-03
REV0002912,GM02215,TXN0025975,North America,Fashion,5,Perfect experience from browsing to delivery. 5 stars.,Positive,2024-02-24
REV0002913,GM02497,TXN0029287,North America,Electronics,4,Super happy with my purchase. Fits perfectly.,Positive,2022-03-19
REV0002914,GM02313,TXN0027175,MENA,Sports,5,Super happy with my purchase. Fits perfectly.,Positive,2023-11-27
REV0002915,GM01338,TXN0015726,North America,Beauty,2,Not as described. Poor quality material. Returning it.,Negative,2024-06-11
REV0002916,GM00113,TXN0001327,Southeast Asia,Food & Grocery,4,The product quality is outstanding and durable.,Positive,2023-11-16
REV0002917,GM03017,TXN0035447,North America,Sports,4,Great value for money. Highly recommend to everyone.,Positive,2023-11-20
REV0002918,GM03077,TXN0036118,Southeast Asia,Home & Garden,3,"Not bad, not great. Expected better for the price.",Neutral,2024-02-03
REV0002919,GM01711,TXN0019792,Europe,Beauty,3,It arrived on time. Product is acceptable.,Neutral,2023-02-04
REV0002920,GM03952,TXN0046015,North America,Beauty,5,Great value for money. Highly recommend to everyone.,Positive,2022-08-12
REV0002921,GM01584,TXN0018522,MENA,Beauty,2,Would not recommend. Waste of money.,Negative,2023-12-02
REV0002922,GM03340,TXN0039069,North America,Food & Grocery,1,Not as described. Poor quality material. Returning it.,Negative,2024-03-19
REV0002923,GM01286,TXN0015135,MENA,Sports,4,Customer service was incredibly helpful and responsive.,Positive,2022-05-16
REV0002924,GM00730,TXN0008704,Europe,Sports,5,Great value for money. Highly recommend to everyone.,Positive,2022-06-07
REV0002925,GM03590,TXN0041886,Europe,Sports,5,Perfect experience from browsing to delivery. 5 stars.,Positive,2023-02-03
REV0002926,GM03111,TXN0036503,North America,Electronics,4,Fast delivery and excellent quality. Will buy again.,Positive,2022-11-03
REV0002927,GM03472,TXN0040553,North America,Electronics,4,Great value for money. Highly recommend to everyone.,Positive,2023-10-11
REV0002928,GM03809,TXN0044391,Central Asia,Electronics,5,The product quality is outstanding and durable.,Positive,2022-12-10
REV0002929,GM03562,TXN0041580,North America,Beauty,1,Delivery was extremely late and packaging was damaged.,Negative,2023-08-24
REV0002930,GM02124,TXN0024759,MENA,Sports,4,Super happy with my purchase. Fits perfectly.,Positive,2022-08-24
REV0002931,GM00291,TXN0003602,Central Asia,Beauty,4,Fast delivery and excellent quality. Will buy again.,Positive,2024-06-14
REV0002932,GM02426,TXN0028499,Southeast Asia,Beauty,4,Customer service was incredibly helpful and responsive.,Positive,2022-11-05
REV0002933,GM00690,TXN0008240,Europe,Sports,3,"Not bad, not great. Expected better for the price.",Neutral,2022-09-18
REV0002934,GM02702,TXN0031604,Southeast Asia,Sports,4,Absolutely love this product! Exceeded my expectations.,Positive,2024-03-05
REV0002935,GM04595,TXN0053298,MENA,Food & Grocery,4,Fast delivery and excellent quality. Will buy again.,Positive,2024-03-19
REV0002936,GM01605,TXN0018787,Central Asia,Sports,3,Average quality. Okay for the price.,Neutral,2023-06-17
REV0002937,GM04621,TXN0053607,Southeast Asia,Sports,3,Decent product. Does what it says. Nothing special.,Neutral,2024-02-29
REV0002938,GM00257,TXN0003155,Southeast Asia,Sports,4,Fast delivery and excellent quality. Will buy again.,Positive,2023-02-08
REV0002939,GM03590,TXN0041897,Europe,Food & Grocery,5,Fast delivery and excellent quality. Will buy again.,Positive,2023-06-24
REV0002940,GM00495,TXN0005919,MENA,Fashion,5,Absolutely love this product! Exceeded my expectations.,Positive,2023-03-25
REV0002941,GM03432,TXN0040132,Southeast Asia,Home & Garden,2,Delivery was extremely late and packaging was damaged.,Negative,2022-12-04
REV0002942,GM04224,TXN0049096,North America,Home & Garden,4,Great value for money. Highly recommend to everyone.,Positive,2023-11-26
REV0002943,GM02582,TXN0030245,Southeast Asia,Food & Grocery,1,Terrible customer service. Waited 3 weeks for a response.,Negative,2023-10-15
REV0002944,GM01867,TXN0021601,Central Asia,Beauty,5,The product quality is outstanding and durable.,Positive,2023-04-18
REV0002945,GM04252,TXN0049447,Central Asia,Food & Grocery,1,Delivery was extremely late and packaging was damaged.,Negative,2023-11-12
REV0002946,GM04704,TXN0054636,North America,Food & Grocery,2,Delivery was extremely late and packaging was damaged.,Negative,2023-09-21
REV0002947,GM01911,TXN0022091,Europe,Sports,5,Absolutely love this product! Exceeded my expectations.,Positive,2023-08-20
REV0002948,GM01800,TXN0020912,Central Asia,Home & Garden,5,Perfect experience from browsing to delivery. 5 stars.,Positive,2022-01-12
REV0002949,GM00310,TXN0003830,Europe,Home & Garden,4,Absolutely love this product! Exceeded my expectations.,Positive,2023-02-17
REV0002950,GM04705,TXN0054660,MENA,Electronics,3,"Not bad, not great. Expected better for the price.",Neutral,2024-05-30
REV0002951,GM03824,TXN0044504,Europe,Fashion,5,Great value for money. Highly recommend to everyone.,Positive,2023-08-06
REV0002952,GM01506,TXN0017667,MENA,Food & Grocery,3,Works fine. Packaging could be improved.,Neutral,2023-01-12
REV0002953,GM00742,TXN0008855,Europe,Electronics,5,Perfect experience from browsing to delivery. 5 stars.,Positive,2024-05-30
REV0002954,GM04208,TXN0048912,MENA,Electronics,4,Perfect experience from browsing to delivery. 5 stars.,Positive,2022-10-29
REV0002955,GM01521,TXN0017820,Central Asia,Home & Garden,3,"Not bad, not great. Expected better for the price.",Neutral,2023-05-24
REV0002956,GM00519,TXN0006145,Southeast Asia,Sports,5,Absolutely love this product! Exceeded my expectations.,Positive,2023-05-14
REV0002957,GM00462,TXN0005658,North America,Home & Garden,5,Super happy with my purchase. Fits perfectly.,Positive,2022-02-09
REV0002958,GM02915,TXN0034176,Europe,Electronics,1,Product stopped working after a few days. Very frustrating.,Negative,2023-02-26
REV0002959,GM02016,TXN0023452,MENA,Fashion,3,Average quality. Okay for the price.,Neutral,2022-07-22
REV0002960,GM04163,TXN0048431,MENA,Fashion,2,Very disappointed. The product broke after one week.,Negative,2023-06-19
REV0002961,GM01793,TXN0020826,MENA,Sports,5,Great value for money. Highly recommend to everyone.,Positive,2022-06-12
REV0002962,GM03481,TXN0040666,Europe,Home & Garden,5,Absolutely love this product! Exceeded my expectations.,Positive,2023-08-22
REV0002963,GM02843,TXN0033240,Southeast Asia,Beauty,5,Fast delivery and excellent quality. Will buy again.,Positive,2023-01-01
REV0002964,GM04497,TXN0052133,MENA,Beauty,4,Super happy with my purchase. Fits perfectly.,Positive,2022-10-06
REV0002965,GM04993,TXN0058195,Europe,Beauty,4,Great value for money. Highly recommend to everyone.,Positive,2022-07-16
REV0002966,GM03456,TXN0040370,Europe,Fashion,2,Terrible customer service. Waited 3 weeks for a response.,Negative,2022-09-19
REV0002967,GM00593,TXN0007003,Europe,Electronics,5,Super happy with my purchase. Fits perfectly.,Positive,2023-06-21
REV0002968,GM02805,TXN0032711,MENA,Food & Grocery,4,Fast delivery and excellent quality. Will buy again.,Positive,2024-04-20
REV0002969,GM00102,TXN0001195,North America,Beauty,5,The product quality is outstanding and durable.,Positive,2022-10-02
REV0002970,GM00926,TXN0011033,Central Asia,Sports,5,Customer service was incredibly helpful and responsive.,Positive,2022-06-20
REV0002971,GM01794,TXN0020840,North America,Electronics,3,It arrived on time. Product is acceptable.,Neutral,2022-11-18
REV0002972,GM01090,TXN0012871,Europe,Food & Grocery,4,Customer service was incredibly helpful and responsive.,Positive,2023-02-04
REV0002973,GM00720,TXN0008589,North America,Home & Garden,4,The product quality is outstanding and durable.,Positive,2023-09-11
REV0002974,GM00981,TXN0011703,Europe,Sports,1,Would not recommend. Waste of money.,Negative,2024-06-06
REV0002975,GM04986,TXN0058117,Europe,Food & Grocery,5,Fast delivery and excellent quality. Will buy again.,Positive,2022-02-21
REV0002976,GM03730,TXN0043657,North America,Beauty,1,Would not recommend. Waste of money.,Negative,2023-04-05
REV0002977,GM04463,TXN0051730,Southeast Asia,Home & Garden,5,Absolutely love this product! Exceeded my expectations.,Positive,2022-05-28
REV0002978,GM02301,TXN0027078,North America,Food & Grocery,1,Would not recommend. Waste of money.,Negative,2024-03-27
REV0002979,GM00815,TXN0009732,Southeast Asia,Beauty,1,Would not recommend. Waste of money.,Negative,2022-06-16
REV0002980,GM02677,TXN0031304,Europe,Fashion,3,Average quality. Okay for the price.,Neutral,2023-03-17
REV0002981,GM01944,TXN0022528,North America,Fashion,4,Perfect experience from browsing to delivery. 5 stars.,Positive,2023-12-07
REV0002982,GM01182,TXN0013906,Europe,Home & Garden,5,Absolutely love this product! Exceeded my expectations.,Positive,2022-04-18
REV0002983,GM04692,TXN0054516,Europe,Electronics,4,Fast delivery and excellent quality. Will buy again.,Positive,2024-04-12
REV0002984,GM02008,TXN0023389,North America,Food & Grocery,3,"Not bad, not great. Expected better for the price.",Neutral,2023-04-25
REV0002985,GM03348,TXN0039118,Europe,Beauty,5,The product quality is outstanding and durable.,Positive,2023-12-21
REV0002986,GM00108,TXN0001289,North America,Food & Grocery,5,Absolutely love this product! Exceeded my expectations.,Positive,2024-02-16
REV0002987,GM00564,TXN0006703,Central Asia,Food & Grocery,1,Not as described. Poor quality material. Returning it.,Negative,2022-10-22
REV0002988,GM04340,TXN0050382,Europe,Beauty,5,Absolutely love this product! Exceeded my expectations.,Positive,2023-02-20
REV0002989,GM01568,TXN0018399,Central Asia,Beauty,5,Great value for money. Highly recommend to everyone.,Positive,2023-12-18
REV0002990,GM02148,TXN0025120,Europe,Beauty,5,The product quality is outstanding and durable.,Positive,2022-11-16
REV0002991,GM03211,TXN0037614,Europe,Sports,4,The product quality is outstanding and durable.,Positive,2022-03-04
REV0002992,GM03118,TXN0036626,Central Asia,Food & Grocery,4,Absolutely love this product! Exceeded my expectations.,Positive,2022-07-24
REV0002993,GM02492,TXN0029222,Europe,Beauty,5,Perfect experience from browsing to delivery. 5 stars.,Positive,2022-03-26
REV0002994,GM03292,TXN0038464,Southeast Asia,Fashion,4,Great value for money. Highly recommend to everyone.,Positive,2023-10-10
REV0002995,GM03110,TXN0036454,North America,Beauty,5,Customer service was incredibly helpful and responsive.,Positive,2023-08-21
REV0002996,GM01808,TXN0021007,Europe,Sports,5,Absolutely love this product! Exceeded my expectations.,Positive,2023-05-31
REV0002997,GM03963,TXN0046163,Central Asia,Food & Grocery,2,Not as described. Poor quality material. Returning it.,Negative,2023-01-10
REV0002998,GM01800,TXN0020917,Central Asia,Electronics,4,Fast delivery and excellent quality. Will buy again.,Positive,2023-07-13
REV0002999,GM02597,TXN0030451,Europe,Electronics,4,Absolutely love this product! Exceeded my expectations.,Positive,2022-02-06
REV0003000,GM01731,TXN0020095,Europe,Electronics,4,Absolutely love this product! Exceeded my expectations.,Positive,2022-08-18
